split,source_label,label,tfidf_similarity,keyword_overlap_ratio,education_level_score,experience_gap
train,No Fit,0,0.0811,0.3,1,2.0
train,No Fit,0,0.1136,0.45,1,14.0
train,No Fit,0,0.0832,0.25,-1,2.0
train,No Fit,0,0.0403,0.2,0,13.0
train,No Fit,0,0.09,0.3,0,5.0
train,No Fit,0,0.1056,0.2,0,13.0
train,No Fit,0,0.0174,0.05,1,9.0
train,No Fit,0,0.0509,0.05,1,12.0
train,No Fit,0,0.0734,0.35,1,1.0
train,No Fit,0,0.0851,0.35,0,0.0
train,No Fit,0,0.0263,0.05,-1,10.0
train,No Fit,0,0.116,0.25,2,-5.0
train,No Fit,0,0.0923,0.15,0,1.0
train,No Fit,0,0.0267,0.0,-2,-2.0
train,No Fit,0,0.0615,0.2,0,8.0
train,No Fit,0,0.0702,0.3,0,4.0
train,No Fit,0,0.1003,0.3,1,-3.0
train,No Fit,0,0.025,0.0,0,15.0
train,No Fit,0,0.0332,0.1,1,0.0
train,No Fit,0,0.0369,0.05,0,15.0
train,No Fit,0,0.1829,0.3,0,9.0
train,No Fit,0,0.084,0.15,-1,4.0
train,No Fit,0,0.0645,0.25,0,0.0
train,No Fit,0,0.0641,0.15,-1,0.0
train,No Fit,0,0.2631,0.4,0,5.0
train,No Fit,0,0.0443,0.05,-2,3.0
train,No Fit,0,0.0643,0.1,0,6.0
train,No Fit,0,0.058,0.1,0,0.0
train,No Fit,0,0.0908,0.05,1,12.0
train,No Fit,0,0.1048,0.3,-1,11.0
train,No Fit,0,0.0719,0.45,0,-5.0
train,No Fit,0,0.0247,0.3,-2,4.0
train,No Fit,0,0.1004,0.2,0,-10.0
train,No Fit,0,0.1286,0.5,0,12.0
train,No Fit,0,0.0457,0.3333,-1,11.0
train,No Fit,0,0.0753,0.3,0,16.0
train,No Fit,0,0.0277,0.05,-2,14.0
train,No Fit,0,0.0666,0.2,-2,11.0
train,No Fit,0,0.0132,0.05,1,5.0
train,No Fit,0,0.0678,0.35,0,3.0
train,No Fit,0,0.0516,0.15,1,9.0
train,No Fit,0,0.0687,0.1,0,0.0
train,No Fit,0,0.0441,0.3,0,10.0
train,No Fit,0,0.03,0.15,-1,18.0
train,No Fit,0,0.0895,0.35,1,7.0
train,No Fit,0,0.009,0.0,0,17.0
train,No Fit,0,0.1211,0.45,1,2.0
train,No Fit,0,0.0755,0.1,-1,9.0
train,No Fit,0,0.0807,0.45,0,2.0
train,No Fit,0,0.0769,0.25,-3,-2.0
train,No Fit,0,0.0799,0.25,0,9.0
train,No Fit,0,0.0765,0.2,0,9.0
train,No Fit,0,0.0961,0.35,-1,0.0
train,No Fit,0,0.0927,0.25,0,12.0
train,No Fit,0,0.0829,0.1,-2,12.0
train,No Fit,0,0.0839,0.35,-2,3.0
train,No Fit,0,0.0293,0.15,2,8.0
train,No Fit,0,0.0589,0.1,0,14.0
train,No Fit,0,0.0403,0.1,-2,14.0
train,No Fit,0,0.0876,0.45,0,5.0
train,No Fit,0,0.0238,0.15,0,2.0
train,No Fit,0,0.035,0.15,0,0.0
train,No Fit,0,0.0922,0.2,-1,0.0
train,No Fit,0,0.0747,0.45,0,-1.0
train,No Fit,0,0.0375,0.3571,1,5.0
train,No Fit,0,0.0461,0.15,1,12.0
train,No Fit,0,0.0518,0.1,0,7.0
train,No Fit,0,0.0372,0.35,-2,-3.0
train,No Fit,0,0.1578,0.45,0,10.0
train,No Fit,0,0.0563,0.1,0,9.0
train,No Fit,0,0.0445,0.1,0,15.0
train,No Fit,0,0.1617,0.55,0,0.0
train,No Fit,0,0.0725,0.1,0,5.0
train,No Fit,0,0.0395,0.05,0,15.0
train,No Fit,0,0.0196,0.1,0,0.0
train,No Fit,0,0.0931,0.6,1,7.0
train,No Fit,0,0.0443,0.15,0,9.0
train,No Fit,0,0.0266,0.2,0,13.0
train,No Fit,0,0.0317,0.2,0,1.0
train,No Fit,0,0.0711,0.2,0,10.0
train,No Fit,0,0.0778,0.3,-2,-2.0
train,No Fit,0,0.0631,0.25,0,12.0
train,No Fit,0,0.101,0.2,1,4.0
train,No Fit,0,0.0472,0.35,0,3.0
train,No Fit,0,0.0288,0.1,0,3.0
train,No Fit,0,0.0374,0.1176,-1,6.0
train,No Fit,0,0.0312,0.15,0,12.0
train,No Fit,0,0.0677,0.45,0,-10.0
train,No Fit,0,0.1462,0.25,1,12.0
train,No Fit,0,0.0762,0.2,0,-5.0
train,No Fit,0,0.0719,0.4,0,7.0
train,No Fit,0,0.08,0.4,-2,7.0
train,No Fit,0,0.0485,0.2,1,13.0
train,No Fit,0,0.0576,0.15,-1,10.0
train,No Fit,0,0.1499,0.25,0,9.0
train,No Fit,0,0.0695,0.35,0,12.0
train,No Fit,0,0.1049,0.4,0,7.0
train,No Fit,0,0.0333,0.25,0,12.0
train,No Fit,0,0.0325,0.25,0,5.0
train,No Fit,0,0.0464,0.1,-1,6.0
train,No Fit,0,0.0341,0.05,-1,15.0
train,No Fit,0,0.0339,0.05,1,7.0
train,No Fit,0,0.0729,0.25,-1,7.0
train,No Fit,0,0.0552,0.2,0,7.0
train,No Fit,0,0.0748,0.2,0,6.0
train,No Fit,0,0.0251,0.05,0,14.0
train,No Fit,0,0.0342,0.4,0,10.0
train,No Fit,0,0.063,0.2,0,12.0
train,No Fit,0,0.0564,0.2,0,5.0
train,No Fit,0,0.0,0.0,0,9.0
train,No Fit,0,0.0361,0.25,0,0.0
train,No Fit,0,0.0655,0.15,0,14.0
train,No Fit,0,0.0179,0.05,-2,-6.0
train,No Fit,0,0.0919,0.5,0,2.0
train,No Fit,0,0.0341,0.15,0,5.0
train,No Fit,0,0.0333,0.2,1,11.0
train,No Fit,0,0.0193,0.1429,0,11.0
train,No Fit,0,0.0403,0.15,0,0.0
train,No Fit,0,0.0869,0.15,1,5.0
train,No Fit,0,0.0536,0.25,0,35.0
train,No Fit,0,0.0747,0.15,0,5.0
train,No Fit,0,0.1144,0.35,0,-3.0
train,No Fit,0,0.0381,0.0,0,7.0
train,No Fit,0,0.086,0.45,0,8.0
train,No Fit,0,0.0619,0.15,0,9.0
train,No Fit,0,0.0664,0.15,0,9.0
train,No Fit,0,0.0582,0.25,0,0.0
train,No Fit,0,0.0289,0.1176,-1,15.0
train,No Fit,0,0.0732,0.2,0,16.0
train,No Fit,0,0.0673,0.35,0,6.0
train,No Fit,0,0.0551,0.15,1,-1.0
train,No Fit,0,0.1614,0.55,2,10.0
train,No Fit,0,0.0433,0.15,1,28.0
train,No Fit,0,0.0384,0.4,-1,0.0
train,No Fit,0,0.054,0.4,0,1.0
train,No Fit,0,0.0505,0.15,0,9.0
train,No Fit,0,0.1492,0.375,1,12.0
train,No Fit,0,0.0503,0.2,0,-3.0
train,No Fit,0,0.0492,0.2,0,13.0
train,No Fit,0,0.0244,0.15,-1,0.0
train,No Fit,0,0.1492,0.4,-1,21.0
train,No Fit,0,0.0972,0.6,0,-15.0
train,No Fit,0,0.0118,0.0769,0,15.0
train,No Fit,0,0.0408,0.1,2,10.0
train,No Fit,0,0.0179,0.1667,1,9.0
train,No Fit,0,0.0608,0.25,0,-6.0
train,No Fit,0,0.1237,0.45,-2,15.0
train,No Fit,0,0.1028,0.3,-2,10.0
train,No Fit,0,0.0656,0.2105,1,0.0
train,No Fit,0,0.0686,0.35,0,-2.0
train,No Fit,0,0.1356,0.5,0,10.0
train,No Fit,0,0.1072,0.2,-1,15.0
train,No Fit,0,0.0582,0.05,2,12.0
train,No Fit,0,0.0349,0.25,-3,18.0
train,No Fit,0,0.0435,0.1,0,12.0
train,No Fit,0,0.0309,0.2,0,7.0
train,No Fit,0,0.0181,0.0,-1,7.0
train,No Fit,0,0.0539,0.15,0,13.0
train,No Fit,0,0.0342,0.05,0,7.0
train,No Fit,0,0.0253,0.15,-1,17.0
train,No Fit,0,0.0358,0.15,1,-1.0
train,No Fit,0,0.0807,0.25,0,4.0
train,No Fit,0,0.0919,0.3,0,8.0
train,No Fit,0,0.0626,0.15,0,22.0
train,No Fit,0,0.0136,0.0,0,10.0
train,No Fit,0,0.185,0.65,1,0.0
train,No Fit,0,0.0489,0.4167,0,10.0
train,No Fit,0,0.0884,0.2,1,11.0
train,No Fit,0,0.0274,0.3,0,5.0
train,No Fit,0,0.0606,0.45,0,0.0
train,No Fit,0,0.0943,0.4,1,11.0
train,No Fit,0,0.0268,0.05,0,10.0
train,No Fit,0,0.1223,0.35,-1,-5.0
train,No Fit,0,0.0867,0.3,1,5.0
train,No Fit,0,0.1231,0.55,-1,10.0
train,No Fit,0,0.0253,0.05,0,0.0
train,No Fit,0,0.1211,0.1,0,18.0
train,No Fit,0,0.0593,0.15,1,2.0
train,No Fit,0,0.0927,0.2,-1,14.0
train,No Fit,0,0.0554,0.15,0,10.0
train,No Fit,0,0.0464,0.15,0,6.0
train,No Fit,0,0.038,0.2,0,5.0
train,No Fit,0,0.0367,0.05,-2,11.0
train,No Fit,0,0.0499,0.1,-2,15.0
train,No Fit,0,0.0468,0.15,-1,17.0
train,No Fit,0,0.0351,0.1,0,8.0
train,No Fit,0,0.0563,0.3,0,-2.0
train,No Fit,0,0.1792,0.45,0,0.0
train,No Fit,0,0.0942,0.2,2,5.0
train,No Fit,0,0.0897,0.35,1,22.0
train,No Fit,0,0.0503,0.1,-1,-2.0
train,No Fit,0,0.0701,0.15,-1,12.0
train,No Fit,0,0.0455,0.4,1,7.0
train,No Fit,0,0.0884,0.2,-2,10.0
train,No Fit,0,0.0742,0.2,0,0.0
train,No Fit,0,0.0603,0.1,1,12.0
train,No Fit,0,0.1173,0.2,0,8.0
train,No Fit,0,0.0297,0.2,0,13.0
train,No Fit,0,0.0512,0.15,0,4.0
train,No Fit,0,0.0465,0.05,0,2.0
train,No Fit,0,0.0933,0.3,-1,10.0
train,No Fit,0,0.0584,0.2,0,0.0
train,No Fit,0,0.1435,0.15,0,4.0
train,No Fit,0,0.0364,0.35,1,9.0
train,No Fit,0,0.0176,0.05,1,0.0
train,No Fit,0,0.0434,0.2,-1,0.0
train,No Fit,0,0.0255,0.4,0,0.0
train,No Fit,0,0.0298,0.1,-1,-4.0
train,No Fit,0,0.0554,0.25,-2,14.0
train,No Fit,0,0.0196,0.05,0,9.0
train,No Fit,0,0.0427,0.25,-1,-2.0
train,No Fit,0,0.0353,0.25,1,3.0
train,No Fit,0,0.0229,0.3,1,11.0
train,No Fit,0,0.087,0.4,1,0.0
train,No Fit,0,0.0655,0.3,0,15.0
train,No Fit,0,0.0805,0.25,0,5.0
train,No Fit,0,0.0904,0.25,0,0.0
train,No Fit,0,0.0315,0.1,0,0.0
train,No Fit,0,0.1513,0.4,1,22.0
train,No Fit,0,0.0532,0.35,-2,0.0
train,No Fit,0,0.0358,0.1,0,12.0
train,No Fit,0,0.035,0.05,0,0.0
train,No Fit,0,0.0882,0.2,0,5.0
train,No Fit,0,0.0365,0.1,0,8.0
train,No Fit,0,0.0578,0.15,0,8.0
train,No Fit,0,0.0252,0.25,0,8.0
train,No Fit,0,0.0489,0.25,-1,8.0
train,No Fit,0,0.1053,0.25,-1,5.0
train,No Fit,0,0.0564,0.2,-1,6.0
train,No Fit,0,0.0514,0.3,0,0.0
train,No Fit,0,0.0264,0.2,0,12.0
train,No Fit,0,0.0509,0.0,0,0.0
train,No Fit,0,0.0473,0.25,1,11.0
train,No Fit,0,0.1139,0.55,0,-10.0
train,No Fit,0,0.0626,0.2,-1,-10.0
train,No Fit,0,0.0575,0.25,-1,14.0
train,No Fit,0,0.0585,0.2727,0,4.0
train,No Fit,0,0.1148,0.35,1,13.0
train,No Fit,0,0.1087,0.2,1,10.0
train,No Fit,0,0.0203,0.05,0,0.0
train,No Fit,0,0.0708,0.5,-1,12.0
train,No Fit,0,0.0326,0.25,-1,18.0
train,No Fit,0,0.0681,0.25,0,10.0
train,No Fit,0,0.0566,0.1,0,10.0
train,No Fit,0,0.0771,0.15,0,11.0
train,No Fit,0,0.1161,0.35,0,11.0
train,No Fit,0,0.1135,0.45,0,14.0
train,No Fit,0,0.0509,0.2,-1,5.0
train,No Fit,0,0.0699,0.35,0,15.0
train,No Fit,0,0.0836,0.25,0,0.0
train,No Fit,0,0.0271,0.1667,1,22.0
train,No Fit,0,0.0754,0.35,0,10.0
train,No Fit,0,0.0842,0.3,0,-10.0
train,No Fit,0,0.0288,0.15,-1,27.0
train,No Fit,0,0.064,0.15,0,5.0
train,No Fit,0,0.1242,0.2,0,-2.0
train,No Fit,0,0.0711,0.25,0,12.0
train,No Fit,0,0.0598,0.3,1,-1.0
train,No Fit,0,0.0925,0.5,1,-2.0
train,No Fit,0,0.0889,0.35,0,14.0
train,No Fit,0,0.0536,0.15,0,-4.0
train,No Fit,0,0.0316,0.15,1,11.0
train,No Fit,0,0.0688,0.2,3,12.0
train,No Fit,0,0.0833,0.35,-1,9.0
train,No Fit,0,0.0599,0.2,0,-1.0
train,No Fit,0,0.0751,0.35,1,6.0
train,No Fit,0,0.0856,0.35,-1,10.0
train,No Fit,0,0.0647,0.45,0,13.0
train,No Fit,0,0.1508,0.35,1,0.0
train,No Fit,0,0.069,0.4,-1,-10.0
train,No Fit,0,0.1175,0.2,0,17.0
train,No Fit,0,0.0702,0.3,0,8.0
train,No Fit,0,0.2401,0.4,0,12.0
train,No Fit,0,0.071,0.35,0,8.0
train,No Fit,0,0.1337,0.25,0,0.0
train,No Fit,0,0.0414,0.05,0,11.0
train,No Fit,0,0.1169,0.25,0,6.0
train,No Fit,0,0.2181,0.5,1,7.0
train,No Fit,0,0.0076,0.05,2,15.0
train,No Fit,0,0.0797,0.2,0,0.0
train,No Fit,0,0.0927,0.1,-1,12.0
train,No Fit,0,0.0508,0.1,-1,5.0
train,No Fit,0,0.093,0.35,0,5.0
train,No Fit,0,0.0628,0.4,0,5.0
train,No Fit,0,0.0503,0.25,-1,10.0
train,No Fit,0,0.0613,0.4,0,4.0
train,No Fit,0,0.0109,0.2,1,9.0
train,No Fit,0,0.053,0.3,-1,-2.0
train,No Fit,0,0.087,0.3,-1,9.0
train,No Fit,0,0.0861,0.35,0,-3.0
train,No Fit,0,0.0303,0.25,1,13.0
train,No Fit,0,0.0568,0.3077,0,5.0
train,No Fit,0,0.0524,0.15,0,10.0
train,No Fit,0,0.1108,0.3,0,14.0
train,No Fit,0,0.089,0.25,0,0.0
train,No Fit,0,0.0716,0.15,0,4.0
train,No Fit,0,0.0435,0.2,0,0.0
train,No Fit,0,0.0617,0.15,0,4.0
train,No Fit,0,0.1497,0.55,-1,5.0
train,No Fit,0,0.0636,0.05,0,0.0
train,No Fit,0,0.0766,0.4,0,12.0
train,No Fit,0,0.0458,0.2,0,10.0
train,No Fit,0,0.131,0.35,0,5.0
train,No Fit,0,0.0728,0.15,0,0.0
train,No Fit,0,0.0258,0.1,-2,11.0
train,No Fit,0,0.0338,0.3,0,10.0
train,No Fit,0,0.075,0.25,0,10.0
train,No Fit,0,0.0447,0.15,1,0.0
train,No Fit,0,0.0699,0.05,-1,-1.0
train,No Fit,0,0.0673,0.2,0,7.0
train,No Fit,0,0.0173,0.1,0,18.0
train,No Fit,0,0.0699,0.45,0,13.0
train,No Fit,0,0.0427,0.1,-1,12.0
train,No Fit,0,0.0548,0.4,2,6.0
train,No Fit,0,0.0204,0.2,-1,7.0
train,No Fit,0,0.0419,0.1,0,8.0
train,No Fit,0,0.0865,0.2,-1,16.0
train,No Fit,0,0.0485,0.15,0,15.0
train,No Fit,0,0.0439,0.1,0,13.0
train,No Fit,0,0.1229,0.3,2,-5.0
train,No Fit,0,0.0351,0.0,0,8.0
train,No Fit,0,0.0665,0.4,-1,7.0
train,No Fit,0,0.1096,0.3,0,3.0
train,No Fit,0,0.0802,0.5,1,8.0
train,No Fit,0,0.114,0.55,2,12.0
train,No Fit,0,0.02,0.15,1,5.0
train,No Fit,0,0.0627,0.25,-1,0.0
train,No Fit,0,0.077,0.3,-1,0.0
train,No Fit,0,0.0237,0.3,1,9.0
train,No Fit,0,0.0452,0.0,0,1.0
train,No Fit,0,0.0509,0.35,0,0.0
train,No Fit,0,0.0346,0.25,0,2.0
train,No Fit,0,0.0811,0.2,0,13.0
train,No Fit,0,0.0728,0.5,1,0.0
train,No Fit,0,0.072,0.3,-1,29.0
train,No Fit,0,0.0955,0.2,0,0.0
train,No Fit,0,0.0113,0.05,0,8.0
train,No Fit,0,0.0564,0.35,0,13.0
train,No Fit,0,0.0423,0.1,-2,7.0
train,No Fit,0,0.1666,0.35,-1,8.0
train,No Fit,0,0.0517,0.45,1,5.0
train,No Fit,0,0.0468,0.2,2,5.0
train,No Fit,0,0.0796,0.1,1,-5.0
train,No Fit,0,0.018,0.2,0,0.0
train,No Fit,0,0.0418,0.2,-1,5.0
train,No Fit,0,0.0751,0.35,-1,7.0
train,No Fit,0,0.085,0.35,0,7.0
train,No Fit,0,0.1087,0.45,0,0.0
train,No Fit,0,0.0375,0.15,1,15.0
train,No Fit,0,0.0809,0.05,-2,13.0
train,No Fit,0,0.0516,0.1,0,20.0
train,No Fit,0,0.0113,0.15,0,10.0
train,No Fit,0,0.0532,0.15,0,0.0
train,No Fit,0,0.0862,0.25,-1,14.0
train,No Fit,0,0.062,0.2,0,0.0
train,No Fit,0,0.0309,0.3,-2,-10.0
train,No Fit,0,0.0397,0.3333,-2,12.0
train,No Fit,0,0.0347,0.1,0,0.0
train,No Fit,0,0.0663,0.2,1,-2.0
train,No Fit,0,0.1041,0.35,0,5.0
train,No Fit,0,0.0754,0.3333,0,13.0
train,No Fit,0,0.0363,0.1,0,1.0
train,No Fit,0,0.0428,0.35,0,8.0
train,No Fit,0,0.1201,0.25,1,11.0
train,No Fit,0,0.0177,0.1,-1,20.0
train,No Fit,0,0.0411,0.25,0,9.0
train,No Fit,0,0.1172,0.4,0,20.0
train,No Fit,0,0.0122,0.1667,0,13.0
train,No Fit,0,0.0722,0.05,0,12.0
train,No Fit,0,0.0479,0.15,0,8.0
train,No Fit,0,0.041,0.05,0,5.0
train,No Fit,0,0.0334,0.2353,0,23.0
train,No Fit,0,0.0307,0.25,-1,14.0
train,No Fit,0,0.0908,0.35,1,10.0
train,No Fit,0,0.0973,0.4,0,17.0
train,No Fit,0,0.0922,0.3,1,8.0
train,No Fit,0,0.049,0.4,3,0.0
train,No Fit,0,0.1194,0.45,-1,2.0
train,No Fit,0,0.0317,0.1765,1,5.0
train,No Fit,0,0.0677,0.05,2,12.0
train,No Fit,0,0.1453,0.3,1,8.0
train,No Fit,0,0.1799,0.2,0,6.0
train,No Fit,0,0.0922,0.2,0,14.0
train,No Fit,0,0.0608,0.0,0,1.0
train,No Fit,0,0.1437,0.4,0,0.0
train,No Fit,0,0.1126,0.15,1,-2.0
train,No Fit,0,0.0539,0.3,0,13.0
train,No Fit,0,0.0482,0.2,-1,-4.0
train,No Fit,0,0.0988,0.1,1,23.0
train,No Fit,0,0.0614,0.25,0,5.0
train,No Fit,0,0.0435,0.3,-1,-10.0
train,No Fit,0,0.0471,0.1,0,10.0
train,No Fit,0,0.0396,0.15,-1,10.0
train,No Fit,0,0.1171,0.5,0,16.0
train,No Fit,0,0.0564,0.3,-1,5.0
train,No Fit,0,0.1084,0.35,0,7.0
train,No Fit,0,0.0862,0.25,0,15.0
train,No Fit,0,0.0315,0.15,0,14.0
train,No Fit,0,0.0253,0.25,0,5.0
train,No Fit,0,0.04,0.1,-2,3.0
train,No Fit,0,0.0532,0.1,-2,-4.0
train,No Fit,0,0.0901,0.25,0,8.0
train,No Fit,0,0.0601,0.1,1,29.0
train,No Fit,0,0.0434,0.2,1,22.0
train,No Fit,0,0.0503,0.15,0,8.0
train,No Fit,0,0.0121,0.2,0,10.0
train,No Fit,0,0.1111,0.1,0,0.0
train,No Fit,0,0.0832,0.3,0,11.0
train,No Fit,0,0.0592,0.2,0,17.0
train,No Fit,0,0.0481,0.25,0,5.0
train,No Fit,0,0.0657,0.1,0,4.0
train,No Fit,0,0.0335,0.05,0,21.0
train,No Fit,0,0.1431,0.65,1,9.0
train,No Fit,0,0.0994,0.25,0,16.0
train,No Fit,0,0.0603,0.35,0,0.0
train,No Fit,0,0.0396,0.1,0,9.0
train,No Fit,0,0.0245,0.05,0,0.0
train,No Fit,0,0.0809,0.25,0,5.0
train,No Fit,0,0.0642,0.2,0,15.0
train,No Fit,0,0.0578,0.3,0,-6.0
train,No Fit,0,0.1107,0.35,1,5.0
train,No Fit,0,0.0772,0.15,0,10.0
train,No Fit,0,0.0232,0.05,-1,5.0
train,No Fit,0,0.0724,0.25,-1,10.0
train,No Fit,0,0.0353,0.05,0,23.0
train,No Fit,0,0.034,0.1,0,3.0
train,No Fit,0,0.073,0.3,1,13.0
train,No Fit,0,0.0667,0.5,2,12.0
train,No Fit,0,0.0808,0.4,0,5.0
train,No Fit,0,0.0514,0.3,-1,12.0
train,No Fit,0,0.0556,0.2,0,13.0
train,No Fit,0,0.0548,0.2105,0,2.0
train,No Fit,0,0.1647,0.45,0,20.0
train,No Fit,0,0.0309,0.05,-1,17.0
train,No Fit,0,0.0603,0.25,1,7.0
train,No Fit,0,0.1215,0.4,0,8.0
train,No Fit,0,0.0325,0.1,0,13.0
train,No Fit,0,0.0377,0.3,1,7.0
train,No Fit,0,0.0522,0.35,0,0.0
train,No Fit,0,0.0218,0.0769,1,13.0
train,No Fit,0,0.0787,0.2,-1,4.0
train,No Fit,0,0.1373,0.5,0,0.0
train,No Fit,0,0.0504,0.2,0,8.0
train,No Fit,0,0.0471,0.25,1,12.0
train,No Fit,0,0.1383,0.4,0,0.0
train,No Fit,0,0.0643,0.35,-1,18.0
train,No Fit,0,0.1602,0.45,1,-5.0
train,No Fit,0,0.0282,0.0,0,0.0
train,No Fit,0,0.2349,0.45,0,9.0
train,No Fit,0,0.0,0.0,0,12.0
train,No Fit,0,0.0342,0.3,-1,20.0
train,No Fit,0,0.0784,0.4,0,7.0
train,No Fit,0,0.0195,0.05,0,21.0
train,No Fit,0,0.0742,0.35,-1,0.0
train,No Fit,0,0.0721,0.25,0,23.0
train,No Fit,0,0.059,0.4,2,4.0
train,No Fit,0,0.0241,0.15,0,8.0
train,No Fit,0,0.1377,0.4,0,0.0
train,No Fit,0,0.0282,0.05,0,1.0
train,No Fit,0,0.0304,0.15,1,22.0
train,No Fit,0,0.0855,0.25,0,7.0
train,No Fit,0,0.0512,0.3846,-1,0.0
train,No Fit,0,0.0826,0.3,-2,12.0
train,No Fit,0,0.0864,0.2,0,0.0
train,No Fit,0,0.0778,0.15,0,3.0
train,No Fit,0,0.032,0.1,0,17.0
train,No Fit,0,0.0423,0.35,-1,7.0
train,No Fit,0,0.0313,0.15,-2,0.0
train,No Fit,0,0.0703,0.35,0,0.0
train,No Fit,0,0.0812,0.3,0,13.0
train,No Fit,0,0.0283,0.1,-1,12.0
train,No Fit,0,0.1013,0.4,1,15.0
train,No Fit,0,0.0226,0.0,-1,0.0
train,No Fit,0,0.0537,0.1,0,11.0
train,No Fit,0,0.1053,0.4,1,4.0
train,No Fit,0,0.0603,0.25,-1,12.0
train,No Fit,0,0.0797,0.1,0,17.0
train,No Fit,0,0.0222,0.15,1,15.0
train,No Fit,0,0.0515,0.2,0,8.0
train,No Fit,0,0.1947,0.4,0,12.0
train,No Fit,0,0.0444,0.15,1,11.0
train,No Fit,0,0.0529,0.25,0,19.0
train,No Fit,0,0.1136,0.65,1,-7.0
train,No Fit,0,0.0868,0.45,1,13.0
train,No Fit,0,0.0891,0.25,-2,0.0
train,No Fit,0,0.0724,0.2,-2,1.0
train,No Fit,0,0.0377,0.15,0,8.0
train,No Fit,0,0.1054,0.45,-1,4.0
train,No Fit,0,0.0142,0.1,0,23.0
train,No Fit,0,0.1068,0.3,0,5.0
train,No Fit,0,0.0133,0.0,0,1.0
train,No Fit,0,0.0343,0.25,1,-2.0
train,No Fit,0,0.0348,0.15,0,0.0
train,No Fit,0,0.0751,0.2,-2,12.0
train,No Fit,0,0.0862,0.25,-1,27.0
train,No Fit,0,0.0476,0.05,0,12.0
train,No Fit,0,0.0813,0.15,0,8.0
train,No Fit,0,0.0642,0.2,1,11.0
train,No Fit,0,0.0415,0.2,-2,2.0
train,No Fit,0,0.054,0.2,1,9.0
train,No Fit,0,0.0996,0.45,0,8.0
train,No Fit,0,0.0887,0.25,0,-5.0
train,No Fit,0,0.0701,0.35,1,13.0
train,No Fit,0,0.0359,0.15,0,8.0
train,No Fit,0,0.0742,0.35,-1,12.0
train,No Fit,0,0.0458,0.15,-2,3.0
train,No Fit,0,0.0393,0.25,-2,25.0
train,No Fit,0,0.0993,0.5,0,13.0
train,No Fit,0,0.0712,0.35,0,14.0
train,No Fit,0,0.0677,0.2,0,-2.0
train,No Fit,0,0.0567,0.15,-2,6.0
train,No Fit,0,0.0785,0.3,0,11.0
train,No Fit,0,0.089,0.25,0,4.0
train,No Fit,0,0.0367,0.25,-1,21.0
train,No Fit,0,0.0236,0.15,0,14.0
train,No Fit,0,0.046,0.3,1,13.0
train,No Fit,0,0.0436,0.1,-1,10.0
train,No Fit,0,0.0596,0.2,0,-4.0
train,No Fit,0,0.0797,0.2,0,4.0
train,No Fit,0,0.0444,0.0,-1,-3.0
train,No Fit,0,0.267,0.65,0,1.0
train,No Fit,0,0.0375,0.15,0,15.0
train,No Fit,0,0.0696,0.5,1,17.0
train,No Fit,0,0.0375,0.05,-1,-3.0
train,No Fit,0,0.0727,0.2,0,3.0
train,No Fit,0,0.0228,0.05,0,9.0
train,No Fit,0,0.0841,0.1,0,6.0
train,No Fit,0,0.0328,0.1,0,11.0
train,No Fit,0,0.1591,0.1,0,0.0
train,No Fit,0,0.0288,0.2,1,2.0
train,No Fit,0,0.0527,0.25,0,10.0
train,No Fit,0,0.1242,0.25,1,12.0
train,No Fit,0,0.0367,0.15,0,2.0
train,No Fit,0,0.0606,0.2,0,14.0
train,No Fit,0,0.0963,0.4,0,2.0
train,No Fit,0,0.1574,0.5,0,10.0
train,No Fit,0,0.0999,0.3,0,9.0
train,No Fit,0,0.0499,0.15,-1,9.0
train,No Fit,0,0.0444,0.15,-1,10.0
train,No Fit,0,0.0436,0.4,0,3.0
train,No Fit,0,0.0595,0.2,-3,13.0
train,No Fit,0,0.0423,0.1,0,4.0
train,No Fit,0,0.0394,0.0,-2,10.0
train,No Fit,0,0.1349,0.35,-1,-1.0
train,No Fit,0,0.0635,0.25,0,4.0
train,No Fit,0,0.0807,0.35,-1,12.0
train,No Fit,0,0.0921,0.3,-1,0.0
train,No Fit,0,0.0529,0.35,0,0.0
train,No Fit,0,0.0271,0.15,-1,5.0
train,No Fit,0,0.0573,0.3,0,3.0
train,No Fit,0,0.0661,0.15,-1,-5.0
train,No Fit,0,0.0978,0.75,0,5.0
train,No Fit,0,0.0377,0.05,0,15.0
train,No Fit,0,0.0742,0.1,0,0.0
train,No Fit,0,0.0391,0.05,1,6.0
train,No Fit,0,0.0621,0.3,1,7.0
train,No Fit,0,0.1082,0.3,0,-8.0
train,No Fit,0,0.061,0.2,0,7.0
train,No Fit,0,0.0618,0.2,0,0.0
train,No Fit,0,0.0593,0.2,0,7.0
train,No Fit,0,0.1153,0.25,0,-5.0
train,No Fit,0,0.0394,0.2,0,9.0
train,No Fit,0,0.0153,0.0,-2,16.0
train,No Fit,0,0.048,0.3,0,8.0
train,No Fit,0,0.0541,0.1765,0,15.0
train,No Fit,0,0.0588,0.2,1,11.0
train,No Fit,0,0.0555,0.15,1,22.0
train,No Fit,0,0.026,0.1,0,6.0
train,No Fit,0,0.0772,0.1,-1,12.0
train,No Fit,0,0.1306,0.25,2,13.0
train,No Fit,0,0.0626,0.2,0,10.0
train,No Fit,0,0.0412,0.1,-1,15.0
train,No Fit,0,0.0192,0.0909,1,2.0
train,No Fit,0,0.0709,0.4,0,12.0
train,No Fit,0,0.0815,0.4,0,0.0
train,No Fit,0,0.027,0.05,0,10.0
train,No Fit,0,0.0819,0.3,0,0.0
train,No Fit,0,0.0651,0.4,3,7.0
train,No Fit,0,0.0821,0.2,-2,8.0
train,No Fit,0,0.0425,0.05,-1,12.0
train,No Fit,0,0.0406,0.25,0,9.0
train,No Fit,0,0.0486,0.25,-1,18.0
train,No Fit,0,0.0614,0.35,0,7.0
train,No Fit,0,0.0317,0.375,0,18.0
train,No Fit,0,0.0443,0.25,1,-2.0
train,No Fit,0,0.1373,0.6,0,-7.0
train,No Fit,0,0.0348,0.15,0,8.0
train,No Fit,0,0.0445,0.1,0,10.0
train,No Fit,0,0.0716,0.15,0,0.0
train,No Fit,0,0.0453,0.15,0,12.0
train,No Fit,0,0.0745,0.15,0,10.0
train,No Fit,0,0.0476,0.05,0,9.0
train,No Fit,0,0.0438,0.05,2,6.0
train,No Fit,0,0.0076,0.0,0,13.0
train,No Fit,0,0.0371,0.1,0,22.0
train,No Fit,0,0.0782,0.2,0,17.0
train,No Fit,0,0.1784,0.55,0,13.0
train,No Fit,0,0.0355,0.1,0,13.0
train,No Fit,0,0.0498,0.1,-3,8.0
train,No Fit,0,0.042,0.15,0,5.0
train,No Fit,0,0.087,0.35,1,2.0
train,No Fit,0,0.0971,0.5,1,7.0
train,No Fit,0,0.0322,0.25,1,9.0
train,No Fit,0,0.0369,0.45,0,5.0
train,No Fit,0,0.0505,0.1,0,0.0
train,No Fit,0,0.038,0.05,-2,15.0
train,No Fit,0,0.0551,0.15,0,8.0
train,No Fit,0,0.068,0.2,-1,0.0
train,No Fit,0,0.0641,0.2,0,10.0
train,No Fit,0,0.0327,0.0,1,0.0
train,No Fit,0,0.1092,0.5,0,0.0
train,No Fit,0,0.0351,0.2,0,0.0
train,No Fit,0,0.0161,0.15,1,0.0
train,No Fit,0,0.0319,0.1,0,0.0
train,No Fit,0,0.1412,0.45,0,9.0
train,No Fit,0,0.063,0.15,0,12.0
train,No Fit,0,0.0941,0.25,1,-5.0
train,No Fit,0,0.0655,0.2,1,-5.0
train,No Fit,0,0.0318,0.25,-1,17.0
train,No Fit,0,0.0363,0.15,1,-5.0
train,No Fit,0,0.0636,0.2,0,7.0
train,No Fit,0,0.1199,0.6,2,0.0
train,No Fit,0,0.0378,0.25,0,0.0
train,No Fit,0,0.0486,0.05,0,0.0
train,No Fit,0,0.0255,0.05,0,11.0
train,No Fit,0,0.0427,0.2,0,0.0
train,No Fit,0,0.0887,0.45,0,4.0
train,No Fit,0,0.0712,0.2,-1,17.0
train,No Fit,0,0.0274,0.05,2,0.0
train,No Fit,0,0.0555,0.2,-2,0.0
train,No Fit,0,0.0959,0.35,1,14.0
train,No Fit,0,0.1277,0.3158,0,5.0
train,No Fit,0,0.0296,0.05,0,14.0
train,No Fit,0,0.0661,0.25,2,4.0
train,No Fit,0,0.0384,0.1,-1,1.0
train,No Fit,0,0.0489,0.4,0,-2.0
train,No Fit,0,0.0611,0.15,-2,-8.0
train,No Fit,0,0.0641,0.25,0,7.0
train,No Fit,0,0.0447,0.05,-1,0.0
train,No Fit,0,0.0268,0.15,-2,2.0
train,No Fit,0,0.0573,0.25,0,12.0
train,No Fit,0,0.0419,0.1,0,0.0
train,No Fit,0,0.0678,0.25,-1,-3.0
train,No Fit,0,0.0443,0.05,2,20.0
train,No Fit,0,0.0679,0.4,1,17.0
train,No Fit,0,0.0671,0.2,0,-3.0
train,No Fit,0,0.0523,0.35,0,-3.0
train,No Fit,0,0.0293,0.05,-1,3.0
train,No Fit,0,0.0706,0.4,-2,5.0
train,No Fit,0,0.0406,0.15,-1,4.0
train,No Fit,0,0.0381,0.15,0,-5.0
train,No Fit,0,0.0549,0.05,0,9.0
train,No Fit,0,0.0116,0.0,0,16.0
train,No Fit,0,0.077,0.25,1,15.0
train,No Fit,0,0.0068,0.1538,0,14.0
train,No Fit,0,0.0362,0.15,-1,5.0
train,No Fit,0,0.1949,0.55,0,0.0
train,No Fit,0,0.0647,0.15,1,12.0
train,No Fit,0,0.0765,0.45,0,-7.0
train,No Fit,0,0.0775,0.1,-1,15.0
train,No Fit,0,0.087,0.25,-1,16.0
train,No Fit,0,0.0509,0.05,0,8.0
train,No Fit,0,0.1019,0.35,0,10.0
train,No Fit,0,0.0606,0.1,1,18.0
train,No Fit,0,0.038,0.2,-1,0.0
train,No Fit,0,0.0626,0.25,0,0.0
train,No Fit,0,0.0186,0.15,-2,10.0
train,No Fit,0,0.0163,0.0,0,12.0
train,No Fit,0,0.041,0.3,0,-5.0
train,No Fit,0,0.0756,0.2,-1,12.0
train,No Fit,0,0.1271,0.4,1,17.0
train,No Fit,0,0.0574,0.15,0,15.0
train,No Fit,0,0.0239,0.15,-1,2.0
train,No Fit,0,0.0128,0.0,0,12.0
train,No Fit,0,0.0209,0.1,0,9.0
train,No Fit,0,0.0537,0.25,1,0.0
train,No Fit,0,0.0507,0.1,1,11.0
train,No Fit,0,0.0626,0.25,2,8.0
train,No Fit,0,0.0528,0.4,1,0.0
train,No Fit,0,0.0573,0.15,0,0.0
train,No Fit,0,0.0655,0.35,0,12.0
train,No Fit,0,0.1238,0.4,0,13.0
train,No Fit,0,0.0433,0.2308,-1,5.0
train,No Fit,0,0.0361,0.15,0,36.0
train,No Fit,0,0.0725,0.25,1,-1.0
train,No Fit,0,0.0644,0.05,1,0.0
train,No Fit,0,0.0494,0.15,0,9.0
train,No Fit,0,0.0287,0.2,0,15.0
train,No Fit,0,0.0978,0.35,1,0.0
train,No Fit,0,0.0663,0.3,0,7.0
train,No Fit,0,0.0278,0.15,1,5.0
train,No Fit,0,0.1605,0.4,-1,0.0
train,No Fit,0,0.079,0.35,0,6.0
train,No Fit,0,0.0179,0.05,0,13.0
train,No Fit,0,0.0397,0.35,0,17.0
train,No Fit,0,0.0397,0.05,0,26.0
train,No Fit,0,0.0422,0.15,0,6.0
train,No Fit,0,0.0092,0.1538,0,13.0
train,No Fit,0,0.0337,0.35,0,10.0
train,No Fit,0,0.2052,0.5,1,12.0
train,No Fit,0,0.039,0.25,1,11.0
train,No Fit,0,0.0993,0.15,-1,9.0
train,No Fit,0,0.113,0.35,-1,-5.0
train,No Fit,0,0.0256,0.05,0,6.0
train,No Fit,0,0.0518,0.25,1,17.0
train,No Fit,0,0.1554,0.35,0,5.0
train,No Fit,0,0.0488,0.25,1,0.0
train,No Fit,0,0.0542,0.05,0,25.0
train,No Fit,0,0.1689,0.6,1,8.0
train,No Fit,0,0.0241,0.1,0,17.0
train,No Fit,0,0.0417,0.1,0,12.0
train,No Fit,0,0.0552,0.2,1,-5.0
train,No Fit,0,0.0286,0.1,-1,4.0
train,No Fit,0,0.123,0.25,0,-4.0
train,No Fit,0,0.066,0.3,0,11.0
train,No Fit,0,0.0595,0.3,0,16.0
train,No Fit,0,0.0318,0.15,0,0.0
train,No Fit,0,0.0843,0.2,1,0.0
train,No Fit,0,0.0657,0.2,0,15.0
train,No Fit,0,0.0981,0.3,0,2.0
train,No Fit,0,0.0354,0.2,0,4.0
train,No Fit,0,0.1094,0.35,-2,-6.0
train,No Fit,0,0.1338,0.6,0,-1.0
train,No Fit,0,0.3001,0.45,0,4.0
train,No Fit,0,0.1398,0.3,-1,7.0
train,No Fit,0,0.1294,0.8,0,23.0
train,No Fit,0,0.1504,0.55,0,0.0
train,No Fit,0,0.0291,0.1,0,12.0
train,No Fit,0,0.0691,0.05,1,26.0
train,No Fit,0,0.0526,0.25,2,8.0
train,No Fit,0,0.0663,0.2,0,0.0
train,No Fit,0,0.0577,0.1,-1,24.0
train,No Fit,0,0.0875,0.35,0,14.0
train,No Fit,0,0.0355,0.1,0,23.0
train,No Fit,0,0.0488,0.3,0,8.0
train,No Fit,0,0.0621,0.3,0,6.0
train,No Fit,0,0.0212,0.05,0,15.0
train,No Fit,0,0.0617,0.25,-2,0.0
train,No Fit,0,0.1741,0.65,-2,7.0
train,No Fit,0,0.0375,0.2,-1,-10.0
train,No Fit,0,0.0466,0.2,1,12.0
train,No Fit,0,0.0289,0.1,1,6.0
train,No Fit,0,0.0743,0.25,1,6.0
train,No Fit,0,0.0734,0.15,0,0.0
train,No Fit,0,0.0351,0.4,0,5.0
train,No Fit,0,0.0676,0.25,0,0.0
train,No Fit,0,0.0083,0.0,0,25.0
train,No Fit,0,0.0372,0.1,0,13.0
train,No Fit,0,0.0529,0.25,1,-2.0
train,No Fit,0,0.0731,0.3,1,13.0
train,No Fit,0,0.0796,0.2,0,23.0
train,No Fit,0,0.0456,0.25,0,9.0
train,No Fit,0,0.1,0.1,0,13.0
train,No Fit,0,0.0995,0.2222,1,29.0
train,No Fit,0,0.0197,0.05,0,7.0
train,No Fit,0,0.0538,0.15,0,4.0
train,No Fit,0,0.0414,0.1,0,2.0
train,No Fit,0,0.0589,0.25,0,0.0
train,No Fit,0,0.0752,0.4,1,0.0
train,No Fit,0,0.0552,0.1,0,5.0
train,No Fit,0,0.0203,0.0,0,11.0
train,No Fit,0,0.0751,0.25,0,8.0
train,No Fit,0,0.1104,0.25,0,6.0
train,No Fit,0,0.0465,0.25,0,-5.0
train,No Fit,0,0.0753,0.4,1,22.0
train,No Fit,0,0.0416,0.15,-2,10.0
train,No Fit,0,0.0962,0.4,1,0.0
train,No Fit,0,0.1065,0.35,0,4.0
train,No Fit,0,0.0803,0.25,0,4.0
train,No Fit,0,0.0784,0.3,-2,-6.0
train,No Fit,0,0.0714,0.25,1,9.0
train,No Fit,0,0.0441,0.25,0,12.0
train,No Fit,0,0.1129,0.4,0,5.0
train,No Fit,0,0.0196,0.1,0,0.0
train,No Fit,0,0.0808,0.45,3,16.0
train,No Fit,0,0.0313,0.2,0,11.0
train,No Fit,0,0.0208,0.1,0,8.0
train,No Fit,0,0.0897,0.45,0,48.0
train,No Fit,0,0.0625,0.15,0,5.0
train,No Fit,0,0.0991,0.25,-1,16.0
train,No Fit,0,0.1,0.4,0,1.0
train,No Fit,0,0.063,0.1,-2,-1.0
train,No Fit,0,0.0163,0.1,1,16.0
train,No Fit,0,0.0333,0.05,-1,-3.0
train,No Fit,0,0.0595,0.15,0,17.0
train,No Fit,0,0.2266,0.25,1,0.0
train,No Fit,0,0.0551,0.3,0,8.0
train,No Fit,0,0.0207,0.05,1,0.0
train,No Fit,0,0.0422,0.3,1,0.0
train,No Fit,0,0.17,0.45,0,0.0
train,No Fit,0,0.0806,0.3,-1,8.0
train,No Fit,0,0.1256,0.3,-1,14.0
train,No Fit,0,0.1143,0.35,-1,7.0
train,No Fit,0,0.1226,0.5,1,0.0
train,No Fit,0,0.0541,0.2,-1,0.0
train,No Fit,0,0.0607,0.3,1,9.0
train,No Fit,0,0.0446,0.2,0,15.0
train,No Fit,0,0.1415,0.55,0,35.0
train,No Fit,0,0.0607,0.2,0,39.0
train,No Fit,0,0.0611,0.15,0,12.0
train,No Fit,0,0.0404,0.3,1,11.0
train,No Fit,0,0.0513,0.2,0,9.0
train,No Fit,0,0.0868,0.3,2,11.0
train,No Fit,0,0.095,0.3,2,6.0
train,No Fit,0,0.0171,0.05,1,11.0
train,No Fit,0,0.0741,0.15,0,13.0
train,No Fit,0,0.0341,0.0,1,0.0
train,No Fit,0,0.0748,0.35,-1,-4.0
train,No Fit,0,0.0585,0.4,0,12.0
train,No Fit,0,0.0944,0.35,0,-10.0
train,No Fit,0,0.1558,0.35,0,8.0
train,No Fit,0,0.0241,0.1,0,15.0
train,No Fit,0,0.0735,0.2,0,0.0
train,No Fit,0,0.0971,0.25,-1,10.0
train,No Fit,0,0.0527,0.35,0,0.0
train,No Fit,0,0.0421,0.2,1,0.0
train,No Fit,0,0.0355,0.2,0,8.0
train,No Fit,0,0.0287,0.15,1,0.0
train,No Fit,0,0.0412,0.35,0,0.0
train,No Fit,0,0.0744,0.3,0,17.0
train,No Fit,0,0.0358,0.15,0,5.0
train,No Fit,0,0.0572,0.05,0,17.0
train,No Fit,0,0.0306,0.05,0,8.0
train,No Fit,0,0.1025,0.35,0,0.0
train,No Fit,0,0.0468,0.25,0,15.0
train,No Fit,0,0.0824,0.3,1,17.0
train,No Fit,0,0.1053,0.15,1,10.0
train,No Fit,0,0.0468,0.05,0,-9.0
train,No Fit,0,0.0469,0.25,0,5.0
train,No Fit,0,0.1283,0.4,0,3.0
train,No Fit,0,0.1387,0.35,0,13.0
train,No Fit,0,0.0613,0.15,1,14.0
train,No Fit,0,0.1084,0.5,-1,6.0
train,No Fit,0,0.0737,0.2,0,17.0
train,No Fit,0,0.0332,0.05,0,0.0
train,No Fit,0,0.0964,0.25,-2,0.0
train,No Fit,0,0.0662,0.15,0,12.0
train,No Fit,0,0.0361,0.1,0,-1.0
train,No Fit,0,0.1076,0.25,0,11.0
train,No Fit,0,0.0321,0.15,-1,6.0
train,No Fit,0,0.0628,0.15,2,0.0
train,No Fit,0,0.053,0.35,0,0.0
train,No Fit,0,0.0503,0.1,0,0.0
train,No Fit,0,0.0848,0.25,0,13.0
train,No Fit,0,0.0612,0.1,0,12.0
train,No Fit,0,0.0688,0.25,0,5.0
train,No Fit,0,0.0978,0.3,0,19.0
train,No Fit,0,0.0435,0.1,1,-6.0
train,No Fit,0,0.1836,0.4,0,5.0
train,No Fit,0,0.0278,0.15,0,11.0
train,No Fit,0,0.0267,0.5833,0,0.0
train,No Fit,0,0.0233,0.1,1,26.0
train,No Fit,0,0.1208,0.4,-1,0.0
train,No Fit,0,0.0479,0.25,0,-1.0
train,No Fit,0,0.0227,0.05,0,2.0
train,No Fit,0,0.0924,0.15,0,0.0
train,No Fit,0,0.0429,0.25,0,17.0
train,No Fit,0,0.0334,0.1,0,15.0
train,No Fit,0,0.0566,0.2,0,15.0
train,No Fit,0,0.0409,0.1,0,10.0
train,No Fit,0,0.0962,0.3,0,-5.0
train,No Fit,0,0.0891,0.15,0,17.0
train,No Fit,0,0.0385,0.2,0,11.0
train,No Fit,0,0.0539,0.3,-2,4.0
train,No Fit,0,0.0492,0.05,-1,6.0
train,No Fit,0,0.1204,0.4,-2,12.0
train,No Fit,0,0.0827,0.35,0,13.0
train,No Fit,0,0.0247,0.25,0,6.0
train,No Fit,0,0.1287,0.2,-2,0.0
train,No Fit,0,0.0523,0.3,0,3.0
train,No Fit,0,0.0804,0.15,-1,3.0
train,No Fit,0,0.0521,0.3,1,3.0
train,No Fit,0,0.062,0.15,1,18.0
train,No Fit,0,0.1559,0.7,-1,-5.0
train,No Fit,0,0.0999,0.6,0,7.0
train,No Fit,0,0.0497,0.2,0,26.0
train,No Fit,0,0.0447,0.1,0,-10.0
train,No Fit,0,0.0556,0.4,0,-1.0
train,No Fit,0,0.0947,0.2,0,8.0
train,No Fit,0,0.0608,0.15,0,10.0
train,No Fit,0,0.2312,0.65,0,13.0
train,No Fit,0,0.0504,0.2,-1,3.0
train,No Fit,0,0.0307,0.0,0,5.0
train,No Fit,0,0.031,0.1,0,11.0
train,No Fit,0,0.1136,0.35,0,9.0
train,No Fit,0,0.054,0.2941,0,10.0
train,No Fit,0,0.0322,0.05,0,16.0
train,No Fit,0,0.0715,0.5,0,17.0
train,No Fit,0,0.0855,0.1,0,0.0
train,No Fit,0,0.0476,0.25,0,-1.0
train,No Fit,0,0.0779,0.25,1,29.0
train,No Fit,0,0.0533,0.3,1,0.0
train,No Fit,0,0.0634,0.15,-1,4.0
train,No Fit,0,0.0102,0.25,0,20.0
train,No Fit,0,0.0357,0.2,-1,10.0
train,No Fit,0,0.14,0.6,-1,5.0
train,No Fit,0,0.022,0.05,-1,14.0
train,No Fit,0,0.0511,0.3846,0,0.0
train,No Fit,0,0.0693,0.15,0,0.0
train,No Fit,0,0.1019,0.3,-1,17.0
train,No Fit,0,0.0254,0.3333,0,8.0
train,No Fit,0,0.0215,0.05,-1,0.0
train,No Fit,0,0.0565,0.2,0,6.0
train,No Fit,0,0.0593,0.25,0,3.0
train,No Fit,0,0.0576,0.15,-1,10.0
train,No Fit,0,0.0735,0.2,0,16.0
train,No Fit,0,0.1262,0.3,-1,10.0
train,No Fit,0,0.1298,0.5,-2,7.0
train,No Fit,0,0.0511,0.15,1,13.0
train,No Fit,0,0.0661,0.4,0,15.0
train,No Fit,0,0.159,0.35,0,9.0
train,No Fit,0,0.0348,0.15,1,0.0
train,No Fit,0,0.0675,0.2,-3,-2.0
train,No Fit,0,0.1113,0.3,-1,0.0
train,No Fit,0,0.0751,0.15,1,-3.0
train,No Fit,0,0.0393,0.05,0,0.0
train,No Fit,0,0.0479,0.2,0,4.0
train,No Fit,0,0.0446,0.35,0,13.0
train,No Fit,0,0.0321,0.1,0,26.0
train,No Fit,0,0.0496,0.35,1,15.0
train,No Fit,0,0.0722,0.25,0,13.0
train,No Fit,0,0.1006,0.25,-1,3.0
train,No Fit,0,0.0679,0.1,0,15.0
train,No Fit,0,0.0379,0.35,1,5.0
train,No Fit,0,0.0467,0.1,0,4.0
train,No Fit,0,0.1106,0.4,-2,9.0
train,No Fit,0,0.1657,0.6,0,0.0
train,No Fit,0,0.0505,0.15,1,22.0
train,No Fit,0,0.0298,0.15,-2,18.0
train,No Fit,0,0.0731,0.2,0,-1.0
train,No Fit,0,0.0586,0.25,0,8.0
train,No Fit,0,0.1189,0.15,0,10.0
train,No Fit,0,0.0547,0.15,0,7.0
train,No Fit,0,0.062,0.2,-1,14.0
train,No Fit,0,0.1194,0.3,-2,9.0
train,No Fit,0,0.1014,0.55,0,10.0
train,No Fit,0,0.0066,0.2105,0,11.0
train,No Fit,0,0.0489,0.25,0,-3.0
train,No Fit,0,0.2588,0.375,0,5.0
train,No Fit,0,0.081,0.3,0,10.0
train,No Fit,0,0.0264,0.15,1,29.0
train,No Fit,0,0.0506,0.15,0,0.0
train,No Fit,0,0.0737,0.3,1,-3.0
train,No Fit,0,0.0782,0.35,0,2.0
train,No Fit,0,0.0629,0.2,-1,-3.0
train,No Fit,0,0.0274,0.3,1,0.0
train,No Fit,0,0.0227,0.1,0,17.0
train,No Fit,0,0.0236,0.05,0,12.0
train,No Fit,0,0.1205,0.35,1,0.0
train,No Fit,0,0.0455,0.35,0,0.0
train,No Fit,0,0.0429,0.1,0,12.0
train,No Fit,0,0.0756,0.4,1,0.0
train,No Fit,0,0.1248,0.35,-2,2.0
train,No Fit,0,0.0537,0.2,0,5.0
train,No Fit,0,0.0622,0.25,1,11.0
train,No Fit,0,0.0884,0.4,0,8.0
train,No Fit,0,0.1984,0.3,-1,5.0
train,No Fit,0,0.0431,0.1,0,25.0
train,No Fit,0,0.0208,0.25,-1,0.0
train,No Fit,0,0.0371,0.1,-1,-1.0
train,No Fit,0,0.0781,0.3,0,10.0
train,No Fit,0,0.0103,0.0909,0,11.0
train,No Fit,0,0.0803,0.2,0,8.0
train,No Fit,0,0.0838,0.05,-1,10.0
train,No Fit,0,0.0752,0.45,0,14.0
train,No Fit,0,0.0579,0.2,-2,27.0
train,No Fit,0,0.1462,0.35,-1,9.0
train,No Fit,0,0.0236,0.1,0,4.0
train,No Fit,0,0.0594,0.25,-1,15.0
train,No Fit,0,0.1036,0.35,-1,14.0
train,No Fit,0,0.1745,0.6,1,-5.0
train,No Fit,0,0.0467,0.2353,1,14.0
train,No Fit,0,0.0593,0.25,0,9.0
train,No Fit,0,0.0715,0.2,-1,15.0
train,No Fit,0,0.0035,0.125,0,0.0
train,No Fit,0,0.0908,0.15,0,6.0
train,No Fit,0,0.0598,0.15,1,0.0
train,No Fit,0,0.1318,0.4,0,0.0
train,No Fit,0,0.0452,0.05,-1,10.0
train,No Fit,0,0.0411,0.3,0,5.0
train,No Fit,0,0.1287,0.25,0,9.0
train,No Fit,0,0.0774,0.25,0,13.0
train,No Fit,0,0.0425,0.3,0,8.0
train,No Fit,0,0.057,0.3,0,18.0
train,No Fit,0,0.1281,0.35,0,0.0
train,No Fit,0,0.0694,0.1,3,0.0
train,No Fit,0,0.1128,0.45,3,1.0
train,No Fit,0,0.1098,0.3,0,7.0
train,No Fit,0,0.0529,0.35,1,0.0
train,No Fit,0,0.0618,0.2,1,26.0
train,No Fit,0,0.0963,0.45,0,0.0
train,No Fit,0,0.037,0.1,-1,10.0
train,No Fit,0,0.0224,0.0556,0,23.0
train,No Fit,0,0.0724,0.6,-2,13.0
train,No Fit,0,0.0531,0.3,0,0.0
train,No Fit,0,0.0099,0.05,0,15.0
train,No Fit,0,0.1056,0.1,-1,15.0
train,No Fit,0,0.0939,0.25,-1,0.0
train,No Fit,0,0.0445,0.15,0,11.0
train,No Fit,0,0.0544,0.25,0,12.0
train,No Fit,0,0.0262,0.2,1,4.0
train,No Fit,0,0.124,0.3,0,15.0
train,No Fit,0,0.0795,0.05,1,9.0
train,No Fit,0,0.1053,0.1,0,14.0
train,No Fit,0,0.1216,0.25,0,4.0
train,No Fit,0,0.0367,0.05,1,9.0
train,No Fit,0,0.0547,0.2308,1,0.0
train,No Fit,0,0.0567,0.2,0,8.0
train,No Fit,0,0.0344,0.2,0,9.0
train,No Fit,0,0.1005,0.1,0,0.0
train,No Fit,0,0.0945,0.25,1,10.0
train,No Fit,0,0.0451,0.2,0,-1.0
train,No Fit,0,0.0895,0.3,0,10.0
train,No Fit,0,0.0621,0.3,1,3.0
train,No Fit,0,0.0567,0.2,0,4.0
train,No Fit,0,0.0365,0.1111,-1,5.0
train,No Fit,0,0.0724,0.35,0,3.0
train,No Fit,0,0.0139,0.1,0,26.0
train,No Fit,0,0.0371,0.15,0,0.0
train,No Fit,0,0.0632,0.2,1,5.0
train,No Fit,0,0.0466,0.05,2,13.0
train,No Fit,0,0.0775,0.35,0,17.0
train,No Fit,0,0.1378,0.25,1,4.0
train,No Fit,0,0.0503,0.2,0,9.0
train,No Fit,0,0.0663,0.05,0,9.0
train,No Fit,0,0.0649,0.2,0,35.0
train,No Fit,0,0.0503,0.3,0,12.0
train,No Fit,0,0.0841,0.35,-1,4.0
train,No Fit,0,0.0232,0.05,0,0.0
train,No Fit,0,0.0684,0.3,1,7.0
train,No Fit,0,0.0979,0.3,0,9.0
train,No Fit,0,0.1052,0.25,0,0.0
train,No Fit,0,0.0731,0.2,0,11.0
train,No Fit,0,0.0051,0.0909,1,0.0
train,No Fit,0,0.0323,0.2,1,0.0
train,No Fit,0,0.0705,0.45,0,23.0
train,No Fit,0,0.0918,0.4,-1,5.0
train,No Fit,0,0.0618,0.15,0,4.0
train,No Fit,0,0.0217,0.2,0,17.0
train,No Fit,0,0.0397,0.15,0,9.0
train,No Fit,0,0.0175,0.2,0,9.0
train,No Fit,0,0.0716,0.35,0,5.0
train,No Fit,0,0.0262,0.05,-2,4.0
train,No Fit,0,0.0196,0.15,-3,2.0
train,No Fit,0,0.0369,0.1,0,6.0
train,No Fit,0,0.0307,0.25,0,10.0
train,No Fit,0,0.0484,0.2,-1,6.0
train,No Fit,0,0.0471,0.15,0,0.0
train,No Fit,0,0.123,0.4,-1,14.0
train,No Fit,0,0.0604,0.1,0,10.0
train,No Fit,0,0.1964,0.3,0,2.0
train,No Fit,0,0.0702,0.2,0,4.0
train,No Fit,0,0.0255,0.25,0,10.0
train,No Fit,0,0.0409,0.05,0,5.0
train,No Fit,0,0.0493,0.15,0,12.0
train,No Fit,0,0.0443,0.1,-1,12.0
train,No Fit,0,0.1111,0.45,0,16.0
train,No Fit,0,0.1381,0.35,0,0.0
train,No Fit,0,0.0684,0.2,0,26.0
train,No Fit,0,0.0915,0.25,0,14.0
train,No Fit,0,0.0523,0.05,1,15.0
train,No Fit,0,0.1166,0.3,1,13.0
train,No Fit,0,0.0441,0.15,0,5.0
train,No Fit,0,0.0164,0.0,0,20.0
train,No Fit,0,0.05,0.25,-1,5.0
train,No Fit,0,0.0329,0.1,2,3.0
train,No Fit,0,0.0316,0.3333,0,0.0
train,No Fit,0,0.1136,0.35,0,13.0
train,No Fit,0,0.0244,0.375,0,15.0
train,No Fit,0,0.0921,0.3,0,-6.0
train,No Fit,0,0.0919,0.3,-1,0.0
train,No Fit,0,0.0669,0.15,0,12.0
train,No Fit,0,0.0594,0.15,0,23.0
train,No Fit,0,0.0424,0.4,1,7.0
train,No Fit,0,0.1049,0.35,0,14.0
train,No Fit,0,0.0341,0.05,3,14.0
train,No Fit,0,0.1358,0.35,1,13.0
train,No Fit,0,0.0381,0.2,0,-1.0
train,No Fit,0,0.1558,0.55,1,0.0
train,No Fit,0,0.0234,0.25,-1,8.0
train,No Fit,0,0.0208,0.05,2,8.0
train,No Fit,0,0.0528,0.35,0,12.0
train,No Fit,0,0.0716,0.25,0,13.0
train,No Fit,0,0.0369,0.15,0,23.0
train,No Fit,0,0.0326,0.2,0,5.0
train,No Fit,0,0.0436,0.15,0,0.0
train,No Fit,0,0.0758,0.5,0,17.0
train,No Fit,0,0.0151,0.1,0,14.0
train,No Fit,0,0.0478,0.25,1,23.0
train,No Fit,0,0.0214,0.1111,0,0.0
train,No Fit,0,0.0466,0.15,0,13.0
train,No Fit,0,0.0646,0.2,0,4.0
train,No Fit,0,0.0515,0.2,0,3.0
train,No Fit,0,0.144,0.5,-1,-10.0
train,No Fit,0,0.0437,0.15,0,11.0
train,No Fit,0,0.0174,0.15,0,14.0
train,No Fit,0,0.1055,0.25,-1,-15.0
train,No Fit,0,0.1144,0.25,2,10.0
train,No Fit,0,0.0897,0.25,0,7.0
train,No Fit,0,0.0308,0.05,0,17.0
train,No Fit,0,0.0441,0.1,0,5.0
train,No Fit,0,0.0861,0.25,0,9.0
train,No Fit,0,0.0517,0.2,0,0.0
train,No Fit,0,0.1016,0.3,-2,5.0
train,No Fit,0,0.0473,0.25,1,9.0
train,No Fit,0,0.0882,0.25,0,11.0
train,No Fit,0,0.0909,0.2,0,3.0
train,No Fit,0,0.0157,0.05,-2,11.0
train,No Fit,0,0.13,0.45,0,7.0
train,No Fit,0,0.1193,0.3,0,14.0
train,No Fit,0,0.0997,0.35,-2,12.0
train,No Fit,0,0.0429,0.25,0,4.0
train,No Fit,0,0.0823,0.35,0,0.0
train,No Fit,0,0.0709,0.25,0,9.0
train,No Fit,0,0.0971,0.35,0,20.0
train,No Fit,0,0.046,0.15,2,-5.0
train,No Fit,0,0.0833,0.3,1,13.0
train,No Fit,0,0.1571,0.5,2,10.0
train,No Fit,0,0.0421,0.3,-2,0.0
train,No Fit,0,0.0491,0.1,2,8.0
train,No Fit,0,0.0521,0.15,0,0.0
train,No Fit,0,0.0352,0.15,0,11.0
train,No Fit,0,0.048,0.1,-2,0.0
train,No Fit,0,0.0364,0.05,0,12.0
train,No Fit,0,0.0441,0.2,0,8.0
train,No Fit,0,0.0766,0.3,-1,12.0
train,No Fit,0,0.0658,0.4,0,2.0
train,No Fit,0,0.054,0.2,1,1.0
train,No Fit,0,0.0637,0.15,0,14.0
train,No Fit,0,0.0626,0.1,0,10.0
train,No Fit,0,0.2008,0.55,0,9.0
train,No Fit,0,0.0593,0.15,1,12.0
train,No Fit,0,0.0196,0.05,0,-1.0
train,No Fit,0,0.0316,0.15,-1,6.0
train,No Fit,0,0.0398,0.25,1,14.0
train,No Fit,0,0.0754,0.25,0,21.0
train,No Fit,0,0.0651,0.3636,-1,14.0
train,No Fit,0,0.0833,0.4,1,7.0
train,No Fit,0,0.0246,0.1,1,13.0
train,No Fit,0,0.0501,0.05,0,5.0
train,No Fit,0,0.0404,0.15,-1,4.0
train,No Fit,0,0.0388,0.3,0,5.0
train,No Fit,0,0.0545,0.3,0,35.0
train,No Fit,0,0.0724,0.35,1,5.0
train,No Fit,0,0.0548,0.25,0,7.0
train,No Fit,0,0.0141,0.05,2,4.0
train,No Fit,0,0.0376,0.1,-1,21.0
train,No Fit,0,0.0435,0.15,-2,0.0
train,No Fit,0,0.0201,0.0,1,12.0
train,No Fit,0,0.0134,0.1667,-1,3.0
train,No Fit,0,0.0815,0.1,0,-1.0
train,No Fit,0,0.0176,0.05,-2,14.0
train,No Fit,0,0.031,0.2,0,0.0
train,No Fit,0,0.049,0.3,0,0.0
train,No Fit,0,0.0662,0.35,1,0.0
train,No Fit,0,0.0483,0.15,0,13.0
train,No Fit,0,0.0635,0.35,0,-4.0
train,No Fit,0,0.04,0.15,1,10.0
train,No Fit,0,0.0485,0.2,-1,10.0
train,No Fit,0,0.1196,0.25,-2,3.0
train,No Fit,0,0.0202,0.15,0,2.0
train,No Fit,0,0.0645,0.2,1,12.0
train,No Fit,0,0.1488,0.4,0,5.0
train,No Fit,0,0.0733,0.25,0,26.0
train,No Fit,0,0.0265,0.1,1,-5.0
train,No Fit,0,0.0722,0.4,2,10.0
train,No Fit,0,0.0651,0.25,-1,0.0
train,No Fit,0,0.0854,0.2,1,0.0
train,No Fit,0,0.0473,0.35,0,5.0
train,No Fit,0,0.1398,0.4,0,0.0
train,No Fit,0,0.0994,0.25,1,13.0
train,No Fit,0,0.1162,0.35,-2,3.0
train,No Fit,0,0.0241,0.1,-1,15.0
train,No Fit,0,0.0936,0.3,0,0.0
train,No Fit,0,0.0621,0.4286,0,14.0
train,No Fit,0,0.2308,0.6,1,11.0
train,No Fit,0,0.0502,0.15,0,8.0
train,No Fit,0,0.0371,0.05,-1,6.0
train,No Fit,0,0.1034,0.15,-2,18.0
train,No Fit,0,0.0299,0.1,-2,4.0
train,No Fit,0,0.0854,0.3,1,17.0
train,No Fit,0,0.0901,0.3,0,23.0
train,No Fit,0,0.0925,0.2,-1,11.0
train,No Fit,0,0.0913,0.15,0,6.0
train,No Fit,0,0.0146,0.1,0,12.0
train,No Fit,0,0.0553,0.15,1,12.0
train,No Fit,0,0.0436,0.15,0,12.0
train,No Fit,0,0.0446,0.0,0,4.0
train,No Fit,0,0.0428,0.2,0,9.0
train,No Fit,0,0.0556,0.25,0,14.0
train,No Fit,0,0.0364,0.15,0,0.0
train,No Fit,0,0.0678,0.15,-1,10.0
train,No Fit,0,0.076,0.2,-2,0.0
train,No Fit,0,0.019,0.1176,0,8.0
train,No Fit,0,0.0554,0.15,0,12.0
train,No Fit,0,0.0491,0.2,1,0.0
train,No Fit,0,0.1003,0.35,0,2.0
train,No Fit,0,0.0226,0.1,0,2.0
train,No Fit,0,0.07,0.25,0,18.0
train,No Fit,0,0.0837,0.15,0,-2.0
train,No Fit,0,0.0793,0.35,1,0.0
train,No Fit,0,0.0386,0.1429,-1,15.0
train,No Fit,0,0.0313,0.15,1,12.0
train,No Fit,0,0.0656,0.1,0,10.0
train,No Fit,0,0.0446,0.45,-2,4.0
train,No Fit,0,0.0431,0.15,0,15.0
train,No Fit,0,0.0499,0.2,-1,14.0
train,No Fit,0,0.0508,0.2,1,13.0
train,No Fit,0,0.0376,0.1,0,5.0
train,No Fit,0,0.0577,0.15,-2,14.0
train,No Fit,0,0.0126,0.1538,0,3.0
train,No Fit,0,0.097,0.25,-1,5.0
train,No Fit,0,0.0568,0.35,0,11.0
train,No Fit,0,0.0839,0.25,0,0.0
train,No Fit,0,0.0232,0.1,0,11.0
train,No Fit,0,0.0912,0.5,0,10.0
train,No Fit,0,0.0257,0.1538,-1,7.0
train,No Fit,0,0.0209,0.1,1,9.0
train,No Fit,0,0.0234,0.05,1,3.0
train,No Fit,0,0.1284,0.5,1,13.0
train,No Fit,0,0.0775,0.35,2,15.0
train,No Fit,0,0.107,0.1,1,16.0
train,No Fit,0,0.0713,0.4,0,0.0
train,No Fit,0,0.0474,0.15,0,20.0
train,No Fit,0,0.1026,0.2,0,8.0
train,No Fit,0,0.0518,0.2,0,13.0
train,No Fit,0,0.0607,0.15,-1,4.0
train,No Fit,0,0.0431,0.35,0,4.0
train,No Fit,0,0.0418,0.15,-1,-15.0
train,No Fit,0,0.0494,0.1,0,12.0
train,No Fit,0,0.0,0.0,1,11.0
train,No Fit,0,0.119,0.55,0,7.0
train,No Fit,0,0.0219,0.15,0,8.0
train,No Fit,0,0.2186,0.3,-2,8.0
train,No Fit,0,0.0527,0.25,0,12.0
train,No Fit,0,0.0316,0.1,0,13.0
train,No Fit,0,0.0407,0.1,0,5.0
train,No Fit,0,0.1489,0.15,0,18.0
train,No Fit,0,0.0603,0.15,0,0.0
train,No Fit,0,0.0329,0.1,0,1.0
train,No Fit,0,0.0504,0.15,1,11.0
train,No Fit,0,0.0872,0.15,-2,8.0
train,No Fit,0,0.0564,0.3,-1,8.0
train,No Fit,0,0.0793,0.25,-2,16.0
train,No Fit,0,0.0187,0.25,-1,-10.0
train,No Fit,0,0.0372,0.2,1,9.0
train,No Fit,0,0.1079,0.45,0,0.0
train,No Fit,0,0.0661,0.2,2,8.0
train,No Fit,0,0.0694,0.15,0,12.0
train,No Fit,0,0.0934,0.3,-1,2.0
train,No Fit,0,0.0802,0.25,1,-2.0
train,No Fit,0,0.0776,0.15,2,0.0
train,No Fit,0,0.0708,0.2,0,7.0
train,No Fit,0,0.0508,0.05,-1,0.0
train,No Fit,0,0.0602,0.2,-1,0.0
train,No Fit,0,0.064,0.4,0,10.0
train,No Fit,0,0.0208,0.2143,0,0.0
train,No Fit,0,0.0694,0.2941,1,0.0
train,No Fit,0,0.0502,0.1,0,25.0
train,No Fit,0,0.0549,0.05,0,0.0
train,No Fit,0,0.0775,0.35,0,15.0
train,No Fit,0,0.0429,0.25,1,13.0
train,No Fit,0,0.0776,0.25,2,0.0
train,No Fit,0,0.0823,0.1,1,15.0
train,No Fit,0,0.1402,0.2,0,14.0
train,No Fit,0,0.0205,0.1,1,5.0
train,No Fit,0,0.0647,0.3,0,0.0
train,No Fit,0,0.0842,0.4,2,0.0
train,No Fit,0,0.2385,0.5,0,0.0
train,No Fit,0,0.096,0.3,0,0.0
train,No Fit,0,0.1126,0.3,-3,6.0
train,No Fit,0,0.0726,0.2,-1,12.0
train,No Fit,0,0.0456,0.2,0,12.0
train,No Fit,0,0.0587,0.1,1,9.0
train,No Fit,0,0.0687,0.1,0,-5.0
train,No Fit,0,0.0171,0.375,0,26.0
train,No Fit,0,0.0506,0.3,0,4.0
train,No Fit,0,0.048,0.2,2,13.0
train,No Fit,0,0.0187,0.35,1,-4.0
train,No Fit,0,0.0516,0.25,0,0.0
train,No Fit,0,0.087,0.4,-1,0.0
train,No Fit,0,0.0657,0.15,1,0.0
train,No Fit,0,0.072,0.2,0,0.0
train,No Fit,0,0.0573,0.2,-1,1.0
train,No Fit,0,0.1082,0.25,0,5.0
train,No Fit,0,0.0551,0.05,0,4.0
train,No Fit,0,0.0509,0.25,-2,8.0
train,No Fit,0,0.0435,0.1,0,5.0
train,No Fit,0,0.043,0.15,0,-1.0
train,No Fit,0,0.0402,0.05,0,13.0
train,No Fit,0,0.1369,0.4,-1,17.0
train,No Fit,0,0.0847,0.3,0,11.0
train,No Fit,0,0.0598,0.3,0,10.0
train,No Fit,0,0.0467,0.25,-1,10.0
train,No Fit,0,0.0415,0.05,1,14.0
train,No Fit,0,0.0534,0.05,-1,0.0
train,No Fit,0,0.1824,0.35,-1,14.0
train,No Fit,0,0.0597,0.3,1,31.0
train,No Fit,0,0.0597,0.2,0,-3.0
train,No Fit,0,0.0838,0.15,0,1.0
train,No Fit,0,0.0504,0.2,0,5.0
train,No Fit,0,0.1099,0.25,0,0.0
train,No Fit,0,0.0801,0.3,1,0.0
train,No Fit,0,0.041,0.25,0,0.0
train,No Fit,0,0.059,0.25,0,12.0
train,No Fit,0,0.16,0.45,1,0.0
train,No Fit,0,0.0467,0.2,0,4.0
train,No Fit,0,0.0491,0.25,0,-1.0
train,No Fit,0,0.0415,0.25,1,13.0
train,No Fit,0,0.067,0.15,0,15.0
train,No Fit,0,0.0192,0.1,1,0.0
train,No Fit,0,0.0425,0.3846,1,7.0
train,No Fit,0,0.014,0.0,0,13.0
train,No Fit,0,0.0501,0.05,0,0.0
train,No Fit,0,0.0302,0.05,0,10.0
train,No Fit,0,0.2247,0.7,1,-3.0
train,No Fit,0,0.1127,0.25,0,-5.0
train,No Fit,0,0.1097,0.6,0,-6.0
train,No Fit,0,0.1238,0.4,0,0.0
train,No Fit,0,0.1519,0.3,0,0.0
train,No Fit,0,0.0871,0.1818,1,4.0
train,No Fit,0,0.0328,0.05,0,12.0
train,No Fit,0,0.025,0.05,-2,25.0
train,No Fit,0,0.0753,0.2,1,7.0
train,No Fit,0,0.1277,0.55,0,15.0
train,No Fit,0,0.1289,0.1,1,-4.0
train,No Fit,0,0.1103,0.5,0,11.0
train,No Fit,0,0.044,0.35,-1,10.0
train,No Fit,0,0.0548,0.15,0,0.0
train,No Fit,0,0.0279,0.35,-3,4.0
train,No Fit,0,0.0356,0.05,-1,15.0
train,No Fit,0,0.0531,0.1,2,8.0
train,No Fit,0,0.0336,0.05,0,9.0
train,No Fit,0,0.1077,0.45,1,15.0
train,No Fit,0,0.0182,0.1,1,6.0
train,No Fit,0,0.059,0.25,0,9.0
train,No Fit,0,0.0173,0.1,2,12.0
train,No Fit,0,0.1781,0.5,0,18.0
train,No Fit,0,0.0436,0.1,1,8.0
train,No Fit,0,0.0372,0.25,0,15.0
train,No Fit,0,0.0417,0.2,-1,-3.0
train,No Fit,0,0.1105,0.25,-1,0.0
train,No Fit,0,0.0797,0.2,-1,12.0
train,No Fit,0,0.0904,0.2,0,8.0
train,No Fit,0,0.0789,0.1,0,17.0
train,No Fit,0,0.0571,0.3,0,-2.0
train,No Fit,0,0.0193,0.1538,1,10.0
train,No Fit,0,0.1005,0.45,0,13.0
train,No Fit,0,0.0571,0.15,0,20.0
train,No Fit,0,0.0978,0.15,-2,9.0
train,No Fit,0,0.0399,0.05,1,4.0
train,No Fit,0,0.0619,0.2,1,10.0
train,No Fit,0,0.1716,0.45,-1,-8.0
train,No Fit,0,0.0495,0.15,0,14.0
train,No Fit,0,0.0228,0.4167,1,15.0
train,No Fit,0,0.0523,0.25,-1,13.0
train,No Fit,0,0.0199,0.15,-2,0.0
train,No Fit,0,0.0422,0.25,1,22.0
train,No Fit,0,0.0541,0.15,-1,2.0
train,No Fit,0,0.0785,0.35,1,13.0
train,No Fit,0,0.0384,0.2,-1,21.0
train,No Fit,0,0.0603,0.1,0,6.0
train,No Fit,0,0.0444,0.15,2,13.0
train,No Fit,0,0.0115,0.2778,0,15.0
train,No Fit,0,0.0468,0.35,0,-10.0
train,No Fit,0,0.0942,0.35,1,31.0
train,No Fit,0,0.0446,0.15,1,7.0
train,No Fit,0,0.0671,0.1,2,0.0
train,No Fit,0,0.0323,0.05,-1,10.0
train,No Fit,0,0.0524,0.15,0,4.0
train,No Fit,0,0.0805,0.25,0,0.0
train,No Fit,0,0.1092,0.35,0,11.0
train,No Fit,0,0.0932,0.35,-1,7.0
train,No Fit,0,0.0455,0.25,0,15.0
train,No Fit,0,0.0664,0.1,0,4.0
train,No Fit,0,0.024,0.05,0,5.0
train,No Fit,0,0.095,0.4,-1,15.0
train,No Fit,0,0.0174,0.0769,0,0.0
train,No Fit,0,0.0551,0.25,1,18.0
train,No Fit,0,0.061,0.25,0,10.0
train,No Fit,0,0.0333,0.2,0,0.0
train,No Fit,0,0.1237,0.45,0,8.0
train,No Fit,0,0.1408,0.2,2,10.0
train,No Fit,0,0.0732,0.2,-1,12.0
train,No Fit,0,0.0483,0.15,-1,6.0
train,No Fit,0,0.0841,0.3,0,6.0
train,No Fit,0,0.0489,0.2,0,7.0
train,No Fit,0,0.0611,0.15,1,17.0
train,No Fit,0,0.0309,0.15,-1,-1.0
train,No Fit,0,0.1764,0.6,0,11.0
train,No Fit,0,0.068,0.2,0,14.0
train,No Fit,0,0.0673,0.15,0,7.0
train,No Fit,0,0.0467,0.25,0,15.0
train,No Fit,0,0.0606,0.25,0,5.0
train,No Fit,0,0.09,0.25,0,17.0
train,No Fit,0,0.0123,0.2,0,12.0
train,No Fit,0,0.0553,0.15,0,13.0
train,No Fit,0,0.0228,0.1538,1,0.0
train,No Fit,0,0.0533,0.1,0,-5.0
train,No Fit,0,0.3967,0.3,1,4.0
train,No Fit,0,0.0908,0.15,1,1.0
train,No Fit,0,0.0106,0.05,0,14.0
train,No Fit,0,0.0131,0.2,1,17.0
train,No Fit,0,0.049,0.2,0,10.0
train,No Fit,0,0.0535,0.45,0,9.0
train,No Fit,0,0.0755,0.2,1,10.0
train,No Fit,0,0.0736,0.2,0,15.0
train,No Fit,0,0.0715,0.25,0,15.0
train,No Fit,0,0.0353,0.0,0,11.0
train,No Fit,0,0.0489,0.15,-1,15.0
train,No Fit,0,0.0541,0.2,0,13.0
train,No Fit,0,0.043,0.2,0,0.0
train,No Fit,0,0.0912,0.2,-2,8.0
train,No Fit,0,0.0461,0.375,0,8.0
train,No Fit,0,0.2029,0.85,0,1.0
train,No Fit,0,0.0642,0.15,0,6.0
train,No Fit,0,0.1133,0.2308,0,22.0
train,No Fit,0,0.0165,0.05,1,5.0
train,No Fit,0,0.0688,0.35,1,5.0
train,No Fit,0,0.0474,0.25,1,26.0
train,No Fit,0,0.0537,0.15,-1,8.0
train,No Fit,0,0.3224,0.35,1,2.0
train,No Fit,0,0.0509,0.1,0,-3.0
train,No Fit,0,0.0441,0.15,1,7.0
train,No Fit,0,0.0754,0.25,0,14.0
train,No Fit,0,0.0056,0.25,1,13.0
train,No Fit,0,0.0229,0.1,0,11.0
train,No Fit,0,0.0392,0.05,0,23.0
train,No Fit,0,0.0238,0.15,1,3.0
train,No Fit,0,0.0314,0.1765,0,8.0
train,No Fit,0,0.0237,0.05,0,17.0
train,No Fit,0,0.0646,0.3,0,-4.0
train,No Fit,0,0.0146,0.05,-2,0.0
train,No Fit,0,0.0877,0.4,0,0.0
train,No Fit,0,0.1215,0.2,0,-5.0
train,No Fit,0,0.0453,0.2,-1,12.0
train,No Fit,0,0.1012,0.5,0,9.0
train,No Fit,0,0.0054,0.25,0,21.0
train,No Fit,0,0.0761,0.2,1,14.0
train,No Fit,0,0.018,0.1,0,2.0
train,No Fit,0,0.0162,0.2,0,10.0
train,No Fit,0,0.0389,0.2,0,8.0
train,No Fit,0,0.0473,0.15,0,-5.0
train,No Fit,0,0.1988,0.45,0,-5.0
train,No Fit,0,0.0114,0.05,1,0.0
train,No Fit,0,0.0572,0.2,-1,-4.0
train,No Fit,0,0.0468,0.0,0,4.0
train,No Fit,0,0.0283,0.2,0,17.0
train,No Fit,0,0.133,0.4,0,0.0
train,No Fit,0,0.0177,0.1,1,12.0
train,No Fit,0,0.033,0.25,0,0.0
train,No Fit,0,0.1228,0.4,2,2.0
train,No Fit,0,0.1321,0.2,2,5.0
train,No Fit,0,0.1131,0.25,-1,-1.0
train,No Fit,0,0.0412,0.2,0,26.0
train,No Fit,0,0.1237,0.3,2,10.0
train,No Fit,0,0.0739,0.5,2,10.0
train,No Fit,0,0.0703,0.45,1,9.0
train,No Fit,0,0.119,0.3333,1,17.0
train,No Fit,0,0.0878,0.3,-1,14.0
train,No Fit,0,0.2225,0.2,2,8.0
train,No Fit,0,0.042,0.15,0,5.0
train,No Fit,0,0.047,0.2,0,13.0
train,No Fit,0,0.0742,0.35,0,0.0
train,No Fit,0,0.0379,0.25,1,12.0
train,No Fit,0,0.1028,0.5,0,-2.0
train,No Fit,0,0.0247,0.35,0,17.0
train,No Fit,0,0.0436,0.05,0,0.0
train,No Fit,0,0.048,0.2,0,10.0
train,No Fit,0,0.0498,0.35,0,6.0
train,No Fit,0,0.0518,0.05,1,0.0
train,No Fit,0,0.0389,0.15,0,5.0
train,No Fit,0,0.0402,0.15,0,-3.0
train,No Fit,0,0.1323,0.25,0,11.0
train,No Fit,0,0.0519,0.3,-1,0.0
train,No Fit,0,0.0968,0.35,0,11.0
train,No Fit,0,0.0715,0.25,0,9.0
train,No Fit,0,0.0182,0.15,0,-5.0
train,No Fit,0,0.0529,0.35,0,17.0
train,No Fit,0,0.0236,0.05,-1,26.0
train,No Fit,0,0.0876,0.3,-1,-2.0
train,No Fit,0,0.1009,0.4,0,10.0
train,No Fit,0,0.09,0.45,0,6.0
train,No Fit,0,0.0164,0.3,0,0.0
train,No Fit,0,0.0445,0.2,1,11.0
train,No Fit,0,0.088,0.35,-1,10.0
train,No Fit,0,0.1493,0.25,0,6.0
train,No Fit,0,0.1147,0.35,-1,12.0
train,No Fit,0,0.0533,0.4,1,0.0
train,No Fit,0,0.0433,0.15,2,20.0
train,No Fit,0,0.0399,0.35,2,5.0
train,No Fit,0,0.0786,0.05,1,11.0
train,No Fit,0,0.0707,0.15,0,4.0
train,No Fit,0,0.0147,0.2,-1,17.0
train,No Fit,0,0.0606,0.2,0,5.0
train,No Fit,0,0.0212,0.05,0,8.0
train,No Fit,0,0.0394,0.2727,0,0.0
train,No Fit,0,0.0221,0.05,-1,5.0
train,No Fit,0,0.0184,0.1,1,6.0
train,No Fit,0,0.1021,0.3,0,10.0
train,No Fit,0,0.1132,0.15,-1,5.0
train,No Fit,0,0.0373,0.15,0,16.0
train,No Fit,0,0.0488,0.35,0,6.0
train,No Fit,0,0.148,0.4,-1,5.0
train,No Fit,0,0.0344,0.1,0,14.0
train,No Fit,0,0.1253,0.35,1,5.0
train,No Fit,0,0.0464,0.1,1,14.0
train,No Fit,0,0.0934,0.35,0,9.0
train,No Fit,0,0.1364,0.3158,1,15.0
train,No Fit,0,0.0538,0.1,-1,1.0
train,No Fit,0,0.0167,0.0,0,11.0
train,No Fit,0,0.0637,0.3,0,22.0
train,No Fit,0,0.065,0.1,1,17.0
train,No Fit,0,0.0564,0.15,0,22.0
train,No Fit,0,0.1885,0.45,1,22.0
train,No Fit,0,0.0491,0.3,0,0.0
train,No Fit,0,0.0578,0.1,0,9.0
train,No Fit,0,0.0407,0.05,0,8.0
train,No Fit,0,0.0796,0.35,1,-3.0
train,No Fit,0,0.035,0.2,-1,-3.0
train,No Fit,0,0.0832,0.3,1,1.0
train,No Fit,0,0.0912,0.2,-1,5.0
train,No Fit,0,0.0531,0.15,1,12.0
train,No Fit,0,0.0666,0.15,0,12.0
train,No Fit,0,0.0509,0.3,1,11.0
train,No Fit,0,0.0709,0.2,0,0.0
train,No Fit,0,0.0508,0.2,1,1.0
train,No Fit,0,0.0558,0.1,-1,-6.0
train,No Fit,0,0.0281,0.2,-2,5.0
train,No Fit,0,0.0908,0.3,1,15.0
train,No Fit,0,0.0126,0.3333,0,0.0
train,No Fit,0,0.0761,0.25,0,-2.0
train,No Fit,0,0.0827,0.15,1,-1.0
train,No Fit,0,0.0583,0.15,0,13.0
train,No Fit,0,0.0765,0.2,0,0.0
train,No Fit,0,0.0562,0.2,1,-5.0
train,No Fit,0,0.1476,0.5,-1,11.0
train,No Fit,0,0.0643,0.15,-1,11.0
train,No Fit,0,0.0479,0.25,1,8.0
train,No Fit,0,0.0173,0.0,-1,20.0
train,No Fit,0,0.0856,0.45,-1,6.0
train,No Fit,0,0.0738,0.3,1,26.0
train,No Fit,0,0.1311,0.35,1,9.0
train,No Fit,0,0.0556,0.3,1,16.0
train,No Fit,0,0.0968,0.3,1,12.0
train,No Fit,0,0.0539,0.1,0,9.0
train,No Fit,0,0.0189,0.1,0,0.0
train,No Fit,0,0.1018,0.3,0,9.0
train,No Fit,0,0.111,0.25,-1,0.0
train,No Fit,0,0.0451,0.15,0,9.0
train,No Fit,0,0.2467,0.65,-2,15.0
train,No Fit,0,0.0601,0.1,-2,-3.0
train,No Fit,0,0.0455,0.25,-1,15.0
train,No Fit,0,0.0695,0.25,0,-8.0
train,No Fit,0,0.0337,0.1,0,4.0
train,No Fit,0,0.1433,0.5,0,7.0
train,No Fit,0,0.0229,0.0,0,7.0
train,No Fit,0,0.1058,0.65,1,0.0
train,No Fit,0,0.0432,0.25,0,16.0
train,No Fit,0,0.071,0.1,2,2.0
train,No Fit,0,0.0403,0.2,0,10.0
train,No Fit,0,0.0731,0.2,0,12.0
train,No Fit,0,0.1209,0.3,0,5.0
train,No Fit,0,0.2019,0.6,0,-4.0
train,No Fit,0,0.0863,0.15,-1,4.0
train,No Fit,0,0.0286,0.15,0,16.0
train,No Fit,0,0.0202,0.1,-1,5.0
train,No Fit,0,0.0123,0.0769,0,23.0
train,No Fit,0,0.0488,0.05,0,4.0
train,No Fit,0,0.0871,0.35,1,5.0
train,No Fit,0,0.0794,0.4,0,3.0
train,No Fit,0,0.0364,0.15,0,9.0
train,No Fit,0,0.0212,0.4,0,3.0
train,No Fit,0,0.0271,0.15,0,-5.0
train,No Fit,0,0.0234,0.15,1,7.0
train,No Fit,0,0.0879,0.2,-1,-5.0
train,No Fit,0,0.0328,0.1,0,0.0
train,No Fit,0,0.0281,0.15,-1,3.0
train,No Fit,0,0.0339,0.1,1,1.0
train,No Fit,0,0.0375,0.2,2,8.0
train,No Fit,0,0.0527,0.2,0,12.0
train,No Fit,0,0.1062,0.55,0,23.0
train,No Fit,0,0.0204,0.15,0,-7.0
train,No Fit,0,0.0737,0.35,0,12.0
train,No Fit,0,0.0771,0.05,0,20.0
train,No Fit,0,0.0944,0.2,-1,15.0
train,No Fit,0,0.0531,0.2,0,5.0
train,No Fit,0,0.028,0.25,0,8.0
train,No Fit,0,0.0538,0.2,0,31.0
train,No Fit,0,0.1907,0.35,0,7.0
train,No Fit,0,0.0644,0.3,0,0.0
train,No Fit,0,0.1076,0.3,2,-5.0
train,No Fit,0,0.078,0.2,1,10.0
train,No Fit,0,0.0935,0.55,1,3.0
train,No Fit,0,0.1034,0.3,1,10.0
train,No Fit,0,0.0196,0.05,0,11.0
train,No Fit,0,0.0414,0.05,0,11.0
train,No Fit,0,0.0775,0.15,2,10.0
train,No Fit,0,0.0778,0.15,0,7.0
train,No Fit,0,0.0471,0.05,0,22.0
train,No Fit,0,0.0966,0.3,2,3.0
train,No Fit,0,0.0476,0.15,-2,0.0
train,No Fit,0,0.0472,0.15,0,17.0
train,No Fit,0,0.0632,0.4,0,4.0
train,No Fit,0,0.2247,0.5,0,0.0
train,No Fit,0,0.0994,0.1,0,0.0
train,No Fit,0,0.0196,0.1667,-2,0.0
train,No Fit,0,0.1295,0.45,1,0.0
train,No Fit,0,0.1337,0.4,0,13.0
train,No Fit,0,0.038,0.1,0,4.0
train,No Fit,0,0.08,0.1,1,0.0
train,No Fit,0,0.0681,0.2,0,20.0
train,No Fit,0,0.069,0.1,1,10.0
train,No Fit,0,0.1007,0.3,-1,14.0
train,No Fit,0,0.0713,0.15,-1,3.0
train,No Fit,0,0.0511,0.3,0,15.0
train,No Fit,0,0.0592,0.15,0,10.0
train,No Fit,0,0.0363,0.1,0,7.0
train,No Fit,0,0.0933,0.4,0,-10.0
train,No Fit,0,0.0529,0.2,-1,0.0
train,No Fit,0,0.033,0.15,2,0.0
train,No Fit,0,0.1214,0.2,0,-5.0
train,No Fit,0,0.0155,0.1429,-1,0.0
train,No Fit,0,0.1588,0.45,0,0.0
train,No Fit,0,0.2161,0.5,0,4.0
train,No Fit,0,0.1856,0.45,0,0.0
train,No Fit,0,0.058,0.15,0,11.0
train,No Fit,0,0.1173,0.35,0,0.0
train,No Fit,0,0.0607,0.15,0,4.0
train,No Fit,0,0.0881,0.25,1,0.0
train,No Fit,0,0.143,0.2,0,3.0
train,No Fit,0,0.2002,0.4,0,9.0
train,No Fit,0,0.1107,0.15,-1,1.0
train,No Fit,0,0.0519,0.3,0,-15.0
train,No Fit,0,0.1714,0.6,0,0.0
train,No Fit,0,0.0327,0.4,1,13.0
train,No Fit,0,0.0778,0.4,0,-10.0
train,No Fit,0,0.0986,0.15,0,3.0
train,No Fit,0,0.3192,0.35,1,2.0
train,No Fit,0,0.1713,0.5,1,5.0
train,No Fit,0,0.1322,0.25,0,4.0
train,No Fit,0,0.1076,0.35,0,-7.0
train,No Fit,0,0.0949,0.3,-3,-10.0
train,No Fit,0,0.0719,0.05,1,-3.0
train,No Fit,0,0.1035,0.2,-2,2.0
train,No Fit,0,0.0521,0.3,-1,-5.0
train,No Fit,0,0.105,0.4,-1,0.0
train,No Fit,0,0.1053,0.3,0,0.0
train,No Fit,0,0.125,0.2,-1,0.0
train,No Fit,0,0.0606,0.35,0,5.0
train,No Fit,0,0.0324,0.25,0,6.0
train,No Fit,0,0.1807,0.5,0,4.0
train,No Fit,0,0.0642,0.1,0,0.0
train,No Fit,0,0.0293,0.3,0,11.0
train,No Fit,0,0.1839,0.35,0,14.0
train,No Fit,0,0.106,0.35,0,10.0
train,No Fit,0,0.1736,0.55,0,9.0
train,No Fit,0,0.2861,0.45,-1,-1.0
train,No Fit,0,0.0723,0.15,-1,5.0
train,No Fit,0,0.2418,0.65,1,0.0
train,No Fit,0,0.3399,0.7,1,10.0
train,No Fit,0,0.0243,0.1818,0,7.0
train,No Fit,0,0.0581,0.25,1,0.0
train,No Fit,0,0.0592,0.15,0,-2.0
train,No Fit,0,0.1001,0.35,0,3.0
train,No Fit,0,0.061,0.3,0,-3.0
train,No Fit,0,0.0584,0.2,0,0.0
train,No Fit,0,0.0865,0.35,-1,15.0
train,No Fit,0,0.0793,0.15,0,-10.0
train,No Fit,0,0.2468,0.3,0,3.0
train,No Fit,0,0.2215,0.55,1,7.0
train,No Fit,0,0.3955,0.6,0,3.0
train,No Fit,0,0.0873,0.3,0,9.0
train,No Fit,0,0.059,0.15,3,2.0
train,No Fit,0,0.0222,0.0909,-1,0.0
train,No Fit,0,0.046,0.2,-1,0.0
train,No Fit,0,0.1726,0.4,-3,-10.0
train,No Fit,0,0.1156,0.35,0,-2.0
train,No Fit,0,0.0894,0.25,2,10.0
train,No Fit,0,0.084,0.4,0,2.0
train,No Fit,0,0.0979,0.1,1,-10.0
train,No Fit,0,0.0517,0.3,0,-5.0
train,No Fit,0,0.1003,0.25,0,-5.0
train,No Fit,0,0.4324,0.45,-1,17.0
train,No Fit,0,0.0765,0.05,0,4.0
train,No Fit,0,0.112,0.25,-1,0.0
train,No Fit,0,0.0781,0.4,-1,2.0
train,No Fit,0,0.1009,0.15,0,-2.0
train,No Fit,0,0.0932,0.3,0,-7.0
train,No Fit,0,0.1026,0.4,1,5.0
train,No Fit,0,0.0346,0.2,0,2.0
train,No Fit,0,0.148,0.15,0,-5.0
train,No Fit,0,0.0368,0.05,0,11.0
train,No Fit,0,0.1241,0.35,1,-8.0
train,No Fit,0,0.0285,0.25,0,9.0
train,No Fit,0,0.2408,0.35,1,0.0
train,No Fit,0,0.0734,0.35,0,21.0
train,No Fit,0,0.0438,0.35,0,0.0
train,No Fit,0,0.521,0.75,0,7.0
train,No Fit,0,0.352,0.4,1,5.0
train,No Fit,0,0.0465,0.25,0,11.0
train,No Fit,0,0.1118,0.25,0,5.0
train,No Fit,0,0.1025,0.45,-1,0.0
train,No Fit,0,0.1646,0.45,-1,5.0
train,No Fit,0,0.1034,0.35,0,2.0
train,No Fit,0,0.0775,0.25,1,-5.0
train,No Fit,0,0.1438,0.2,-1,12.0
train,No Fit,0,0.1711,0.5,0,8.0
train,No Fit,0,0.0758,0.15,0,10.0
train,No Fit,0,0.2164,0.25,0,0.0
train,No Fit,0,0.1723,0.45,0,5.0
train,No Fit,0,0.1192,0.15,1,0.0
train,No Fit,0,0.0145,0.2143,-1,0.0
train,No Fit,0,0.1597,0.65,0,5.0
train,No Fit,0,0.0327,0.2,1,5.0
train,No Fit,0,0.2238,0.4,0,2.0
train,No Fit,0,0.1568,0.35,0,4.0
train,No Fit,0,0.0968,0.2,-2,12.0
train,No Fit,0,0.0921,0.4,0,11.0
train,No Fit,0,0.1466,0.4,0,-1.0
train,No Fit,0,0.0485,0.1429,0,0.0
train,No Fit,0,0.0805,0.5,1,-1.0
train,No Fit,0,0.1244,0.55,0,0.0
train,No Fit,0,0.3065,0.45,-1,20.0
train,No Fit,0,0.1378,0.7,0,6.0
train,No Fit,0,0.0381,0.25,0,0.0
train,No Fit,0,0.0852,0.15,0,11.0
train,No Fit,0,0.0917,0.15,0,10.0
train,No Fit,0,0.1362,0.35,0,0.0
train,No Fit,0,0.1305,0.35,0,0.0
train,No Fit,0,0.1197,0.25,1,-7.0
train,No Fit,0,0.0472,0.15,0,-5.0
train,No Fit,0,0.0961,0.2,-2,12.0
train,No Fit,0,0.1046,0.3,1,7.0
train,No Fit,0,0.083,0.3,0,-15.0
train,No Fit,0,0.249,0.45,-1,0.0
train,No Fit,0,0.0687,0.45,0,-7.0
train,No Fit,0,0.3734,0.35,-1,5.0
train,No Fit,0,0.0611,0.15,-1,-8.0
train,No Fit,0,0.176,0.6,-1,-5.0
train,No Fit,0,0.0609,0.1,0,4.0
train,No Fit,0,0.0821,0.35,0,0.0
train,No Fit,0,0.143,0.25,0,4.0
train,No Fit,0,0.0963,0.25,0,6.0
train,No Fit,0,0.1174,0.35,1,0.0
train,No Fit,0,0.1904,0.55,1,0.0
train,No Fit,0,0.124,0.35,-1,-10.0
train,No Fit,0,0.1582,0.4,0,2.0
train,No Fit,0,0.0453,0.2,-1,5.0
train,No Fit,0,0.1128,0.2,-1,-1.0
train,No Fit,0,0.0659,0.3,0,0.0
train,No Fit,0,0.0981,0.3,0,10.0
train,No Fit,0,0.3591,0.25,-1,9.0
train,No Fit,0,0.2752,0.4,0,2.0
train,No Fit,0,0.0922,0.3,3,11.0
train,No Fit,0,0.1009,0.3,-2,15.0
train,No Fit,0,0.0671,0.25,0,12.0
train,No Fit,0,0.1344,0.6,-1,-5.0
train,No Fit,0,0.4004,0.6,1,-1.0
train,No Fit,0,0.0912,0.2,-2,0.0
train,No Fit,0,0.0789,0.2,0,-3.0
train,No Fit,0,0.1105,0.3,-1,-4.0
train,No Fit,0,0.5018,0.7,1,-1.0
train,No Fit,0,0.1795,0.5,1,0.0
train,No Fit,0,0.1169,0.35,0,6.0
train,No Fit,0,0.1413,0.5,0,13.0
train,No Fit,0,0.1469,0.35,-1,-2.0
train,No Fit,0,0.0495,0.2,0,2.0
train,No Fit,0,0.0716,0.1,0,8.0
train,No Fit,0,0.0593,0.1,-2,14.0
train,No Fit,0,0.1843,0.5,-1,0.0
train,No Fit,0,0.0678,0.35,1,-2.0
train,No Fit,0,0.0411,0.05,2,-2.0
train,No Fit,0,0.1145,0.25,1,0.0
train,No Fit,0,0.0483,0.2,0,-5.0
train,No Fit,0,0.1181,0.15,-1,0.0
train,No Fit,0,0.0747,0.05,1,1.0
train,No Fit,0,0.0675,0.05,0,0.0
train,No Fit,0,0.1031,0.35,0,22.0
train,No Fit,0,0.1487,0.35,0,-2.0
train,No Fit,0,0.0265,0.25,1,0.0
train,No Fit,0,0.0971,0.15,-2,14.0
train,No Fit,0,0.0288,0.3636,1,11.0
train,No Fit,0,0.0271,0.2143,-1,5.0
train,No Fit,0,0.1008,0.25,-1,-4.0
train,No Fit,0,0.0599,0.2308,0,0.0
train,No Fit,0,0.1388,0.35,0,-6.0
train,No Fit,0,0.1315,0.35,0,-2.0
train,No Fit,0,0.1407,0.35,0,9.0
train,No Fit,0,0.3508,0.3,-1,24.0
train,No Fit,0,0.0749,0.35,0,0.0
train,No Fit,0,0.0649,0.35,1,1.0
train,No Fit,0,0.1006,0.4,0,5.0
train,No Fit,0,0.1575,0.5,2,-5.0
train,No Fit,0,0.1337,0.5,1,0.0
train,No Fit,0,0.0761,0.25,0,3.0
train,No Fit,0,0.0795,0.15,-1,17.0
train,No Fit,0,0.3489,0.3,-1,-2.0
train,No Fit,0,0.1755,0.3,0,0.0
train,No Fit,0,0.0715,0.45,0,-8.0
train,No Fit,0,0.0577,0.2,0,0.0
train,No Fit,0,0.0429,0.15,1,5.0
train,No Fit,0,0.1221,0.3684,1,5.0
train,No Fit,0,0.022,0.15,0,3.0
train,No Fit,0,0.2258,0.45,-3,2.0
train,No Fit,0,0.0631,0.25,0,12.0
train,No Fit,0,0.1376,0.1,-1,-2.0
train,No Fit,0,0.1516,0.2,0,0.0
train,No Fit,0,0.125,0.35,-1,-10.0
train,No Fit,0,0.3086,0.7,0,-1.0
train,No Fit,0,0.0759,0.35,0,0.0
train,No Fit,0,0.0865,0.35,-1,-5.0
train,No Fit,0,0.1258,0.45,1,1.0
train,No Fit,0,0.1629,0.1,-1,-5.0
train,No Fit,0,0.3137,0.45,-1,9.0
train,No Fit,0,0.1233,0.45,0,8.0
train,No Fit,0,0.0445,0.1,0,0.0
train,No Fit,0,0.0958,0.2,-2,2.0
train,No Fit,0,0.159,0.35,1,-1.0
train,No Fit,0,0.0645,0.3333,1,0.0
train,No Fit,0,0.0388,0.25,0,14.0
train,No Fit,0,0.1895,0.35,1,4.0
train,No Fit,0,0.058,0.1,0,0.0
train,No Fit,0,0.2008,0.15,1,6.0
train,No Fit,0,0.1044,0.25,-1,0.0
train,No Fit,0,0.1783,0.4,-2,-5.0
train,No Fit,0,0.1099,0.3,0,21.0
train,No Fit,0,0.0786,0.1,0,0.0
train,No Fit,0,0.0532,0.25,-1,5.0
train,No Fit,0,0.1489,0.25,1,-3.0
train,No Fit,0,0.2458,0.65,0,2.0
train,No Fit,0,0.0865,0.25,0,0.0
train,No Fit,0,0.0475,0.05,0,12.0
train,No Fit,0,0.1737,0.55,1,0.0
train,No Fit,0,0.0964,0.6,1,-6.0
train,No Fit,0,0.0837,0.5,1,9.0
train,No Fit,0,0.0706,0.1,-1,11.0
train,No Fit,0,0.1378,0.15,0,0.0
train,No Fit,0,0.0822,0.15,0,7.0
train,No Fit,0,0.0152,0.0909,1,12.0
train,No Fit,0,0.091,0.45,-1,5.0
train,No Fit,0,0.0535,0.25,0,1.0
train,No Fit,0,0.0678,0.2143,2,8.0
train,No Fit,0,0.0952,0.2,0,18.0
train,No Fit,0,0.1153,0.6,1,0.0
train,No Fit,0,0.1657,0.3,0,8.0
train,No Fit,0,0.1088,0.45,0,0.0
train,No Fit,0,0.0818,0.1,0,2.0
train,No Fit,0,0.1339,0.25,0,9.0
train,No Fit,0,0.0587,0.25,0,-8.0
train,No Fit,0,0.5326,0.6,0,0.0
train,No Fit,0,0.073,0.05,-1,0.0
train,No Fit,0,0.0833,0.25,0,-2.0
train,No Fit,0,0.1679,0.45,0,6.0
train,No Fit,0,0.067,0.25,0,-5.0
train,No Fit,0,0.1374,0.5,-1,-8.0
train,No Fit,0,0.119,0.25,-1,-3.0
train,No Fit,0,0.13,0.15,0,0.0
train,No Fit,0,0.1504,0.45,0,2.0
train,No Fit,0,0.0699,0.35,1,7.0
train,No Fit,0,0.0895,0.4,0,-5.0
train,No Fit,0,0.0607,0.2,0,-1.0
train,No Fit,0,0.044,0.35,0,0.0
train,No Fit,0,0.0811,0.2,-1,0.0
train,No Fit,0,0.0702,0.45,0,-15.0
train,No Fit,0,0.0765,0.4,-1,0.0
train,No Fit,0,0.104,0.2,0,0.0
train,No Fit,0,0.1166,0.35,1,-5.0
train,No Fit,0,0.1172,0.35,0,15.0
train,No Fit,0,0.0741,0.2,0,11.0
train,No Fit,0,0.1416,0.25,0,9.0
train,No Fit,0,0.0974,0.55,-1,5.0
train,No Fit,0,0.0238,0.0833,0,3.0
train,No Fit,0,0.0837,0.2,0,10.0
train,No Fit,0,0.0972,0.25,0,-6.0
train,No Fit,0,0.0901,0.45,-1,0.0
train,No Fit,0,0.0728,0.15,-1,11.0
train,No Fit,0,0.0566,0.2,1,2.0
train,No Fit,0,0.2549,0.55,0,4.0
train,No Fit,0,0.248,0.6,0,0.0
train,No Fit,0,0.1532,0.35,0,4.0
train,No Fit,0,0.2594,0.4,-1,17.0
train,No Fit,0,0.1692,0.7,0,-10.0
train,No Fit,0,0.0562,0.3,0,9.0
train,No Fit,0,0.359,0.3,0,0.0
train,No Fit,0,0.0947,0.2,-1,0.0
train,No Fit,0,0.0277,0.1,1,29.0
train,No Fit,0,0.1568,0.7,-1,-10.0
train,No Fit,0,0.2653,0.3,-1,12.0
train,No Fit,0,0.0755,0.15,-1,-3.0
train,No Fit,0,0.1407,0.35,-1,7.0
train,No Fit,0,0.2041,0.6,1,0.0
train,No Fit,0,0.3404,0.25,0,6.0
train,No Fit,0,0.036,0.35,0,0.0
train,No Fit,0,0.1439,0.35,0,8.0
train,No Fit,0,0.1129,0.1053,0,10.0
train,No Fit,0,0.0906,0.35,0,-5.0
train,No Fit,0,0.0599,0.2,-2,15.0
train,No Fit,0,0.1142,0.45,-1,0.0
train,No Fit,0,0.0924,0.4,1,0.0
train,No Fit,0,0.1383,0.15,1,-10.0
train,No Fit,0,0.0962,0.25,0,3.0
train,No Fit,0,0.0813,0.2,0,8.0
train,No Fit,0,0.0662,0.25,-1,-8.0
train,No Fit,0,0.0514,0.2,2,11.0
train,No Fit,0,0.1171,0.3,0,11.0
train,No Fit,0,0.0972,0.15,-1,-10.0
train,No Fit,0,0.2903,0.45,0,4.0
train,No Fit,0,0.0912,0.25,0,-1.0
train,No Fit,0,0.0894,0.05,1,6.0
train,No Fit,0,0.025,0.2,1,7.0
train,No Fit,0,0.1221,0.3,1,7.0
train,No Fit,0,0.1311,0.3,0,0.0
train,No Fit,0,0.0567,0.1818,-2,0.0
train,No Fit,0,0.0415,0.15,0,2.0
train,No Fit,0,0.0562,0.15,0,10.0
train,No Fit,0,0.2496,0.5789,0,5.0
train,No Fit,0,0.1074,0.5385,0,0.0
train,No Fit,0,0.1008,0.5,1,-10.0
train,No Fit,0,0.1382,0.45,1,4.0
train,No Fit,0,0.074,0.3,0,0.0
train,No Fit,0,0.0562,0.15,0,0.0
train,No Fit,0,0.3155,0.3,0,0.0
train,No Fit,0,0.1024,0.5,0,0.0
train,No Fit,0,0.0955,0.4,1,0.0
train,No Fit,0,0.5291,0.6,0,-4.0
train,No Fit,0,0.2355,0.55,0,9.0
train,No Fit,0,0.0547,0.15,-2,0.0
train,No Fit,0,0.0654,0.1,0,-8.0
train,No Fit,0,0.1754,0.55,0,21.0
train,No Fit,0,0.1027,0.4,-2,-5.0
train,No Fit,0,0.1165,0.55,0,7.0
train,No Fit,0,0.0613,0.15,1,0.0
train,No Fit,0,0.0604,0.1,-1,-10.0
train,No Fit,0,0.1899,0.35,-1,5.0
train,No Fit,0,0.1107,0.2,0,-3.0
train,No Fit,0,0.0843,0.05,0,-3.0
train,No Fit,0,0.1979,0.6429,0,0.0
train,No Fit,0,0.0683,0.65,0,-3.0
train,No Fit,0,0.1307,0.55,0,8.0
train,No Fit,0,0.048,0.1,0,-5.0
train,No Fit,0,0.1146,0.45,2,12.0
train,No Fit,0,0.2055,0.4,0,2.0
train,No Fit,0,0.1496,0.15,0,-4.0
train,No Fit,0,0.0404,0.3077,0,0.0
train,No Fit,0,0.0296,0.25,0,12.0
train,No Fit,0,0.0997,0.35,0,9.0
train,No Fit,0,0.0413,0.0,0,10.0
train,No Fit,0,0.2137,0.25,-1,-8.0
train,No Fit,0,0.0773,0.25,0,11.0
train,No Fit,0,0.0862,0.1,0,0.0
train,No Fit,0,0.039,0.35,-3,-1.0
train,No Fit,0,0.0375,0.3636,0,0.0
train,No Fit,0,0.1381,0.35,0,6.0
train,No Fit,0,0.0436,0.3,-1,0.0
train,No Fit,0,0.0622,0.25,0,4.0
train,No Fit,0,0.0545,0.1818,0,25.0
train,No Fit,0,0.0674,0.15,-1,12.0
train,No Fit,0,0.1333,0.4,0,-5.0
train,No Fit,0,0.1766,0.15,-1,1.0
train,No Fit,0,0.1495,0.45,0,14.0
train,No Fit,0,0.067,0.05,0,3.0
train,No Fit,0,0.0801,0.4211,0,10.0
train,No Fit,0,0.215,0.15,1,0.0
train,No Fit,0,0.1802,0.5,0,0.0
train,No Fit,0,0.1439,0.25,0,0.0
train,No Fit,0,0.2478,0.4,0,1.0
train,No Fit,0,0.2372,0.3,-1,0.0
train,No Fit,0,0.174,0.3,-1,-2.0
train,No Fit,0,0.32,0.4,0,4.0
train,No Fit,0,0.1232,0.4,0,2.0
train,No Fit,0,0.0268,0.25,0,6.0
train,No Fit,0,0.2726,0.4,1,7.0
train,No Fit,0,0.0657,0.15,0,-1.0
train,No Fit,0,0.1562,0.3,-1,12.0
train,No Fit,0,0.0971,0.35,-1,2.0
train,No Fit,0,0.0336,0.15,0,22.0
train,No Fit,0,0.0898,0.35,1,9.0
train,No Fit,0,0.4733,0.45,0,7.0
train,No Fit,0,0.1245,0.2,0,12.0
train,No Fit,0,0.0591,0.05,0,3.0
train,No Fit,0,0.0454,0.1,0,16.0
train,No Fit,0,0.0321,0.1,0,12.0
train,No Fit,0,0.1368,0.15,0,0.0
train,No Fit,0,0.0699,0.3,0,0.0
train,No Fit,0,0.1004,0.4,1,6.0
train,No Fit,0,0.0494,0.25,1,-1.0
train,No Fit,0,0.0945,0.25,0,-10.0
train,No Fit,0,0.0984,0.3,-1,0.0
train,No Fit,0,0.1752,0.4,-1,-5.0
train,No Fit,0,0.0489,0.1,-2,-5.0
train,No Fit,0,0.0616,0.3,-2,15.0
train,No Fit,0,0.0739,0.25,0,6.0
train,No Fit,0,0.4894,0.5,-1,4.0
train,No Fit,0,0.2428,0.55,0,10.0
train,No Fit,0,0.0908,0.2,-1,17.0
train,No Fit,0,0.0411,0.25,1,0.0
train,No Fit,0,0.1518,0.45,0,0.0
train,No Fit,0,0.1301,0.3,1,9.0
train,No Fit,0,0.1444,0.45,0,5.0
train,No Fit,0,0.1169,0.55,0,1.0
train,No Fit,0,0.0669,0.2,-1,-10.0
train,No Fit,0,0.0377,0.05,0,5.0
train,No Fit,0,0.0496,0.1818,-1,17.0
train,No Fit,0,0.0395,0.25,-1,5.0
train,No Fit,0,0.0438,0.25,-1,1.0
train,No Fit,0,0.1971,0.55,0,5.0
train,No Fit,0,0.0596,0.35,0,9.0
train,No Fit,0,0.1516,0.25,0,0.0
train,No Fit,0,0.0883,0.45,0,-6.0
train,No Fit,0,0.0683,0.7,0,-2.0
train,No Fit,0,0.1066,0.25,0,8.0
train,No Fit,0,0.1584,0.2,1,4.0
train,No Fit,0,0.082,0.2,-1,0.0
train,No Fit,0,0.1312,0.4,0,12.0
train,No Fit,0,0.1682,0.55,0,-3.0
train,No Fit,0,0.0933,0.55,0,11.0
train,No Fit,0,0.1295,0.4,1,-2.0
train,No Fit,0,0.0412,0.3,1,0.0
train,No Fit,0,0.1728,0.35,-1,-10.0
train,No Fit,0,0.2598,0.3,0,5.0
train,No Fit,0,0.043,0.0909,0,10.0
train,No Fit,0,0.1149,0.45,2,12.0
train,No Fit,0,0.0232,0.15,0,0.0
train,No Fit,0,0.0781,0.0714,0,10.0
train,No Fit,0,0.0984,0.3,0,0.0
train,No Fit,0,0.0622,0.1,1,0.0
train,No Fit,0,0.1333,0.4,0,0.0
train,No Fit,0,0.1354,0.4,0,-3.0
train,No Fit,0,0.2413,0.25,-1,0.0
train,No Fit,0,0.0869,0.25,3,0.0
train,No Fit,0,0.2104,0.3,0,-4.0
train,No Fit,0,0.1068,0.4,-2,-5.0
train,No Fit,0,0.0323,0.1,0,12.0
train,No Fit,0,0.2977,0.45,-1,0.0
train,No Fit,0,0.0674,0.1,-3,-10.0
train,No Fit,0,0.1618,0.35,0,6.0
train,No Fit,0,0.0927,0.15,-2,5.0
train,No Fit,0,0.1461,0.25,-1,0.0
train,No Fit,0,0.0904,0.3,0,2.0
train,No Fit,0,0.0415,0.2,1,-5.0
train,No Fit,0,0.1065,0.5714,1,0.0
train,No Fit,0,0.0799,0.5,1,0.0
train,No Fit,0,0.221,0.45,-2,5.0
train,No Fit,0,0.4569,0.5,0,-8.0
train,No Fit,0,0.1101,0.4,0,-5.0
train,No Fit,0,0.0359,0.45,0,8.0
train,No Fit,0,0.2316,0.7,0,-5.0
train,No Fit,0,0.2475,0.65,-2,5.0
train,No Fit,0,0.0763,0.2,0,0.0
train,No Fit,0,0.06,0.1,-1,-8.0
train,No Fit,0,0.0852,0.35,2,2.0
train,No Fit,0,0.0895,0.2,1,0.0
train,No Fit,0,0.066,0.3,1,0.0
train,No Fit,0,0.2253,0.4,1,0.0
train,No Fit,0,0.2155,0.6,-1,-10.0
train,No Fit,0,0.1319,0.45,0,-4.0
train,No Fit,0,0.1188,0.35,0,0.0
train,No Fit,0,0.0216,0.0,-2,-5.0
train,No Fit,0,0.1055,0.45,-1,5.0
train,No Fit,0,0.1193,0.2,1,-10.0
train,No Fit,0,0.0541,0.2,-1,0.0
train,No Fit,0,0.1182,0.5,0,-8.0
train,No Fit,0,0.126,0.2,0,3.0
train,No Fit,0,0.2198,0.5263,1,5.0
train,No Fit,0,0.0558,0.3,0,10.0
train,No Fit,0,0.0625,0.35,0,0.0
train,No Fit,0,0.1974,0.4,0,9.0
train,No Fit,0,0.0704,0.25,0,12.0
train,No Fit,0,0.043,0.15,0,7.0
train,No Fit,0,0.0361,0.2727,0,0.0
train,No Fit,0,0.04,0.2,0,0.0
train,No Fit,0,0.1053,0.5,-1,0.0
train,No Fit,0,0.0912,0.1,-1,-10.0
train,No Fit,0,0.1139,0.45,0,-2.0
train,No Fit,0,0.0796,0.4,0,-5.0
train,No Fit,0,0.0665,0.2143,-1,0.0
train,No Fit,0,0.1047,0.3,-3,0.0
train,No Fit,0,0.0952,0.2,0,-5.0
train,No Fit,0,0.3211,0.3,0,0.0
train,No Fit,0,0.1264,0.2,0,0.0
train,No Fit,0,0.5616,0.8,0,5.0
train,No Fit,0,0.1295,0.25,0,5.0
train,No Fit,0,0.0294,0.2,1,0.0
train,No Fit,0,0.1958,0.25,1,5.0
train,No Fit,0,0.1552,0.35,1,-3.0
train,No Fit,0,0.0631,0.25,-1,-5.0
train,No Fit,0,0.0592,0.25,0,-8.0
train,No Fit,0,0.0673,0.4,0,-7.0
train,No Fit,0,0.1751,0.5,0,0.0
train,No Fit,0,0.0548,0.2143,0,8.0
train,No Fit,0,0.167,0.5714,1,5.0
train,No Fit,0,0.0856,0.45,-2,-1.0
train,No Fit,0,0.2239,0.25,-1,0.0
train,No Fit,0,0.2396,0.6,0,0.0
train,No Fit,0,0.0684,0.3,2,14.0
train,No Fit,0,0.0811,0.3,1,5.0
train,No Fit,0,0.144,0.3,-1,0.0
train,No Fit,0,0.0829,0.2,0,13.0
train,No Fit,0,0.1228,0.15,1,-1.0
train,No Fit,0,0.082,0.15,1,-3.0
train,No Fit,0,0.0879,0.25,0,-5.0
train,No Fit,0,0.1325,0.5,0,4.0
train,No Fit,0,0.0845,0.1,0,-10.0
train,No Fit,0,0.0246,0.25,0,11.0
train,No Fit,0,0.092,0.2,0,-6.0
train,No Fit,0,0.057,0.25,0,2.0
train,No Fit,0,0.065,0.4545,1,4.0
train,No Fit,0,0.1175,0.35,-1,0.0
train,No Fit,0,0.0464,0.2,0,0.0
train,No Fit,0,0.1688,0.4,0,21.0
train,No Fit,0,0.1326,0.25,-1,-4.0
train,No Fit,0,0.2844,0.375,0,5.0
train,No Fit,0,0.0269,0.05,-1,0.0
train,No Fit,0,0.1025,0.15,0,-10.0
train,No Fit,0,0.0755,0.2,-1,-2.0
train,No Fit,0,0.0555,0.2,0,11.0
train,No Fit,0,0.4422,0.6,-1,5.0
train,No Fit,0,0.0826,0.25,0,5.0
train,No Fit,0,0.0452,0.1579,-1,5.0
train,No Fit,0,0.1127,0.3,0,10.0
train,No Fit,0,0.0598,0.15,-1,0.0
train,No Fit,0,0.0697,0.35,0,-7.0
train,No Fit,0,0.0576,0.15,0,-1.0
train,No Fit,0,0.1179,0.4,1,9.0
train,No Fit,0,0.0746,0.45,0,8.0
train,No Fit,0,0.1894,0.4,-1,0.0
train,No Fit,0,0.1435,0.25,-1,-5.0
train,No Fit,0,0.0514,0.15,0,-8.0
train,No Fit,0,0.0804,0.1,0,1.0
train,No Fit,0,0.0865,0.25,0,-2.0
train,No Fit,0,0.1359,0.35,0,10.0
train,No Fit,0,0.0469,0.35,0,9.0
train,No Fit,0,0.027,0.25,-2,-3.0
train,No Fit,0,0.0684,0.3,0,0.0
train,No Fit,0,0.0741,0.15,0,3.0
train,No Fit,0,0.0521,0.3636,0,4.0
train,No Fit,0,0.0902,0.45,1,7.0
train,No Fit,0,0.0278,0.15,0,8.0
train,No Fit,0,0.0979,0.25,-1,20.0
train,No Fit,0,0.0257,0.1,0,12.0
train,No Fit,0,0.0716,0.1,0,0.0
train,No Fit,0,0.1831,0.35,-1,0.0
train,No Fit,0,0.0461,0.2,1,4.0
train,No Fit,0,0.0681,0.35,0,0.0
train,No Fit,0,0.04,0.1,-1,-5.0
train,No Fit,0,0.0973,0.55,0,-3.0
train,No Fit,0,0.1317,0.1,-1,-5.0
train,No Fit,0,0.097,0.25,0,-10.0
train,No Fit,0,0.1357,0.25,-1,0.0
train,No Fit,0,0.0317,0.05,-1,-1.0
train,No Fit,0,0.036,0.2,0,21.0
train,No Fit,0,0.0404,0.2,0,6.0
train,No Fit,0,0.1407,0.3,-1,12.0
train,No Fit,0,0.0228,0.2,0,8.0
train,No Fit,0,0.2088,0.5,0,2.0
train,No Fit,0,0.1646,0.25,1,0.0
train,No Fit,0,0.0988,0.25,-1,17.0
train,No Fit,0,0.1392,0.5,-1,17.0
train,No Fit,0,0.1022,0.6,0,-9.0
train,No Fit,0,0.0991,0.1,0,5.0
train,No Fit,0,0.0286,0.05,2,0.0
train,No Fit,0,0.1875,0.7143,0,5.0
train,No Fit,0,0.067,0.25,-1,0.0
train,No Fit,0,0.12,0.5,1,7.0
train,No Fit,0,0.0775,0.2,0,-6.0
train,No Fit,0,0.0912,0.25,-1,0.0
train,No Fit,0,0.0651,0.25,-1,-7.0
train,No Fit,0,0.1574,0.45,0,10.0
train,No Fit,0,0.5405,0.55,-1,5.0
train,No Fit,0,0.0196,0.15,1,5.0
train,No Fit,0,0.0132,0.0909,-1,5.0
train,No Fit,0,0.1082,0.45,0,-7.0
train,No Fit,0,0.0753,0.1,0,-8.0
train,No Fit,0,0.1077,0.6,0,-15.0
train,No Fit,0,0.1218,0.35,0,0.0
train,No Fit,0,0.2518,0.35,0,15.0
train,No Fit,0,0.1149,0.35,0,0.0
train,No Fit,0,0.1,0.3,2,7.0
train,No Fit,0,0.0794,0.2,0,12.0
train,No Fit,0,0.1686,0.45,0,7.0
train,No Fit,0,0.5949,0.55,-1,5.0
train,No Fit,0,0.0731,0.25,-1,0.0
train,No Fit,0,0.1382,0.5,1,4.0
train,No Fit,0,0.0657,0.3,0,0.0
train,No Fit,0,0.2936,0.35,1,-3.0
train,No Fit,0,0.0589,0.35,0,4.0
train,No Fit,0,0.1386,0.3,0,4.0
train,No Fit,0,0.1394,0.4286,0,0.0
train,No Fit,0,0.1577,0.35,-2,0.0
train,No Fit,0,0.1342,0.25,-1,5.0
train,No Fit,0,0.0184,0.1,-1,5.0
train,No Fit,0,0.1332,0.3,-1,12.0
train,No Fit,0,0.0349,0.2,-1,0.0
train,No Fit,0,0.0446,0.2,1,0.0
train,No Fit,0,0.0493,0.05,0,-6.0
train,No Fit,0,0.108,0.4,-1,0.0
train,No Fit,0,0.0619,0.0,-1,0.0
train,No Fit,0,0.035,0.25,0,4.0
train,No Fit,0,0.0266,0.25,0,0.0
train,No Fit,0,0.2623,0.6,0,6.0
train,No Fit,0,0.0842,0.25,1,5.0
train,No Fit,0,0.1912,0.5,-1,-5.0
train,No Fit,0,0.2593,0.4,-1,0.0
train,No Fit,0,0.3163,0.15,1,6.0
train,No Fit,0,0.0856,0.45,-1,-3.0
train,No Fit,0,0.0422,0.1,0,-5.0
train,No Fit,0,0.1302,0.4,0,-10.0
train,No Fit,0,0.0807,0.15,0,7.0
train,No Fit,0,0.0688,0.45,0,0.0
train,No Fit,0,0.1673,0.4,1,-1.0
train,No Fit,0,0.3899,0.5,0,5.0
train,No Fit,0,0.1237,0.25,0,8.0
train,No Fit,0,0.1283,0.15,0,9.0
train,No Fit,0,0.0599,0.2,-2,4.0
train,No Fit,0,0.0925,0.25,2,4.0
train,No Fit,0,0.0568,0.25,1,-15.0
train,No Fit,0,0.216,0.5,1,0.0
train,No Fit,0,0.0894,0.3,0,0.0
train,No Fit,0,0.0597,0.1,1,-10.0
train,No Fit,0,0.0369,0.1,0,10.0
train,No Fit,0,0.0522,0.15,0,11.0
train,No Fit,0,0.08,0.3,0,-15.0
train,No Fit,0,0.0791,0.2,-1,-1.0
train,No Fit,0,0.023,0.0,-1,0.0
train,No Fit,0,0.0838,0.35,0,3.0
train,No Fit,0,0.0802,0.25,-1,17.0
train,No Fit,0,0.0874,0.4,-1,-10.0
train,No Fit,0,0.1099,0.2,0,-10.0
train,No Fit,0,0.0347,0.2,0,0.0
train,No Fit,0,0.1257,0.35,-1,0.0
train,No Fit,0,0.1631,0.5,-2,-5.0
train,No Fit,0,0.0871,0.2,-1,0.0
train,No Fit,0,0.1237,0.35,-1,17.0
train,No Fit,0,0.1273,0.35,-2,-5.0
train,No Fit,0,0.0679,0.5,0,8.0
train,No Fit,0,0.0559,0.15,0,0.0
train,No Fit,0,0.1085,0.15,0,-10.0
train,No Fit,0,0.0806,0.4,0,-15.0
train,No Fit,0,0.0529,0.25,0,0.0
train,No Fit,0,0.0702,0.3,0,5.0
train,No Fit,0,0.0798,0.2,0,-6.0
train,No Fit,0,0.0669,0.2,-1,-1.0
train,No Fit,0,0.2349,0.45,-1,2.0
train,No Fit,0,0.1016,0.4,0,-11.0
train,No Fit,0,0.0139,0.2778,0,0.0
train,No Fit,0,0.1166,0.5,0,5.0
train,No Fit,0,0.1134,0.35,0,4.0
train,No Fit,0,0.1483,0.2,1,3.0
train,No Fit,0,0.282,0.35,0,-5.0
train,No Fit,0,0.1005,0.25,-2,-10.0
train,No Fit,0,0.0545,0.15,0,3.0
train,No Fit,0,0.1453,0.4,0,10.0
train,No Fit,0,0.0991,0.3,0,10.0
train,No Fit,0,0.1662,0.4,0,-5.0
train,No Fit,0,0.0604,0.2,0,0.0
train,No Fit,0,0.2371,0.4,0,5.0
train,No Fit,0,0.221,0.7143,0,15.0
train,No Fit,0,0.0599,0.4,1,-2.0
train,No Fit,0,0.0329,0.15,0,0.0
train,No Fit,0,0.0618,0.3,-1,0.0
train,No Fit,0,0.1181,0.35,1,0.0
train,No Fit,0,0.129,0.35,0,-3.0
train,No Fit,0,0.1508,0.4,-1,-5.0
train,No Fit,0,0.0883,0.25,0,-5.0
train,No Fit,0,0.0619,0.25,0,0.0
train,No Fit,0,0.054,0.15,0,0.0
train,No Fit,0,0.0672,0.15,-1,-5.0
train,No Fit,0,0.0527,0.2,-1,0.0
train,No Fit,0,0.0984,0.3636,0,0.0
train,No Fit,0,0.2454,0.55,-2,0.0
train,No Fit,0,0.0979,0.5,-1,3.0
train,No Fit,0,0.0685,0.3,2,11.0
train,No Fit,0,0.0685,0.3,0,-5.0
train,No Fit,0,0.1688,0.45,-1,3.0
train,No Fit,0,0.087,0.45,0,-3.0
train,No Fit,0,0.0753,0.15,1,-1.0
train,No Fit,0,0.0844,0.5,-1,7.0
train,No Fit,0,0.2925,0.55,1,7.0
train,No Fit,0,0.1275,0.4,1,2.0
train,No Fit,0,0.2047,0.35,0,5.0
train,No Fit,0,0.099,0.3,0,12.0
train,No Fit,0,0.1003,0.35,0,0.0
train,No Fit,0,0.0762,0.25,0,12.0
train,No Fit,0,0.0804,0.2,-2,0.0
train,No Fit,0,0.0772,0.15,-1,-6.0
train,No Fit,0,0.0677,0.3,-1,8.0
train,No Fit,0,0.1372,0.3,0,3.0
train,No Fit,0,0.1148,0.4,0,0.0
train,No Fit,0,0.1216,0.5,0,0.0
train,No Fit,0,0.1314,0.25,0,-1.0
train,No Fit,0,0.1214,0.35,-1,-5.0
train,No Fit,0,0.0324,0.1,0,-5.0
train,No Fit,0,0.0591,0.4,-1,-3.0
train,No Fit,0,0.1986,0.3158,1,6.0
train,No Fit,0,0.4451,0.45,0,-2.0
train,No Fit,0,0.1278,0.3,-1,0.0
train,No Fit,0,0.0289,0.2727,0,10.0
train,No Fit,0,0.0475,0.15,0,-3.0
train,No Fit,0,0.0629,0.35,0,0.0
train,No Fit,0,0.1251,0.5,1,-5.0
train,No Fit,0,0.0743,0.1,0,1.0
train,No Fit,0,0.0738,0.15,0,15.0
train,No Fit,0,0.1272,0.45,0,0.0
train,No Fit,0,0.1457,0.4,0,0.0
train,No Fit,0,0.0965,0.45,0,-5.0
train,No Fit,0,0.1159,0.25,0,0.0
train,No Fit,0,0.2901,0.45,1,6.0
train,No Fit,0,0.1009,0.2,-2,5.0
train,No Fit,0,0.0485,0.1,-1,12.0
train,No Fit,0,0.0932,0.25,0,5.0
train,No Fit,0,0.1161,0.35,-1,4.0
train,No Fit,0,0.1158,0.45,0,-14.0
train,No Fit,0,0.172,0.2,2,0.0
train,No Fit,0,0.0319,0.1,1,6.0
train,No Fit,0,0.1167,0.3,1,7.0
train,No Fit,0,0.1526,0.4,0,10.0
train,No Fit,0,0.132,0.45,1,0.0
train,No Fit,0,0.0471,0.25,1,10.0
train,No Fit,0,0.163,0.3,-1,0.0
train,No Fit,0,0.0949,0.25,0,-8.0
train,No Fit,0,0.0512,0.0,0,-5.0
train,No Fit,0,0.1335,0.25,0,0.0
train,No Fit,0,0.072,0.15,-2,-6.0
train,No Fit,0,0.0404,0.1,2,0.0
train,No Fit,0,0.2087,0.25,0,9.0
train,No Fit,0,0.1836,0.4,0,5.0
train,No Fit,0,0.0974,0.3,0,0.0
train,No Fit,0,0.055,0.15,0,16.0
train,No Fit,0,0.104,0.35,2,8.0
train,No Fit,0,0.0612,0.25,0,4.0
train,No Fit,0,0.1855,0.5,-1,10.0
train,No Fit,0,0.1099,0.35,0,-15.0
train,No Fit,0,0.0779,0.15,0,0.0
train,No Fit,0,0.219,0.55,1,7.0
train,No Fit,0,0.0705,0.2,0,0.0
train,No Fit,0,0.0935,0.6,0,0.0
train,No Fit,0,0.1872,0.5,0,8.0
train,No Fit,0,0.0859,0.3,-1,0.0
train,No Fit,0,0.0929,0.1,0,4.0
train,No Fit,0,0.1289,0.4,0,18.0
train,No Fit,0,0.024,0.2,0,0.0
train,No Fit,0,0.1225,0.3,-1,7.0
train,No Fit,0,0.0812,0.3,1,8.0
train,No Fit,0,0.128,0.55,1,-4.0
train,No Fit,0,0.2406,0.6,0,6.0
train,No Fit,0,0.1616,0.35,-2,-5.0
train,No Fit,0,0.0875,0.45,0,5.0
train,No Fit,0,0.0808,0.2,0,0.0
train,No Fit,0,0.0709,0.45,0,-3.0
train,No Fit,0,0.0845,0.2,0,-2.0
train,No Fit,0,0.1619,0.25,0,12.0
train,No Fit,0,0.0379,0.2,0,8.0
train,No Fit,0,0.1209,0.4,0,0.0
train,No Fit,0,0.0853,0.3,0,0.0
train,No Fit,0,0.2493,0.4,0,0.0
train,No Fit,0,0.0288,0.15,1,11.0
train,No Fit,0,0.1789,0.35,-1,-5.0
train,No Fit,0,0.0535,0.25,1,5.0
train,No Fit,0,0.2718,0.6,0,4.0
train,No Fit,0,0.0215,0.05,0,0.0
train,No Fit,0,0.0817,0.55,1,2.0
train,No Fit,0,0.0567,0.15,-1,-8.0
train,No Fit,0,0.0589,0.3,2,13.0
train,No Fit,0,0.0535,0.35,0,0.0
train,No Fit,0,0.0447,0.2727,1,6.0
train,No Fit,0,0.14,0.35,0,5.0
train,No Fit,0,0.1981,0.3158,0,6.0
train,No Fit,0,0.2304,0.4,0,0.0
train,No Fit,0,0.0617,0.15,0,4.0
train,No Fit,0,0.0987,0.4,0,0.0
train,No Fit,0,0.182,0.35,1,-3.0
train,No Fit,0,0.0498,0.3,0,0.0
train,No Fit,0,0.1235,0.35,0,-5.0
train,No Fit,0,0.0745,0.15,0,0.0
train,No Fit,0,0.0428,0.1,0,3.0
train,No Fit,0,0.1019,0.4,0,1.0
train,No Fit,0,0.2093,0.5,-2,5.0
train,No Fit,0,0.1154,0.15,-2,0.0
train,No Fit,0,0.3545,0.2,-1,5.0
train,No Fit,0,0.1673,0.35,0,4.0
train,No Fit,0,0.0365,0.3,1,-5.0
train,No Fit,0,0.0612,0.2727,0,0.0
train,No Fit,0,0.0817,0.05,0,-8.0
train,No Fit,0,0.1381,0.4,-1,8.0
train,No Fit,0,0.4458,0.25,0,4.0
train,No Fit,0,0.1094,0.5,-1,5.0
train,No Fit,0,0.051,0.2,-1,6.0
train,No Fit,0,0.0897,0.2,0,4.0
train,No Fit,0,0.2071,0.55,0,-10.0
train,No Fit,0,0.1728,0.5,0,0.0
train,No Fit,0,0.0345,0.25,1,0.0
train,No Fit,0,0.0135,0.0,0,0.0
train,No Fit,0,0.1425,0.4,0,0.0
train,No Fit,0,0.1516,0.35,0,0.0
train,No Fit,0,0.1508,0.35,0,0.0
train,No Fit,0,0.1075,0.35,0,0.0
train,No Fit,0,0.0749,0.3,1,0.0
train,No Fit,0,0.0713,0.35,-1,5.0
train,No Fit,0,0.2362,0.5,0,-10.0
train,No Fit,0,0.0588,0.25,1,0.0
train,No Fit,0,0.1951,0.5,0,11.0
train,No Fit,0,0.2205,0.4,-2,1.0
train,No Fit,0,0.1621,0.35,0,8.0
train,No Fit,0,0.0788,0.35,0,0.0
train,No Fit,0,0.1201,0.2,-1,7.0
train,No Fit,0,0.0682,0.1,0,21.0
train,No Fit,0,0.0279,0.3,1,5.0
train,No Fit,0,0.0615,0.15,0,-7.0
train,No Fit,0,0.11,0.45,0,0.0
train,No Fit,0,0.1295,0.25,-1,0.0
train,No Fit,0,0.0869,0.5385,-1,0.0
train,No Fit,0,0.1037,0.0,-1,10.0
train,No Fit,0,0.0904,0.25,0,4.0
train,No Fit,0,0.0439,0.2,0,-5.0
train,No Fit,0,0.0549,0.45,1,7.0
train,No Fit,0,0.072,0.3,0,0.0
train,No Fit,0,0.0426,0.1429,-1,6.0
train,No Fit,0,0.2149,0.5,-1,-10.0
train,No Fit,0,0.2447,0.55,-1,6.0
train,No Fit,0,0.0919,0.25,0,10.0
train,No Fit,0,0.2009,0.35,0,0.0
train,No Fit,0,0.2887,0.3,0,4.0
train,No Fit,0,0.0624,0.2,0,0.0
train,No Fit,0,0.0934,0.25,1,-1.0
train,No Fit,0,0.036,0.15,0,6.0
train,No Fit,0,0.0847,0.3846,-1,5.0
train,No Fit,0,0.2903,0.55,0,0.0
train,No Fit,0,0.2033,0.45,-1,10.0
train,No Fit,0,0.0589,0.2,0,6.0
train,No Fit,0,0.0846,0.3,0,0.0
train,No Fit,0,0.0808,0.1,0,-8.0
train,No Fit,0,0.1837,0.4737,0,5.0
train,No Fit,0,0.1324,0.25,-1,4.0
train,No Fit,0,0.0412,0.1818,-1,5.0
train,No Fit,0,0.0367,0.15,1,0.0
train,No Fit,0,0.1811,0.55,0,0.0
train,No Fit,0,0.2631,0.3,1,5.0
train,No Fit,0,0.1673,0.45,0,2.0
train,No Fit,0,0.0532,0.35,0,10.0
train,No Fit,0,0.1144,0.3,1,7.0
train,No Fit,0,0.0867,0.25,0,-8.0
train,No Fit,0,0.0602,0.2727,0,7.0
train,No Fit,0,0.0935,0.1,1,1.0
train,No Fit,0,0.201,0.65,-1,0.0
train,No Fit,0,0.104,0.65,-1,-10.0
train,No Fit,0,0.1846,0.15,2,8.0
train,No Fit,0,0.0226,0.15,0,8.0
train,No Fit,0,0.052,0.3,-2,11.0
train,No Fit,0,0.0864,0.1,0,-5.0
train,No Fit,0,0.1959,0.35,1,-6.0
train,No Fit,0,0.0546,0.45,0,7.0
train,No Fit,0,0.1216,0.25,-1,-10.0
train,No Fit,0,0.0306,0.0909,0,0.0
train,No Fit,0,0.1238,0.35,0,9.0
train,No Fit,0,0.1719,0.35,0,1.0
train,No Fit,0,0.0598,0.1,0,-5.0
train,No Fit,0,0.0532,0.35,0,10.0
train,No Fit,0,0.3941,0.5,1,0.0
train,No Fit,0,0.057,0.15,-1,-2.0
train,No Fit,0,0.0447,0.2,0,0.0
train,No Fit,0,0.0206,0.2727,1,9.0
train,No Fit,0,0.0825,0.3,-1,17.0
train,No Fit,0,0.2478,0.3,2,0.0
train,No Fit,0,0.1033,0.4,1,5.0
train,No Fit,0,0.06,0.2,0,-2.0
train,No Fit,0,0.1916,0.4,0,7.0
train,No Fit,0,0.1101,0.2,0,21.0
train,No Fit,0,0.4439,0.6,-3,13.0
train,No Fit,0,0.1928,0.45,0,0.0
train,No Fit,0,0.0416,0.15,0,-8.0
train,No Fit,0,0.0934,0.25,0,-5.0
train,No Fit,0,0.0915,0.45,0,-15.0
train,No Fit,0,0.0825,0.15,-1,-9.0
train,No Fit,0,0.0714,0.2,0,3.0
train,No Fit,0,0.1026,0.3,-1,0.0
train,No Fit,0,0.188,0.25,1,0.0
train,No Fit,0,0.4789,0.45,0,0.0
train,No Fit,0,0.0389,0.2,1,0.0
train,No Fit,0,0.0346,0.3,0,0.0
train,No Fit,0,0.1364,0.25,-3,-2.0
train,No Fit,0,0.0272,0.0,-1,3.0
train,No Fit,0,0.1042,0.15,0,10.0
train,No Fit,0,0.0456,0.35,1,-6.0
train,No Fit,0,0.0853,0.4,0,0.0
train,No Fit,0,0.0365,0.3,0,0.0
train,No Fit,0,0.1255,0.25,0,0.0
train,No Fit,0,0.1031,0.2,0,17.0
train,No Fit,0,0.0664,0.05,0,6.0
train,No Fit,0,0.2684,0.45,0,0.0
train,No Fit,0,0.2111,0.25,0,10.0
train,No Fit,0,0.1437,0.4,0,13.0
train,No Fit,0,0.025,0.15,-2,4.0
train,No Fit,0,0.1717,0.6,0,2.0
train,No Fit,0,0.1352,0.35,-2,-7.0
train,No Fit,0,0.1448,0.4,0,11.0
train,No Fit,0,0.0642,0.25,0,3.0
train,No Fit,0,0.3708,0.35,0,-8.0
train,No Fit,0,0.2657,0.4,0,12.0
train,No Fit,0,0.0911,0.25,0,-7.0
train,No Fit,0,0.1486,0.3,-1,0.0
train,No Fit,0,0.1797,0.4,0,0.0
train,No Fit,0,0.0901,0.4,1,-1.0
train,No Fit,0,0.021,0.3,-2,4.0
train,No Fit,0,0.0838,0.45,0,-15.0
train,No Fit,0,0.0661,0.25,-1,5.0
train,No Fit,0,0.0728,0.3,-1,0.0
train,No Fit,0,0.2613,0.5,1,6.0
train,No Fit,0,0.0234,0.1,0,6.0
train,No Fit,0,0.0754,0.6,0,-3.0
train,No Fit,0,0.2263,0.35,-1,5.0
train,No Fit,0,0.0979,0.25,0,12.0
train,No Fit,0,0.0453,0.1,2,6.0
train,No Fit,0,0.1678,0.15,-1,5.0
train,No Fit,0,0.1053,0.25,0,7.0
train,No Fit,0,0.0214,0.1818,1,0.0
train,No Fit,0,0.2158,0.7143,1,7.0
train,No Fit,0,0.1201,0.5,0,8.0
train,No Fit,0,0.4421,0.65,0,-3.0
train,No Fit,0,0.1017,0.35,-3,1.0
train,No Fit,0,0.0444,0.05,0,0.0
train,No Fit,0,0.0632,0.2,0,0.0
train,No Fit,0,0.2208,0.3,0,4.0
train,No Fit,0,0.1056,0.2,-1,-5.0
train,No Fit,0,0.1787,0.25,-2,6.0
train,No Fit,0,0.5106,0.7,1,-1.0
train,No Fit,0,0.0825,0.2,-1,-5.0
train,No Fit,0,0.1603,0.45,1,-9.0
train,No Fit,0,0.2634,0.35,0,-5.0
train,No Fit,0,0.1033,0.4,0,-10.0
train,No Fit,0,0.6055,0.55,-1,15.0
train,No Fit,0,0.1647,0.4,1,-4.0
train,No Fit,0,0.0212,0.2,0,11.0
train,No Fit,0,0.1863,0.4,0,8.0
train,No Fit,0,0.2258,0.5,-1,-5.0
train,No Fit,0,0.1182,0.5,3,0.0
train,No Fit,0,0.1495,0.4,0,-2.0
train,No Fit,0,0.0711,0.25,0,4.0
train,No Fit,0,0.1736,0.55,1,2.0
train,No Fit,0,0.0525,0.35,-2,0.0
train,No Fit,0,0.041,0.1,0,21.0
train,No Fit,0,0.0493,0.15,0,0.0
train,No Fit,0,0.0419,0.5,0,8.0
train,No Fit,0,0.1778,0.45,-1,0.0
train,No Fit,0,0.0342,0.4,-2,4.0
train,No Fit,0,0.4732,0.45,0,7.0
train,No Fit,0,0.1148,0.35,0,-2.0
train,No Fit,0,0.1312,0.25,0,2.0
train,No Fit,0,0.0478,0.3,0,-8.0
train,No Fit,0,0.1377,0.5,0,0.0
train,No Fit,0,0.089,0.35,1,-1.0
train,No Fit,0,0.1728,0.5,1,5.0
train,No Fit,0,0.0286,0.1,1,29.0
train,No Fit,0,0.1015,0.3,2,0.0
train,No Fit,0,0.063,0.15,1,-8.0
train,No Fit,0,0.1833,0.45,0,8.0
train,No Fit,0,0.0287,0.2,0,0.0
train,No Fit,0,0.0941,0.45,0,0.0
train,No Fit,0,0.0806,0.1,-1,10.0
train,No Fit,0,0.1605,0.4,0,9.0
train,No Fit,0,0.1089,0.25,0,4.0
train,No Fit,0,0.025,0.05,2,13.0
train,No Fit,0,0.0737,0.25,2,2.0
train,No Fit,0,0.1069,0.55,0,0.0
train,No Fit,0,0.1732,0.65,1,7.0
train,No Fit,0,0.1371,0.45,0,21.0
train,No Fit,0,0.0704,0.3,0,-5.0
train,No Fit,0,0.2814,0.55,0,0.0
train,No Fit,0,0.1403,0.45,-1,0.0
train,No Fit,0,0.0533,0.3,1,6.0
train,No Fit,0,0.5876,0.55,0,7.0
train,No Fit,0,0.1581,0.4,0,-3.0
train,No Fit,0,0.168,0.3,0,9.0
train,No Fit,0,0.0922,0.6,-1,0.0
train,No Fit,0,0.1883,0.5,0,9.0
train,No Fit,0,0.2067,0.4211,0,0.0
train,No Fit,0,0.1156,0.45,0,-10.0
train,No Fit,0,0.1386,0.6,0,0.0
train,No Fit,0,0.2114,0.25,0,1.0
train,No Fit,0,0.2645,0.7,1,7.0
train,No Fit,0,0.1053,0.3,1,7.0
train,No Fit,0,0.0386,0.15,0,0.0
train,No Fit,0,0.0517,0.3,0,13.0
train,No Fit,0,0.1193,0.35,0,0.0
train,No Fit,0,0.0648,0.2,2,0.0
train,No Fit,0,0.1007,0.4,0,0.0
train,No Fit,0,0.0251,0.0909,-1,0.0
train,No Fit,0,0.0841,0.35,-1,0.0
train,No Fit,0,0.1642,0.2,0,0.0
train,No Fit,0,0.0893,0.2,0,7.0
train,No Fit,0,0.0452,0.3,0,0.0
train,No Fit,0,0.0436,0.1,0,3.0
train,No Fit,0,0.0687,0.4,1,2.0
train,No Fit,0,0.1812,0.3,0,5.0
train,No Fit,0,0.1071,0.25,0,10.0
train,No Fit,0,0.0896,0.2,0,4.0
train,No Fit,0,0.2592,0.45,-1,2.0
train,No Fit,0,0.0975,0.3,0,0.0
train,No Fit,0,0.1329,0.35,0,0.0
train,No Fit,0,0.0706,0.35,0,-13.0
train,No Fit,0,0.2085,0.4,-1,10.0
train,No Fit,0,0.0821,0.1,0,8.0
train,No Fit,0,0.1344,0.25,0,0.0
train,No Fit,0,0.0957,0.35,0,0.0
train,No Fit,0,0.1086,0.35,0,0.0
train,No Fit,0,0.1451,0.4,1,-1.0
train,No Fit,0,0.0649,0.35,0,0.0
train,No Fit,0,0.1086,0.35,0,0.0
train,No Fit,0,0.0702,0.4,1,2.0
train,No Fit,0,0.0637,0.35,0,-7.0
train,No Fit,0,0.0798,0.35,0,10.0
train,No Fit,0,0.2565,0.6,0,-5.0
train,No Fit,0,0.0394,0.1,0,0.0
train,No Fit,0,0.0807,0.35,0,-1.0
train,No Fit,0,0.225,0.4,0,5.0
train,No Fit,0,0.2632,0.65,0,9.0
train,No Fit,0,0.0788,0.4,0,9.0
train,No Fit,0,0.0522,0.45,0,-7.0
train,No Fit,0,0.1358,0.5,2,9.0
train,No Fit,0,0.3264,0.15,0,0.0
train,No Fit,0,0.0472,0.25,0,0.0
train,No Fit,0,0.0857,0.15,0,2.0
train,No Fit,0,0.4749,0.3,-1,14.0
train,No Fit,0,0.1505,0.45,-1,11.0
train,No Fit,0,0.1422,0.5,-1,5.0
train,No Fit,0,0.1047,0.25,0,0.0
train,No Fit,0,0.1465,0.25,1,-10.0
train,No Fit,0,0.0775,0.15,0,-10.0
train,No Fit,0,0.0501,0.15,0,0.0
train,No Fit,0,0.1439,0.35,1,-1.0
train,No Fit,0,0.0783,0.15,0,-8.0
train,No Fit,0,0.0485,0.1,0,4.0
train,No Fit,0,0.0923,0.3,1,0.0
train,No Fit,0,0.1385,0.4615,-1,17.0
train,No Fit,0,0.0856,0.25,-1,3.0
train,No Fit,0,0.3699,0.35,0,15.0
train,No Fit,0,0.0825,0.3,0,0.0
train,No Fit,0,0.0763,0.35,0,0.0
train,No Fit,0,0.1523,0.5,0,0.0
train,No Fit,0,0.0448,0.3,0,0.0
train,No Fit,0,0.1384,0.45,-2,5.0
train,No Fit,0,0.021,0.15,0,5.0
train,No Fit,0,0.1399,0.4,-1,-10.0
train,No Fit,0,0.1318,0.35,0,0.0
train,No Fit,0,0.1871,0.45,-1,0.0
train,No Fit,0,0.1121,0.2,0,-5.0
train,No Fit,0,0.3405,0.35,-1,14.0
train,No Fit,0,0.0918,0.25,0,0.0
train,No Fit,0,0.1385,0.3,-3,-2.0
train,No Fit,0,0.0322,0.15,0,5.0
train,No Fit,0,0.3762,0.45,0,5.0
train,No Fit,0,0.5682,0.5,-1,6.0
train,No Fit,0,0.0922,0.2,0,-4.0
train,No Fit,0,0.1289,0.2,1,0.0
train,No Fit,0,0.0903,0.3,0,12.0
train,No Fit,0,0.1151,0.35,-2,4.0
train,No Fit,0,0.1816,0.4,0,9.0
train,No Fit,0,0.0938,0.05,2,8.0
train,No Fit,0,0.1176,0.25,0,7.0
train,No Fit,0,0.037,0.2,0,0.0
train,No Fit,0,0.1776,0.4,-1,-5.0
train,No Fit,0,0.0521,0.2,0,0.0
train,No Fit,0,0.1509,0.125,-1,0.0
train,No Fit,0,0.1922,0.6,-1,-5.0
train,No Fit,0,0.0506,0.05,0,12.0
train,No Fit,0,0.1913,0.4,0,-5.0
train,No Fit,0,0.2537,0.25,-1,0.0
train,No Fit,0,0.1334,0.45,-1,-3.0
train,No Fit,0,0.0293,0.05,0,-1.0
train,No Fit,0,0.0438,0.2,0,7.0
train,No Fit,0,0.0201,0.3333,-1,0.0
train,No Fit,0,0.1606,0.65,2,0.0
train,No Fit,0,0.0875,0.35,-1,0.0
train,No Fit,0,0.0983,0.25,0,-8.0
train,No Fit,0,0.0799,0.2,0,10.0
train,No Fit,0,0.0466,0.3,0,-5.0
train,No Fit,0,0.0451,0.1,-1,0.0
train,No Fit,0,0.0744,0.3,1,5.0
train,No Fit,0,0.4126,0.3,0,-1.0
train,No Fit,0,0.2548,0.6,-1,0.0
train,No Fit,0,0.0652,0.2,2,10.0
train,No Fit,0,0.0996,0.45,0,0.0
train,No Fit,0,0.145,0.25,0,21.0
train,No Fit,0,0.0573,0.25,3,19.0
train,No Fit,0,0.109,0.2,0,-10.0
train,No Fit,0,0.3615,0.3,-2,12.0
train,No Fit,0,0.0674,0.1,-1,-10.0
train,No Fit,0,0.0968,0.5,2,9.0
train,No Fit,0,0.103,0.3,0,-5.0
train,No Fit,0,0.3249,0.6,1,0.0
train,No Fit,0,0.1332,0.5,0,-3.0
train,No Fit,0,0.0501,0.25,0,8.0
train,No Fit,0,0.116,0.25,-1,-6.0
train,No Fit,0,0.168,0.7,0,-2.0
train,No Fit,0,0.1258,0.2,0,0.0
train,No Fit,0,0.0476,0.25,0,0.0
train,No Fit,0,0.2011,0.15,0,6.0
train,No Fit,0,0.0923,0.3,-1,0.0
train,No Fit,0,0.0705,0.2,-2,14.0
train,No Fit,0,0.1687,0.35,0,21.0
train,No Fit,0,0.0551,0.25,-1,11.0
train,No Fit,0,0.1347,0.45,-1,-5.0
train,No Fit,0,0.0721,0.3,-1,0.0
train,No Fit,0,0.1182,0.45,0,4.0
train,No Fit,0,0.2886,0.35,0,1.0
train,No Fit,0,0.2779,0.45,-2,5.0
train,No Fit,0,0.0714,0.4,1,11.0
train,No Fit,0,0.0741,0.2,0,12.0
train,No Fit,0,0.0493,0.5455,0,0.0
train,No Fit,0,0.0861,0.2,-1,12.0
train,No Fit,0,0.1592,0.4,0,-3.0
train,No Fit,0,0.1613,0.25,-2,14.0
train,No Fit,0,0.0592,0.25,-1,5.0
train,No Fit,0,0.1098,0.3,0,5.0
train,No Fit,0,0.5522,0.4,-1,0.0
train,No Fit,0,0.0116,0.25,0,0.0
train,No Fit,0,0.3655,0.35,1,1.0
train,No Fit,0,0.1358,0.4,0,0.0
train,No Fit,0,0.1148,0.3,1,0.0
train,No Fit,0,0.1361,0.2,0,5.0
train,No Fit,0,0.18,0.5,0,6.0
train,No Fit,0,0.0786,0.35,0,0.0
train,No Fit,0,0.3899,0.5,-1,13.0
train,No Fit,0,0.0357,0.2,0,9.0
train,No Fit,0,0.0889,0.45,0,9.0
train,No Fit,0,0.0954,0.25,0,-1.0
train,No Fit,0,0.0657,0.35,0,-4.0
train,No Fit,0,0.1566,0.3,0,7.0
train,No Fit,0,0.0791,0.3,-1,0.0
train,No Fit,0,0.0968,0.25,1,-1.0
train,No Fit,0,0.121,0.4,0,-8.0
train,No Fit,0,0.0671,0.25,0,-10.0
train,No Fit,0,0.073,0.3,-2,-6.0
train,No Fit,0,0.0702,0.35,3,0.0
train,No Fit,0,0.018,0.1,1,12.0
train,No Fit,0,0.0613,0.25,0,13.0
train,No Fit,0,0.2122,0.45,-1,8.0
train,No Fit,0,0.0729,0.15,0,10.0
train,No Fit,0,0.3611,0.5,0,-1.0
train,No Fit,0,0.0568,0.05,0,3.0
train,No Fit,0,0.0892,0.1,0,-10.0
train,No Fit,0,0.0685,0.1053,-1,6.0
train,No Fit,0,0.2803,0.3,0,5.0
train,No Fit,0,0.0979,0.35,1,-15.0
train,No Fit,0,0.1039,0.45,0,-5.0
train,No Fit,0,0.0605,0.4,0,-5.0
train,No Fit,0,0.2595,0.35,0,0.0
train,No Fit,0,0.0951,0.2727,-1,0.0
train,No Fit,0,0.0443,0.1818,1,6.0
train,No Fit,0,0.0522,0.15,0,11.0
train,No Fit,0,0.0505,0.25,0,0.0
train,No Fit,0,0.0596,0.15,0,3.0
train,No Fit,0,0.0452,0.0909,0,0.0
train,No Fit,0,0.0372,0.15,0,7.0
train,No Fit,0,0.0899,0.15,1,-5.0
train,No Fit,0,0.0252,0.2,-1,0.0
train,No Fit,0,0.08,0.25,-2,10.0
train,No Fit,0,0.1884,0.4,-1,0.0
train,No Fit,0,0.1721,0.4,0,0.0
train,No Fit,0,0.1073,0.35,0,2.0
train,No Fit,0,0.0921,0.35,1,-10.0
train,No Fit,0,0.1598,0.4,0,5.0
train,No Fit,0,0.0237,0.2,0,0.0
train,No Fit,0,0.1219,0.5,0,0.0
train,No Fit,0,0.2148,0.5,0,0.0
train,No Fit,0,0.0832,0.15,0,-5.0
train,No Fit,0,0.0598,0.2,1,0.0
train,No Fit,0,0.1571,0.45,0,-2.0
train,No Fit,0,0.1515,0.35,0,0.0
train,No Fit,0,0.1056,0.35,0,8.0
train,No Fit,0,0.2132,0.5,0,0.0
train,No Fit,0,0.0566,0.2,0,8.0
train,No Fit,0,0.2469,0.45,-1,10.0
train,No Fit,0,0.1472,0.4,-1,0.0
train,No Fit,0,0.1942,0.65,1,-4.0
train,No Fit,0,0.0761,0.15,0,3.0
train,No Fit,0,0.1487,0.35,-1,0.0
train,No Fit,0,0.0479,0.0,0,4.0
train,No Fit,0,0.1199,0.2,-1,0.0
train,No Fit,0,0.0665,0.05,0,-2.0
train,No Fit,0,0.2492,0.65,-1,0.0
train,No Fit,0,0.1345,0.2,1,9.0
train,No Fit,0,0.1743,0.25,1,7.0
train,No Fit,0,0.0599,0.2727,1,7.0
train,No Fit,0,0.0328,0.25,1,0.0
train,No Fit,0,0.1069,0.1,-1,15.0
train,No Fit,0,0.1304,0.35,0,0.0
train,No Fit,0,0.0453,0.1,0,-10.0
train,No Fit,0,0.2588,0.6,0,9.0
train,No Fit,0,0.0547,0.2,-1,0.0
train,No Fit,0,0.3169,0.15,-1,10.0
train,No Fit,0,0.0578,0.4545,0,0.0
train,No Fit,0,0.0835,0.35,-2,0.0
train,No Fit,0,0.024,0.0,0,0.0
train,No Fit,0,0.1006,0.45,0,2.0
train,No Fit,0,0.072,0.1,0,-8.0
train,No Fit,0,0.1321,0.2,0,0.0
train,No Fit,0,0.0244,0.0714,1,0.0
train,No Fit,0,0.0599,0.2,0,11.0
train,No Fit,0,0.0519,0.1,-1,0.0
train,No Fit,0,0.0513,0.35,0,11.0
train,No Fit,0,0.0612,0.35,1,6.0
train,No Fit,0,0.1805,0.15,-2,4.0
train,No Fit,0,0.2732,0.6,1,6.0
train,No Fit,0,0.1383,0.4,2,12.0
train,No Fit,0,0.0598,0.25,0,2.0
train,No Fit,0,0.0171,0.125,-1,0.0
train,No Fit,0,0.0194,0.05,1,7.0
train,No Fit,0,0.3614,0.3,0,1.0
train,No Fit,0,0.3792,0.6,0,4.0
train,No Fit,0,0.1736,0.45,-3,-2.0
train,No Fit,0,0.0942,0.35,-2,14.0
train,No Fit,0,0.042,0.15,0,5.0
train,No Fit,0,0.0699,0.3,0,13.0
train,No Fit,0,0.1049,0.2,-1,0.0
train,No Fit,0,0.1795,0.6,0,0.0
train,No Fit,0,0.0804,0.15,-1,6.0
train,No Fit,0,0.0541,0.25,0,-5.0
train,No Fit,0,0.0496,0.2727,0,5.0
train,No Fit,0,0.0498,0.25,0,5.0
train,No Fit,0,0.0952,0.15,1,-1.0
train,No Fit,0,0.1291,0.35,-1,5.0
train,No Fit,0,0.0305,0.1,2,11.0
train,No Fit,0,0.2189,0.15,0,0.0
train,No Fit,0,0.4623,0.5,-1,0.0
train,No Fit,0,0.0606,0.1,-1,5.0
train,No Fit,0,0.0769,0.25,0,-4.0
train,No Fit,0,0.1032,0.4,1,2.0
train,No Fit,0,0.2157,0.45,0,2.0
train,No Fit,0,0.1853,0.45,0,5.0
train,No Fit,0,0.3071,0.3,0,-5.0
train,No Fit,0,0.0326,0.2,0,5.0
train,No Fit,0,0.0635,0.3,0,6.0
train,No Fit,0,0.1374,0.35,0,6.0
train,No Fit,0,0.0933,0.3,-2,-5.0
train,No Fit,0,0.2841,0.45,-1,0.0
train,No Fit,0,0.0825,0.2,-1,-8.0
train,No Fit,0,0.1823,0.35,0,0.0
train,No Fit,0,0.1144,0.45,-1,-5.0
train,No Fit,0,0.0441,0.2,0,3.0
train,No Fit,0,0.0826,0.15,-2,0.0
train,No Fit,0,0.0652,0.15,-1,0.0
train,No Fit,0,0.1546,0.4,1,-6.0
train,No Fit,0,0.1734,0.6,1,6.0
train,No Fit,0,0.0297,0.15,0,0.0
train,No Fit,0,0.1721,0.25,0,6.0
train,No Fit,0,0.0496,0.1818,1,0.0
train,No Fit,0,0.0352,0.1,0,21.0
train,No Fit,0,0.0573,0.25,0,11.0
train,No Fit,0,0.0656,0.35,0,8.0
train,No Fit,0,0.2042,0.3,0,2.0
train,No Fit,0,0.118,0.35,0,8.0
train,No Fit,0,0.1302,0.35,0,2.0
train,No Fit,0,0.1374,0.3,0,-2.0
train,No Fit,0,0.1022,0.5,-1,-6.0
train,No Fit,0,0.0725,0.4,0,-4.0
train,No Fit,0,0.0257,0.25,0,0.0
train,No Fit,0,0.1631,0.5,0,6.0
train,No Fit,0,0.1324,0.5,1,0.0
train,No Fit,0,0.2032,0.35,1,5.0
train,No Fit,0,0.049,0.1,0,0.0
train,No Fit,0,0.1367,0.2,-1,0.0
train,No Fit,0,0.2051,0.35,0,10.0
train,No Fit,0,0.0717,0.2,1,-5.0
train,No Fit,0,0.1144,0.15,0,2.0
train,No Fit,0,0.0737,0.1,0,10.0
train,No Fit,0,0.0494,0.15,0,11.0
train,No Fit,0,0.1454,0.5,1,-3.0
train,No Fit,0,0.0554,0.05,0,4.0
train,No Fit,0,0.0249,0.1,-1,10.0
train,No Fit,0,0.2044,0.5,1,6.0
train,No Fit,0,0.0941,0.25,0,0.0
train,No Fit,0,0.2736,0.3,0,0.0
train,No Fit,0,0.1257,0.15,0,0.0
train,No Fit,0,0.0571,0.1,0,10.0
train,No Fit,0,0.1254,0.45,1,0.0
train,No Fit,0,0.0663,0.3,0,0.0
train,No Fit,0,0.1435,0.35,-1,0.0
train,No Fit,0,0.2022,0.55,0,-6.0
train,No Fit,0,0.1488,0.65,1,-15.0
train,No Fit,0,0.0717,0.2,0,-8.0
train,No Fit,0,0.0749,0.3,0,-3.0
train,No Fit,0,0.054,0.3,0,-15.0
train,No Fit,0,0.4603,0.6,-1,8.0
train,No Fit,0,0.045,0.2,1,0.0
train,No Fit,0,0.0449,0.2,0,4.0
train,No Fit,0,0.0591,0.05,-1,-5.0
train,No Fit,0,0.1141,0.4,1,6.0
train,No Fit,0,0.1502,0.35,0,5.0
train,No Fit,0,0.0087,0.0909,-2,4.0
train,No Fit,0,0.0903,0.35,0,0.0
train,No Fit,0,0.0647,0.25,1,-4.0
train,No Fit,0,0.2139,0.6,0,4.0
train,No Fit,0,0.0457,0.2,0,1.0
train,No Fit,0,0.0237,0.0714,1,0.0
train,No Fit,0,0.0297,0.25,0,3.0
train,No Fit,0,0.0891,0.45,0,-15.0
train,No Fit,0,0.0375,0.2,-1,5.0
train,No Fit,0,0.0619,0.2,1,0.0
train,No Fit,0,0.1178,0.35,-2,-6.0
train,No Fit,0,0.1205,0.35,-2,7.0
train,No Fit,0,0.4154,0.5,0,5.0
train,No Fit,0,0.101,0.25,0,13.0
train,No Fit,0,0.0648,0.5714,-1,0.0
train,No Fit,0,0.106,0.3,1,-5.0
train,No Fit,0,0.4809,0.65,0,-6.0
train,No Fit,0,0.1424,0.25,-1,0.0
train,No Fit,0,0.0657,0.35,1,5.0
train,No Fit,0,0.0359,0.0714,1,12.0
train,No Fit,0,0.0989,0.4,0,1.0
train,No Fit,0,0.0682,0.15,0,-5.0
train,No Fit,0,0.3296,0.5,0,0.0
train,No Fit,0,0.1187,0.2,0,8.0
train,No Fit,0,0.0442,0.1,0,-8.0
train,No Fit,0,0.1265,0.2,0,2.0
train,No Fit,0,0.1296,0.2,-1,-10.0
train,No Fit,0,0.1442,0.3,0,0.0
train,No Fit,0,0.1058,0.3,0,-15.0
train,No Fit,0,0.074,0.25,0,-7.0
train,No Fit,0,0.161,0.65,2,0.0
train,No Fit,0,0.1644,0.5,0,8.0
train,No Fit,0,0.0683,0.15,0,11.0
train,No Fit,0,0.6392,0.35,0,0.0
train,No Fit,0,0.2177,0.35,-1,13.0
train,No Fit,0,0.1021,0.4,0,11.0
train,No Fit,0,0.0739,0.2,0,5.0
train,No Fit,0,0.0803,0.15,0,0.0
train,No Fit,0,0.1141,0.5,2,5.0
train,No Fit,0,0.0855,0.3,0,0.0
train,No Fit,0,0.0437,0.15,0,3.0
train,No Fit,0,0.1074,0.2,-2,-4.0
train,No Fit,0,0.2006,0.6,0,0.0
train,No Fit,0,0.0766,0.1,0,3.0
train,No Fit,0,0.1034,0.25,0,0.0
train,No Fit,0,0.1011,0.2,-1,10.0
train,No Fit,0,0.0574,0.3636,1,7.0
train,No Fit,0,0.2374,0.55,0,9.0
train,No Fit,0,0.2645,0.65,0,2.0
train,No Fit,0,0.0188,0.0,2,3.0
train,No Fit,0,0.0675,0.1,1,0.0
train,No Fit,0,0.0298,0.25,0,12.0
train,No Fit,0,0.2094,0.5,0,-5.0
train,No Fit,0,0.0697,0.45,-1,5.0
train,No Fit,0,0.0859,0.15,0,0.0
train,No Fit,0,0.127,0.5,2,0.0
train,No Fit,0,0.0645,0.2,0,0.0
train,No Fit,0,0.1334,0.3,0,13.0
train,No Fit,0,0.1048,0.15,-1,-5.0
train,No Fit,0,0.0754,0.25,0,11.0
train,No Fit,0,0.1253,0.4,0,16.0
train,No Fit,0,0.1744,0.45,1,0.0
train,No Fit,0,0.0537,0.2,0,-4.0
train,No Fit,0,0.0526,0.15,0,12.0
train,No Fit,0,0.1486,0.45,1,0.0
train,No Fit,0,0.2361,0.2,-1,8.0
train,No Fit,0,0.0963,0.35,0,3.0
train,No Fit,0,0.1769,0.5,-1,-1.0
train,No Fit,0,0.1091,0.2,0,4.0
train,No Fit,0,0.0483,0.15,0,-11.0
train,No Fit,0,0.0233,0.15,0,11.0
train,No Fit,0,0.0405,0.1,0,3.0
train,No Fit,0,0.0617,0.15,0,4.0
train,No Fit,0,0.2497,0.45,0,0.0
train,No Fit,0,0.115,0.35,-2,0.0
train,No Fit,0,0.1698,0.45,0,3.0
train,No Fit,0,0.1928,0.4,0,11.0
train,No Fit,0,0.1609,0.4,0,0.0
train,No Fit,0,0.0749,0.25,0,-7.0
train,No Fit,0,0.1612,0.55,2,-5.0
train,No Fit,0,0.1086,0.1,0,3.0
train,No Fit,0,0.0147,0.1667,-1,0.0
train,No Fit,0,0.0536,0.2,1,4.0
train,No Fit,0,0.0782,0.05,0,13.0
train,No Fit,0,0.2468,0.5789,0,4.0
train,No Fit,0,0.068,0.1818,0,5.0
train,No Fit,0,0.1213,0.35,0,8.0
train,No Fit,0,0.1092,0.25,-2,0.0
train,No Fit,0,0.0419,0.05,0,-12.0
train,No Fit,0,0.2643,0.35,-1,-2.0
train,No Fit,0,0.1284,0.25,-1,0.0
train,No Fit,0,0.1269,0.55,0,14.0
train,No Fit,0,0.0506,0.15,1,7.0
train,No Fit,0,0.2107,0.7,1,-3.0
train,No Fit,0,0.0758,0.35,1,0.0
train,No Fit,0,0.1266,0.4,-1,0.0
train,No Fit,0,0.0269,0.35,1,9.0
train,No Fit,0,0.1576,0.6429,1,0.0
train,No Fit,0,0.2471,0.35,0,4.0
train,No Fit,0,0.1716,0.35,0,10.0
train,No Fit,0,0.0329,0.25,0,0.0
train,No Fit,0,0.0616,0.25,0,15.0
train,No Fit,0,0.0823,0.25,0,-10.0
train,No Fit,0,0.1634,0.3,0,8.0
train,No Fit,0,0.1259,0.45,0,0.0
train,No Fit,0,0.1136,0.4,-1,0.0
train,No Fit,0,0.0455,0.25,0,7.0
train,No Fit,0,0.1567,0.45,-1,0.0
train,No Fit,0,0.2417,0.35,-1,12.0
train,No Fit,0,0.0579,0.25,0,-4.0
train,No Fit,0,0.1274,0.5,2,0.0
train,No Fit,0,0.1063,0.5,0,7.0
train,No Fit,0,0.077,0.15,0,-6.0
train,No Fit,0,0.0701,0.2,-2,0.0
train,No Fit,0,0.1357,0.5,1,0.0
train,No Fit,0,0.0555,0.35,-1,0.0
train,No Fit,0,0.0839,0.4,-1,5.0
train,No Fit,0,0.2451,0.4,1,5.0
train,No Fit,0,0.0508,0.1,0,12.0
train,No Fit,0,0.2364,0.35,-2,0.0
train,No Fit,0,0.0195,0.1,-2,-6.0
train,No Fit,0,0.5469,0.5,-1,0.0
train,No Fit,0,0.2807,0.55,0,0.0
train,No Fit,0,0.134,0.35,0,0.0
train,No Fit,0,0.0636,0.3,0,-5.0
train,No Fit,0,0.04,0.1,0,0.0
train,No Fit,0,0.0844,0.3,0,0.0
train,No Fit,0,0.0798,0.2,-1,-3.0
train,No Fit,0,0.1415,0.55,0,0.0
train,No Fit,0,0.0699,0.1,0,0.0
train,No Fit,0,0.1187,0.2,0,-1.0
train,No Fit,0,0.0452,0.5,-2,4.0
train,No Fit,0,0.1563,0.25,0,10.0
train,No Fit,0,0.1778,0.2,0,12.0
train,No Fit,0,0.0764,0.25,-2,0.0
train,No Fit,0,0.0656,0.15,-1,0.0
train,No Fit,0,0.0575,0.1,0,4.0
train,No Fit,0,0.0479,0.2,0,4.0
train,No Fit,0,0.1637,0.5,0,11.0
train,No Fit,0,0.0439,0.3,-2,4.0
train,No Fit,0,0.096,0.35,-1,5.0
train,No Fit,0,0.0936,0.25,1,6.0
train,No Fit,0,0.1285,0.35,0,-10.0
train,No Fit,0,0.1085,0.25,0,0.0
train,No Fit,0,0.0565,0.2,0,10.0
train,No Fit,0,0.0823,0.25,-2,0.0
train,No Fit,0,0.0494,0.15,-2,-10.0
train,No Fit,0,0.0656,0.3,0,12.0
train,No Fit,0,0.2153,0.4,1,7.0
train,No Fit,0,0.0693,0.35,2,0.0
train,No Fit,0,0.2032,0.5,0,5.0
train,No Fit,0,0.1462,0.45,0,-10.0
train,No Fit,0,0.0827,0.25,0,11.0
train,No Fit,0,0.0424,0.1,2,11.0
train,No Fit,0,0.1518,0.4,1,5.0
train,No Fit,0,0.0611,0.35,1,2.0
train,No Fit,0,0.1057,0.25,0,5.0
train,No Fit,0,0.034,0.0909,0,0.0
train,No Fit,0,0.2188,0.55,0,5.0
train,No Fit,0,0.0898,0.25,1,-3.0
train,No Fit,0,0.45,0.45,1,-2.0
train,No Fit,0,0.2255,0.2,-1,-2.0
train,No Fit,0,0.2645,0.55,-1,-5.0
train,No Fit,0,0.0903,0.25,0,-11.0
train,No Fit,0,0.1417,0.55,0,0.0
train,No Fit,0,0.0728,0.4,2,0.0
train,No Fit,0,0.1372,0.5,-1,-3.0
train,No Fit,0,0.0814,0.15,-3,0.0
train,No Fit,0,0.0899,0.3,0,2.0
train,No Fit,0,0.0457,0.05,-1,12.0
train,No Fit,0,0.0964,0.35,1,2.0
train,No Fit,0,0.0741,0.25,1,6.0
train,No Fit,0,0.0631,0.1,0,0.0
train,No Fit,0,0.1846,0.35,-1,0.0
train,No Fit,0,0.0513,0.25,0,7.0
train,No Fit,0,0.0828,0.05,0,0.0
train,No Fit,0,0.0358,0.2,2,8.0
train,No Fit,0,0.1321,0.35,-1,0.0
train,No Fit,0,0.1242,0.1,-1,-1.0
train,No Fit,0,0.0283,0.1,0,-5.0
train,No Fit,0,0.0327,0.2,-1,5.0
train,No Fit,0,0.0221,0.0714,0,0.0
train,No Fit,0,0.0436,0.25,1,0.0
train,No Fit,0,0.105,0.5,-1,-3.0
train,No Fit,0,0.09,0.25,-1,0.0
train,No Fit,0,0.0748,0.2,-2,15.0
train,No Fit,0,0.0852,0.3,0,-5.0
train,No Fit,0,0.0843,0.3,0,11.0
train,No Fit,0,0.0379,0.2,0,2.0
train,No Fit,0,0.0563,0.1,0,-5.0
train,No Fit,0,0.0435,0.35,0,0.0
train,No Fit,0,0.0865,0.4,0,3.0
train,No Fit,0,0.0653,0.15,0,0.0
train,No Fit,0,0.0218,0.2632,-1,0.0
train,No Fit,0,0.4593,0.55,1,-3.0
train,No Fit,0,0.1712,0.5,0,0.0
train,No Fit,0,0.3865,0.25,0,-5.0
train,No Fit,0,0.0734,0.35,0,21.0
train,No Fit,0,0.0886,0.45,1,-5.0
train,No Fit,0,0.0951,0.15,1,-1.0
train,No Fit,0,0.1543,0.5,-2,5.0
train,No Fit,0,0.0652,0.4,-1,2.0
train,No Fit,0,0.0746,0.25,-2,9.0
train,No Fit,0,0.1115,0.25,0,12.0
train,No Fit,0,0.1559,0.35,0,-4.0
train,No Fit,0,0.2251,0.5,0,-2.0
train,No Fit,0,0.0734,0.25,0,-7.0
train,No Fit,0,0.0662,0.15,0,11.0
train,No Fit,0,0.0693,0.2,-1,6.0
train,No Fit,0,0.1321,0.45,0,8.0
train,No Fit,0,0.1262,0.25,-1,4.0
train,No Fit,0,0.0509,0.4,0,11.0
train,No Fit,0,0.0917,0.15,1,-8.0
train,No Fit,0,0.1554,0.45,0,21.0
train,No Fit,0,0.0903,0.45,3,0.0
train,No Fit,0,0.039,0.25,0,0.0
train,No Fit,0,0.0242,0.0,0,0.0
train,No Fit,0,0.084,0.3,0,0.0
train,No Fit,0,0.0927,0.4,-1,-3.0
train,No Fit,0,0.0831,0.25,1,0.0
train,No Fit,0,0.2127,0.7,-1,0.0
train,No Fit,0,0.0565,0.25,1,9.0
train,No Fit,0,0.2486,0.3,1,7.0
train,No Fit,0,0.2113,0.45,0,5.0
train,No Fit,0,0.0581,0.25,1,0.0
train,No Fit,0,0.2483,0.25,0,4.0
train,No Fit,0,0.1566,0.6,2,4.0
train,No Fit,0,0.0288,0.15,1,9.0
train,No Fit,0,0.0719,0.3,0,4.0
train,No Fit,0,0.1599,0.5714,0,5.0
train,No Fit,0,0.1,0.35,0,-1.0
train,No Fit,0,0.1543,0.45,0,2.0
train,No Fit,0,0.0781,0.2,-1,17.0
train,No Fit,0,0.1632,0.5,0,1.0
train,No Fit,0,0.1301,0.3,-1,0.0
train,No Fit,0,0.136,0.35,-3,-8.0
train,No Fit,0,0.0345,0.2,0,-5.0
train,No Fit,0,0.1299,0.35,0,5.0
train,No Fit,0,0.0496,0.1,0,8.0
train,No Fit,0,0.0673,0.25,0,0.0
train,No Fit,0,0.032,0.1,0,3.0
train,No Fit,0,0.1612,0.5,0,0.0
train,No Fit,0,0.0512,0.1,0,12.0
train,No Fit,0,0.0797,0.2,0,3.0
train,No Fit,0,0.2032,0.2,0,-8.0
train,No Fit,0,0.0415,0.25,0,-1.0
train,No Fit,0,0.1616,0.4,1,5.0
train,No Fit,0,0.0617,0.3,0,-15.0
train,No Fit,0,0.1379,0.3,0,0.0
train,No Fit,0,0.0476,0.25,0,0.0
train,No Fit,0,0.1058,0.2,-2,7.0
train,No Fit,0,0.0984,0.45,0,-10.0
train,No Fit,0,0.0733,0.35,0,-5.0
train,No Fit,0,0.1474,0.4,-1,0.0
train,Good Fit,1,0.1008,0.3,0,0.0
train,Good Fit,1,0.2873,0.6,0,9.0
train,Good Fit,1,0.0856,0.3,0,4.0
train,Good Fit,1,0.2184,0.6,1,11.0
train,Good Fit,1,0.0617,0.25,0,-3.0
train,Good Fit,1,0.1763,0.55,0,-1.0
train,Good Fit,1,0.0546,0.3,2,5.0
train,Good Fit,1,0.0262,0.2,-2,-1.0
train,Good Fit,1,0.1339,0.4,0,8.0
train,Good Fit,1,0.1744,0.6,1,2.0
train,Good Fit,1,0.0887,0.15,0,0.0
train,Good Fit,1,0.2135,0.45,0,10.0
train,Good Fit,1,0.1141,0.35,0,2.0
train,Good Fit,1,0.0988,0.35,1,0.0
train,Good Fit,1,0.0471,0.15,1,-5.0
train,Good Fit,1,0.2545,0.4,0,4.0
train,Good Fit,1,0.119,0.35,0,8.0
train,Good Fit,1,0.1452,0.6,0,1.0
train,Good Fit,1,0.1605,0.7,1,-10.0
train,Good Fit,1,0.1738,0.4,0,14.0
train,Good Fit,1,0.0647,0.1,0,16.0
train,Good Fit,1,0.1019,0.15,0,5.0
train,Good Fit,1,0.0872,0.15,0,17.0
train,Good Fit,1,0.0649,0.3,2,-5.0
train,Good Fit,1,0.3091,0.5,1,1.0
train,Good Fit,1,0.0751,0.25,0,5.0
train,Good Fit,1,0.1424,0.3,0,-1.0
train,Good Fit,1,0.0812,0.25,1,5.0
train,Good Fit,1,0.2591,0.5,1,0.0
train,Good Fit,1,0.1089,0.35,-1,2.0
train,Good Fit,1,0.05,0.3,1,8.0
train,Good Fit,1,0.0751,0.35,0,9.0
train,Good Fit,1,0.1167,0.3,0,2.0
train,Good Fit,1,0.1408,0.3,0,10.0
train,Good Fit,1,0.1359,0.4,0,0.0
train,Good Fit,1,0.3291,0.4,1,2.0
train,Good Fit,1,0.0987,0.45,0,-6.0
train,Good Fit,1,0.0898,0.4,0,9.0
train,Good Fit,1,0.1589,0.3,0,13.0
train,Good Fit,1,0.1724,0.4,0,0.0
train,Good Fit,1,0.0885,0.2,0,-4.0
train,Good Fit,1,0.1315,0.35,-1,13.0
train,Good Fit,1,0.2691,0.55,0,2.0
train,Good Fit,1,0.0793,0.3,0,-4.0
train,Good Fit,1,0.1176,0.2,-1,1.0
train,Good Fit,1,0.1537,0.45,-1,12.0
train,Good Fit,1,0.1834,0.45,-1,4.0
train,Good Fit,1,0.2121,0.6,0,0.0
train,Good Fit,1,0.0591,0.25,0,-3.0
train,Good Fit,1,0.068,0.2,-1,-5.0
train,Good Fit,1,0.106,0.25,0,9.0
train,Good Fit,1,0.076,0.3,0,10.0
train,Good Fit,1,0.1614,0.25,0,14.0
train,Good Fit,1,0.037,0.2,0,7.0
train,Good Fit,1,0.144,0.3,0,14.0
train,Good Fit,1,0.1283,0.45,0,7.0
train,Good Fit,1,0.056,0.3333,1,5.0
train,Good Fit,1,0.1419,0.25,-2,14.0
train,Good Fit,1,0.1234,0.45,0,0.0
train,Good Fit,1,0.1619,0.45,1,5.0
train,Good Fit,1,0.1108,0.4,0,4.0
train,Good Fit,1,0.0633,0.25,0,14.0
train,Good Fit,1,0.5124,0.4,1,-8.0
train,Good Fit,1,0.1876,0.6,0,0.0
train,Good Fit,1,0.2375,0.7,0,0.0
train,Good Fit,1,0.1164,0.35,0,8.0
train,Good Fit,1,0.0442,0.2,2,0.0
train,Good Fit,1,0.1687,0.4,0,0.0
train,Good Fit,1,0.0607,0.4,0,10.0
train,Good Fit,1,0.0586,0.15,1,-10.0
train,Good Fit,1,0.1195,0.35,0,12.0
train,Good Fit,1,0.0468,0.25,0,3.0
train,Good Fit,1,0.1527,0.25,0,17.0
train,Good Fit,1,0.24,0.3,0,-4.0
train,Good Fit,1,0.1229,0.25,0,0.0
train,Good Fit,1,0.0913,0.2,-2,16.0
train,Good Fit,1,0.1888,0.5,0,5.0
train,Good Fit,1,0.1709,0.3,0,0.0
train,Good Fit,1,0.1041,0.2,0,15.0
train,Good Fit,1,0.168,0.5,0,0.0
train,Good Fit,1,0.185,0.55,0,-3.0
train,Good Fit,1,0.2899,0.5,0,0.0
train,Good Fit,1,0.1351,0.45,-1,0.0
train,Good Fit,1,0.0098,0.1,0,-5.0
train,Good Fit,1,0.0315,0.15,1,-6.0
train,Good Fit,1,0.1066,0.45,-1,8.0
train,Good Fit,1,0.2036,0.45,0,7.0
train,Good Fit,1,0.2006,0.55,1,5.0
train,Good Fit,1,0.0516,0.25,1,9.0
train,Good Fit,1,0.0906,0.1,0,13.0
train,Good Fit,1,0.0197,0.15,-1,18.0
train,Good Fit,1,0.055,0.15,-2,5.0
train,Good Fit,1,0.4485,0.5,1,6.0
train,Good Fit,1,0.2104,0.4,0,0.0
train,Good Fit,1,0.2075,0.35,1,2.0
train,Good Fit,1,0.1549,0.55,0,10.0
train,Good Fit,1,0.0344,0.3,1,14.0
train,Good Fit,1,0.1614,0.4,0,-3.0
train,Good Fit,1,0.2639,0.35,0,7.0
train,Good Fit,1,0.2087,0.35,1,19.0
train,Good Fit,1,0.1717,0.45,0,0.0
train,Good Fit,1,0.0933,0.25,0,6.0
train,Good Fit,1,0.0981,0.25,0,11.0
train,Good Fit,1,0.1936,0.5,0,0.0
train,Good Fit,1,0.1462,0.6,1,7.0
train,Good Fit,1,0.0857,0.5,1,9.0
train,Good Fit,1,0.1221,0.5,1,2.0
train,Good Fit,1,0.1374,0.3,0,-2.0
train,Good Fit,1,0.0553,0.3,0,12.0
train,Good Fit,1,0.2454,0.55,0,3.0
train,Good Fit,1,0.1315,0.3,-1,21.0
train,Good Fit,1,0.0883,0.4,0,0.0
train,Good Fit,1,0.0392,0.15,0,0.0
train,Good Fit,1,0.0696,0.15,0,0.0
train,Good Fit,1,0.0621,0.25,0,-3.0
train,Good Fit,1,0.0414,0.1,0,12.0
train,Good Fit,1,0.1839,0.5,0,0.0
train,Good Fit,1,0.1943,0.2,0,-8.0
train,Good Fit,1,0.1314,0.35,-1,7.0
train,Good Fit,1,0.1343,0.35,0,0.0
train,Good Fit,1,0.0859,0.2,-1,-1.0
train,Good Fit,1,0.0624,0.2,-1,5.0
train,Good Fit,1,0.103,0.2,0,14.0
train,Good Fit,1,0.1397,0.3,-1,-10.0
train,Good Fit,1,0.1475,0.35,1,-2.0
train,Good Fit,1,0.0804,0.25,0,21.0
train,Good Fit,1,0.0563,0.35,0,7.0
train,Good Fit,1,0.2911,0.5,0,0.0
train,Good Fit,1,0.0878,0.3,0,1.0
train,Good Fit,1,0.0758,0.4,1,0.0
train,Good Fit,1,0.0681,0.2,0,0.0
train,Good Fit,1,0.2639,0.4,0,6.0
train,Good Fit,1,0.0225,0.3077,0,0.0
train,Good Fit,1,0.2177,0.5,0,9.0
train,Good Fit,1,0.0936,0.4,0,-5.0
train,Good Fit,1,0.0581,0.25,-1,5.0
train,Good Fit,1,0.2605,0.35,-2,12.0
train,Good Fit,1,0.0703,0.35,0,8.0
train,Good Fit,1,0.0678,0.2,0,13.0
train,Good Fit,1,0.0706,0.3,0,5.0
train,Good Fit,1,0.1615,0.6,1,7.0
train,Good Fit,1,0.2534,0.5,1,-5.0
train,Good Fit,1,0.2953,0.4,1,0.0
train,Good Fit,1,0.0669,0.2,0,0.0
train,Good Fit,1,0.0955,0.45,1,5.0
train,Good Fit,1,0.0837,0.35,1,12.0
train,Good Fit,1,0.1735,0.3,0,11.0
train,Good Fit,1,0.1771,0.45,0,14.0
train,Good Fit,1,0.1242,0.35,-2,6.0
train,Good Fit,1,0.0661,0.25,-1,7.0
train,Good Fit,1,0.16,0.45,0,0.0
train,Good Fit,1,0.1849,0.5,1,13.0
train,Good Fit,1,0.1808,0.35,0,4.0
train,Good Fit,1,0.0836,0.4,0,0.0
train,Good Fit,1,0.2933,0.75,1,0.0
train,Good Fit,1,0.0427,0.15,0,-2.0
train,Good Fit,1,0.2664,0.45,0,10.0
train,Good Fit,1,0.3006,0.6,0,5.0
train,Good Fit,1,0.0899,0.2,0,21.0
train,Good Fit,1,0.0273,0.15,0,12.0
train,Good Fit,1,0.3253,0.6,1,0.0
train,Good Fit,1,0.086,0.1,-1,3.0
train,Good Fit,1,0.0421,0.05,0,0.0
train,Good Fit,1,0.09,0.15,0,0.0
train,Good Fit,1,0.2339,0.55,-2,0.0
train,Good Fit,1,0.1116,0.25,0,0.0
train,Good Fit,1,0.0812,0.25,0,-6.0
train,Good Fit,1,0.0205,0.0,0,0.0
train,Good Fit,1,0.056,0.25,-1,-2.0
train,Good Fit,1,0.1415,0.4,0,6.0
train,Good Fit,1,0.084,0.45,0,7.0
train,Good Fit,1,0.0517,0.25,0,-1.0
train,Good Fit,1,0.0838,0.2,1,-5.0
train,Good Fit,1,0.1342,0.45,-1,14.0
train,Good Fit,1,0.2547,0.7,1,-2.0
train,Good Fit,1,0.0925,0.4,0,2.0
train,Good Fit,1,0.0625,0.3,1,0.0
train,Good Fit,1,0.1375,0.65,1,7.0
train,Good Fit,1,0.0438,0.2,0,-1.0
train,Good Fit,1,0.0616,0.2,0,5.0
train,Good Fit,1,0.1317,0.3,0,12.0
train,Good Fit,1,0.0484,0.2,-1,0.0
train,Good Fit,1,0.0958,0.25,0,-6.0
train,Good Fit,1,0.1747,0.55,-1,0.0
train,Good Fit,1,0.0919,0.35,1,9.0
train,Good Fit,1,0.1348,0.3,1,1.0
train,Good Fit,1,0.099,0.35,-1,0.0
train,Good Fit,1,0.1585,0.25,0,-3.0
train,Good Fit,1,0.1074,0.35,0,0.0
train,Good Fit,1,0.1227,0.35,0,0.0
train,Good Fit,1,0.1373,0.6,0,-7.0
train,Good Fit,1,0.1466,0.4,0,7.0
train,Good Fit,1,0.0887,0.2,0,8.0
train,Good Fit,1,0.1473,0.35,0,3.0
train,Good Fit,1,0.1346,0.4,0,0.0
train,Good Fit,1,0.1962,0.25,0,8.0
train,Good Fit,1,0.1546,0.35,0,12.0
train,Good Fit,1,0.0739,0.25,0,5.0
train,Good Fit,1,0.1013,0.6,-2,0.0
train,Good Fit,1,0.1654,0.45,0,-5.0
train,Good Fit,1,0.087,0.25,0,0.0
train,Good Fit,1,0.2278,0.3,0,-5.0
train,Good Fit,1,0.1804,0.4,0,0.0
train,Good Fit,1,0.0603,0.2,0,4.0
train,Good Fit,1,0.2407,0.8,0,0.0
train,Good Fit,1,0.3045,0.3,0,0.0
train,Good Fit,1,0.0459,0.15,0,-7.0
train,Good Fit,1,0.1054,0.5,0,3.0
train,Good Fit,1,0.0858,0.25,-2,-4.0
train,Good Fit,1,0.0791,0.25,0,8.0
train,Good Fit,1,0.2218,0.2,0,10.0
train,Good Fit,1,0.3065,0.55,1,7.0
train,Good Fit,1,0.0884,0.35,0,5.0
train,Good Fit,1,0.0791,0.2,1,1.0
train,Good Fit,1,0.055,0.15,0,13.0
train,Good Fit,1,0.1046,0.25,1,6.0
train,Good Fit,1,0.0597,0.25,0,5.0
train,Good Fit,1,0.1702,0.35,-2,17.0
train,Good Fit,1,0.1519,0.5,0,-2.0
train,Good Fit,1,0.1743,0.55,0,-1.0
train,Good Fit,1,0.0551,0.2,-1,2.0
train,Good Fit,1,0.1211,0.45,1,2.0
train,Good Fit,1,0.1381,0.25,0,8.0
train,Good Fit,1,0.0745,0.3,0,1.0
train,Good Fit,1,0.1227,0.3,-1,-5.0
train,Good Fit,1,0.3837,0.45,1,-1.0
train,Good Fit,1,0.0537,0.3,0,-15.0
train,Good Fit,1,0.1524,0.5,0,7.0
train,Good Fit,1,0.0376,0.3,0,0.0
train,Good Fit,1,0.0794,0.4,1,12.0
train,Good Fit,1,0.1365,0.55,0,-6.0
train,Good Fit,1,0.0681,0.15,0,13.0
train,Good Fit,1,0.2252,0.4,0,0.0
train,Good Fit,1,0.1705,0.35,0,9.0
train,Good Fit,1,0.4594,0.6,1,7.0
train,Good Fit,1,0.0652,0.3,-1,7.0
train,Good Fit,1,0.0868,0.35,-2,0.0
train,Good Fit,1,0.0663,0.15,-1,14.0
train,Good Fit,1,0.1467,0.25,0,0.0
train,Good Fit,1,0.1617,0.5,0,9.0
train,Good Fit,1,0.1625,0.55,0,0.0
train,Good Fit,1,0.0579,0.25,1,-15.0
train,Good Fit,1,0.2693,0.8,1,0.0
train,Good Fit,1,0.0362,0.15,0,9.0
train,Good Fit,1,0.0658,0.05,-1,4.0
train,Good Fit,1,0.0886,0.45,0,0.0
train,Good Fit,1,0.0666,0.05,1,8.0
train,Good Fit,1,0.1069,0.3,-2,-3.0
train,Good Fit,1,0.0812,0.2,0,11.0
train,Good Fit,1,0.1041,0.4,1,13.0
train,Good Fit,1,0.0502,0.05,0,-2.0
train,Good Fit,1,0.0859,0.15,-1,-3.0
train,Good Fit,1,0.046,0.1,0,7.0
train,Good Fit,1,0.0993,0.3,0,-1.0
train,Good Fit,1,0.1276,0.35,0,7.0
train,Good Fit,1,0.1045,0.5,0,13.0
train,Good Fit,1,0.2897,0.65,0,5.0
train,Good Fit,1,0.0993,0.3889,1,6.0
train,Good Fit,1,0.1526,0.45,-1,5.0
train,Good Fit,1,0.1131,0.2778,0,8.0
train,Good Fit,1,0.2294,0.5,0,12.0
train,Good Fit,1,0.1733,0.6,-1,9.0
train,Good Fit,1,0.0889,0.4,0,10.0
train,Good Fit,1,0.1062,0.3,0,11.0
train,Good Fit,1,0.1597,0.2,0,-4.0
train,Good Fit,1,0.079,0.4,0,0.0
train,Good Fit,1,0.0752,0.25,-1,-10.0
train,Good Fit,1,0.1366,0.2,-1,0.0
train,Good Fit,1,0.2022,0.35,0,10.0
train,Good Fit,1,0.0589,0.25,0,2.0
train,Good Fit,1,0.0506,0.4,1,5.0
train,Good Fit,1,0.0612,0.3,0,14.0
train,Good Fit,1,0.0844,0.15,-1,0.0
train,Good Fit,1,0.1259,0.15,0,-5.0
train,Good Fit,1,0.0478,0.1,-1,16.0
train,Good Fit,1,0.1336,0.25,0,0.0
train,Good Fit,1,0.106,0.45,1,6.0
train,Good Fit,1,0.0807,0.3,0,0.0
train,Good Fit,1,0.0474,0.15,0,7.0
train,Good Fit,1,0.0413,0.05,-2,-7.0
train,Good Fit,1,0.0848,0.35,1,0.0
train,Good Fit,1,0.1569,0.35,-1,0.0
train,Good Fit,1,0.1963,0.3,0,15.0
train,Good Fit,1,0.2039,0.5,0,4.0
train,Good Fit,1,0.3085,0.55,1,7.0
train,Good Fit,1,0.1122,0.35,-2,2.0
train,Good Fit,1,0.0555,0.15,1,4.0
train,Good Fit,1,0.1094,0.45,0,8.0
train,Good Fit,1,0.1105,0.35,-1,8.0
train,Good Fit,1,0.194,0.55,1,0.0
train,Good Fit,1,0.1665,0.45,0,-4.0
train,Good Fit,1,0.1655,0.45,0,0.0
train,Good Fit,1,0.0927,0.2,0,6.0
train,Good Fit,1,0.1348,0.4,-1,0.0
train,Good Fit,1,0.0954,0.3,-1,5.0
train,Good Fit,1,0.1507,0.45,0,0.0
train,Good Fit,1,0.1404,0.45,0,4.0
train,Good Fit,1,0.1705,0.4,-1,5.0
train,Good Fit,1,0.2148,0.5,1,0.0
train,Good Fit,1,0.0449,0.3,0,8.0
train,Good Fit,1,0.1122,0.25,1,2.0
train,Good Fit,1,0.1172,0.5,1,6.0
train,Good Fit,1,0.1179,0.3,0,21.0
train,Good Fit,1,0.0685,0.05,1,12.0
train,Good Fit,1,0.0984,0.5,-1,10.0
train,Good Fit,1,0.0612,0.15,-2,-13.0
train,Good Fit,1,0.1461,0.3,-1,4.0
train,Good Fit,1,0.1263,0.3,-2,6.0
train,Good Fit,1,0.0949,0.25,1,10.0
train,Good Fit,1,0.0631,0.3,0,-3.0
train,Good Fit,1,0.0681,0.45,0,0.0
train,Good Fit,1,0.0788,0.1,0,16.0
train,Good Fit,1,0.0395,0.1,-2,6.0
train,Good Fit,1,0.0712,0.4,1,3.0
train,Good Fit,1,0.0971,0.4,0,-3.0
train,Good Fit,1,0.2238,0.45,1,0.0
train,Good Fit,1,0.0937,0.25,-1,0.0
train,Good Fit,1,0.0952,0.45,0,4.0
train,Good Fit,1,0.0883,0.3,0,0.0
train,Good Fit,1,0.0842,0.25,0,-6.0
train,Good Fit,1,0.0728,0.25,0,11.0
train,Good Fit,1,0.2587,0.4,1,31.0
train,Good Fit,1,0.1009,0.3,0,10.0
train,Good Fit,1,0.1516,0.55,0,-2.0
train,Good Fit,1,0.0688,0.2,0,8.0
train,Good Fit,1,0.2037,0.35,0,0.0
train,Good Fit,1,0.0991,0.2,0,20.0
train,Good Fit,1,0.168,0.65,0,0.0
train,Good Fit,1,0.1635,0.3,1,7.0
train,Good Fit,1,0.0943,0.45,1,6.0
train,Good Fit,1,0.0885,0.35,0,0.0
train,Good Fit,1,0.4797,0.6,1,0.0
train,Good Fit,1,0.1506,0.5,0,-8.0
train,Good Fit,1,0.1697,0.4,1,4.0
train,Good Fit,1,0.0671,0.1,0,-4.0
train,Good Fit,1,0.123,0.35,0,1.0
train,Good Fit,1,0.2633,0.8,0,0.0
train,Good Fit,1,0.094,0.35,-2,5.0
train,Good Fit,1,0.072,0.3,0,12.0
train,Good Fit,1,0.0478,0.2,0,10.0
train,Good Fit,1,0.0553,0.3,1,8.0
train,Good Fit,1,0.0956,0.5,0,-15.0
train,Good Fit,1,0.1665,0.4,0,12.0
train,Good Fit,1,0.096,0.25,0,5.0
train,Good Fit,1,0.0868,0.3,1,-10.0
train,Good Fit,1,0.4164,0.55,1,-8.0
train,Good Fit,1,0.0297,0.2222,0,8.0
train,Good Fit,1,0.1914,0.45,1,-1.0
train,Good Fit,1,0.1123,0.3,0,0.0
train,Good Fit,1,0.1363,0.2,0,5.0
train,Good Fit,1,0.0577,0.45,0,8.0
train,Good Fit,1,0.2053,0.55,0,0.0
train,Good Fit,1,0.359,0.55,1,-5.0
train,Good Fit,1,0.1722,0.4,0,12.0
train,Good Fit,1,0.0756,0.45,1,6.0
train,Good Fit,1,0.0651,0.35,0,6.0
train,Good Fit,1,0.0549,0.05,0,12.0
train,Good Fit,1,0.231,0.4,0,5.0
train,Good Fit,1,0.1931,0.4,0,8.0
train,Good Fit,1,0.177,0.4,1,13.0
train,Good Fit,1,0.1056,0.25,0,-1.0
train,Good Fit,1,0.0738,0.35,0,2.0
train,Good Fit,1,0.0991,0.35,-2,-1.0
train,Good Fit,1,0.0572,0.2,0,9.0
train,Good Fit,1,0.082,0.2,0,14.0
train,Good Fit,1,0.1453,0.3,-2,13.0
train,Good Fit,1,0.2692,0.35,1,5.0
train,Good Fit,1,0.0339,0.1,-1,0.0
train,Good Fit,1,0.2291,0.5,0,9.0
train,Good Fit,1,0.167,0.45,1,1.0
train,Good Fit,1,0.105,0.4,-2,3.0
train,Good Fit,1,0.3628,0.7,-2,5.0
train,Good Fit,1,0.0598,0.1,0,11.0
train,Good Fit,1,0.1879,0.4,1,0.0
train,Good Fit,1,0.0853,0.3,0,0.0
train,Good Fit,1,0.2022,0.45,0,0.0
train,Good Fit,1,0.1281,0.45,-1,0.0
train,Good Fit,1,0.2165,0.65,0,-2.0
train,Good Fit,1,0.087,0.55,1,3.0
train,Good Fit,1,0.1952,0.5,0,-4.0
train,Good Fit,1,0.2,0.7,0,0.0
train,Good Fit,1,0.0326,0.15,0,12.0
train,Good Fit,1,0.2198,0.45,0,3.0
train,Good Fit,1,0.1388,0.55,0,3.0
train,Good Fit,1,0.1364,0.25,0,0.0
train,Good Fit,1,0.3793,0.7,1,2.0
train,Good Fit,1,0.2032,0.45,0,10.0
train,Good Fit,1,0.1197,0.35,0,0.0
train,Good Fit,1,0.2242,0.35,0,-5.0
train,Good Fit,1,0.1144,0.3,0,8.0
train,Good Fit,1,0.2357,0.55,0,8.0
train,Good Fit,1,0.0738,0.15,0,2.0
train,Good Fit,1,0.0773,0.4,0,-10.0
train,Good Fit,1,0.0809,0.2,0,25.0
train,Good Fit,1,0.1633,0.45,0,11.0
train,Good Fit,1,0.1627,0.3,0,12.0
train,Good Fit,1,0.1023,0.4,0,0.0
train,Good Fit,1,0.0372,0.25,0,13.0
train,Good Fit,1,0.0675,0.15,0,12.0
train,Good Fit,1,0.0246,0.1,0,-3.0
train,Good Fit,1,0.0978,0.55,1,1.0
train,Good Fit,1,0.2776,0.5,0,9.0
train,Good Fit,1,0.0969,0.35,-1,14.0
train,Good Fit,1,0.0787,0.1,0,3.0
train,Good Fit,1,0.111,0.3,0,9.0
train,Good Fit,1,0.1786,0.5,1,0.0
train,Good Fit,1,0.1488,0.3,1,14.0
train,Good Fit,1,0.1191,0.45,0,2.0
train,Good Fit,1,0.0495,0.15,-1,15.0
train,Good Fit,1,0.0154,0.05,0,14.0
train,Good Fit,1,0.0442,0.1,0,7.0
train,Good Fit,1,0.0965,0.3,1,9.0
train,Good Fit,1,0.2884,0.5,-2,14.0
train,Good Fit,1,0.0881,0.3,0,11.0
train,Good Fit,1,0.0644,0.2,1,8.0
train,Good Fit,1,0.0369,0.15,0,0.0
train,Good Fit,1,0.0471,0.3,0,0.0
train,Good Fit,1,0.0829,0.3,0,-6.0
train,Good Fit,1,0.219,0.4,0,0.0
train,Good Fit,1,0.1646,0.3,0,8.0
train,Good Fit,1,0.1487,0.4,1,0.0
train,Good Fit,1,0.1755,0.3,0,-5.0
train,Good Fit,1,0.0896,0.3,-1,5.0
train,Good Fit,1,0.0812,0.2,0,2.0
train,Good Fit,1,0.0708,0.3,1,5.0
train,Good Fit,1,0.0549,0.1,0,11.0
train,Good Fit,1,0.0702,0.25,0,0.0
train,Good Fit,1,0.2432,0.4,1,-2.0
train,Good Fit,1,0.1318,0.35,0,-5.0
train,Good Fit,1,0.4059,0.6,0,0.0
train,Good Fit,1,0.1831,0.4,1,0.0
train,Good Fit,1,0.0643,0.25,-1,0.0
train,Good Fit,1,0.119,0.25,0,2.0
train,Good Fit,1,0.1001,0.5,1,0.0
train,Good Fit,1,0.1103,0.15,0,2.0
train,Good Fit,1,0.1338,0.5,0,2.0
train,Good Fit,1,0.1541,0.4,1,6.0
train,Good Fit,1,0.0633,0.3,0,20.0
train,Good Fit,1,0.1825,0.15,0,8.0
train,Good Fit,1,0.0974,0.45,0,-1.0
train,Good Fit,1,0.1499,0.3,-1,-2.0
train,Good Fit,1,0.1101,0.35,0,6.0
train,Good Fit,1,0.1117,0.2,0,-4.0
train,Good Fit,1,0.1558,0.5,0,0.0
train,Good Fit,1,0.0709,0.2,1,4.0
train,Good Fit,1,0.1009,0.35,0,-10.0
train,Good Fit,1,0.1267,0.65,0,4.0
train,Good Fit,1,0.1083,0.25,0,-1.0
train,Good Fit,1,0.1007,0.3,0,0.0
train,Good Fit,1,0.1092,0.65,0,7.0
train,Good Fit,1,0.0642,0.2,0,5.0
train,Good Fit,1,0.1094,0.4,-1,-6.0
train,Good Fit,1,0.0827,0.5,-2,5.0
train,Good Fit,1,0.1254,0.4,-1,-3.0
train,Good Fit,1,0.1799,0.2,0,6.0
train,Good Fit,1,0.1597,0.4,0,12.0
train,Good Fit,1,0.1762,0.25,0,1.0
train,Good Fit,1,0.0906,0.25,1,5.0
train,Good Fit,1,0.1361,0.4,0,2.0
train,Good Fit,1,0.1217,0.35,-1,9.0
train,Good Fit,1,0.0826,0.4,0,0.0
train,Good Fit,1,0.1982,0.6,-1,10.0
train,Good Fit,1,0.407,0.6,1,-8.0
train,Good Fit,1,0.1089,0.3,0,1.0
train,Good Fit,1,0.0701,0.15,0,4.0
train,Good Fit,1,0.1166,0.35,1,6.0
train,Good Fit,1,0.0738,0.25,0,1.0
train,Good Fit,1,0.1503,0.4,1,5.0
train,Good Fit,1,0.1255,0.4,0,-10.0
train,Good Fit,1,0.0726,0.2,0,11.0
train,Good Fit,1,0.1437,0.45,0,2.0
train,Good Fit,1,0.0776,0.3,0,4.0
train,Good Fit,1,0.1637,0.3,-1,4.0
train,Good Fit,1,0.2975,0.5,0,16.0
train,Good Fit,1,0.0432,0.25,1,-5.0
train,Good Fit,1,0.1019,0.35,1,6.0
train,Good Fit,1,0.2002,0.65,0,11.0
train,Good Fit,1,0.1957,0.6,-1,0.0
train,Good Fit,1,0.0347,0.1,0,11.0
train,Good Fit,1,0.1118,0.25,-2,11.0
train,Good Fit,1,0.0894,0.35,0,0.0
train,Good Fit,1,0.1034,0.2,2,8.0
train,Good Fit,1,0.1022,0.4,1,4.0
train,Good Fit,1,0.0811,0.4,0,-5.0
train,Good Fit,1,0.2441,0.55,0,0.0
train,Good Fit,1,0.0514,0.25,0,17.0
train,Good Fit,1,0.0911,0.2,0,0.0
train,Good Fit,1,0.1056,0.3,0,7.0
train,Good Fit,1,0.094,0.4,0,11.0
train,Good Fit,1,0.3596,0.2,-1,5.0
train,Good Fit,1,0.1432,0.3,0,-2.0
train,Good Fit,1,0.0646,0.25,-1,2.0
train,Good Fit,1,0.13,0.3,0,6.0
train,Good Fit,1,0.0492,0.35,0,7.0
train,Good Fit,1,0.0972,0.2,1,5.0
train,Good Fit,1,0.0762,0.3,-2,-2.0
train,Good Fit,1,0.1215,0.5,0,0.0
train,Good Fit,1,0.2917,0.6,0,9.0
train,Good Fit,1,0.2981,0.45,0,7.0
train,Good Fit,1,0.3343,0.65,1,0.0
train,Good Fit,1,0.2247,0.65,0,0.0
train,Good Fit,1,0.1563,0.3,-2,10.0
train,Good Fit,1,0.0326,0.25,0,5.0
train,Good Fit,1,0.2299,0.35,0,7.0
train,Good Fit,1,0.2936,0.1,0,10.0
train,Good Fit,1,0.0412,0.35,0,0.0
train,Good Fit,1,0.1633,0.3,1,7.0
train,Good Fit,1,0.1065,0.15,-1,0.0
train,Good Fit,1,0.2596,0.65,0,-5.0
train,Good Fit,1,0.0638,0.15,0,12.0
train,Good Fit,1,0.1702,0.35,0,4.0
train,Good Fit,1,0.0804,0.4,0,8.0
train,Good Fit,1,0.0686,0.35,0,16.0
train,Good Fit,1,0.0127,0.05,-1,21.0
train,Good Fit,1,0.0173,0.05,-1,0.0
train,Good Fit,1,0.354,0.4,0,0.0
train,Good Fit,1,0.0404,0.1,-1,5.0
train,Good Fit,1,0.0932,0.15,-1,13.0
train,Good Fit,1,0.1196,0.35,0,5.0
train,Good Fit,1,0.179,0.35,1,0.0
train,Good Fit,1,0.2248,0.5,1,11.0
train,Good Fit,1,0.1518,0.25,-1,21.0
train,Good Fit,1,0.1974,0.35,0,13.0
train,Good Fit,1,0.0828,0.3,1,4.0
train,Good Fit,1,0.2616,0.3,0,15.0
train,Good Fit,1,0.0552,0.25,0,12.0
train,Good Fit,1,0.0977,0.3889,0,5.0
train,Good Fit,1,0.0588,0.3,-1,4.0
train,Good Fit,1,0.0324,0.3,1,11.0
train,Good Fit,1,0.2092,0.2,1,0.0
train,Good Fit,1,0.1192,0.5,0,0.0
train,Good Fit,1,0.1335,0.5,0,12.0
train,Good Fit,1,0.335,0.6,1,-5.0
train,Good Fit,1,0.0511,0.15,0,3.0
train,Good Fit,1,0.1043,0.3,-2,1.0
train,Good Fit,1,0.0034,0.0,-1,13.0
train,Good Fit,1,0.0878,0.35,0,0.0
train,Good Fit,1,0.1417,0.2,0,-8.0
train,Good Fit,1,0.1181,0.3,0,0.0
train,Good Fit,1,0.0844,0.2,0,3.0
train,Good Fit,1,0.0619,0.4,1,7.0
train,Good Fit,1,0.1818,0.25,1,-4.0
train,Good Fit,1,0.1464,0.4,1,0.0
train,Good Fit,1,0.0445,0.15,0,8.0
train,Good Fit,1,0.0988,0.3,0,0.0
train,Good Fit,1,0.2499,0.4,0,6.0
train,Good Fit,1,0.0519,0.35,0,0.0
train,Good Fit,1,0.0625,0.25,0,13.0
train,Good Fit,1,0.2626,0.25,0,10.0
train,Good Fit,1,0.0236,0.05,-2,0.0
train,Good Fit,1,0.252,0.55,1,-2.0
train,Good Fit,1,0.0331,0.15,0,11.0
train,Good Fit,1,0.046,0.25,0,10.0
train,Good Fit,1,0.1856,0.5,0,0.0
train,Good Fit,1,0.0994,0.35,-1,0.0
train,Good Fit,1,0.1911,0.5,-1,7.0
train,Good Fit,1,0.154,0.4,0,8.0
train,Good Fit,1,0.1849,0.45,-1,10.0
train,Good Fit,1,0.2517,0.2,0,3.0
train,Good Fit,1,0.0988,0.3,0,5.0
train,Good Fit,1,0.0859,0.3,1,2.0
train,Good Fit,1,0.1569,0.15,0,10.0
train,Good Fit,1,0.1659,0.55,0,0.0
train,Good Fit,1,0.0345,0.1,1,24.0
train,Good Fit,1,0.0962,0.25,0,4.0
train,Good Fit,1,0.0566,0.2,-1,2.0
train,Good Fit,1,0.0746,0.25,0,2.0
train,Good Fit,1,0.1527,0.45,1,0.0
train,Good Fit,1,0.1281,0.35,-2,21.0
train,Good Fit,1,0.0942,0.15,0,11.0
train,Good Fit,1,0.1063,0.3,0,3.0
train,Good Fit,1,0.1207,0.15,0,12.0
train,Good Fit,1,0.0401,0.15,1,5.0
train,Good Fit,1,0.1204,0.2,-2,-2.0
train,Good Fit,1,0.0625,0.15,0,2.0
train,Good Fit,1,0.0275,0.15,2,13.0
train,Good Fit,1,0.2709,0.3,0,15.0
train,Good Fit,1,0.104,0.35,-2,3.0
train,Good Fit,1,0.0863,0.2,1,5.0
train,Good Fit,1,0.2576,0.65,-1,9.0
train,Good Fit,1,0.0519,0.15,1,5.0
train,Good Fit,1,0.0798,0.3,-1,0.0
train,Good Fit,1,0.0715,0.2,0,8.0
train,Good Fit,1,0.1561,0.3,0,0.0
train,Good Fit,1,0.0408,0.2,0,5.0
train,Good Fit,1,0.0747,0.05,0,13.0
train,Good Fit,1,0.1477,0.4,0,7.0
train,Good Fit,1,0.0651,0.25,1,2.0
train,Good Fit,1,0.1382,0.35,0,13.0
train,Good Fit,1,0.0677,0.2,0,7.0
train,Good Fit,1,0.0861,0.3,0,8.0
train,Good Fit,1,0.1244,0.3,-1,21.0
train,Good Fit,1,0.0857,0.15,1,-5.0
train,Good Fit,1,0.0416,0.3,-2,4.0
train,Good Fit,1,0.0951,0.25,0,3.0
train,Good Fit,1,0.0819,0.25,-1,-7.0
train,Good Fit,1,0.307,0.45,1,7.0
train,Good Fit,1,0.1957,0.3,2,3.0
train,Good Fit,1,0.0548,0.15,0,11.0
train,Good Fit,1,0.2061,0.3,1,0.0
train,Good Fit,1,0.2072,0.4,0,5.0
train,Good Fit,1,0.0722,0.3,1,-10.0
train,Good Fit,1,0.3293,0.6,1,2.0
train,Good Fit,1,0.1618,0.4,0,7.0
train,Good Fit,1,0.1056,0.2,0,3.0
train,Good Fit,1,0.0731,0.15,0,0.0
train,Good Fit,1,0.1678,0.4,0,2.0
train,Good Fit,1,0.122,0.3,0,-4.0
train,Good Fit,1,0.1652,0.35,0,-5.0
train,Good Fit,1,0.0585,0.35,-1,0.0
train,Good Fit,1,0.0871,0.15,2,9.0
train,Good Fit,1,0.0618,0.35,0,-5.0
train,Good Fit,1,0.1407,0.4,0,-1.0
train,Good Fit,1,0.0989,0.25,0,2.0
train,Good Fit,1,0.086,0.3,-1,0.0
train,Good Fit,1,0.0275,0.1,2,10.0
train,Good Fit,1,0.2322,0.65,1,11.0
train,Good Fit,1,0.0915,0.2,-2,0.0
train,Good Fit,1,0.0686,0.1,-2,6.0
train,Good Fit,1,0.0714,0.3,0,12.0
train,Good Fit,1,0.2479,0.7,0,1.0
train,Good Fit,1,0.0706,0.25,0,6.0
train,Good Fit,1,0.1367,0.35,-1,3.0
train,Good Fit,1,0.0911,0.15,0,0.0
train,Good Fit,1,0.0775,0.15,1,9.0
train,Good Fit,1,0.1259,0.35,-3,14.0
train,Good Fit,1,0.192,0.55,-1,14.0
train,Good Fit,1,0.0469,0.0,0,12.0
train,Good Fit,1,0.0695,0.3,1,5.0
train,Good Fit,1,0.2025,0.15,0,14.0
train,Good Fit,1,0.2358,0.5,1,11.0
train,Good Fit,1,0.0778,0.25,1,5.0
train,Good Fit,1,0.1787,0.65,0,-1.0
train,Good Fit,1,0.3228,0.55,0,0.0
train,Good Fit,1,0.1034,0.3,0,12.0
train,Good Fit,1,0.1238,0.35,0,10.0
train,Good Fit,1,0.2439,0.7,0,9.0
train,Good Fit,1,0.0898,0.2,1,4.0
train,Good Fit,1,0.0244,0.1,0,4.0
train,Good Fit,1,0.091,0.1,-1,5.0
train,Good Fit,1,0.3065,0.2,-1,17.0
train,Good Fit,1,0.1433,0.55,0,1.0
train,Good Fit,1,0.2185,0.55,-2,5.0
train,Good Fit,1,0.2681,0.6,0,0.0
train,Good Fit,1,0.1069,0.3,0,0.0
train,Good Fit,1,0.0427,0.1,0,6.0
train,Good Fit,1,0.0747,0.25,1,12.0
train,Good Fit,1,0.1644,0.3,0,5.0
train,Good Fit,1,0.1143,0.4,0,0.0
train,Good Fit,1,0.1523,0.55,0,0.0
train,Good Fit,1,0.2098,0.3,0,0.0
train,Good Fit,1,0.0836,0.4,0,4.0
train,Good Fit,1,0.0505,0.2,0,8.0
train,Good Fit,1,0.2054,0.4,1,0.0
train,Good Fit,1,0.1536,0.15,0,8.0
train,Good Fit,1,0.1313,0.15,0,0.0
train,Good Fit,1,0.1133,0.25,0,0.0
train,Good Fit,1,0.1767,0.25,0,10.0
train,Good Fit,1,0.1354,0.5,0,6.0
train,Good Fit,1,0.1325,0.3,-1,0.0
train,Good Fit,1,0.0275,0.1111,0,11.0
train,Good Fit,1,0.1733,0.4,0,-8.0
train,Good Fit,1,0.1533,0.4,1,5.0
train,Good Fit,1,0.1364,0.45,0,0.0
train,Good Fit,1,0.0624,0.25,0,0.0
train,Good Fit,1,0.2104,0.65,1,11.0
train,Good Fit,1,0.0311,0.1,0,12.0
train,Good Fit,1,0.0607,0.35,1,1.0
train,Good Fit,1,0.2068,0.55,0,5.0
train,Good Fit,1,0.1211,0.5,0,0.0
train,Good Fit,1,0.0616,0.35,-2,2.0
train,Good Fit,1,0.2842,0.4,0,0.0
train,Good Fit,1,0.1168,0.55,0,0.0
train,Good Fit,1,0.0993,0.3,0,0.0
train,Good Fit,1,0.0709,0.25,0,-6.0
train,Good Fit,1,0.1427,0.35,1,6.0
train,Good Fit,1,0.1222,0.25,1,7.0
train,Good Fit,1,0.0741,0.45,1,2.0
train,Good Fit,1,0.0758,0.2,0,4.0
train,Good Fit,1,0.0798,0.3,0,7.0
train,Good Fit,1,0.3156,0.45,0,-5.0
train,Good Fit,1,0.1882,0.55,1,0.0
train,Good Fit,1,0.2252,0.5,0,0.0
train,Good Fit,1,0.0739,0.1,-1,-10.0
train,Good Fit,1,0.1486,0.4,1,1.0
train,Good Fit,1,0.1622,0.6,0,13.0
train,Good Fit,1,0.1239,0.4,0,0.0
train,Good Fit,1,0.0775,0.2,0,0.0
train,Good Fit,1,0.0716,0.2,-2,1.0
train,Good Fit,1,0.0713,0.35,0,-8.0
train,Good Fit,1,0.1085,0.35,0,0.0
train,Good Fit,1,0.0883,0.25,0,0.0
train,Good Fit,1,0.0328,0.15,-2,-6.0
train,Good Fit,1,0.1067,0.35,-2,6.0
train,Good Fit,1,0.064,0.3,0,-15.0
train,Good Fit,1,0.0984,0.3,0,2.0
train,Good Fit,1,0.0249,0.0,0,11.0
train,Good Fit,1,0.0917,0.4,0,-2.0
train,Good Fit,1,0.0772,0.15,1,9.0
train,Good Fit,1,0.1056,0.25,1,25.0
train,Good Fit,1,0.1382,0.3,0,-4.0
train,Good Fit,1,0.0849,0.3,-1,-5.0
train,Good Fit,1,0.0576,0.1,0,21.0
train,Good Fit,1,0.1669,0.25,0,-4.0
train,Good Fit,1,0.1377,0.5,0,0.0
train,Good Fit,1,0.2565,0.55,0,2.0
train,Good Fit,1,0.1323,0.4,0,5.0
train,Good Fit,1,0.2501,0.6,0,-4.0
train,Good Fit,1,0.1745,0.4444,0,0.0
train,Good Fit,1,0.0968,0.5,0,5.0
train,Good Fit,1,0.1345,0.4,0,0.0
train,Good Fit,1,0.1759,0.55,1,0.0
train,Good Fit,1,0.0301,0.2,-2,-1.0
train,Good Fit,1,0.1621,0.4,0,0.0
train,Good Fit,1,0.0287,0.35,-2,4.0
train,Good Fit,1,0.3016,0.6,0,1.0
train,Good Fit,1,0.0834,0.45,0,-8.0
train,Good Fit,1,0.0565,0.15,0,10.0
train,Good Fit,1,0.1451,0.5,1,-8.0
train,Good Fit,1,0.1234,0.4,-1,0.0
train,Good Fit,1,0.1734,0.3,0,2.0
train,Good Fit,1,0.0783,0.1,0,4.0
train,Good Fit,1,0.0745,0.3,0,8.0
train,Good Fit,1,0.1408,0.45,-1,0.0
train,Good Fit,1,0.0611,0.25,-1,6.0
train,Good Fit,1,0.1147,0.2,0,6.0
train,Good Fit,1,0.1136,0.3,0,10.0
train,Good Fit,1,0.1386,0.45,0,0.0
train,Good Fit,1,0.1484,0.35,-1,-1.0
train,Good Fit,1,0.1529,0.5,-1,0.0
train,Good Fit,1,0.1293,0.2,0,6.0
train,Good Fit,1,0.1092,0.3,1,0.0
train,Good Fit,1,0.0881,0.4,0,-5.0
train,Good Fit,1,0.0779,0.4,0,0.0
train,Good Fit,1,0.0685,0.15,0,6.0
train,Good Fit,1,0.0991,0.35,0,0.0
train,Good Fit,1,0.0564,0.25,0,12.0
train,Good Fit,1,0.1014,0.3,0,0.0
train,Good Fit,1,0.2465,0.6,-1,0.0
train,Good Fit,1,0.0271,0.25,0,12.0
train,Good Fit,1,0.1145,0.45,0,3.0
train,Good Fit,1,0.0785,0.1,0,4.0
train,Good Fit,1,0.0753,0.35,0,7.0
train,Good Fit,1,0.2157,0.5,0,0.0
train,Good Fit,1,0.0571,0.2,0,12.0
train,Good Fit,1,0.3452,0.4,0,-2.0
train,Good Fit,1,0.1106,0.5,0,-3.0
train,Good Fit,1,0.4943,0.45,1,6.0
train,Good Fit,1,0.1075,0.3,0,0.0
train,Good Fit,1,0.0449,0.2,0,11.0
train,Good Fit,1,0.1794,0.55,1,1.0
train,Good Fit,1,0.1573,0.55,1,0.0
train,Good Fit,1,0.1127,0.45,0,2.0
train,Good Fit,1,0.0459,0.2,0,8.0
train,Good Fit,1,0.0873,0.15,0,2.0
train,Good Fit,1,0.1519,0.3,0,21.0
train,Good Fit,1,0.0934,0.2,-1,4.0
train,Good Fit,1,0.1526,0.4,1,-3.0
train,Good Fit,1,0.0881,0.35,-1,0.0
train,Good Fit,1,0.1093,0.4,0,5.0
train,Good Fit,1,0.1074,0.35,0,4.0
train,Good Fit,1,0.2248,0.5,0,9.0
train,Good Fit,1,0.041,0.1111,0,0.0
train,Good Fit,1,0.0602,0.05,0,11.0
train,Good Fit,1,0.1142,0.55,0,3.0
train,Good Fit,1,0.1662,0.55,1,0.0
train,Good Fit,1,0.2398,0.55,0,0.0
train,Good Fit,1,0.2957,0.7,0,0.0
train,Good Fit,1,0.0519,0.2,1,5.0
train,Good Fit,1,0.1113,0.45,0,-10.0
train,Good Fit,1,0.0703,0.2,0,-10.0
train,Good Fit,1,0.1499,0.35,0,14.0
train,Good Fit,1,0.0511,0.15,0,0.0
train,Good Fit,1,0.1521,0.3,0,-10.0
train,Good Fit,1,0.1099,0.35,-2,2.0
train,Good Fit,1,0.4258,0.35,0,6.0
train,Good Fit,1,0.1141,0.4,0,8.0
train,Good Fit,1,0.0595,0.1,1,3.0
train,Good Fit,1,0.0699,0.3,0,0.0
train,Good Fit,1,0.046,0.15,0,7.0
train,Good Fit,1,0.1019,0.35,1,6.0
train,Good Fit,1,0.1639,0.4,0,2.0
train,Good Fit,1,0.0317,0.1,-1,10.0
train,Good Fit,1,0.137,0.3,0,-7.0
train,Good Fit,1,0.0806,0.1,0,-2.0
train,Good Fit,1,0.065,0.35,1,13.0
train,Good Fit,1,0.1197,0.5,0,-1.0
train,Good Fit,1,0.4062,0.35,-2,15.0
train,Good Fit,1,0.1461,0.3,0,0.0
train,Good Fit,1,0.2992,0.6,1,1.0
train,Good Fit,1,0.156,0.45,-2,12.0
train,Good Fit,1,0.1215,0.45,0,0.0
train,Good Fit,1,0.2712,0.6,0,0.0
train,Good Fit,1,0.1096,0.35,-1,0.0
train,Good Fit,1,0.0545,0.1,0,0.0
train,Good Fit,1,0.0937,0.2,0,0.0
train,Good Fit,1,0.0634,0.3,-1,0.0
train,Good Fit,1,0.0799,0.35,1,5.0
train,Good Fit,1,0.1582,0.6,1,7.0
train,Good Fit,1,0.0971,0.4,0,3.0
train,Good Fit,1,0.0877,0.4,0,-4.0
train,Good Fit,1,0.3455,0.6,1,7.0
train,Good Fit,1,0.1194,0.45,0,14.0
train,Good Fit,1,0.0884,0.3,0,0.0
train,Good Fit,1,0.1019,0.15,-1,11.0
train,Good Fit,1,0.047,0.1,0,11.0
train,Good Fit,1,0.0845,0.15,-1,-5.0
train,Good Fit,1,0.0675,0.2,0,-2.0
train,Good Fit,1,0.0592,0.3,0,2.0
train,Good Fit,1,0.0522,0.2,0,10.0
train,Good Fit,1,0.0745,0.3,0,8.0
train,Good Fit,1,0.0927,0.6,0,0.0
train,Good Fit,1,0.0943,0.25,0,0.0
train,Good Fit,1,0.0903,0.3,0,-1.0
train,Good Fit,1,0.0205,0.15,-2,4.0
train,Good Fit,1,0.0392,0.15,0,11.0
train,Good Fit,1,0.2427,0.7,0,9.0
train,Good Fit,1,0.1488,0.5,0,6.0
train,Good Fit,1,0.207,0.3,0,0.0
train,Good Fit,1,0.033,0.1,0,11.0
train,Good Fit,1,0.0772,0.3,0,11.0
train,Good Fit,1,0.1838,0.35,0,7.0
train,Good Fit,1,0.0483,0.05,0,4.0
train,Good Fit,1,0.1485,0.5556,0,21.0
train,Good Fit,1,0.1044,0.25,-1,2.0
train,Good Fit,1,0.1866,0.4,0,0.0
train,Good Fit,1,0.0703,0.35,1,-8.0
train,Good Fit,1,0.0414,0.35,1,0.0
train,Good Fit,1,0.1792,0.3,0,13.0
train,Good Fit,1,0.0736,0.25,1,0.0
train,Good Fit,1,0.0806,0.35,0,0.0
train,Good Fit,1,0.0996,0.3,1,0.0
train,Good Fit,1,0.0866,0.2,-1,10.0
train,Good Fit,1,0.3237,0.5,0,5.0
train,Good Fit,1,0.1492,0.4,0,11.0
train,Good Fit,1,0.1085,0.3,0,0.0
train,Good Fit,1,0.1337,0.35,0,10.0
train,Good Fit,1,0.161,0.45,0,2.0
train,Good Fit,1,0.3175,0.35,1,1.0
train,Good Fit,1,0.3376,0.5,-1,5.0
train,Good Fit,1,0.0381,0.2,0,7.0
train,Good Fit,1,0.1123,0.35,1,0.0
train,Good Fit,1,0.1945,0.55,0,0.0
train,Good Fit,1,0.1067,0.3,-1,10.0
train,Good Fit,1,0.1536,0.2,1,3.0
train,Good Fit,1,0.1203,0.5,0,4.0
train,Good Fit,1,0.0835,0.5,0,-15.0
train,Good Fit,1,0.233,0.45,-1,7.0
train,Good Fit,1,0.1662,0.4,0,0.0
train,Good Fit,1,0.0501,0.1,0,9.0
train,Good Fit,1,0.0678,0.35,0,21.0
train,Good Fit,1,0.034,0.05,-1,0.0
train,Good Fit,1,0.0694,0.15,1,-4.0
train,Good Fit,1,0.1533,0.45,0,0.0
train,Good Fit,1,0.1152,0.25,0,9.0
train,Good Fit,1,0.2556,0.25,0,5.0
train,Good Fit,1,0.1727,0.55,0,0.0
train,Good Fit,1,0.0511,0.15,-1,-1.0
train,Good Fit,1,0.1202,0.5,-1,-10.0
train,Good Fit,1,0.0766,0.3,-1,16.0
train,Good Fit,1,0.1579,0.3,1,14.0
train,Good Fit,1,0.1056,0.45,0,-8.0
train,Good Fit,1,0.1302,0.15,0,21.0
train,Good Fit,1,0.1262,0.5,0,-1.0
train,Good Fit,1,0.0358,0.2,0,7.0
train,Good Fit,1,0.0523,0.2,0,0.0
train,Good Fit,1,0.0724,0.55,0,0.0
train,Good Fit,1,0.1064,0.2,0,0.0
train,Good Fit,1,0.0693,0.05,0,10.0
train,Good Fit,1,0.2197,0.25,0,-5.0
train,Good Fit,1,0.0418,0.25,0,14.0
train,Good Fit,1,0.1057,0.35,0,3.0
train,Good Fit,1,0.1558,0.5,0,-8.0
train,Good Fit,1,0.0494,0.25,1,-5.0
train,Good Fit,1,0.1343,0.5,1,0.0
train,Good Fit,1,0.4619,0.6,1,7.0
train,Good Fit,1,0.1633,0.55,0,2.0
train,Good Fit,1,0.1659,0.4,0,12.0
train,Good Fit,1,0.071,0.3,1,-5.0
train,Good Fit,1,0.1097,0.35,1,-3.0
train,Good Fit,1,0.1722,0.55,0,2.0
train,Good Fit,1,0.1924,0.3,0,-5.0
train,Good Fit,1,0.135,0.3,0,21.0
train,Good Fit,1,0.1083,0.15,0,-1.0
train,Good Fit,1,0.1192,0.2,0,-4.0
train,Good Fit,1,0.1381,0.2,0,-4.0
train,Good Fit,1,0.1362,0.45,-1,8.0
train,Good Fit,1,0.1144,0.25,1,0.0
train,Good Fit,1,0.083,0.5,0,0.0
train,Good Fit,1,0.2813,0.35,1,3.0
train,Good Fit,1,0.1097,0.25,-1,-5.0
train,Good Fit,1,0.1526,0.3,-1,12.0
train,Good Fit,1,0.0768,0.25,-1,2.0
train,Good Fit,1,0.1127,0.2,-1,15.0
train,Good Fit,1,0.1055,0.45,0,-4.0
train,Good Fit,1,0.1947,0.25,0,2.0
train,Good Fit,1,0.089,0.25,-1,22.0
train,Good Fit,1,0.1007,0.15,-2,14.0
train,Good Fit,1,0.1121,0.15,0,-8.0
train,Good Fit,1,0.0493,0.15,0,21.0
train,Good Fit,1,0.0656,0.3,1,0.0
train,Good Fit,1,0.1487,0.4,0,0.0
train,Good Fit,1,0.0591,0.15,0,8.0
train,Good Fit,1,0.205,0.2,0,10.0
train,Good Fit,1,0.1999,0.65,1,0.0
train,Good Fit,1,0.1009,0.2,1,5.0
train,Good Fit,1,0.1096,0.25,1,5.0
train,Good Fit,1,0.0516,0.3,0,6.0
train,Good Fit,1,0.07,0.2,-2,1.0
train,Good Fit,1,0.1698,0.4,0,12.0
train,Good Fit,1,0.1367,0.4,1,5.0
train,Good Fit,1,0.1265,0.35,0,4.0
train,Good Fit,1,0.1561,0.5,-1,7.0
train,Good Fit,1,0.0594,0.2,-1,0.0
train,Good Fit,1,0.1241,0.3,-2,5.0
train,Good Fit,1,0.115,0.3,-1,12.0
train,Good Fit,1,0.0622,0.2,0,11.0
train,Good Fit,1,0.1997,0.3,0,8.0
train,Good Fit,1,0.0613,0.25,0,13.0
train,Good Fit,1,0.3106,0.4,0,0.0
train,Good Fit,1,0.1565,0.4,0,0.0
train,Good Fit,1,0.1292,0.15,0,5.0
train,Good Fit,1,0.078,0.3,0,-3.0
train,Good Fit,1,0.1013,0.3,0,20.0
train,Good Fit,1,0.0512,0.15,0,0.0
train,Good Fit,1,0.059,0.2778,0,8.0
train,Good Fit,1,0.1197,0.35,1,0.0
train,Good Fit,1,0.1228,0.4,-1,0.0
train,Good Fit,1,0.2238,0.5,0,-5.0
train,Good Fit,1,0.1876,0.25,-2,8.0
train,Good Fit,1,0.0857,0.25,0,21.0
train,Good Fit,1,0.0695,0.2,-2,4.0
train,Good Fit,1,0.07,0.1,0,12.0
train,Good Fit,1,0.139,0.35,0,-5.0
train,Good Fit,1,0.3503,0.3,0,4.0
train,Good Fit,1,0.0883,0.2,0,0.0
train,Good Fit,1,0.0543,0.15,0,3.0
train,Good Fit,1,0.0737,0.2,0,2.0
train,Good Fit,1,0.1003,0.2,0,12.0
train,Good Fit,1,0.1763,0.45,0,-5.0
train,Good Fit,1,0.1099,0.5,0,0.0
train,Good Fit,1,0.0845,0.25,1,-1.0
train,Good Fit,1,0.1309,0.35,1,-2.0
train,Good Fit,1,0.255,0.4,0,3.0
train,Good Fit,1,0.0517,0.15,0,-5.0
train,Good Fit,1,0.1204,0.25,0,5.0
train,Good Fit,1,0.1759,0.45,0,11.0
train,Good Fit,1,0.0647,0.35,0,8.0
train,Good Fit,1,0.2002,0.6,-1,0.0
train,Good Fit,1,0.3528,0.65,0,15.0
train,Good Fit,1,0.1548,0.45,0,9.0
train,Good Fit,1,0.195,0.3,0,0.0
train,Good Fit,1,0.3212,0.5,1,7.0
train,Good Fit,1,0.1424,0.5,-2,6.0
train,Good Fit,1,0.2248,0.55,0,12.0
train,Good Fit,1,0.0799,0.35,0,4.0
train,Good Fit,1,0.1002,0.2,0,17.0
train,Good Fit,1,0.1145,0.15,0,-8.0
train,Good Fit,1,0.1429,0.5,0,3.0
train,Good Fit,1,0.1257,0.35,1,0.0
train,Good Fit,1,0.1782,0.35,0,0.0
train,Good Fit,1,0.1744,0.45,0,9.0
train,Good Fit,1,0.0421,0.2,1,5.0
train,Good Fit,1,0.1851,0.35,0,8.0
train,Good Fit,1,0.1087,0.4,0,2.0
train,Good Fit,1,0.2103,0.55,0,0.0
train,Good Fit,1,0.1745,0.4,0,6.0
train,Good Fit,1,0.0567,0.2222,-1,0.0
train,Good Fit,1,0.171,0.55,0,0.0
train,Good Fit,1,0.1103,0.15,0,-3.0
train,Good Fit,1,0.0998,0.2,-1,0.0
train,Good Fit,1,0.0662,0.3,-1,10.0
train,Good Fit,1,0.0514,0.15,-1,0.0
train,Good Fit,1,0.1709,0.6,1,13.0
train,Good Fit,1,0.0782,0.2,0,0.0
train,Good Fit,1,0.0603,0.3333,0,2.0
train,Good Fit,1,0.1745,0.4,-2,12.0
train,Good Fit,1,0.2093,0.55,1,0.0
train,Good Fit,1,0.0555,0.25,0,10.0
train,Good Fit,1,0.0478,0.35,0,13.0
train,Good Fit,1,0.1211,0.5,0,2.0
train,Good Fit,1,0.1819,0.65,-1,9.0
train,Good Fit,1,0.1907,0.25,-1,12.0
train,Good Fit,1,0.0793,0.25,0,-2.0
train,Good Fit,1,0.0372,0.1,0,5.0
train,Good Fit,1,0.1515,0.45,1,-5.0
train,Good Fit,1,0.094,0.3,1,6.0
train,Good Fit,1,0.1356,0.4,1,4.0
train,Good Fit,1,0.1501,0.45,1,14.0
train,Good Fit,1,0.1682,0.4,1,1.0
train,Good Fit,1,0.1282,0.3,0,2.0
train,Good Fit,1,0.0855,0.2,0,13.0
train,Good Fit,1,0.1916,0.45,0,3.0
train,Good Fit,1,0.1577,0.3,-1,13.0
train,Good Fit,1,0.073,0.2,-2,-2.0
train,Good Fit,1,0.2578,0.45,-1,5.0
train,Good Fit,1,0.1495,0.35,0,10.0
train,Good Fit,1,0.1219,0.25,0,24.0
train,Good Fit,1,0.151,0.35,0,10.0
train,Good Fit,1,0.0414,0.1,0,12.0
train,Good Fit,1,0.0534,0.2,0,11.0
train,Good Fit,1,0.0256,0.05,-1,5.0
train,Good Fit,1,0.1186,0.3,0,2.0
train,Good Fit,1,0.1389,0.25,1,12.0
train,Good Fit,1,0.1155,0.3,1,8.0
train,Good Fit,1,0.0955,0.45,1,5.0
train,Good Fit,1,0.0948,0.45,1,5.0
train,Good Fit,1,0.0738,0.25,-1,4.0
train,Good Fit,1,0.2265,0.35,0,0.0
train,Good Fit,1,0.0646,0.1,-1,0.0
train,Good Fit,1,0.0939,0.35,-4,8.0
train,Good Fit,1,0.0907,0.3,0,0.0
train,Good Fit,1,0.2233,0.6,0,8.0
train,Good Fit,1,0.1706,0.4,0,-8.0
train,Good Fit,1,0.1669,0.65,0,0.0
train,Good Fit,1,0.2302,0.55,0,11.0
train,Good Fit,1,0.0859,0.45,1,17.0
train,Good Fit,1,0.2161,0.35,0,11.0
train,Good Fit,1,0.1198,0.35,0,5.0
train,Good Fit,1,0.1039,0.25,0,-8.0
train,Good Fit,1,0.039,0.2,0,-5.0
train,Good Fit,1,0.1276,0.35,-2,18.0
train,Good Fit,1,0.1432,0.6,0,5.0
train,Good Fit,1,0.2137,0.3,1,6.0
train,Good Fit,1,0.1429,0.3,0,0.0
train,Good Fit,1,0.0489,0.1,0,6.0
train,Good Fit,1,0.1093,0.2222,0,21.0
train,Good Fit,1,0.1722,0.35,-1,-10.0
train,Good Fit,1,0.146,0.35,1,0.0
train,Good Fit,1,0.1117,0.2,0,12.0
train,Good Fit,1,0.0249,0.05,0,11.0
train,Good Fit,1,0.1105,0.5,0,5.0
train,Good Fit,1,0.0798,0.35,0,5.0
train,Good Fit,1,0.2486,0.65,0,0.0
train,Good Fit,1,0.0547,0.2,0,0.0
train,Good Fit,1,0.0768,0.25,0,0.0
train,Good Fit,1,0.2607,0.45,0,8.0
train,Good Fit,1,0.2394,0.5,-1,-2.0
train,Good Fit,1,0.0612,0.3,0,14.0
train,Good Fit,1,0.1745,0.5,0,11.0
train,Good Fit,1,0.2313,0.35,0,10.0
train,Good Fit,1,0.3823,0.5556,0,6.0
train,Good Fit,1,0.0946,0.2,0,-4.0
train,Good Fit,1,0.1917,0.5,0,9.0
train,Good Fit,1,0.0763,0.15,0,0.0
train,Good Fit,1,0.1398,0.7,0,0.0
train,Good Fit,1,0.2951,0.35,0,0.0
train,Good Fit,1,0.1851,0.3,0,-5.0
train,Good Fit,1,0.0933,0.25,0,6.0
train,Good Fit,1,0.17,0.6,0,-5.0
train,Good Fit,1,0.0996,0.35,0,14.0
train,Good Fit,1,0.0921,0.4,1,2.0
train,Good Fit,1,0.2025,0.4,0,0.0
train,Good Fit,1,0.041,0.25,2,15.0
train,Good Fit,1,0.2561,0.6,0,-5.0
train,Good Fit,1,0.0719,0.45,1,5.0
train,Good Fit,1,0.0511,0.15,0,5.0
train,Good Fit,1,0.0825,0.2,0,-1.0
train,Good Fit,1,0.2334,0.3,0,8.0
train,Good Fit,1,0.1223,0.45,0,0.0
train,Good Fit,1,0.0515,0.2,1,9.0
train,Good Fit,1,0.0434,0.3,1,12.0
train,Good Fit,1,0.0407,0.1,1,-5.0
train,Good Fit,1,0.3874,0.45,1,-1.0
train,Good Fit,1,0.0358,0.05,1,0.0
train,Good Fit,1,0.1182,0.3,-1,-5.0
train,Good Fit,1,0.1463,0.35,0,9.0
train,Good Fit,1,0.1124,0.3,0,-10.0
train,Good Fit,1,0.2519,0.15,2,8.0
train,Good Fit,1,0.0922,0.2,0,1.0
train,Good Fit,1,0.0601,0.15,-1,3.0
train,Good Fit,1,0.1957,0.4,0,-4.0
train,Good Fit,1,0.2069,0.4,-1,0.0
train,Good Fit,1,0.1248,0.3,-1,1.0
train,Good Fit,1,0.0907,0.4,0,10.0
train,Good Fit,1,0.1251,0.4,-1,-5.0
train,Good Fit,1,0.1517,0.35,0,7.0
train,Good Fit,1,0.0669,0.35,1,-5.0
train,Good Fit,1,0.0639,0.2,-2,5.0
train,Good Fit,1,0.0554,0.1,1,3.0
train,Good Fit,1,0.1248,0.3,0,0.0
train,Good Fit,1,0.133,0.25,2,0.0
train,Good Fit,1,0.1209,0.45,-2,-2.0
train,Good Fit,1,0.1997,0.5,1,19.0
train,Good Fit,1,0.1001,0.5,0,7.0
train,Good Fit,1,0.4542,0.6,0,5.0
train,Good Fit,1,0.2689,0.8,0,0.0
train,Good Fit,1,0.0199,0.1,-1,11.0
train,Good Fit,1,0.1341,0.25,-1,-1.0
train,Good Fit,1,0.1291,0.2,1,-3.0
train,Good Fit,1,0.12,0.3,0,6.0
train,Good Fit,1,0.0663,0.2,-1,5.0
train,Good Fit,1,0.1638,0.4,0,13.0
train,Good Fit,1,0.0831,0.1,-1,-1.0
train,Good Fit,1,0.1177,0.35,0,5.0
train,Good Fit,1,0.1273,0.2,1,-8.0
train,Good Fit,1,0.3411,0.35,1,0.0
train,Good Fit,1,0.1277,0.25,0,2.0
train,Good Fit,1,0.2329,0.5,0,-5.0
train,Good Fit,1,0.1117,0.3,1,2.0
train,Good Fit,1,0.1103,0.25,0,4.0
train,Good Fit,1,0.1645,0.4,0,7.0
train,Good Fit,1,0.1606,0.5,-1,9.0
train,Good Fit,1,0.0884,0.3,0,12.0
train,Good Fit,1,0.0641,0.25,0,-4.0
train,Good Fit,1,0.0705,0.3,-1,-6.0
train,Good Fit,1,0.1139,0.5,0,-10.0
train,Good Fit,1,0.1087,0.3,0,0.0
train,Good Fit,1,0.0829,0.05,-1,0.0
train,Good Fit,1,0.1476,0.5,0,0.0
train,Good Fit,1,0.31,0.6111,1,9.0
train,Good Fit,1,0.1616,0.4,0,10.0
train,Good Fit,1,0.1537,0.5,0,0.0
train,Good Fit,1,0.2431,0.8,0,0.0
train,Good Fit,1,0.1004,0.3,-2,5.0
train,Good Fit,1,0.3819,0.5,0,5.0
train,Good Fit,1,0.0587,0.05,0,-8.0
train,Good Fit,1,0.2345,0.3,0,1.0
train,Good Fit,1,0.1423,0.6111,0,6.0
train,Good Fit,1,0.0926,0.35,0,12.0
train,Good Fit,1,0.2164,0.35,1,2.0
train,Good Fit,1,0.3736,0.45,-2,5.0
train,Good Fit,1,0.101,0.45,1,6.0
train,Good Fit,1,0.1891,0.6,-1,0.0
train,Good Fit,1,0.0256,0.35,-2,4.0
train,Good Fit,1,0.1395,0.3,0,10.0
train,Good Fit,1,0.0744,0.2,-1,1.0
train,Good Fit,1,0.0881,0.35,0,-7.0
train,Good Fit,1,0.0346,0.2,-1,0.0
train,Good Fit,1,0.1315,0.5,1,-2.0
train,Good Fit,1,0.0583,0.35,0,8.0
train,Good Fit,1,0.1435,0.3,0,8.0
train,Good Fit,1,0.0178,0.15,0,14.0
train,Good Fit,1,0.0584,0.1,-1,13.0
train,Good Fit,1,0.0492,0.35,0,7.0
train,Good Fit,1,0.0796,0.45,0,5.0
train,Good Fit,1,0.1353,0.4,1,6.0
train,Good Fit,1,0.1774,0.4,-1,6.0
train,Good Fit,1,0.1787,0.45,-1,0.0
train,Good Fit,1,0.1311,0.35,0,13.0
train,Good Fit,1,0.0873,0.45,0,0.0
train,Good Fit,1,0.1687,0.5,0,3.0
train,Good Fit,1,0.1583,0.3,0,5.0
train,Good Fit,1,0.0607,0.15,-1,0.0
train,Good Fit,1,0.1497,0.45,0,0.0
train,Good Fit,1,0.0392,0.15,0,11.0
train,Good Fit,1,0.0995,0.25,0,3.0
train,Good Fit,1,0.0721,0.2,0,0.0
train,Good Fit,1,0.1681,0.25,0,15.0
train,Good Fit,1,0.0519,0.2,0,0.0
train,Good Fit,1,0.0988,0.2,0,0.0
train,Good Fit,1,0.1487,0.55,0,0.0
train,Good Fit,1,0.1076,0.45,0,-8.0
train,Good Fit,1,0.0706,0.2,0,12.0
train,Good Fit,1,0.188,0.5,0,4.0
train,Good Fit,1,0.238,0.55,0,12.0
train,Good Fit,1,0.0553,0.15,-2,8.0
train,Good Fit,1,0.0615,0.25,0,18.0
train,Good Fit,1,0.1699,0.45,0,0.0
train,Good Fit,1,0.109,0.3,-2,-4.0
train,Good Fit,1,0.1834,0.45,-1,11.0
train,Good Fit,1,0.1615,0.6,0,9.0
train,Good Fit,1,0.0317,0.2,0,0.0
train,Good Fit,1,0.1069,0.35,0,-7.0
train,Good Fit,1,0.0188,0.05,0,7.0
train,Good Fit,1,0.0426,0.1,0,13.0
train,Good Fit,1,0.0632,0.3,0,-5.0
train,Good Fit,1,0.0748,0.3,1,5.0
train,Good Fit,1,0.1342,0.25,0,-8.0
train,Good Fit,1,0.098,0.5,-2,5.0
train,Good Fit,1,0.1303,0.4,1,4.0
train,Good Fit,1,0.1782,0.55,-1,5.0
train,Good Fit,1,0.1258,0.25,0,0.0
train,Good Fit,1,0.1904,0.5,0,5.0
train,Good Fit,1,0.1533,0.45,0,9.0
train,Good Fit,1,0.1471,0.4,0,1.0
train,Good Fit,1,0.311,0.45,0,0.0
train,Good Fit,1,0.1272,0.35,0,0.0
train,Good Fit,1,0.1282,0.3,-1,9.0
train,Good Fit,1,0.0582,0.35,0,11.0
train,Good Fit,1,0.0993,0.3,0,-7.0
train,Good Fit,1,0.0972,0.3,0,7.0
train,Good Fit,1,0.036,0.15,-2,-6.0
train,Good Fit,1,0.2012,0.4,0,4.0
train,Good Fit,1,0.1433,0.6,1,7.0
train,Good Fit,1,0.0742,0.3846,0,3.0
train,Good Fit,1,0.1596,0.45,1,0.0
train,Good Fit,1,0.1134,0.05,0,19.0
train,Good Fit,1,0.0991,0.15,0,-3.0
train,Good Fit,1,0.134,0.65,0,0.0
train,Good Fit,1,0.0539,0.2,0,5.0
train,Good Fit,1,0.2018,0.4,0,-4.0
train,Good Fit,1,0.204,0.4,0,-4.0
train,Good Fit,1,0.325,0.4,1,2.0
train,Good Fit,1,0.0296,0.3,1,0.0
train,Good Fit,1,0.1307,0.3,0,21.0
train,Good Fit,1,0.0812,0.45,0,11.0
train,Good Fit,1,0.1505,0.3,0,10.0
train,Good Fit,1,0.1574,0.3,0,14.0
train,Good Fit,1,0.175,0.4,-1,9.0
train,Good Fit,1,0.068,0.15,1,3.0
train,Good Fit,1,0.0984,0.3,0,2.0
train,Good Fit,1,0.122,0.3,-1,2.0
train,Good Fit,1,0.1468,0.2,0,-7.0
train,Good Fit,1,0.0864,0.2,-1,0.0
train,Good Fit,1,0.1194,0.45,-1,2.0
train,Good Fit,1,0.0569,0.2,0,10.0
train,Good Fit,1,0.1409,0.45,0,0.0
train,Good Fit,1,0.267,0.25,1,-4.0
train,Good Fit,1,0.153,0.5,-1,0.0
train,Good Fit,1,0.0649,0.3,0,-1.0
train,Good Fit,1,0.1841,0.45,1,14.0
train,Good Fit,1,0.0659,0.1,1,5.0
train,Good Fit,1,0.2261,0.35,0,-1.0
train,Good Fit,1,0.0427,0.1,0,0.0
train,Good Fit,1,0.1156,0.7,1,0.0
train,Good Fit,1,0.0838,0.15,0,6.0
train,Good Fit,1,0.1325,0.4,-1,8.0
train,Good Fit,1,0.1122,0.45,1,-1.0
train,Good Fit,1,0.0655,0.2,0,-5.0
train,Good Fit,1,0.1256,0.3,-1,17.0
train,Good Fit,1,0.067,0.1,0,8.0
train,Good Fit,1,0.1801,0.5,0,-5.0
train,Good Fit,1,0.1694,0.65,1,3.0
train,Good Fit,1,0.3213,0.65,1,7.0
train,Good Fit,1,0.0764,0.35,-1,-2.0
train,Good Fit,1,0.1012,0.15,0,0.0
train,Good Fit,1,0.0773,0.3,-2,5.0
train,Good Fit,1,0.2574,0.45,0,5.0
train,Good Fit,1,0.0874,0.2,0,0.0
train,Good Fit,1,0.0835,0.2,-2,1.0
train,Good Fit,1,0.1052,0.35,-1,0.0
train,Good Fit,1,0.1884,0.45,1,-8.0
train,Good Fit,1,0.1404,0.2,0,-5.0
train,Good Fit,1,0.0693,0.45,1,9.0
train,Good Fit,1,0.0957,0.2,1,-5.0
train,Good Fit,1,0.0984,0.4,-2,0.0
train,Good Fit,1,0.1909,0.5,-2,5.0
train,Good Fit,1,0.2391,0.55,0,9.0
train,Good Fit,1,0.1061,0.35,0,0.0
train,Good Fit,1,0.1222,0.4,1,0.0
train,Good Fit,1,0.019,0.2,-1,17.0
train,Good Fit,1,0.0531,0.5,1,-2.0
train,Good Fit,1,0.0529,0.2,0,0.0
train,Good Fit,1,0.2322,0.55,0,10.0
train,Good Fit,1,0.0397,0.2,1,15.0
train,Good Fit,1,0.1265,0.15,0,1.0
train,Good Fit,1,0.1727,0.4,0,14.0
train,Good Fit,1,0.1333,0.3,1,4.0
train,Good Fit,1,0.1864,0.55,0,0.0
train,Good Fit,1,0.1766,0.35,0,8.0
train,Good Fit,1,0.0539,0.35,0,-5.0
train,Good Fit,1,0.3386,0.4,0,-5.0
train,Good Fit,1,0.046,0.3,1,0.0
train,Good Fit,1,0.1778,0.65,0,13.0
train,Good Fit,1,0.0952,0.4,1,-5.0
train,Good Fit,1,0.0642,0.25,-2,-6.0
train,Good Fit,1,0.0457,0.15,0,4.0
train,Good Fit,1,0.0625,0.15,0,2.0
train,Good Fit,1,0.3162,0.6,0,-5.0
train,Good Fit,1,0.125,0.2,0,-8.0
train,Good Fit,1,0.0331,0.15,0,11.0
train,Good Fit,1,0.1303,0.2,1,9.0
train,Good Fit,1,0.0807,0.45,1,0.0
train,Good Fit,1,0.0556,0.25,0,10.0
train,Good Fit,1,0.092,0.4,0,-5.0
train,Good Fit,1,0.0598,0.15,0,10.0
train,Good Fit,1,0.1335,0.3,1,3.0
train,Good Fit,1,0.0582,0.25,0,-4.0
train,Good Fit,1,0.2575,0.25,0,-4.0
train,Good Fit,1,0.0889,0.25,1,13.0
train,Good Fit,1,0.0281,0.05,0,3.0
train,Good Fit,1,0.1163,0.3,-1,-2.0
train,Good Fit,1,0.064,0.25,-2,16.0
train,Good Fit,1,0.0411,0.15,-1,-5.0
train,Good Fit,1,0.0326,0.05,0,14.0
train,Good Fit,1,0.1289,0.35,0,-6.0
train,Good Fit,1,0.1801,0.25,1,4.0
train,Good Fit,1,0.1131,0.35,0,-15.0
train,Good Fit,1,0.0963,0.25,0,21.0
train,Good Fit,1,0.0689,0.2,-2,4.0
train,Good Fit,1,0.1356,0.25,0,1.0
train,Good Fit,1,0.0891,0.3,0,-6.0
train,Good Fit,1,0.1473,0.45,1,9.0
train,Good Fit,1,0.0657,0.55,-2,5.0
train,Good Fit,1,0.1477,0.15,-1,12.0
train,Good Fit,1,0.0212,0.15,0,17.0
train,Good Fit,1,0.2112,0.45,0,10.0
train,Good Fit,1,0.0671,0.15,0,1.0
train,Good Fit,1,0.2804,0.5,0,10.0
train,Good Fit,1,0.1017,0.45,1,3.0
train,Good Fit,1,0.0475,0.45,0,-4.0
train,Good Fit,1,0.3091,0.55,0,0.0
train,Good Fit,1,0.2665,0.3,0,0.0
train,Good Fit,1,0.1373,0.45,0,5.0
train,Good Fit,1,0.06,0.3,0,-4.0
train,Good Fit,1,0.1086,0.6,0,7.0
train,Good Fit,1,0.0871,0.45,-2,-6.0
train,Good Fit,1,0.1502,0.45,0,5.0
train,Good Fit,1,0.0829,0.4,0,6.0
train,Good Fit,1,0.2127,0.55,0,8.0
train,Good Fit,1,0.2782,0.45,0,0.0
train,Good Fit,1,0.143,0.15,0,-5.0
train,Good Fit,1,0.074,0.25,0,0.0
train,Good Fit,1,0.0557,0.2,0,0.0
train,Good Fit,1,0.2783,0.5,0,0.0
train,Good Fit,1,0.0461,0.2,0,0.0
train,Good Fit,1,0.0605,0.25,0,10.0
train,Good Fit,1,0.0939,0.3,0,8.0
train,Good Fit,1,0.0723,0.3,0,9.0
train,Good Fit,1,0.1286,0.25,0,0.0
train,Good Fit,1,0.114,0.35,0,0.0
train,Good Fit,1,0.244,0.35,0,15.0
train,Good Fit,1,0.0692,0.3,0,11.0
train,Good Fit,1,0.114,0.25,-1,15.0
train,Good Fit,1,0.0715,0.25,-1,-4.0
train,Good Fit,1,0.0499,0.45,0,-3.0
train,Good Fit,1,0.1274,0.3,1,4.0
train,Good Fit,1,0.0632,0.2,0,8.0
train,Good Fit,1,0.1849,0.4,0,0.0
train,Good Fit,1,0.1704,0.4,0,12.0
train,Good Fit,1,0.2394,0.4,0,12.0
train,Good Fit,1,0.1391,0.5,0,9.0
train,Good Fit,1,0.1529,0.5,-3,5.0
train,Good Fit,1,0.1436,0.25,0,0.0
train,Good Fit,1,0.0179,0.05,-1,3.0
train,Good Fit,1,0.0171,0.05,-2,4.0
train,Good Fit,1,0.0645,0.25,0,8.0
train,Good Fit,1,0.0299,0.25,-1,10.0
train,Good Fit,1,0.0754,0.3,0,11.0
train,Good Fit,1,0.0813,0.4,0,10.0
train,Good Fit,1,0.1834,0.3,1,7.0
train,Good Fit,1,0.3545,0.6,0,5.0
train,Good Fit,1,0.1558,0.45,1,11.0
train,Good Fit,1,0.1154,0.2,1,-8.0
train,Good Fit,1,0.0796,0.45,1,0.0
train,Good Fit,1,0.0673,0.25,2,10.0
train,Good Fit,1,0.1008,0.4,1,-12.0
train,Good Fit,1,0.0474,0.05,0,-5.0
train,Good Fit,1,0.1141,0.2,0,5.0
train,Good Fit,1,0.1177,0.3,-1,6.0
train,Good Fit,1,0.1773,0.35,0,0.0
train,Good Fit,1,0.0979,0.6,0,-10.0
train,Good Fit,1,0.0415,0.15,-2,-6.0
train,Good Fit,1,0.0494,0.2,1,-8.0
train,Good Fit,1,0.1995,0.3,0,3.0
train,Good Fit,1,0.0911,0.3,-1,7.0
train,Good Fit,1,0.1363,0.3,0,0.0
train,Good Fit,1,0.0836,0.5,0,0.0
train,Good Fit,1,0.1906,0.6,0,-8.0
train,Good Fit,1,0.0635,0.25,0,14.0
train,Good Fit,1,0.1207,0.55,1,9.0
train,Good Fit,1,0.0806,0.4,0,-15.0
train,Good Fit,1,0.0763,0.1,0,2.0
train,Good Fit,1,0.0414,0.2,0,11.0
train,Good Fit,1,0.0682,0.15,0,8.0
train,Good Fit,1,0.1652,0.35,0,4.0
train,Good Fit,1,0.1069,0.35,-2,-6.0
train,Good Fit,1,0.1379,0.55,0,3.0
train,Good Fit,1,0.0927,0.4,-1,7.0
train,Good Fit,1,0.1054,0.55,-1,5.0
train,Good Fit,1,0.4907,0.45,0,0.0
train,Good Fit,1,0.1284,0.45,0,5.0
train,Good Fit,1,0.0845,0.25,1,11.0
train,Good Fit,1,0.1858,0.35,0,9.0
train,Good Fit,1,0.0432,0.3,0,0.0
train,Good Fit,1,0.0288,0.15,0,-2.0
train,Good Fit,1,0.1261,0.05,0,10.0
train,Good Fit,1,0.0242,0.1,0,9.0
train,Good Fit,1,0.1242,0.25,0,8.0
train,Good Fit,1,0.1886,0.5,-2,5.0
train,Good Fit,1,0.0897,0.4,0,10.0
train,Good Fit,1,0.0349,0.0,0,7.0
train,Good Fit,1,0.4964,0.45,0,1.0
train,Good Fit,1,0.1293,0.45,0,0.0
train,Good Fit,1,0.0509,0.2222,0,11.0
train,Good Fit,1,0.1624,0.45,-2,5.0
train,Good Fit,1,0.1886,0.4,1,0.0
train,Good Fit,1,0.1916,0.5,-1,0.0
train,Good Fit,1,0.2022,0.35,1,9.0
train,Good Fit,1,0.1564,0.65,0,3.0
train,Good Fit,1,0.2932,0.4,0,11.0
train,Good Fit,1,0.1565,0.3,-1,12.0
train,Good Fit,1,0.0719,0.1,0,12.0
train,Good Fit,1,0.0919,0.3,0,14.0
train,Good Fit,1,0.1261,0.3846,0,10.0
train,Good Fit,1,0.0456,0.35,-2,2.0
train,Good Fit,1,0.0611,0.1,0,10.0
train,Good Fit,1,0.0367,0.05,0,-5.0
train,Good Fit,1,0.0412,0.1,2,8.0
train,Good Fit,1,0.0974,0.25,0,11.0
train,Good Fit,1,0.1138,0.4,0,0.0
train,Good Fit,1,0.104,0.4,-1,-2.0
train,Good Fit,1,0.0506,0.2,1,9.0
train,Good Fit,1,0.1136,0.3,0,0.0
train,Good Fit,1,0.1028,0.2,0,5.0
train,Good Fit,1,0.0481,0.2,-1,12.0
train,Good Fit,1,0.0551,0.35,1,-7.0
train,Good Fit,1,0.2461,0.45,0,0.0
train,Good Fit,1,0.0724,0.2,0,0.0
train,Good Fit,1,0.102,0.5,-2,8.0
train,Good Fit,1,0.1415,0.35,0,0.0
train,Good Fit,1,0.095,0.4,-1,0.0
train,Good Fit,1,0.0498,0.35,-1,0.0
train,Good Fit,1,0.0773,0.3,0,-7.0
train,Good Fit,1,0.2449,0.5,1,5.0
train,Good Fit,1,0.4777,0.65,1,7.0
train,Good Fit,1,0.1381,0.35,0,0.0
train,Good Fit,1,0.17,0.55,0,12.0
train,Good Fit,1,0.2331,0.4,0,7.0
train,Good Fit,1,0.1139,0.3,-1,-10.0
train,Good Fit,1,0.1484,0.45,0,-2.0
train,Good Fit,1,0.0968,0.2,-1,2.0
train,Good Fit,1,0.0395,0.25,-3,4.0
train,Good Fit,1,0.0427,0.3,2,13.0
train,Good Fit,1,0.1081,0.35,0,9.0
train,Good Fit,1,0.14,0.45,0,0.0
train,Good Fit,1,0.1618,0.2,0,4.0
train,Good Fit,1,0.0408,0.2,2,8.0
train,Good Fit,1,0.167,0.5,-1,0.0
train,Good Fit,1,0.1247,0.35,0,2.0
train,Good Fit,1,0.1089,0.3,0,-2.0
train,Good Fit,1,0.3017,0.65,0,9.0
train,Good Fit,1,0.2301,0.7,3,0.0
train,Good Fit,1,0.1469,0.15,0,-4.0
train,Good Fit,1,0.1136,0.3,0,-10.0
train,Good Fit,1,0.2233,0.6,0,-5.0
train,Good Fit,1,0.0669,0.3,0,7.0
train,Good Fit,1,0.1177,0.2,0,0.0
train,Good Fit,1,0.0709,0.2,1,4.0
train,Good Fit,1,0.0839,0.3,0,4.0
train,Good Fit,1,0.3478,0.35,-1,0.0
train,Good Fit,1,0.1474,0.45,0,0.0
train,Good Fit,1,0.0878,0.15,0,21.0
train,Good Fit,1,0.1213,0.35,0,0.0
train,Good Fit,1,0.1682,0.3,0,8.0
train,Good Fit,1,0.214,0.55,0,-5.0
train,Good Fit,1,0.0798,0.2,1,-3.0
train,Good Fit,1,0.0258,0.05,-1,5.0
train,Good Fit,1,0.099,0.4,1,5.0
train,Good Fit,1,0.2009,0.6,-1,0.0
train,Good Fit,1,0.09,0.35,-1,-5.0
train,Good Fit,1,0.1098,0.4,0,-5.0
train,Good Fit,1,0.0996,0.4,-1,2.0
train,Good Fit,1,0.1188,0.4,-1,12.0
train,Good Fit,1,0.2472,0.45,0,2.0
train,Good Fit,1,0.2073,0.5,0,4.0
train,Good Fit,1,0.1292,0.25,0,2.0
train,Good Fit,1,0.0816,0.2,0,-1.0
train,Good Fit,1,0.2475,0.3,0,0.0
train,Good Fit,1,0.0848,0.25,0,-3.0
train,Good Fit,1,0.111,0.25,0,14.0
train,Good Fit,1,0.1228,0.55,0,5.0
train,Good Fit,1,0.2473,0.5,0,0.0
train,Good Fit,1,0.1388,0.35,0,-5.0
train,Good Fit,1,0.1047,0.3,0,4.0
train,Good Fit,1,0.0977,0.35,0,4.0
train,Good Fit,1,0.0773,0.3,0,8.0
train,Good Fit,1,0.1567,0.3,-1,0.0
train,Good Fit,1,0.1334,0.35,0,10.0
train,Good Fit,1,0.2105,0.35,-1,-8.0
train,Good Fit,1,0.3121,0.6,0,5.0
train,Good Fit,1,0.0989,0.35,0,6.0
train,Good Fit,1,0.11,0.35,1,4.0
train,Good Fit,1,0.095,0.25,0,21.0
train,Good Fit,1,0.0805,0.35,0,-5.0
train,Good Fit,1,0.0716,0.35,0,-4.0
train,Good Fit,1,0.1428,0.3,1,5.0
train,Good Fit,1,0.0945,0.2,0,-7.0
train,Good Fit,1,0.1772,0.3,0,0.0
train,Good Fit,1,0.1033,0.3,0,2.0
train,Good Fit,1,0.1657,0.4,0,7.0
train,Good Fit,1,0.184,0.55,0,0.0
train,Good Fit,1,0.2436,0.55,1,5.0
train,Good Fit,1,0.3622,0.65,0,0.0
train,Good Fit,1,0.2247,0.45,0,13.0
train,Good Fit,1,0.2147,0.45,0,0.0
train,Good Fit,1,0.1421,0.25,0,13.0
train,Good Fit,1,0.0664,0.35,0,14.0
train,Good Fit,1,0.0293,0.15,0,5.0
train,Good Fit,1,0.034,0.25,0,3.0
train,Good Fit,1,0.0883,0.4,0,2.0
train,Good Fit,1,0.1196,0.35,0,21.0
train,Good Fit,1,0.0481,0.05,0,11.0
train,Good Fit,1,0.1153,0.35,0,5.0
train,Good Fit,1,0.0391,0.0,0,8.0
train,Good Fit,1,0.2795,0.3,0,0.0
train,Good Fit,1,0.0287,0.2,1,1.0
train,Good Fit,1,0.1259,0.2,2,3.0
train,Good Fit,1,0.0432,0.25,-1,3.0
train,Good Fit,1,0.1191,0.45,0,-5.0
train,Good Fit,1,0.2135,0.4,0,4.0
train,Good Fit,1,0.1329,0.35,-1,7.0
train,Good Fit,1,0.0982,0.2,0,0.0
train,Good Fit,1,0.1349,0.55,0,3.0
train,Good Fit,1,0.1517,0.35,0,12.0
train,Good Fit,1,0.1212,0.25,0,4.0
train,Good Fit,1,0.1129,0.45,-1,5.0
train,Good Fit,1,0.1337,0.5,0,6.0
train,Good Fit,1,0.3152,0.65,0,5.0
train,Good Fit,1,0.1662,0.3,0,13.0
train,Good Fit,1,0.1104,0.45,0,5.0
train,Good Fit,1,0.0909,0.25,0,14.0
train,Good Fit,1,0.2441,0.6,0,-4.0
train,Good Fit,1,0.1591,0.4,0,2.0
train,Good Fit,1,0.0587,0.45,0,0.0
train,Good Fit,1,0.1298,0.25,0,0.0
train,Good Fit,1,0.0821,0.4,0,17.0
train,Good Fit,1,0.1069,0.25,0,2.0
train,Good Fit,1,0.1939,0.3,1,15.0
train,Good Fit,1,0.1561,0.55,-2,5.0
train,Good Fit,1,0.1078,0.2,0,-8.0
train,Good Fit,1,0.0677,0.45,0,8.0
train,Good Fit,1,0.0832,0.25,0,-3.0
train,Good Fit,1,0.1651,0.35,0,8.0
train,Good Fit,1,0.0956,0.55,1,0.0
train,Good Fit,1,0.0637,0.1,0,7.0
train,Good Fit,1,0.0737,0.3,-1,-3.0
train,Good Fit,1,0.2018,0.4,0,0.0
train,Good Fit,1,0.0813,0.35,0,6.0
train,Good Fit,1,0.0543,0.35,0,0.0
train,Good Fit,1,0.3417,0.55,1,5.0
train,Good Fit,1,0.2301,0.4,0,5.0
train,Good Fit,1,0.1555,0.4,-1,10.0
train,Good Fit,1,0.0579,0.0556,0,11.0
train,Good Fit,1,0.0904,0.7,0,3.0
train,Good Fit,1,0.1501,0.55,1,-6.0
train,Good Fit,1,0.1752,0.5,0,11.0
train,Good Fit,1,0.1063,0.2,0,-6.0
train,Good Fit,1,0.0699,0.25,0,15.0
train,Good Fit,1,0.1111,0.35,0,12.0
train,Good Fit,1,0.0586,0.2,0,10.0
train,Good Fit,1,0.0663,0.25,1,5.0
train,Good Fit,1,0.0996,0.35,0,9.0
train,Good Fit,1,0.1772,0.6,1,2.0
train,Good Fit,1,0.0481,0.35,-2,0.0
train,Good Fit,1,0.1053,0.35,1,-2.0
train,Good Fit,1,0.0842,0.05,-1,6.0
train,Good Fit,1,0.0857,0.35,-2,0.0
train,Good Fit,1,0.2083,0.4,0,10.0
train,Good Fit,1,0.0511,0.25,0,0.0
train,Good Fit,1,0.1054,0.55,0,0.0
test,No Fit,0,0.028,0.1,1,7.0
test,No Fit,0,0.1043,0.2,0,23.0
test,No Fit,0,0.0637,0.3,-1,0.0
test,No Fit,0,0.0531,0.05,-2,-12.0
test,No Fit,0,0.0861,0.2,1,4.0
test,No Fit,0,0.0055,0.0,-1,15.0
test,No Fit,0,0.03,0.2,-2,15.0
test,No Fit,0,0.1476,0.3,0,8.0
test,No Fit,0,0.1092,0.25,0,0.0
test,No Fit,0,0.0873,0.2,0,18.0
test,No Fit,0,0.0381,0.35,1,4.0
test,No Fit,0,0.0784,0.3,-2,12.0
test,No Fit,0,0.0612,0.4,-1,0.0
test,No Fit,0,0.0494,0.05,0,17.0
test,No Fit,0,0.0316,0.1,1,1.0
test,No Fit,0,0.0826,0.15,0,17.0
test,No Fit,0,0.1078,0.5,0,13.0
test,No Fit,0,0.0863,0.3,0,0.0
test,No Fit,0,0.1425,0.45,1,11.0
test,No Fit,0,0.0725,0.5,1,7.0
test,No Fit,0,0.054,0.1,1,-4.0
test,No Fit,0,0.0202,0.1,1,14.0
test,No Fit,0,0.1222,0.35,0,5.0
test,No Fit,0,0.3386,0.45,1,0.0
test,No Fit,0,0.0848,0.5,1,7.0
test,No Fit,0,0.0539,0.25,0,12.0
test,No Fit,0,0.1106,0.35,2,7.0
test,No Fit,0,0.035,0.1,1,6.0
test,No Fit,0,0.0505,0.05,0,5.0
test,No Fit,0,0.0418,0.2,-2,11.0
test,No Fit,0,0.031,0.05,0,20.0
test,No Fit,0,0.0459,0.2,0,7.0
test,No Fit,0,0.0323,0.1,0,-5.0
test,No Fit,0,0.037,0.05,0,22.0
test,No Fit,0,0.1126,0.55,-1,5.0
test,No Fit,0,0.0106,0.05,0,0.0
test,No Fit,0,0.043,0.15,0,17.0
test,No Fit,0,0.1538,0.4,0,0.0
test,No Fit,0,0.0636,0.4,0,0.0
test,No Fit,0,0.0592,0.4,0,11.0
test,No Fit,0,0.0925,0.2,-2,27.0
test,No Fit,0,0.0824,0.35,0,10.0
test,No Fit,0,0.0261,0.1,2,3.0
test,No Fit,0,0.0769,0.45,0,-7.0
test,No Fit,0,0.0502,0.25,1,7.0
test,No Fit,0,0.1262,0.3,1,-3.0
test,No Fit,0,0.0522,0.1,0,11.0
test,No Fit,0,0.047,0.2,1,0.0
test,No Fit,0,0.023,0.25,1,0.0
test,No Fit,0,0.0696,0.3,-1,14.0
test,No Fit,0,0.0569,0.25,-1,2.0
test,No Fit,0,0.0525,0.15,0,1.0
test,No Fit,0,0.0804,0.3,1,13.0
test,No Fit,0,0.035,0.15,0,0.0
test,No Fit,0,0.0428,0.15,1,9.0
test,No Fit,0,0.0318,0.2667,-1,10.0
test,No Fit,0,0.0304,0.0,0,2.0
test,No Fit,0,0.0199,0.1,0,5.0
test,No Fit,0,0.0715,0.3,-2,25.0
test,No Fit,0,0.0227,0.25,0,0.0
test,No Fit,0,0.0277,0.05,0,17.0
test,No Fit,0,0.0399,0.35,2,2.0
test,No Fit,0,0.1201,0.45,0,0.0
test,No Fit,0,0.1889,0.65,0,5.0
test,No Fit,0,0.044,0.25,0,8.0
test,No Fit,0,0.0386,0.35,0,17.0
test,No Fit,0,0.0826,0.3,0,18.0
test,No Fit,0,0.0314,0.0,0,7.0
test,No Fit,0,0.0363,0.05,0,15.0
test,No Fit,0,0.0147,0.0,0,20.0
test,No Fit,0,0.1676,0.15,1,8.0
test,No Fit,0,0.071,0.4,0,12.0
test,No Fit,0,0.0649,0.2,0,0.0
test,No Fit,0,0.056,0.15,0,0.0
test,No Fit,0,0.0472,0.2,0,10.0
test,No Fit,0,0.0706,0.25,-1,17.0
test,No Fit,0,0.1416,0.45,0,-12.0
test,No Fit,0,0.0988,0.25,-1,7.0
test,No Fit,0,0.0402,0.25,-2,2.0
test,No Fit,0,0.0629,0.15,0,5.0
test,No Fit,0,0.0855,0.15,-1,-5.0
test,No Fit,0,0.0197,0.05,0,14.0
test,No Fit,0,0.1138,0.3,0,0.0
test,No Fit,0,0.0484,0.35,2,13.0
test,No Fit,0,0.0227,0.0,0,17.0
test,No Fit,0,0.2678,0.4,-2,8.0
test,No Fit,0,0.0363,0.05,2,10.0
test,No Fit,0,0.1224,0.35,-1,16.0
test,No Fit,0,0.0568,0.3,0,14.0
test,No Fit,0,0.0949,0.6,0,14.0
test,No Fit,0,0.0085,0.0,0,0.0
test,No Fit,0,0.055,0.2,0,17.0
test,No Fit,0,0.1178,0.2,1,22.0
test,No Fit,0,0.0363,0.15,0,0.0
test,No Fit,0,0.0835,0.35,0,4.0
test,No Fit,0,0.0397,0.35,1,14.0
test,No Fit,0,0.0597,0.3,-1,0.0
test,No Fit,0,0.2114,0.5,-1,10.0
test,No Fit,0,0.0848,0.3,-1,0.0
test,No Fit,0,0.0578,0.3333,1,7.0
test,No Fit,0,0.0684,0.1,0,-4.0
test,No Fit,0,0.0517,0.45,0,3.0
test,No Fit,0,0.0719,0.2,0,-1.0
test,No Fit,0,0.1621,0.45,0,12.0
test,No Fit,0,0.0915,0.4,-3,12.0
test,No Fit,0,0.0394,0.15,-4,3.0
test,No Fit,0,0.0654,0.1,2,-1.0
test,No Fit,0,0.21,0.7,0,0.0
test,No Fit,0,0.1115,0.3,-1,0.0
test,No Fit,0,0.0371,0.45,-1,9.0
test,No Fit,0,0.0336,0.25,0,17.0
test,No Fit,0,0.0496,0.1,0,15.0
test,No Fit,0,0.0686,0.3,-1,24.0
test,No Fit,0,0.0581,0.2,0,11.0
test,No Fit,0,0.036,0.1,0,8.0
test,No Fit,0,0.0343,0.15,0,2.0
test,No Fit,0,0.0522,0.3,-1,14.0
test,No Fit,0,0.0512,0.15,0,12.0
test,No Fit,0,0.0385,0.15,0,19.0
test,No Fit,0,0.1298,0.45,0,-5.0
test,No Fit,0,0.1343,0.3,-1,-10.0
test,No Fit,0,0.0407,0.15,0,10.0
test,No Fit,0,0.1038,0.15,0,-9.0
test,No Fit,0,0.0556,0.25,0,0.0
test,No Fit,0,0.1086,0.2,0,9.0
test,No Fit,0,0.1574,0.4,0,0.0
test,No Fit,0,0.0751,0.15,0,-3.0
test,No Fit,0,0.0952,0.45,0,0.0
test,No Fit,0,0.0312,0.1,0,5.0
test,No Fit,0,0.1311,0.4,1,22.0
test,No Fit,0,0.0608,0.1,0,12.0
test,No Fit,0,0.0168,0.15,1,5.0
test,No Fit,0,0.0632,0.15,1,4.0
test,No Fit,0,0.0229,0.25,0,11.0
test,No Fit,0,0.0289,0.1,0,9.0
test,No Fit,0,0.0699,0.3,1,13.0
test,No Fit,0,0.0947,0.2,0,-4.0
test,No Fit,0,0.1133,0.2,0,-3.0
test,No Fit,0,0.1462,0.5,-1,-4.0
test,No Fit,0,0.054,0.25,0,2.0
test,No Fit,0,0.1296,0.55,0,5.0
test,No Fit,0,0.0795,0.2,0,7.0
test,No Fit,0,0.0882,0.1,0,2.0
test,No Fit,0,0.0745,0.2,0,0.0
test,No Fit,0,0.0956,0.45,0,0.0
test,No Fit,0,0.0515,0.1,0,15.0
test,No Fit,0,0.1312,0.65,0,9.0
test,No Fit,0,0.2285,0.4,0,9.0
test,No Fit,0,0.0296,0.05,0,20.0
test,No Fit,0,0.1706,0.25,0,1.0
test,No Fit,0,0.0125,0.1,-1,15.0
test,No Fit,0,0.056,0.35,0,12.0
test,No Fit,0,0.0197,0.1,0,17.0
test,No Fit,0,0.0914,0.35,0,8.0
test,No Fit,0,0.1454,0.55,1,7.0
test,No Fit,0,0.0885,0.35,-1,2.0
test,No Fit,0,0.0787,0.25,-2,15.0
test,No Fit,0,0.0256,0.1,0,10.0
test,No Fit,0,0.1048,0.3,0,-10.0
test,No Fit,0,0.0452,0.3,0,26.0
test,No Fit,0,0.0802,0.25,0,7.0
test,No Fit,0,0.0388,0.1,-1,26.0
test,No Fit,0,0.092,0.25,0,10.0
test,No Fit,0,0.0289,0.1,-1,15.0
test,No Fit,0,0.0632,0.15,0,16.0
test,No Fit,0,0.0402,0.15,-1,17.0
test,No Fit,0,0.0409,0.25,0,0.0
test,No Fit,0,0.1471,0.55,0,9.0
test,No Fit,0,0.0402,0.25,0,0.0
test,No Fit,0,0.0596,0.2,0,9.0
test,No Fit,0,0.0387,0.05,0,0.0
test,No Fit,0,0.038,0.15,1,0.0
test,No Fit,0,0.1494,0.3,0,26.0
test,No Fit,0,0.101,0.35,-1,10.0
test,No Fit,0,0.0128,0.15,0,21.0
test,No Fit,0,0.2278,0.4,0,0.0
test,No Fit,0,0.0474,0.05,0,8.0
test,No Fit,0,0.0371,0.3333,1,19.0
test,No Fit,0,0.1468,0.4,-1,8.0
test,No Fit,0,0.0464,0.15,0,0.0
test,No Fit,0,0.1021,0.4,-1,10.0
test,No Fit,0,0.0384,0.15,1,11.0
test,No Fit,0,0.0499,0.35,-2,5.0
test,No Fit,0,0.0495,0.05,1,11.0
test,No Fit,0,0.0582,0.1,0,0.0
test,No Fit,0,0.1294,0.8333,0,13.0
test,No Fit,0,0.0544,0.15,0,1.0
test,No Fit,0,0.0472,0.15,1,17.0
test,No Fit,0,0.0341,0.2,0,11.0
test,No Fit,0,0.0252,0.25,0,8.0
test,No Fit,0,0.0601,0.35,-1,0.0
test,No Fit,0,0.0446,0.2,1,0.0
test,No Fit,0,0.0205,0.05,2,0.0
test,No Fit,0,0.0904,0.25,-1,8.0
test,No Fit,0,0.1578,0.25,-1,11.0
test,No Fit,0,0.0392,0.2,0,0.0
test,No Fit,0,0.0352,0.2,0,0.0
test,No Fit,0,0.0461,0.3,1,13.0
test,No Fit,0,0.1148,0.65,0,0.0
test,No Fit,0,0.0737,0.25,0,5.0
test,No Fit,0,0.113,0.5,1,9.0
test,No Fit,0,0.0926,0.35,0,0.0
test,No Fit,0,0.0735,0.3,1,-2.0
test,No Fit,0,0.0469,0.1,-1,10.0
test,No Fit,0,0.0948,0.15,0,-3.0
test,No Fit,0,0.031,0.0,0,-10.0
test,No Fit,0,0.0231,0.05,-2,-5.0
test,No Fit,0,0.0671,0.25,0,0.0
test,No Fit,0,0.1168,0.2,0,14.0
test,No Fit,0,0.068,0.25,0,4.0
test,No Fit,0,0.1983,0.4,0,0.0
test,No Fit,0,0.098,0.45,0,12.0
test,No Fit,0,0.0688,0.25,0,-1.0
test,No Fit,0,0.0228,0.1,0,5.0
test,No Fit,0,0.0403,0.2,0,0.0
test,No Fit,0,0.0296,0.1,0,12.0
test,No Fit,0,0.0345,0.3,0,11.0
test,No Fit,0,0.0392,0.4,-2,-2.0
test,No Fit,0,0.1205,0.45,-2,5.0
test,No Fit,0,0.0654,0.35,0,10.0
test,No Fit,0,0.0746,0.35,1,7.0
test,No Fit,0,0.0606,0.25,0,4.0
test,No Fit,0,0.014,0.0667,0,10.0
test,No Fit,0,0.03,0.2,0,11.0
test,No Fit,0,0.0071,0.0,0,0.0
test,No Fit,0,0.0753,0.1,0,21.0
test,No Fit,0,0.0338,0.1,0,0.0
test,No Fit,0,0.089,0.3,-1,14.0
test,No Fit,0,0.0389,0.25,0,0.0
test,No Fit,0,0.0928,0.4,0,3.0
test,No Fit,0,0.1093,0.35,0,0.0
test,No Fit,0,0.0463,0.25,0,-4.0
test,No Fit,0,0.0796,0.15,0,3.0
test,No Fit,0,0.0404,0.2,0,-5.0
test,No Fit,0,0.1512,0.5,-1,9.0
test,No Fit,0,0.0541,0.35,-3,18.0
test,No Fit,0,0.0176,0.05,0,11.0
test,No Fit,0,0.0729,0.4,-2,12.0
test,No Fit,0,0.064,0.05,0,-3.0
test,No Fit,0,0.1172,0.25,0,13.0
test,No Fit,0,0.0378,0.1,0,0.0
test,No Fit,0,0.041,0.15,0,11.0
test,No Fit,0,0.0757,0.35,2,0.0
test,No Fit,0,0.0429,0.2,0,7.0
test,No Fit,0,0.0921,0.55,0,9.0
test,No Fit,0,0.1575,0.35,0,-8.0
test,No Fit,0,0.0082,0.3333,1,19.0
test,No Fit,0,0.082,0.25,-2,15.0
test,No Fit,0,0.0272,0.1,-2,5.0
test,No Fit,0,0.0222,0.15,0,12.0
test,No Fit,0,0.0316,0.05,-2,0.0
test,No Fit,0,0.1267,0.25,-1,14.0
test,No Fit,0,0.0551,0.2,1,0.0
test,No Fit,0,0.0717,0.35,0,14.0
test,No Fit,0,0.0806,0.2,1,9.0
test,No Fit,0,0.0812,0.35,1,14.0
test,No Fit,0,0.0999,0.45,0,14.0
test,No Fit,0,0.0352,0.2,-1,15.0
test,No Fit,0,0.0322,0.1,-1,6.0
test,No Fit,0,0.0519,0.15,0,26.0
test,No Fit,0,0.0256,0.05,0,0.0
test,No Fit,0,0.0785,0.1,1,9.0
test,No Fit,0,0.062,0.3,2,8.0
test,No Fit,0,0.0638,0.3,-1,29.0
test,No Fit,0,0.1342,0.45,0,20.0
test,No Fit,0,0.0779,0.25,0,-10.0
test,No Fit,0,0.1143,0.2,0,2.0
test,No Fit,0,0.0275,0.0,1,23.0
test,No Fit,0,0.0383,0.15,0,5.0
test,No Fit,0,0.0993,0.25,1,14.0
test,No Fit,0,0.1051,0.45,-1,1.0
test,No Fit,0,0.08,0.25,0,-3.0
test,No Fit,0,0.0576,0.3,-1,-5.0
test,No Fit,0,0.0902,0.3,0,-2.0
test,No Fit,0,0.1072,0.25,-2,5.0
test,No Fit,0,0.0975,0.3,-1,0.0
test,No Fit,0,0.0198,0.1667,0,5.0
test,No Fit,0,0.0478,0.2,0,20.0
test,No Fit,0,0.128,0.55,0,0.0
test,No Fit,0,0.052,0.2,0,21.0
test,No Fit,0,0.1414,0.5,-1,-8.0
test,No Fit,0,0.0583,0.45,-1,7.0
test,No Fit,0,0.056,0.45,-2,4.0
test,No Fit,0,0.0393,0.1,-1,5.0
test,No Fit,0,0.0576,0.2,1,1.0
test,No Fit,0,0.0068,0.05,0,-3.0
test,No Fit,0,0.0204,0.1,0,17.0
test,No Fit,0,0.0296,0.1,-2,11.0
test,No Fit,0,0.0195,0.1,0,4.0
test,No Fit,0,0.0226,0.0,0,10.0
test,No Fit,0,0.0568,0.35,0,10.0
test,No Fit,0,0.1305,0.6,0,-1.0
test,No Fit,0,0.0791,0.35,0,12.0
test,No Fit,0,0.0595,0.25,0,10.0
test,No Fit,0,0.077,0.35,0,11.0
test,No Fit,0,0.0455,0.25,0,0.0
test,No Fit,0,0.0166,0.05,-2,12.0
test,No Fit,0,0.002,0.1667,1,11.0
test,No Fit,0,0.1115,0.25,3,5.0
test,No Fit,0,0.2053,0.7,-1,12.0
test,No Fit,0,0.2137,0.25,1,5.0
test,No Fit,0,0.0425,0.2,1,5.0
test,No Fit,0,0.0796,0.15,0,4.0
test,No Fit,0,0.062,0.15,-1,0.0
test,No Fit,0,0.1451,0.3,0,15.0
test,No Fit,0,0.055,0.2,0,-2.0
test,No Fit,0,0.1853,0.4,-1,18.0
test,No Fit,0,0.012,0.3333,1,13.0
test,No Fit,0,0.1258,0.2,1,0.0
test,No Fit,0,0.174,0.5,-1,8.0
test,No Fit,0,0.041,0.05,0,0.0
test,No Fit,0,0.0434,0.5,-2,13.0
test,No Fit,0,0.0565,0.15,1,10.0
test,No Fit,0,0.0957,0.25,0,20.0
test,No Fit,0,0.052,0.2,0,9.0
test,No Fit,0,0.1067,0.4,-2,13.0
test,No Fit,0,0.0564,0.1,2,3.0
test,No Fit,0,0.0267,0.3333,0,0.0
test,No Fit,0,0.0348,0.1,0,-5.0
test,No Fit,0,0.0509,0.05,2,10.0
test,No Fit,0,0.0228,0.0833,1,3.0
test,No Fit,0,0.0754,0.35,0,10.0
test,No Fit,0,0.0376,0.2,-2,6.0
test,No Fit,0,0.0728,0.25,0,-3.0
test,No Fit,0,0.019,0.1667,0,10.0
test,No Fit,0,0.0547,0.2,0,0.0
test,No Fit,0,0.0824,0.25,0,0.0
test,No Fit,0,0.0384,0.05,0,0.0
test,No Fit,0,0.0818,0.3,-1,12.0
test,No Fit,0,0.0065,0.0,0,10.0
test,No Fit,0,0.0787,0.3,0,23.0
test,No Fit,0,0.0294,0.1,-1,1.0
test,No Fit,0,0.1184,0.2,0,10.0
test,No Fit,0,0.0542,0.15,0,11.0
test,No Fit,0,0.0387,0.1,-2,0.0
test,No Fit,0,0.066,0.3,0,0.0
test,No Fit,0,0.1208,0.7,1,5.0
test,No Fit,0,0.0349,0.1,0,9.0
test,No Fit,0,0.1406,0.4,0,0.0
test,No Fit,0,0.0687,0.25,1,20.0
test,No Fit,0,0.0576,0.15,-3,25.0
test,No Fit,0,0.0494,0.5,0,0.0
test,No Fit,0,0.0286,0.05,0,14.0
test,No Fit,0,0.0296,0.2,-2,-2.0
test,No Fit,0,0.0051,0.1667,0,35.0
test,No Fit,0,0.0711,0.25,2,10.0
test,No Fit,0,0.1066,0.3,-2,14.0
test,No Fit,0,0.0643,0.3,1,5.0
test,No Fit,0,0.0444,0.15,-1,6.0
test,No Fit,0,0.073,0.4,1,0.0
test,No Fit,0,0.046,0.15,-2,12.0
test,No Fit,0,0.0755,0.25,1,-12.0
test,No Fit,0,0.0326,0.0,0,11.0
test,No Fit,0,0.1295,0.45,0,4.0
test,No Fit,0,0.1775,0.4,0,10.0
test,No Fit,0,0.0692,0.1,0,6.0
test,No Fit,0,0.0061,0.05,0,4.0
test,No Fit,0,0.0806,0.4,-1,-5.0
test,No Fit,0,0.1219,0.3,1,0.0
test,No Fit,0,0.0142,0.15,0,13.0
test,No Fit,0,0.0845,0.3,-1,7.0
test,No Fit,0,0.0813,0.25,-1,12.0
test,No Fit,0,0.0902,0.15,0,-5.0
test,No Fit,0,0.0436,0.1,-1,14.0
test,No Fit,0,0.0627,0.3,-2,16.0
test,No Fit,0,0.0367,0.1,0,10.0
test,No Fit,0,0.0367,0.2,-2,12.0
test,No Fit,0,0.057,0.15,0,15.0
test,No Fit,0,0.1009,0.3,-1,12.0
test,No Fit,0,0.0884,0.3,0,12.0
test,No Fit,0,0.054,0.1,-1,0.0
test,No Fit,0,0.1222,0.5,0,0.0
test,No Fit,0,0.034,0.3333,-1,18.0
test,No Fit,0,0.0894,0.1,-1,-3.0
test,No Fit,0,0.117,0.15,1,1.0
test,No Fit,0,0.0767,0.25,-1,5.0
test,No Fit,0,0.0534,0.1,0,0.0
test,No Fit,0,0.0872,0.25,0,13.0
test,No Fit,0,0.0043,0.0,0,1.0
test,No Fit,0,0.0556,0.35,-1,10.0
test,No Fit,0,0.0107,0.05,0,14.0
test,No Fit,0,0.037,0.2,1,7.0
test,No Fit,0,0.0259,0.2,1,12.0
test,No Fit,0,0.2261,0.35,0,0.0
test,No Fit,0,0.067,0.6,0,9.0
test,No Fit,0,0.1009,0.25,-3,-2.0
test,No Fit,0,0.145,0.3,0,-3.0
test,No Fit,0,0.1279,0.4,0,0.0
test,No Fit,0,0.1035,0.15,-2,0.0
test,No Fit,0,0.0461,0.25,0,0.0
test,No Fit,0,0.0882,0.15,-1,-5.0
test,No Fit,0,0.0715,0.6667,0,21.0
test,No Fit,0,0.1319,0.15,0,-1.0
test,No Fit,0,0.0895,0.3,0,0.0
test,No Fit,0,0.1315,0.45,-1,2.0
test,No Fit,0,0.1658,0.45,-1,0.0
test,No Fit,0,0.4114,0.25,1,-3.0
test,No Fit,0,0.1065,0.2,-1,3.0
test,No Fit,0,0.1313,0.3,0,-4.0
test,No Fit,0,0.5265,0.45,0,-4.0
test,No Fit,0,0.0796,0.25,-1,-10.0
test,No Fit,0,0.1222,0.25,1,5.0
test,No Fit,0,0.0705,0.4,0,3.0
test,No Fit,0,0.0192,0.1667,1,0.0
test,No Fit,0,0.1393,0.2,0,5.0
test,No Fit,0,0.1108,0.4,0,-12.0
test,No Fit,0,0.0161,0.05,0,10.0
test,No Fit,0,0.1154,0.2,-2,12.0
test,No Fit,0,0.065,0.25,0,5.0
test,No Fit,0,0.0829,0.4,-1,5.0
test,No Fit,0,0.1058,0.4,-2,-5.0
test,No Fit,0,0.1237,0.45,1,-12.0
test,No Fit,0,0.0772,0.15,0,-12.0
test,No Fit,0,0.075,0.25,0,0.0
test,No Fit,0,0.1057,0.25,1,5.0
test,No Fit,0,0.1924,0.45,1,3.0
test,No Fit,0,0.0771,0.4,0,7.0
test,No Fit,0,0.0566,0.15,1,5.0
test,No Fit,0,0.0781,0.3,1,6.0
test,No Fit,0,0.0594,0.35,-1,-10.0
test,No Fit,0,0.1285,0.25,-1,-1.0
test,No Fit,0,0.1228,0.3,0,-3.0
test,No Fit,0,0.1017,0.45,-2,-5.0
test,No Fit,0,0.103,0.25,-1,-10.0
test,No Fit,0,0.2042,0.5,0,-10.0
test,No Fit,0,0.049,0.2,-1,0.0
test,No Fit,0,0.0637,0.05,-1,-6.0
test,No Fit,0,0.124,0.25,0,-10.0
test,No Fit,0,0.1872,0.6,-1,-2.0
test,No Fit,0,0.0099,0.0,0,4.0
test,No Fit,0,0.1345,0.55,-1,0.0
test,No Fit,0,0.1434,0.5,0,-4.0
test,No Fit,0,0.065,0.35,1,0.0
test,No Fit,0,0.0297,0.25,0,3.0
test,No Fit,0,0.1483,0.4,0,-3.0
test,No Fit,0,0.0307,0.05,-1,12.0
test,No Fit,0,0.2074,0.3,0,-9.0
test,No Fit,0,0.0949,0.3,0,-4.0
test,No Fit,0,0.031,0.1,-2,11.0
test,No Fit,0,0.0385,0.2,-1,0.0
test,No Fit,0,0.1518,0.15,-1,-4.0
test,No Fit,0,0.146,0.4,0,-3.0
test,No Fit,0,0.2,0.45,-1,0.0
test,No Fit,0,0.0548,0.1,-3,-2.0
test,No Fit,0,0.3428,0.35,0,-1.0
test,No Fit,0,0.0469,0.45,0,0.0
test,No Fit,0,0.0862,0.6667,0,8.0
test,No Fit,0,0.0819,0.25,-1,-12.0
test,No Fit,0,0.1489,0.6,1,0.0
test,No Fit,0,0.0982,0.2,0,4.0
test,No Fit,0,0.1276,0.35,0,3.0
test,No Fit,0,0.014,0.3333,0,12.0
test,No Fit,0,0.0531,0.6667,1,7.0
test,No Fit,0,0.1238,0.5,0,1.0
test,No Fit,0,0.1022,0.6667,1,11.0
test,No Fit,0,0.2151,0.35,-1,0.0
test,No Fit,0,0.0686,0.35,-2,0.0
test,No Fit,0,0.0986,0.6667,0,2.0
test,No Fit,0,0.0261,0.2,-3,-6.0
test,No Fit,0,0.1607,0.8333,0,0.0
test,No Fit,0,0.085,0.2,0,21.0
test,No Fit,0,0.0095,0.1667,0,0.0
test,No Fit,0,0.0897,0.15,0,-9.0
test,No Fit,0,0.0872,0.2,0,-12.0
test,No Fit,0,0.1168,0.25,0,10.0
test,No Fit,0,0.5291,0.6,1,-10.0
test,No Fit,0,0.0835,0.45,-1,0.0
test,No Fit,0,0.1136,0.35,0,0.0
test,No Fit,0,0.0747,0.55,1,9.0
test,No Fit,0,0.1501,0.4,0,0.0
test,No Fit,0,0.0798,0.35,0,5.0
test,No Fit,0,0.1005,0.5,1,7.0
test,No Fit,0,0.1068,0.4,1,7.0
test,No Fit,0,0.1165,0.25,-1,-10.0
test,No Fit,0,0.1794,0.1,-1,1.0
test,No Fit,0,0.1366,0.45,0,6.0
test,No Fit,0,0.0985,0.3,0,7.0
test,No Fit,0,0.1678,0.6,-1,7.0
test,No Fit,0,0.0352,0.1,0,21.0
test,No Fit,0,0.0328,0.25,0,7.0
test,No Fit,0,0.0187,0.5,0,0.0
test,No Fit,0,0.0967,0.45,0,0.0
test,No Fit,0,0.0816,0.25,0,-4.0
test,No Fit,0,0.3967,0.45,0,-10.0
test,No Fit,0,0.0817,0.6667,0,6.0
test,No Fit,0,0.0626,0.2,0,-5.0
test,No Fit,0,0.0888,0.35,0,-6.0
test,No Fit,0,0.2838,0.2,-1,17.0
test,No Fit,0,0.0889,0.3,-1,-2.0
test,No Fit,0,0.1098,0.2,-1,-6.0
test,No Fit,0,0.101,0.2,-1,5.0
test,No Fit,0,0.2009,0.5,-1,-10.0
test,No Fit,0,0.1459,0.6,0,7.0
test,No Fit,0,0.1375,0.4,0,11.0
test,No Fit,0,0.0712,0.3,-2,-2.0
test,No Fit,0,0.1099,0.2,0,-3.0
test,No Fit,0,0.3279,0.8,1,0.0
test,No Fit,0,0.1001,0.5,-2,0.0
test,No Fit,0,0.1425,0.25,-1,-10.0
test,No Fit,0,0.035,0.3333,0,12.0
test,No Fit,0,0.1161,0.25,-2,21.0
test,No Fit,0,0.5824,0.4,0,-6.0
test,No Fit,0,0.1066,0.45,-1,3.0
test,No Fit,0,0.1855,0.3,-1,6.0
test,No Fit,0,0.1142,0.4,0,0.0
test,No Fit,0,0.0599,0.25,-1,-5.0
test,No Fit,0,0.0622,0.15,-1,-10.0
test,No Fit,0,0.1196,0.25,-1,-10.0
test,No Fit,0,0.1152,0.35,-1,-10.0
test,No Fit,0,0.0828,0.35,-2,21.0
test,No Fit,0,0.2205,0.4,0,-5.0
test,No Fit,0,0.0758,0.15,-1,-3.0
test,No Fit,0,0.1272,0.25,0,-9.0
test,No Fit,0,0.2249,0.45,0,-3.0
test,No Fit,0,0.0518,0.2,-2,3.0
test,No Fit,0,0.2215,0.65,0,4.0
test,No Fit,0,0.0592,0.05,0,8.0
test,No Fit,0,0.0378,0.4,-3,-6.0
test,No Fit,0,0.1201,0.3,-1,-10.0
test,No Fit,0,0.091,0.55,0,0.0
test,No Fit,0,0.1433,0.3,0,0.0
test,No Fit,0,0.0964,1.0,0,7.0
test,No Fit,0,0.106,0.1,0,5.0
test,No Fit,0,0.004,0.0,0,22.0
test,No Fit,0,0.0435,0.3,1,6.0
test,No Fit,0,0.1155,0.45,0,-1.0
test,No Fit,0,0.0781,0.8333,0,8.0
test,No Fit,0,0.0543,0.3,1,-2.0
test,No Fit,0,0.1472,0.35,0,0.0
test,No Fit,0,0.1952,0.4,-1,5.0
test,No Fit,0,0.1042,0.8333,0,0.0
test,No Fit,0,0.1587,0.2667,-1,17.0
test,No Fit,0,0.0814,0.6667,1,5.0
test,No Fit,0,0.1745,0.4,-1,-10.0
test,No Fit,0,0.1186,0.45,0,5.0
test,No Fit,0,0.1539,0.55,-1,6.0
test,No Fit,0,0.1016,0.5,-2,6.0
test,No Fit,0,0.12,0.4,0,0.0
test,No Fit,0,0.1562,0.5,0,8.0
test,No Fit,0,0.0038,0.0,0,12.0
test,No Fit,0,0.0429,0.2,0,10.0
test,No Fit,0,0.2336,0.5,1,0.0
test,No Fit,0,0.1013,0.35,0,1.0
test,No Fit,0,0.0879,0.45,-1,-2.0
test,No Fit,0,0.1197,0.3,0,-1.0
test,No Fit,0,0.0995,0.2,-1,0.0
test,No Fit,0,0.2089,0.4,0,2.0
test,No Fit,0,0.0648,0.05,-1,0.0
test,No Fit,0,0.1437,0.3,-1,-10.0
test,No Fit,0,0.227,0.5,0,-10.0
test,No Fit,0,0.0392,0.5,0,13.0
test,No Fit,0,0.0294,0.05,-1,11.0
test,No Fit,0,0.0581,0.25,1,0.0
test,No Fit,0,0.0052,0.1667,1,0.0
test,No Fit,0,0.0826,0.15,0,-3.0
test,No Fit,0,0.1567,0.3,-3,0.0
test,No Fit,0,0.1301,0.4,0,-4.0
test,No Fit,0,0.034,0.1,0,25.0
test,No Fit,0,0.0767,0.2,0,12.0
test,No Fit,0,0.0681,0.25,0,5.0
test,No Fit,0,0.1939,0.65,0,-12.0
test,No Fit,0,0.168,0.4,0,-3.0
test,No Fit,0,0.0815,0.15,0,-3.0
test,No Fit,0,0.0487,0.1,0,-1.0
test,No Fit,0,0.0661,0.25,-1,-1.0
test,No Fit,0,0.1397,0.3,0,5.0
test,No Fit,0,0.0525,0.25,-1,0.0
test,No Fit,0,0.2297,0.8,1,0.0
test,No Fit,0,0.0944,0.4,0,-4.0
test,No Fit,0,0.0862,0.35,-2,0.0
test,No Fit,0,0.1123,0.45,0,-1.0
test,No Fit,0,0.0113,0.3333,1,4.0
test,No Fit,0,0.1381,0.2,-2,8.0
test,No Fit,0,0.1315,0.35,0,1.0
test,No Fit,0,0.1062,0.3,1,-5.0
test,No Fit,0,0.1845,0.55,0,0.0
test,No Fit,0,0.1138,0.15,1,4.0
test,No Fit,0,0.202,0.3,0,4.0
test,No Fit,0,0.041,0.5,0,9.0
test,No Fit,0,0.1173,0.3,-1,10.0
test,No Fit,0,0.0361,0.3333,0,12.0
test,No Fit,0,0.149,0.8333,1,13.0
test,No Fit,0,0.0774,0.25,0,4.0
test,No Fit,0,0.1193,0.55,0,-4.0
test,No Fit,0,0.0983,0.15,0,-3.0
test,No Fit,0,0.0955,0.3,-1,0.0
test,No Fit,0,0.1608,0.4,-1,9.0
test,No Fit,0,0.1153,0.4,0,0.0
test,No Fit,0,0.1194,0.25,0,-11.0
test,No Fit,0,0.0953,0.3333,0,4.0
test,No Fit,0,0.0542,0.2,0,8.0
test,No Fit,0,0.1278,0.35,0,-3.0
test,No Fit,0,0.0451,0.25,0,8.0
test,No Fit,0,0.1079,0.5,0,9.0
test,No Fit,0,0.6047,0.5,0,5.0
test,No Fit,0,0.1643,0.4,0,3.0
test,No Fit,0,0.0647,0.25,-2,10.0
test,No Fit,0,0.1018,0.45,-2,-5.0
test,No Fit,0,0.0784,0.25,0,0.0
test,No Fit,0,0.116,0.3,0,-12.0
test,No Fit,0,0.076,0.25,0,0.0
test,No Fit,0,0.0504,0.35,0,2.0
test,No Fit,0,0.2367,0.6,-1,7.0
test,No Fit,0,0.0696,0.4167,0,0.0
test,No Fit,0,0.0647,0.2,0,0.0
test,No Fit,0,0.0734,0.35,0,21.0
test,No Fit,0,0.0371,0.1,-1,-10.0
test,No Fit,0,0.0463,0.05,0,0.0
test,No Fit,0,0.0932,0.15,1,-10.0
test,No Fit,0,0.0845,0.25,0,9.0
test,No Fit,0,0.0548,0.2,-1,0.0
test,No Fit,0,0.2433,0.35,-1,5.0
test,No Fit,0,0.107,0.15,0,7.0
test,No Fit,0,0.0994,0.35,0,-5.0
test,No Fit,0,0.1427,0.3,-1,-2.0
test,No Fit,0,0.074,0.45,1,0.0
test,No Fit,0,0.0755,0.6667,0,0.0
test,No Fit,0,0.0764,0.45,-1,5.0
test,No Fit,0,0.145,0.45,0,10.0
test,No Fit,0,0.0498,0.25,0,5.0
test,No Fit,0,0.1367,0.55,-2,6.0
test,No Fit,0,0.107,0.4,0,0.0
test,No Fit,0,0.141,0.45,0,0.0
test,No Fit,0,0.1287,0.5,-1,0.0
test,No Fit,0,0.0627,0.2,-2,3.0
test,No Fit,0,0.1238,0.6667,0,5.0
test,No Fit,0,0.1192,0.6667,1,0.0
test,No Fit,0,0.0852,0.2,0,-5.0
test,No Fit,0,0.0743,0.2,0,4.0
test,No Fit,0,0.0798,0.3,0,0.0
test,No Fit,0,0.1037,0.4,1,7.0
test,No Fit,0,0.0658,0.2,1,-10.0
test,No Fit,0,0.1383,0.5,0,4.0
test,No Fit,0,0.091,0.3,0,10.0
test,No Fit,0,0.1048,0.5,0,12.0
test,No Fit,0,0.091,0.45,0,-4.0
test,No Fit,0,0.1159,0.3,1,-7.0
test,No Fit,0,0.1873,0.6667,0,8.0
test,No Fit,0,0.0864,0.2,-2,0.0
test,No Fit,0,0.2064,0.6667,0,9.0
test,No Fit,0,0.1278,0.25,0,0.0
test,No Fit,0,0.088,0.3,0,9.0
test,No Fit,0,0.0324,0.3333,-1,0.0
test,No Fit,0,0.1388,0.5,0,-10.0
test,No Fit,0,0.1131,0.15,-1,1.0
test,No Fit,0,0.0476,0.25,0,0.0
test,No Fit,0,0.1186,0.45,-2,0.0
test,No Fit,0,0.0834,0.1,-2,10.0
test,No Fit,0,0.0788,0.35,0,-3.0
test,No Fit,0,0.0845,0.25,1,-4.0
test,No Fit,0,0.0744,0.3,1,5.0
test,No Fit,0,0.1233,0.25,0,18.0
test,No Fit,0,0.0446,0.1,-1,-5.0
test,No Fit,0,0.03,0.05,0,12.0
test,No Fit,0,0.0553,0.4,-2,4.0
test,No Fit,0,0.1558,0.4,0,4.0
test,No Fit,0,0.099,0.3,1,9.0
test,No Fit,0,0.3221,0.25,0,-5.0
test,No Fit,0,0.1957,0.4,0,-2.0
test,No Fit,0,0.0428,0.15,-2,10.0
test,No Fit,0,0.0211,0.3333,-1,1.0
test,No Fit,0,0.1135,0.3,-1,-3.0
test,No Fit,0,0.132,0.8333,0,10.0
test,No Fit,0,0.3403,0.25,0,4.0
test,No Fit,0,0.0706,0.2,-3,-10.0
test,No Fit,0,0.0369,0.05,-2,3.0
test,No Fit,0,0.1347,0.5,0,-12.0
test,No Fit,0,0.1782,0.5,0,-1.0
test,No Fit,0,0.0143,0.3333,0,12.0
test,No Fit,0,0.1971,0.2,-1,-4.0
test,No Fit,0,0.0541,0.5,0,8.0
test,No Fit,0,0.2043,0.4,0,-10.0
test,No Fit,0,0.1145,0.6667,0,11.0
test,No Fit,0,0.1322,0.45,1,-7.0
test,No Fit,0,0.1543,0.5,0,-7.0
test,No Fit,0,0.0621,0.4,0,0.0
test,No Fit,0,0.1484,0.3,0,12.0
test,No Fit,0,0.1705,0.45,0,4.0
test,No Fit,0,0.0541,0.15,0,0.0
test,No Fit,0,0.1812,0.3333,0,4.0
test,No Fit,0,0.048,0.2,-3,0.0
test,No Fit,0,0.0701,0.05,-2,14.0
test,No Fit,0,0.1932,0.45,0,-10.0
test,No Fit,0,0.0244,0.1,0,3.0
test,No Fit,0,0.1974,0.4,1,0.0
test,No Fit,0,0.0963,0.5,0,-10.0
test,No Fit,0,0.1891,0.6,1,-1.0
test,No Fit,0,0.1593,0.3,0,-5.0
test,No Fit,0,0.146,0.3,0,9.0
test,No Fit,0,0.0971,0.3,-2,-5.0
test,No Fit,0,0.0916,0.25,0,-12.0
test,No Fit,0,0.0674,0.2,1,-5.0
test,No Fit,0,0.1453,0.45,1,-5.0
test,No Fit,0,0.0656,0.15,-2,9.0
test,No Fit,0,0.0804,0.15,-2,-2.0
test,No Fit,0,0.0872,0.15,-2,6.0
test,No Fit,0,0.1369,0.25,0,0.0
test,No Fit,0,0.6088,0.7,0,-5.0
test,No Fit,0,0.1469,0.55,-1,6.0
test,No Fit,0,0.0208,0.3333,0,0.0
test,No Fit,0,0.09,0.25,-1,0.0
test,No Fit,0,0.3322,0.35,1,2.0
test,No Fit,0,0.1193,0.25,0,1.0
test,No Fit,0,0.0879,0.3,-2,4.0
test,No Fit,0,0.1167,0.35,1,-12.0
test,No Fit,0,0.0621,0.05,0,0.0
test,No Fit,0,0.0775,0.35,0,0.0
test,No Fit,0,0.0933,0.25,0,-7.0
test,No Fit,0,0.0388,0.2,-2,11.0
test,No Fit,0,0.1556,0.2,0,0.0
test,No Fit,0,0.1326,0.45,-1,-3.0
test,No Fit,0,0.0317,0.25,0,0.0
test,No Fit,0,0.079,0.2,0,-8.0
test,No Fit,0,0.1452,0.4,-1,-10.0
test,No Fit,0,0.0304,0.3333,0,0.0
test,No Fit,0,0.1322,0.25,0,0.0
test,No Fit,0,0.0465,0.15,-2,-10.0
test,No Fit,0,0.1657,0.5,0,14.0
test,No Fit,0,0.1083,0.25,-1,13.0
test,No Fit,0,0.0618,0.25,0,12.0
test,No Fit,0,0.1538,0.4,0,-5.0
test,No Fit,0,0.0389,0.2,-1,0.0
test,No Fit,0,0.2794,0.8333,0,9.0
test,No Fit,0,0.1309,0.4,-1,0.0
test,No Fit,0,0.0839,0.35,-2,5.0
test,No Fit,0,0.1115,0.25,-1,-9.0
test,No Fit,0,0.0413,0.3,0,5.0
test,No Fit,0,0.0724,0.2,-1,-4.0
test,No Fit,0,0.0999,0.15,0,9.0
test,No Fit,0,0.1932,0.45,-2,2.0
test,No Fit,0,0.163,0.6,-1,-10.0
test,No Fit,0,0.0881,0.35,-1,0.0
test,No Fit,0,0.5338,0.45,1,-4.0
test,No Fit,0,0.0924,0.5,-2,14.0
test,No Fit,0,0.1149,0.4,-1,0.0
test,No Fit,0,0.1455,0.35,0,-8.0
test,No Fit,0,0.0383,0.3,-1,0.0
test,No Fit,0,0.0744,0.3,0,22.0
test,No Fit,0,0.0315,0.3333,0,4.0
test,No Fit,0,0.1665,0.35,0,-12.0
test,No Fit,0,0.2601,0.45,1,-9.0
test,No Fit,0,0.1813,0.35,1,7.0
test,No Fit,0,0.0954,0.4,-1,0.0
test,No Fit,0,0.0649,0.5,0,4.0
test,No Fit,0,0.0976,0.8333,0,11.0
test,No Fit,0,0.4624,0.45,1,-5.0
test,No Fit,0,0.0523,0.15,-1,-5.0
test,No Fit,0,0.0926,0.2,-2,7.0
test,No Fit,0,0.1422,0.4,1,-9.0
test,No Fit,0,0.1538,0.6667,0,11.0
test,No Fit,0,0.1348,0.45,0,9.0
test,No Fit,0,0.2071,0.15,0,-10.0
test,No Fit,0,0.0585,0.45,1,0.0
test,No Fit,0,0.0889,0.2,0,8.0
test,No Fit,0,0.0872,0.5,0,0.0
test,No Fit,0,0.0898,0.25,0,21.0
test,No Fit,0,0.1735,0.25,0,5.0
test,No Fit,0,0.1198,0.6,-1,-10.0
test,No Fit,0,0.1008,0.55,0,0.0
test,No Fit,0,0.0783,0.8333,0,0.0
test,No Fit,0,0.4524,0.35,0,-5.0
test,No Fit,0,0.1267,0.45,0,-12.0
test,No Fit,0,0.0285,0.2,0,0.0
test,No Fit,0,0.105,0.25,1,2.0
test,No Fit,0,0.041,0.1,-2,9.0
test,No Fit,0,0.0938,0.2,0,-8.0
test,No Fit,0,0.1071,0.1,-2,0.0
test,No Fit,0,0.1105,0.8333,0,10.0
test,No Fit,0,0.1211,0.2,0,0.0
test,No Fit,0,0.056,0.1667,0,4.0
test,No Fit,0,0.0749,0.45,1,9.0
test,No Fit,0,0.0416,0.25,-1,6.0
test,No Fit,0,0.0519,0.1,-1,15.0
test,No Fit,0,0.1032,0.4,-2,0.0
test,No Fit,0,0.2273,0.5,0,-12.0
test,No Fit,0,0.0515,0.35,1,7.0
test,No Fit,0,0.0494,0.15,-1,3.0
test,No Fit,0,0.155,0.8333,0,0.0
test,No Fit,0,0.1266,0.45,0,-12.0
test,No Fit,0,0.1474,0.25,0,4.0
test,No Fit,0,0.2354,0.65,-1,-5.0
test,No Fit,0,0.0832,0.35,0,10.0
test,No Fit,0,0.0842,0.25,0,9.0
test,No Fit,0,0.0722,0.2,-1,-10.0
test,No Fit,0,0.132,0.35,-1,0.0
test,No Fit,0,0.0758,0.7,0,-3.0
test,No Fit,0,0.1696,0.15,0,4.0
test,No Fit,0,0.23,0.15,0,5.0
test,No Fit,0,0.056,0.25,-1,0.0
test,No Fit,0,0.0113,0.3333,1,0.0
test,No Fit,0,0.267,0.8333,0,3.0
test,No Fit,0,0.0841,0.6667,1,6.0
test,No Fit,0,0.0389,0.5,0,0.0
test,No Fit,0,0.1308,0.3,1,1.0
test,No Fit,0,0.1535,0.6,0,-12.0
test,No Fit,0,0.1566,0.25,0,-5.0
test,No Fit,0,0.5317,0.55,0,-5.0
test,No Fit,0,0.1056,0.25,0,0.0
test,No Fit,0,0.0932,0.2,-1,12.0
test,No Fit,0,0.0582,0.1,-1,0.0
test,No Fit,0,0.4331,0.5,0,5.0
test,No Fit,0,0.1319,0.35,0,10.0
test,No Fit,0,0.1011,0.3,1,5.0
test,No Fit,0,0.0498,0.2,1,11.0
test,No Fit,0,0.0724,0.2,-1,-5.0
test,No Fit,0,0.1252,0.25,-1,-3.0
test,No Fit,0,0.0621,0.05,0,3.0
test,No Fit,0,0.1006,0.3,0,-4.0
test,No Fit,0,0.0804,0.2,-2,2.0
test,No Fit,0,0.0699,0.25,-1,17.0
test,No Fit,0,0.0843,0.1,0,11.0
test,No Fit,0,0.174,0.4,1,-12.0
test,No Fit,0,0.1106,0.35,1,-3.0
test,No Fit,0,0.0624,0.5,0,0.0
test,No Fit,0,0.0384,0.6667,1,9.0
test,No Fit,0,0.0582,0.2,-2,19.0
test,No Fit,0,0.0587,0.35,0,1.0
test,No Fit,0,0.1826,0.3,-1,0.0
test,No Fit,0,0.1044,0.2,-1,0.0
test,No Fit,0,0.4192,0.3,0,-5.0
test,No Fit,0,0.0506,0.2,-2,0.0
test,No Fit,0,0.1037,0.4,-1,0.0
test,No Fit,0,0.0551,0.6667,0,2.0
test,No Fit,0,0.1265,0.4,-2,-5.0
test,No Fit,0,0.0985,0.25,0,0.0
test,No Fit,0,0.1064,0.2,-3,0.0
test,No Fit,0,0.1036,0.1,-1,17.0
test,No Fit,0,0.2295,0.1,1,0.0
test,No Fit,0,0.2267,0.25,1,0.0
test,No Fit,0,0.0927,0.2,-2,0.0
test,No Fit,0,0.5098,0.45,0,-10.0
test,No Fit,0,0.0711,0.1,0,1.0
test,No Fit,0,0.0549,0.3,-2,0.0
test,No Fit,0,0.0943,0.15,-1,-10.0
test,No Fit,0,0.1044,0.15,0,0.0
test,No Fit,0,0.1092,0.5,-1,0.0
test,No Fit,0,0.15,0.5,0,-6.0
test,No Fit,0,0.0443,0.2,0,9.0
test,No Fit,0,0.3391,0.25,0,0.0
test,No Fit,0,0.087,0.25,-1,12.0
test,No Fit,0,0.1577,0.75,-1,-10.0
test,No Fit,0,0.1178,0.5,1,4.0
test,No Fit,0,0.1787,0.35,-1,-10.0
test,No Fit,0,0.1057,0.8333,0,10.0
test,No Fit,0,0.0652,0.15,0,0.0
test,No Fit,0,0.1648,0.1,-1,-5.0
test,No Fit,0,0.0658,0.1,0,3.0
test,No Fit,0,0.4245,0.5,1,0.0
test,No Fit,0,0.0353,0.1,0,11.0
test,No Fit,0,0.1557,0.4,1,0.0
test,No Fit,0,0.1864,0.6667,0,5.0
test,No Fit,0,0.2889,0.45,-1,-5.0
test,No Fit,0,0.0962,0.5,0,0.0
test,No Fit,0,0.2234,0.45,1,6.0
test,No Fit,0,0.4339,0.25,0,-1.0
test,No Fit,0,0.137,0.3,1,-3.0
test,No Fit,0,0.1643,0.55,0,2.0
test,Good Fit,1,0.1492,0.45,0,0.0
test,Good Fit,1,0.0708,0.25,1,4.0
test,Good Fit,1,0.249,0.3,0,2.0
test,Good Fit,1,0.1694,0.55,-2,5.0
test,Good Fit,1,0.3068,0.25,1,2.0
test,Good Fit,1,0.2535,0.5,1,2.0
test,Good Fit,1,0.0701,0.1333,-1,5.0
test,Good Fit,1,0.19,0.1,0,-2.0
test,Good Fit,1,0.0967,0.2,-1,15.0
test,Good Fit,1,0.1171,0.3,-2,11.0
test,Good Fit,1,0.1025,0.2,0,10.0
test,Good Fit,1,0.1251,0.35,2,10.0
test,Good Fit,1,0.0709,0.2,1,4.0
test,Good Fit,1,0.1012,0.35,0,8.0
test,Good Fit,1,0.2058,0.35,0,-5.0
test,Good Fit,1,0.0526,0.25,-1,0.0
test,Good Fit,1,0.1213,0.2,-2,8.0
test,Good Fit,1,0.0541,0.25,0,0.0
test,Good Fit,1,0.0455,0.05,1,0.0
test,Good Fit,1,0.1404,0.55,0,8.0
test,Good Fit,1,0.1211,0.4,-2,0.0
test,Good Fit,1,0.1345,0.5,-2,9.0
test,Good Fit,1,0.0952,0.35,2,0.0
test,Good Fit,1,0.0867,0.15,2,10.0
test,Good Fit,1,0.1645,0.3,-1,1.0
test,Good Fit,1,0.1068,0.35,-1,12.0
test,Good Fit,1,0.104,0.25,-2,2.0
test,Good Fit,1,0.0594,0.2,-3,0.0
test,Good Fit,1,0.1343,0.15,0,2.0
test,Good Fit,1,0.0902,0.2,-2,8.0
test,Good Fit,1,0.0565,0.2,-1,0.0
test,Good Fit,1,0.4046,0.4,0,-2.0
test,Good Fit,1,0.0565,0.15,-1,-5.0
test,Good Fit,1,0.0911,0.3,2,2.0
test,Good Fit,1,0.1542,0.25,-3,6.0
test,Good Fit,1,0.0625,0.15,0,2.0
test,Good Fit,1,0.0438,0.25,0,0.0
test,Good Fit,1,0.279,0.4,1,-5.0
test,Good Fit,1,0.1558,0.2,0,7.0
test,Good Fit,1,0.1237,0.45,-1,-5.0
test,Good Fit,1,0.0523,0.25,0,0.0
test,Good Fit,1,0.0944,0.2,-1,18.0
test,Good Fit,1,0.1306,0.5,-2,0.0
test,Good Fit,1,0.0646,0.35,-4,14.0
test,Good Fit,1,0.0619,0.25,0,7.0
test,Good Fit,1,0.0492,0.35,0,7.0
test,Good Fit,1,0.0608,0.35,-1,4.0
test,Good Fit,1,0.137,0.25,1,14.0
test,Good Fit,1,0.0989,0.45,-1,0.0
test,Good Fit,1,0.0998,0.15,0,0.0
test,Good Fit,1,0.1359,0.25,2,0.0
test,Good Fit,1,0.0618,0.25,-1,2.0
test,Good Fit,1,0.0999,0.15,-1,4.0
test,Good Fit,1,0.0289,0.05,0,11.0
test,Good Fit,1,0.0723,0.25,-1,10.0
test,Good Fit,1,0.1546,0.2,-1,-5.0
test,Good Fit,1,0.1641,0.35,-1,-10.0
test,Good Fit,1,0.0431,0.25,0,21.0
test,Good Fit,1,0.1109,0.45,-1,8.0
test,Good Fit,1,0.1402,0.4,0,8.0
test,Good Fit,1,0.1268,0.2,-1,-1.0
test,Good Fit,1,0.0541,0.35,0,-5.0
test,Good Fit,1,0.0982,0.3,-1,0.0
test,Good Fit,1,0.0912,0.2,-1,17.0
test,Good Fit,1,0.0761,0.3,0,2.0
test,Good Fit,1,0.1096,0.3,-1,-10.0
test,Good Fit,1,0.066,0.25,0,11.0
test,Good Fit,1,0.3024,0.15,0,-5.0
test,Good Fit,1,0.1348,0.45,0,0.0
test,Good Fit,1,0.0719,0.05,-1,0.0
test,Good Fit,1,0.0698,0.25,0,14.0
test,Good Fit,1,0.0629,0.3,3,0.0
test,Good Fit,1,0.1658,0.55,-1,0.0
test,Good Fit,1,0.0933,0.7,0,-10.0
test,Good Fit,1,0.0446,0.3,0,0.0
test,Good Fit,1,0.1043,0.35,0,0.0
test,Good Fit,1,0.3803,0.35,-1,7.0
test,Good Fit,1,0.1151,0.25,0,1.0
test,Good Fit,1,0.0516,0.25,-2,-2.0
test,Good Fit,1,0.086,0.55,-1,0.0
test,Good Fit,1,0.0933,0.25,0,6.0
test,Good Fit,1,0.0946,0.2,0,-3.0
test,Good Fit,1,0.0321,0.25,0,0.0
test,Good Fit,1,0.2833,0.5333,1,7.0
test,Good Fit,1,0.1314,0.45,-2,0.0
test,Good Fit,1,0.119,0.3,-2,9.0
test,Good Fit,1,0.2034,0.6,0,6.0
test,Good Fit,1,0.0726,0.35,0,10.0
test,Good Fit,1,0.0379,0.2,0,11.0
test,Good Fit,1,0.1097,0.45,0,11.0
test,Good Fit,1,0.1283,0.15,2,3.0
test,Good Fit,1,0.0615,0.1,-3,0.0
test,Good Fit,1,0.066,0.1,-2,11.0
test,Good Fit,1,0.4983,0.4,-2,4.0
test,Good Fit,1,0.0831,0.25,-1,-1.0
test,Good Fit,1,0.1364,0.4,0,6.0
test,Good Fit,1,0.0902,0.45,-1,14.0
test,Good Fit,1,0.1258,0.5,-2,11.0
test,Good Fit,1,0.2725,0.45,0,0.0
test,Good Fit,1,0.1557,0.35,-1,6.0
test,Good Fit,1,0.0543,0.15,-1,4.0
test,Good Fit,1,0.098,0.4,0,0.0
test,Good Fit,1,0.2707,0.55,1,2.0
test,Good Fit,1,0.0862,0.25,0,-10.0
test,Good Fit,1,0.0748,0.2,-1,5.0
test,Good Fit,1,0.1134,0.45,-2,0.0
test,Good Fit,1,0.0988,0.2,-1,-2.0
test,Good Fit,1,0.0988,0.2,0,2.0
test,Good Fit,1,0.1355,0.3,2,0.0
test,Good Fit,1,0.0569,0.15,-2,22.0
test,Good Fit,1,0.0719,0.45,1,5.0
test,Good Fit,1,0.1235,0.55,-1,9.0
test,Good Fit,1,0.0477,0.25,0,0.0
test,Good Fit,1,0.0896,0.3,0,9.0
test,Good Fit,1,0.0998,0.2,0,0.0
test,Good Fit,1,0.1181,0.5,-1,-10.0
test,Good Fit,1,0.2912,0.65,0,0.0
test,Good Fit,1,0.1352,0.4,0,0.0
test,Good Fit,1,0.1226,0.3,1,11.0
test,Good Fit,1,0.1051,0.2,1,10.0
test,Good Fit,1,0.1206,0.35,0,12.0
test,Good Fit,1,0.1518,0.45,2,2.0
test,Good Fit,1,0.536,0.35,1,-10.0
test,Good Fit,1,0.1249,0.5,0,21.0
test,Good Fit,1,0.1159,0.4,1,5.0
test,Good Fit,1,0.1295,0.45,0,0.0
test,Good Fit,1,0.082,0.3,-2,7.0
test,Good Fit,1,0.0897,0.35,-1,9.0
test,Good Fit,1,0.1626,0.25,0,-1.0
test,Good Fit,1,0.0962,0.45,0,8.0
test,Good Fit,1,0.0634,0.35,0,6.0
test,Good Fit,1,0.0392,0.15,0,11.0
test,Good Fit,1,0.1178,0.3333,0,0.0
test,Good Fit,1,0.0793,0.25,0,0.0
test,Good Fit,1,0.0963,0.25,0,0.0
test,Good Fit,1,0.0552,0.05,-2,5.0
test,Good Fit,1,0.1449,0.3,0,12.0
test,Good Fit,1,0.217,0.65,1,7.0
test,Good Fit,1,0.0553,0.3,1,9.0
test,Good Fit,1,0.0704,0.2,-2,4.0
test,Good Fit,1,0.1278,0.15,1,2.0
test,Good Fit,1,0.0632,0.4,-2,8.0
test,Good Fit,1,0.0855,0.2,-2,0.0
test,Good Fit,1,0.0259,0.3333,-2,4.0
test,Good Fit,1,0.121,0.3,-2,13.0
test,Good Fit,1,0.1275,0.25,0,-3.0
test,Good Fit,1,0.0945,0.2,-2,8.0
test,Good Fit,1,0.257,0.25,0,-5.0
test,Good Fit,1,0.1889,0.45,2,5.0
test,Good Fit,1,0.1393,0.45,0,2.0
test,Good Fit,1,0.1022,0.35,-2,-3.0
test,Good Fit,1,0.0641,0.2,1,5.0
test,Good Fit,1,0.0712,0.3,1,-5.0
test,Good Fit,1,0.0966,0.3,0,10.0
test,Good Fit,1,0.0741,0.3,-2,11.0
test,Good Fit,1,0.0525,0.35,-1,13.0
test,Good Fit,1,0.1288,0.05,0,-6.0
test,Good Fit,1,0.0869,0.25,-1,3.0
test,Good Fit,1,0.1929,0.4,0,4.0
test,Good Fit,1,0.0403,0.2,-1,1.0
test,Good Fit,1,0.0721,0.35,-2,4.0
test,Good Fit,1,0.1381,0.25,-2,8.0
test,Good Fit,1,0.0916,0.4,0,22.0
test,Good Fit,1,0.1135,0.3,0,-10.0
test,Good Fit,1,0.1243,0.25,0,-3.0
test,Good Fit,1,0.037,0.05,0,0.0
test,Good Fit,1,0.051,0.15,-2,0.0
test,Good Fit,1,0.068,0.25,-2,0.0
test,Good Fit,1,0.0943,0.4,0,0.0
test,Good Fit,1,0.063,0.35,0,8.0
test,Good Fit,1,0.134,0.45,-1,0.0
test,Good Fit,1,0.1151,0.45,0,0.0
test,Good Fit,1,0.4484,0.45,-2,0.0
test,Good Fit,1,0.294,0.85,2,0.0
test,Good Fit,1,0.0699,0.1,0,11.0
test,Good Fit,1,0.0612,0.25,0,-5.0
test,Good Fit,1,0.1578,0.5,0,2.0
test,Good Fit,1,0.0979,0.55,-1,0.0
test,Good Fit,1,0.1699,0.35,0,6.0
test,Good Fit,1,0.112,0.35,-1,4.0
test,Good Fit,1,0.2372,0.85,2,9.0
test,Good Fit,1,0.1388,0.25,-1,1.0
test,Good Fit,1,0.1187,0.35,-3,0.0
test,Good Fit,1,0.1163,0.45,-1,2.0
test,Good Fit,1,0.0441,0.15,0,12.0
test,Good Fit,1,0.0803,0.1,-1,5.0
test,Good Fit,1,0.0983,0.4,-2,4.0
test,Good Fit,1,0.0652,0.2,-1,2.0
test,Good Fit,1,0.1048,0.25,-2,12.0
test,Good Fit,1,0.1998,0.2667,-1,5.0
test,Good Fit,1,0.447,0.25,0,4.0
test,Good Fit,1,0.0761,0.15,-1,0.0
test,Good Fit,1,0.1921,0.15,-1,22.0
test,Good Fit,1,0.3107,0.3,1,0.0
test,Good Fit,1,0.0515,0.2,1,0.0
test,Good Fit,1,0.1036,0.1,0,5.0
test,Good Fit,1,0.0718,0.2,-1,5.0
test,Good Fit,1,0.0634,0.2,-1,0.0
test,Good Fit,1,0.134,0.5,-2,7.0
test,Good Fit,1,0.0651,0.15,1,-5.0
test,Good Fit,1,0.0996,0.5,-1,-2.0
test,Good Fit,1,0.3194,0.25,1,1.0
test,Good Fit,1,0.1072,0.1,0,19.0
test,Good Fit,1,0.0771,0.3,-1,13.0
test,Good Fit,1,0.1314,0.2,-3,5.0
test,Good Fit,1,0.1205,0.4,-2,9.0
test,Good Fit,1,0.045,0.25,0,0.0
test,Good Fit,1,0.3808,0.3,-2,0.0
test,Good Fit,1,0.0467,0.25,-2,-7.0
test,Good Fit,1,0.2044,0.55,1,6.0
test,Good Fit,1,0.0482,0.3,0,0.0
test,Good Fit,1,0.0851,0.4,-1,4.0
test,Good Fit,1,0.1621,0.25,0,5.0
test,Good Fit,1,0.2399,0.6,0,5.0
test,Good Fit,1,0.1641,0.45,0,7.0
test,Good Fit,1,0.0859,0.15,-2,2.0
test,Good Fit,1,0.0735,0.2,-2,5.0
test,Good Fit,1,0.1042,0.25,-1,0.0
test,Good Fit,1,0.0794,0.2,0,7.0
test,Good Fit,1,0.1469,0.25,-1,17.0
test,Good Fit,1,0.2585,0.3,1,2.0
test,Good Fit,1,0.0739,0.3,0,9.0
test,Good Fit,1,0.1622,0.45,-1,4.0
test,Good Fit,1,0.1305,0.15,-1,-6.0
test,Good Fit,1,0.0824,0.25,0,0.0
test,Good Fit,1,0.084,0.2,-2,12.0
test,Good Fit,1,0.2019,0.5,0,6.0
test,Good Fit,1,0.1386,0.4,0,4.0
test,Good Fit,1,0.1447,0.45,0,8.0
test,Good Fit,1,0.056,0.15,-2,8.0
test,Good Fit,1,0.0503,0.25,0,0.0
test,Good Fit,1,0.3178,0.25,0,10.0
test,Good Fit,1,0.043,0.25,0,0.0
test,Good Fit,1,0.1375,0.4667,1,9.0
test,Good Fit,1,0.0646,0.25,-2,0.0
test,Good Fit,1,0.1093,0.15,-2,2.0
test,Good Fit,1,0.0537,0.15,0,7.0
test,Good Fit,1,0.0816,0.4,-1,-5.0
test,Good Fit,1,0.0889,0.4,0,11.0
test,Good Fit,1,0.0631,0.3,-1,12.0
test,Good Fit,1,0.1077,0.15,0,10.0
test,Good Fit,1,0.232,0.7,3,0.0
test,Good Fit,1,0.1604,0.35,-1,6.0
test,Good Fit,1,0.1169,0.55,-2,8.0
test,Good Fit,1,0.06,0.1,-1,0.0
test,Good Fit,1,0.2423,0.7,1,7.0
test,Good Fit,1,0.3574,0.3,-2,3.0
test,Good Fit,1,0.0926,0.4,0,0.0
test,Good Fit,1,0.0706,0.2,1,0.0
test,Good Fit,1,0.4207,0.25,-2,6.0
test,Good Fit,1,0.0627,0.15,-1,-5.0
test,Good Fit,1,0.1098,0.2,-2,5.0
test,Good Fit,1,0.0768,0.35,1,5.0
test,Good Fit,1,0.0915,0.15,-1,3.0
test,Good Fit,1,0.1371,0.4,1,9.0
test,Good Fit,1,0.0678,0.2,0,21.0
test,Good Fit,1,0.044,0.1,1,0.0
test,Good Fit,1,0.0562,0.1,1,3.0
test,Good Fit,1,0.0542,0.15,-2,0.0
test,Good Fit,1,0.1258,0.45,0,0.0
test,Good Fit,1,0.0616,0.15,0,0.0
test,Good Fit,1,0.1512,0.4,-1,0.0
test,Good Fit,1,0.0817,0.4,0,0.0
test,Good Fit,1,0.093,0.35,-2,12.0
test,Good Fit,1,0.1446,0.35,0,1.0
test,Good Fit,1,0.0745,0.3,0,8.0
test,Good Fit,1,0.0456,0.2,0,21.0
test,Good Fit,1,0.0525,0.2,-1,2.0
test,Good Fit,1,0.1467,0.4,-2,5.0
test,Good Fit,1,0.0616,0.4,-1,11.0
test,Good Fit,1,0.1161,0.3,-2,6.0
test,Good Fit,1,0.1462,0.4,-1,-1.0
test,Good Fit,1,0.1461,0.2,-1,-5.0
test,Good Fit,1,0.0896,0.35,-2,14.0
test,Good Fit,1,0.0458,0.25,0,5.0
test,Good Fit,1,0.0793,0.2,-1,-5.0
test,Good Fit,1,0.1283,0.3,0,-10.0
test,Good Fit,1,0.4252,0.4,1,-3.0
test,Good Fit,1,0.0414,0.1,0,12.0
test,Good Fit,1,0.0991,0.5,0,11.0
test,Good Fit,1,0.1068,0.35,0,12.0
test,Good Fit,1,0.0627,0.3,0,4.0
test,Good Fit,1,0.2746,0.65,0,7.0
test,Good Fit,1,0.0648,0.2,-2,12.0
test,Good Fit,1,0.0698,0.2,0,8.0
test,Good Fit,1,0.104,0.1,0,19.0
test,Good Fit,1,0.0477,0.3,0,0.0
test,Good Fit,1,0.0872,0.3,-2,0.0
test,Good Fit,1,0.0405,0.3,1,5.0
test,Good Fit,1,0.1636,0.5,0,0.0
test,Good Fit,1,0.0972,0.3,-2,7.0
test,Good Fit,1,0.2024,0.1,0,4.0
test,Good Fit,1,0.0816,0.25,-2,0.0
test,Good Fit,1,0.0586,0.25,0,5.0
test,Good Fit,1,0.1327,0.4,-1,0.0
test,Good Fit,1,0.1227,0.25,-1,0.0
test,Good Fit,1,0.1847,0.45,-2,0.0
test,Good Fit,1,0.4794,0.45,1,-10.0
test,Good Fit,1,0.1743,0.2,0,5.0
test,Good Fit,1,0.0643,0.15,-2,0.0
test,Good Fit,1,0.045,0.15,1,5.0
test,Good Fit,1,0.1203,0.25,0,14.0
test,Good Fit,1,0.089,0.25,0,2.0
test,Good Fit,1,0.1403,0.5,0,8.0
test,Good Fit,1,0.2655,0.35,0,14.0
test,Good Fit,1,0.1598,0.4667,0,5.0
test,Good Fit,1,0.0817,0.35,-1,7.0
test,Good Fit,1,0.0854,0.35,1,7.0
test,Good Fit,1,0.0845,0.25,-1,0.0
test,Good Fit,1,0.1143,0.4,0,0.0
test,Good Fit,1,0.0566,0.25,-2,-2.0
test,Good Fit,1,0.1118,0.25,0,2.0
test,Good Fit,1,0.03,0.1,-2,-2.0
test,Good Fit,1,0.0662,0.35,0,6.0
test,Good Fit,1,0.0573,0.35,0,0.0
test,Good Fit,1,0.0537,0.2,-2,0.0
test,Good Fit,1,0.0781,0.25,-2,0.0
test,Good Fit,1,0.169,0.45,0,6.0
test,Good Fit,1,0.2163,0.3,0,0.0
test,Good Fit,1,0.1968,0.4667,1,7.0
test,Good Fit,1,0.0729,0.45,0,11.0
test,Good Fit,1,0.0869,0.45,-1,11.0
test,Good Fit,1,0.149,0.4,2,0.0
test,Good Fit,1,0.0906,0.3,0,0.0
test,Good Fit,1,0.2178,0.55,2,0.0
test,Good Fit,1,0.0554,0.05,0,3.0
test,Good Fit,1,0.0616,0.25,-2,14.0
test,Good Fit,1,0.0704,0.1,-1,-10.0
test,Good Fit,1,0.113,0.35,0,21.0
test,Good Fit,1,0.1092,0.2,1,-5.0
test,Good Fit,1,0.127,0.5,0,5.0
test,Good Fit,1,0.4249,0.4,1,-3.0
test,Good Fit,1,0.3209,0.45,1,0.0
test,Good Fit,1,0.094,0.25,-1,0.0
test,Good Fit,1,0.1513,0.55,0,5.0
test,Good Fit,1,0.0936,0.35,0,9.0
test,Good Fit,1,0.2342,0.45,0,0.0
test,Good Fit,1,0.0977,0.35,1,6.0
test,Good Fit,1,0.0808,0.4,-2,8.0
test,Good Fit,1,0.138,0.65,1,9.0
test,Good Fit,1,0.0861,0.2,-2,9.0
test,Good Fit,1,0.183,0.45,0,0.0
test,Good Fit,1,0.0969,0.3,-4,12.0
test,Good Fit,1,0.1701,0.15,-1,-10.0
test,Good Fit,1,0.1521,0.35,-1,6.0
test,Good Fit,1,0.037,0.1,0,0.0
test,Good Fit,1,0.0928,0.3,-4,14.0
test,Good Fit,1,0.0955,0.45,1,5.0
test,Good Fit,1,0.1994,0.6,0,8.0
test,Good Fit,1,0.045,0.1,-2,21.0
test,Good Fit,1,0.0837,0.3,-2,2.0
test,Good Fit,1,0.0542,0.25,0,0.0
test,Good Fit,1,0.1046,0.35,-1,12.0
test,Good Fit,1,0.0842,0.2,-1,-5.0
test,Good Fit,1,0.2548,0.1,-2,10.0
test,Good Fit,1,0.1227,0.4,0,0.0
test,Good Fit,1,0.1356,0.45,0,0.0
test,Good Fit,1,0.1116,0.5,0,-2.0
test,Good Fit,1,0.206,0.45,1,2.0
test,Good Fit,1,0.0454,0.2,0,0.0
test,Good Fit,1,0.0659,0.35,-1,9.0
test,Good Fit,1,0.1945,0.55,0,4.0
test,Good Fit,1,0.0987,0.25,0,5.0
test,Good Fit,1,0.1861,0.4,2,0.0
test,Good Fit,1,0.092,0.3,-2,0.0
test,Good Fit,1,0.0329,0.1,-2,-2.0
test,Good Fit,1,0.2547,0.45,1,1.0
test,Good Fit,1,0.1165,0.45,0,9.0
test,Good Fit,1,0.2087,0.55,0,9.0
test,Good Fit,1,0.0686,0.15,0,4.0
test,Good Fit,1,0.0658,0.05,-2,11.0
test,Good Fit,1,0.083,0.2,-2,12.0
test,Good Fit,1,0.1441,0.25,0,5.0
test,Good Fit,1,0.0623,0.3,0,12.0
test,Good Fit,1,0.0962,0.5,2,0.0
test,Good Fit,1,0.0735,0.45,0,8.0
test,Good Fit,1,0.0275,0.1,-2,0.0
test,Good Fit,1,0.0711,0.2,-2,4.0
test,Good Fit,1,0.1252,0.3,0,11.0
test,Good Fit,1,0.2448,0.2,0,0.0
test,Good Fit,1,0.099,0.35,-2,5.0
test,Good Fit,1,0.1003,0.2,-3,5.0
test,Good Fit,1,0.0802,0.2,-2,3.0
test,Good Fit,1,0.1606,0.3,2,13.0
test,Good Fit,1,0.3165,0.25,0,1.0
test,Good Fit,1,0.1939,0.3,2,3.0
test,Good Fit,1,0.1911,0.15,-3,0.0
test,Good Fit,1,0.1326,0.55,-2,9.0
test,Good Fit,1,0.0616,0.25,-2,0.0
test,Good Fit,1,0.2097,0.55,2,0.0
test,Good Fit,1,0.1019,0.35,1,6.0
test,Good Fit,1,0.0859,0.35,2,9.0
test,Good Fit,1,0.2895,0.85,2,0.0
test,Good Fit,1,0.2011,0.4,0,2.0
test,Good Fit,1,0.1303,0.4,0,8.0
test,Good Fit,1,0.0744,0.25,0,11.0
test,Good Fit,1,0.0529,0.35,0,8.0
test,Good Fit,1,0.1388,0.45,0,21.0
test,Good Fit,1,0.0665,0.2,-2,0.0
test,Good Fit,1,0.2406,0.35,1,-10.0
test,Good Fit,1,0.1363,0.55,1,5.0
test,Good Fit,1,0.1361,0.3,-1,-10.0
test,Good Fit,1,0.0806,0.35,-1,0.0
test,Good Fit,1,0.0612,0.3,0,14.0
test,Good Fit,1,0.2434,0.75,1,6.0
test,Good Fit,1,0.3651,0.4,-2,5.0
test,Good Fit,1,0.1716,0.25,2,3.0
test,Good Fit,1,0.0758,0.3,-1,-10.0
test,Good Fit,1,0.0748,0.25,0,8.0
test,Good Fit,1,0.4756,0.45,-1,5.0
test,Good Fit,1,0.0556,0.35,1,0.0
test,Good Fit,1,0.2112,0.55,0,9.0
test,Good Fit,1,0.2253,0.4,0,-5.0
test,Good Fit,1,0.0238,0.2,0,11.0
test,Good Fit,1,0.0497,0.0,0,10.0
test,Good Fit,1,0.094,0.3,1,-5.0
test,Good Fit,1,0.0857,0.15,-2,14.0
test,Good Fit,1,0.1082,0.25,-2,7.0
test,Good Fit,1,0.0255,0.15,-1,14.0
test,Good Fit,1,0.1706,0.2,-1,1.0
test,Good Fit,1,0.3939,0.5,-2,5.0
test,Good Fit,1,0.0538,0.25,0,8.0
test,Good Fit,1,0.3143,0.3,0,0.0
test,Good Fit,1,0.0815,0.25,0,-5.0
test,Good Fit,1,0.0744,0.05,1,-7.0
test,Good Fit,1,0.0805,0.4,-2,11.0
test,Good Fit,1,0.0729,0.3,-1,2.0
test,Good Fit,1,0.0792,0.3,0,13.0
test,Good Fit,1,0.1408,0.3,1,5.0
test,Good Fit,1,0.0638,0.3,-1,7.0
test,Good Fit,1,0.064,0.3,0,14.0
test,Good Fit,1,0.0937,0.25,-1,9.0
test,Good Fit,1,0.0567,0.05,-1,6.0
test,Good Fit,1,0.1168,0.25,-1,1.0
test,Good Fit,1,0.0464,0.25,1,9.0
test,Good Fit,1,0.0972,0.25,-2,6.0
test,Good Fit,1,0.1143,0.25,-2,11.0
test,Good Fit,1,0.1771,0.6,0,6.0
test,Good Fit,1,0.1633,0.5,-1,2.0
test,Good Fit,1,0.0967,0.25,1,-3.0
test,Good Fit,1,0.0848,0.3,-2,11.0
test,Good Fit,1,0.124,0.4,-1,5.0
test,Good Fit,1,0.1461,0.5,-1,0.0
test,Good Fit,1,0.1003,0.25,0,0.0
test,Good Fit,1,0.0883,0.25,-2,-2.0
test,Good Fit,1,0.0322,0.2,0,12.0
test,Good Fit,1,0.1296,0.2,-2,10.0
test,Good Fit,1,0.0857,0.3,0,-3.0
test,Good Fit,1,0.1747,0.45,1,8.0
test,Good Fit,1,0.1836,0.3,0,10.0
test,Good Fit,1,0.1908,0.45,0,4.0
test,Good Fit,1,0.1079,0.4,0,-5.0
test,Good Fit,1,0.0842,0.15,0,-10.0
test,Good Fit,1,0.1068,0.4,0,2.0
test,Good Fit,1,0.05,0.1,0,13.0
test,Good Fit,1,0.0279,0.1,2,11.0
test,Good Fit,1,0.2754,0.2,1,-5.0
test,Good Fit,1,0.2057,0.2,-3,6.0
