split,source_label,label,tfidf_similarity,keyword_overlap_ratio,education_level_score,experience_gap,sbert_score
train,No Fit,0,0.0811,0.3,1,2.0,0.42639446
train,No Fit,0,0.1136,0.45,1,14.0,0.2889544
train,No Fit,0,0.0832,0.25,-1,2.0,0.5044119
train,No Fit,0,0.0403,0.2,0,13.0,0.22697522
train,No Fit,0,0.09,0.3,0,5.0,0.3224218
train,No Fit,0,0.1056,0.2,0,13.0,0.3386261
train,No Fit,0,0.0174,0.05,1,9.0,0.3823133
train,No Fit,0,0.0509,0.05,1,12.0,0.35147977
train,No Fit,0,0.0734,0.35,1,1.0,0.3434507
train,No Fit,0,0.0851,0.35,0,0.0,0.34364015
train,No Fit,0,0.0263,0.05,-1,10.0,0.301567
train,No Fit,0,0.116,0.25,2,-5.0,0.47489202
train,No Fit,0,0.0923,0.15,0,1.0,0.26229966
train,No Fit,0,0.0267,0.0,-2,-2.0,0.15676372
train,No Fit,0,0.0615,0.2,0,8.0,0.25508153
train,No Fit,0,0.0702,0.3,0,4.0,0.23928243
train,No Fit,0,0.1003,0.3,1,-3.0,0.44581753
train,No Fit,0,0.025,0.0,0,15.0,0.23529896
train,No Fit,0,0.0332,0.1,1,0.0,0.34235978
train,No Fit,0,0.0369,0.05,0,15.0,0.29209358
train,No Fit,0,0.1829,0.3,0,9.0,0.22869413
train,No Fit,0,0.084,0.15,-1,4.0,0.30262744
train,No Fit,0,0.0645,0.25,0,0.0,0.19784907
train,No Fit,0,0.0641,0.15,-1,0.0,0.37062365
train,No Fit,0,0.2631,0.4,0,5.0,0.42436236
train,No Fit,0,0.0443,0.05,-2,3.0,0.36761937
train,No Fit,0,0.0643,0.1,0,6.0,0.40723115
train,No Fit,0,0.058,0.1,0,0.0,0.22238705
train,No Fit,0,0.0908,0.05,1,12.0,0.2803825
train,No Fit,0,0.1048,0.3,-1,11.0,0.19451591
train,No Fit,0,0.0719,0.45,0,-5.0,0.339123
train,No Fit,0,0.0247,0.3,-2,4.0,0.26745072
train,No Fit,0,0.1004,0.2,0,-10.0,0.38999057
train,No Fit,0,0.1286,0.5,0,12.0,0.38644326
train,No Fit,0,0.0457,0.3333,-1,11.0,0.121738106
train,No Fit,0,0.0753,0.3,0,16.0,0.23458895
train,No Fit,0,0.0277,0.05,-2,14.0,0.33146045
train,No Fit,0,0.0666,0.2,-2,11.0,0.48395038
train,No Fit,0,0.0132,0.05,1,5.0,0.16370155
train,No Fit,0,0.0678,0.35,0,3.0,0.3289167
train,No Fit,0,0.0516,0.15,1,9.0,0.3323906
train,No Fit,0,0.0687,0.1,0,0.0,0.20982237
train,No Fit,0,0.0441,0.3,0,10.0,0.2696795
train,No Fit,0,0.03,0.15,-1,18.0,0.39072558
train,No Fit,0,0.0895,0.35,1,7.0,0.25988507
train,No Fit,0,0.009,0.0,0,17.0,0.22303838
train,No Fit,0,0.1211,0.45,1,2.0,0.20355438
train,No Fit,0,0.0755,0.1,-1,9.0,0.30370766
train,No Fit,0,0.0807,0.45,0,2.0,0.2741276
train,No Fit,0,0.0769,0.25,-3,-2.0,0.42095864
train,No Fit,0,0.0799,0.25,0,9.0,0.41440815
train,No Fit,0,0.0765,0.2,0,9.0,0.32342136
train,No Fit,0,0.0961,0.35,-1,0.0,0.52025497
train,No Fit,0,0.0927,0.25,0,12.0,0.3659335
train,No Fit,0,0.0829,0.1,-2,12.0,0.20841429
train,No Fit,0,0.0839,0.35,-2,3.0,0.21928045
train,No Fit,0,0.0293,0.15,2,8.0,0.112895995
train,No Fit,0,0.0589,0.1,0,14.0,0.37515843
train,No Fit,0,0.0403,0.1,-2,14.0,0.30758268
train,No Fit,0,0.0876,0.45,0,5.0,0.39744875
train,No Fit,0,0.0238,0.15,0,2.0,0.3498289
train,No Fit,0,0.035,0.15,0,0.0,0.1133497
train,No Fit,0,0.0922,0.2,-1,0.0,0.45300207
train,No Fit,0,0.0747,0.45,0,-1.0,0.51701003
train,No Fit,0,0.0375,0.3571,1,5.0,0.3106807
train,No Fit,0,0.0461,0.15,1,12.0,0.2573191
train,No Fit,0,0.0518,0.1,0,7.0,0.31885996
train,No Fit,0,0.0372,0.35,-2,-3.0,0.3337021
train,No Fit,0,0.1578,0.45,0,10.0,0.42845523
train,No Fit,0,0.0563,0.1,0,9.0,0.28180182
train,No Fit,0,0.0445,0.1,0,15.0,0.33514068
train,No Fit,0,0.1617,0.55,0,0.0,0.52576613
train,No Fit,0,0.0725,0.1,0,5.0,0.26421434
train,No Fit,0,0.0395,0.05,0,15.0,0.26628202
train,No Fit,0,0.0196,0.1,0,0.0,0.3535685
train,No Fit,0,0.0931,0.6,1,7.0,0.46781635
train,No Fit,0,0.0443,0.15,0,9.0,0.46481404
train,No Fit,0,0.0266,0.2,0,13.0,0.3566161
train,No Fit,0,0.0317,0.2,0,1.0,0.3037353
train,No Fit,0,0.0711,0.2,0,10.0,0.3660366
train,No Fit,0,0.0778,0.3,-2,-2.0,0.14629224
train,No Fit,0,0.0631,0.25,0,12.0,0.37856156
train,No Fit,0,0.101,0.2,1,4.0,0.45524132
train,No Fit,0,0.0472,0.35,0,3.0,0.39071992
train,No Fit,0,0.0288,0.1,0,3.0,0.3182676
train,No Fit,0,0.0374,0.1176,-1,6.0,0.3006907
train,No Fit,0,0.0312,0.15,0,12.0,0.40462267
train,No Fit,0,0.0677,0.45,0,-10.0,0.28794748
train,No Fit,0,0.1462,0.25,1,12.0,0.44810972
train,No Fit,0,0.0762,0.2,0,-5.0,0.25060302
train,No Fit,0,0.0719,0.4,0,7.0,0.23066978
train,No Fit,0,0.08,0.4,-2,7.0,0.25506103
train,No Fit,0,0.0485,0.2,1,13.0,0.31965977
train,No Fit,0,0.0576,0.15,-1,10.0,0.32581106
train,No Fit,0,0.1499,0.25,0,9.0,0.5448631
train,No Fit,0,0.0695,0.35,0,12.0,0.42168164
train,No Fit,0,0.1049,0.4,0,7.0,0.4121868
train,No Fit,0,0.0333,0.25,0,12.0,0.28121033
train,No Fit,0,0.0325,0.25,0,5.0,0.3031795
train,No Fit,0,0.0464,0.1,-1,6.0,0.42426452
train,No Fit,0,0.0341,0.05,-1,15.0,0.32834688
train,No Fit,0,0.0339,0.05,1,7.0,0.13762003
train,No Fit,0,0.0729,0.25,-1,7.0,0.20196472
train,No Fit,0,0.0552,0.2,0,7.0,0.32887045
train,No Fit,0,0.0748,0.2,0,6.0,0.37761825
train,No Fit,0,0.0251,0.05,0,14.0,0.46290258
train,No Fit,0,0.0342,0.4,0,10.0,0.40044582
train,No Fit,0,0.063,0.2,0,12.0,0.21971002
train,No Fit,0,0.0564,0.2,0,5.0,0.21640064
train,No Fit,0,0.0,0.0,0,9.0,0.25679445
train,No Fit,0,0.0361,0.25,0,0.0,0.2684728
train,No Fit,0,0.0655,0.15,0,14.0,0.31715605
train,No Fit,0,0.0179,0.05,-2,-6.0,0.21786551
train,No Fit,0,0.0919,0.5,0,2.0,0.4927809
train,No Fit,0,0.0341,0.15,0,5.0,0.38386872
train,No Fit,0,0.0333,0.2,1,11.0,0.21565886
train,No Fit,0,0.0193,0.1429,0,11.0,0.20835793
train,No Fit,0,0.0403,0.15,0,0.0,0.3596292
train,No Fit,0,0.0869,0.15,1,5.0,0.47880295
train,No Fit,0,0.0536,0.25,0,35.0,0.26587516
train,No Fit,0,0.0747,0.15,0,5.0,0.47316182
train,No Fit,0,0.1144,0.35,0,-3.0,0.29231745
train,No Fit,0,0.0381,0.0,0,7.0,0.2285174
train,No Fit,0,0.086,0.45,0,8.0,0.41760093
train,No Fit,0,0.0619,0.15,0,9.0,0.45916536
train,No Fit,0,0.0664,0.15,0,9.0,0.1825728
train,No Fit,0,0.0582,0.25,0,0.0,0.33224836
train,No Fit,0,0.0289,0.1176,-1,15.0,0.346839
train,No Fit,0,0.0732,0.2,0,16.0,0.39267334
train,No Fit,0,0.0673,0.35,0,6.0,0.22649682
train,No Fit,0,0.0551,0.15,1,-1.0,0.42019594
train,No Fit,0,0.1614,0.55,2,10.0,0.49763036
train,No Fit,0,0.0433,0.15,1,28.0,0.41427496
train,No Fit,0,0.0384,0.4,-1,0.0,0.4506041
train,No Fit,0,0.054,0.4,0,1.0,0.38470733
train,No Fit,0,0.0505,0.15,0,9.0,0.2389414
train,No Fit,0,0.1492,0.375,1,12.0,0.41481343
train,No Fit,0,0.0503,0.2,0,-3.0,0.12966035
train,No Fit,0,0.0492,0.2,0,13.0,0.38337448
train,No Fit,0,0.0244,0.15,-1,0.0,0.5443326
train,No Fit,0,0.1492,0.4,-1,21.0,0.47866988
train,No Fit,0,0.0972,0.6,0,-15.0,0.27873585
train,No Fit,0,0.0118,0.0769,0,15.0,0.20477518
train,No Fit,0,0.0408,0.1,2,10.0,0.30937827
train,No Fit,0,0.0179,0.1667,1,9.0,0.23347653
train,No Fit,0,0.0608,0.25,0,-6.0,0.26924792
train,No Fit,0,0.1237,0.45,-2,15.0,0.41152507
train,No Fit,0,0.1028,0.3,-2,10.0,0.2355197
train,No Fit,0,0.0656,0.2105,1,0.0,0.35879853
train,No Fit,0,0.0686,0.35,0,-2.0,0.23403347
train,No Fit,0,0.1356,0.5,0,10.0,0.35892248
train,No Fit,0,0.1072,0.2,-1,15.0,0.33164817
train,No Fit,0,0.0582,0.05,2,12.0,0.2342665
train,No Fit,0,0.0349,0.25,-3,18.0,0.30612594
train,No Fit,0,0.0435,0.1,0,12.0,0.1940152
train,No Fit,0,0.0309,0.2,0,7.0,0.26096305
train,No Fit,0,0.0181,0.0,-1,7.0,0.20303114
train,No Fit,0,0.0539,0.15,0,13.0,0.108733125
train,No Fit,0,0.0342,0.05,0,7.0,0.20235261
train,No Fit,0,0.0253,0.15,-1,17.0,0.44607615
train,No Fit,0,0.0358,0.15,1,-1.0,0.4256261
train,No Fit,0,0.0807,0.25,0,4.0,0.39484942
train,No Fit,0,0.0919,0.3,0,8.0,0.21913779
train,No Fit,0,0.0626,0.15,0,22.0,0.32824337
train,No Fit,0,0.0136,0.0,0,10.0,0.22021037
train,No Fit,0,0.185,0.65,1,0.0,0.48404408
train,No Fit,0,0.0489,0.4167,0,10.0,0.12651281
train,No Fit,0,0.0884,0.2,1,11.0,0.3533542
train,No Fit,0,0.0274,0.3,0,5.0,0.27115893
train,No Fit,0,0.0606,0.45,0,0.0,0.37645668
train,No Fit,0,0.0943,0.4,1,11.0,0.38604808
train,No Fit,0,0.0268,0.05,0,10.0,0.28800908
train,No Fit,0,0.1223,0.35,-1,-5.0,0.41328338
train,No Fit,0,0.0867,0.3,1,5.0,0.5389104
train,No Fit,0,0.1231,0.55,-1,10.0,0.3344292
train,No Fit,0,0.0253,0.05,0,0.0,0.31774113
train,No Fit,0,0.1211,0.1,0,18.0,0.51345336
train,No Fit,0,0.0593,0.15,1,2.0,0.36851084
train,No Fit,0,0.0927,0.2,-1,14.0,0.39276633
train,No Fit,0,0.0554,0.15,0,10.0,0.1303517
train,No Fit,0,0.0464,0.15,0,6.0,0.33604544
train,No Fit,0,0.038,0.2,0,5.0,0.53016555
train,No Fit,0,0.0367,0.05,-2,11.0,0.43128878
train,No Fit,0,0.0499,0.1,-2,15.0,0.44041497
train,No Fit,0,0.0468,0.15,-1,17.0,0.3312654
train,No Fit,0,0.0351,0.1,0,8.0,0.43097514
train,No Fit,0,0.0563,0.3,0,-2.0,0.40167758
train,No Fit,0,0.1792,0.45,0,0.0,0.402093
train,No Fit,0,0.0942,0.2,2,5.0,0.39063206
train,No Fit,0,0.0897,0.35,1,22.0,0.40293324
train,No Fit,0,0.0503,0.1,-1,-2.0,0.31747544
train,No Fit,0,0.0701,0.15,-1,12.0,0.16959435
train,No Fit,0,0.0455,0.4,1,7.0,0.46851823
train,No Fit,0,0.0884,0.2,-2,10.0,0.25643522
train,No Fit,0,0.0742,0.2,0,0.0,0.1477311
train,No Fit,0,0.0603,0.1,1,12.0,0.37952983
train,No Fit,0,0.1173,0.2,0,8.0,0.46938205
train,No Fit,0,0.0297,0.2,0,13.0,0.32302412
train,No Fit,0,0.0512,0.15,0,4.0,0.3772435
train,No Fit,0,0.0465,0.05,0,2.0,0.2765402
train,No Fit,0,0.0933,0.3,-1,10.0,0.23053636
train,No Fit,0,0.0584,0.2,0,0.0,0.18743274
train,No Fit,0,0.1435,0.15,0,4.0,0.22522874
train,No Fit,0,0.0364,0.35,1,9.0,0.21537796
train,No Fit,0,0.0176,0.05,1,0.0,0.3486986
train,No Fit,0,0.0434,0.2,-1,0.0,0.42746413
train,No Fit,0,0.0255,0.4,0,0.0,0.18451068
train,No Fit,0,0.0298,0.1,-1,-4.0,0.23036675
train,No Fit,0,0.0554,0.25,-2,14.0,0.47141138
train,No Fit,0,0.0196,0.05,0,9.0,0.18256028
train,No Fit,0,0.0427,0.25,-1,-2.0,0.41069138
train,No Fit,0,0.0353,0.25,1,3.0,0.35677737
train,No Fit,0,0.0229,0.3,1,11.0,0.294509
train,No Fit,0,0.087,0.4,1,0.0,0.4995145
train,No Fit,0,0.0655,0.3,0,15.0,0.34242162
train,No Fit,0,0.0805,0.25,0,5.0,0.38254747
train,No Fit,0,0.0904,0.25,0,0.0,0.45488095
train,No Fit,0,0.0315,0.1,0,0.0,0.33353308
train,No Fit,0,0.1513,0.4,1,22.0,0.45779023
train,No Fit,0,0.0532,0.35,-2,0.0,0.26935303
train,No Fit,0,0.0358,0.1,0,12.0,0.44301456
train,No Fit,0,0.035,0.05,0,0.0,0.28065282
train,No Fit,0,0.0882,0.2,0,5.0,0.32777286
train,No Fit,0,0.0365,0.1,0,8.0,0.4801042
train,No Fit,0,0.0578,0.15,0,8.0,0.40197963
train,No Fit,0,0.0252,0.25,0,8.0,0.34319746
train,No Fit,0,0.0489,0.25,-1,8.0,0.3027384
train,No Fit,0,0.1053,0.25,-1,5.0,0.443901
train,No Fit,0,0.0564,0.2,-1,6.0,0.25205737
train,No Fit,0,0.0514,0.3,0,0.0,0.2848807
train,No Fit,0,0.0264,0.2,0,12.0,0.51429796
train,No Fit,0,0.0509,0.0,0,0.0,0.22701009
train,No Fit,0,0.0473,0.25,1,11.0,0.36710668
train,No Fit,0,0.1139,0.55,0,-10.0,0.4466679
train,No Fit,0,0.0626,0.2,-1,-10.0,0.39435953
train,No Fit,0,0.0575,0.25,-1,14.0,0.41202092
train,No Fit,0,0.0585,0.2727,0,4.0,0.4020645
train,No Fit,0,0.1148,0.35,1,13.0,0.5991893
train,No Fit,0,0.1087,0.2,1,10.0,0.34938082
train,No Fit,0,0.0203,0.05,0,0.0,0.27799478
train,No Fit,0,0.0708,0.5,-1,12.0,0.3277395
train,No Fit,0,0.0326,0.25,-1,18.0,0.34084466
train,No Fit,0,0.0681,0.25,0,10.0,0.2540976
train,No Fit,0,0.0566,0.1,0,10.0,0.42895097
train,No Fit,0,0.0771,0.15,0,11.0,0.37037444
train,No Fit,0,0.1161,0.35,0,11.0,0.3036428
train,No Fit,0,0.1135,0.45,0,14.0,0.36999637
train,No Fit,0,0.0509,0.2,-1,5.0,0.25139987
train,No Fit,0,0.0699,0.35,0,15.0,0.62311614
train,No Fit,0,0.0836,0.25,0,0.0,0.28415254
train,No Fit,0,0.0271,0.1667,1,22.0,0.45283517
train,No Fit,0,0.0754,0.35,0,10.0,0.38927788
train,No Fit,0,0.0842,0.3,0,-10.0,0.44854555
train,No Fit,0,0.0288,0.15,-1,27.0,0.27860945
train,No Fit,0,0.064,0.15,0,5.0,0.38090843
train,No Fit,0,0.1242,0.2,0,-2.0,0.23735236
train,No Fit,0,0.0711,0.25,0,12.0,0.5311093
train,No Fit,0,0.0598,0.3,1,-1.0,0.3878709
train,No Fit,0,0.0925,0.5,1,-2.0,0.34203255
train,No Fit,0,0.0889,0.35,0,14.0,0.4607255
train,No Fit,0,0.0536,0.15,0,-4.0,0.375241
train,No Fit,0,0.0316,0.15,1,11.0,0.2828674
train,No Fit,0,0.0688,0.2,3,12.0,0.36945873
train,No Fit,0,0.0833,0.35,-1,9.0,0.26832914
train,No Fit,0,0.0599,0.2,0,-1.0,0.4135779
train,No Fit,0,0.0751,0.35,1,6.0,0.33565378
train,No Fit,0,0.0856,0.35,-1,10.0,0.49788263
train,No Fit,0,0.0647,0.45,0,13.0,0.5070822
train,No Fit,0,0.1508,0.35,1,0.0,0.32706654
train,No Fit,0,0.069,0.4,-1,-10.0,0.23953107
train,No Fit,0,0.1175,0.2,0,17.0,0.32255375
train,No Fit,0,0.0702,0.3,0,8.0,0.25436795
train,No Fit,0,0.2401,0.4,0,12.0,0.33846265
train,No Fit,0,0.071,0.35,0,8.0,0.2974347
train,No Fit,0,0.1337,0.25,0,0.0,0.34682918
train,No Fit,0,0.0414,0.05,0,11.0,0.23564328
train,No Fit,0,0.1169,0.25,0,6.0,0.40327448
train,No Fit,0,0.2181,0.5,1,7.0,0.54689443
train,No Fit,0,0.0076,0.05,2,15.0,0.3862571
train,No Fit,0,0.0797,0.2,0,0.0,0.3430883
train,No Fit,0,0.0927,0.1,-1,12.0,0.18753946
train,No Fit,0,0.0508,0.1,-1,5.0,0.387846
train,No Fit,0,0.093,0.35,0,5.0,0.27955496
train,No Fit,0,0.0628,0.4,0,5.0,0.48822367
train,No Fit,0,0.0503,0.25,-1,10.0,0.1445342
train,No Fit,0,0.0613,0.4,0,4.0,0.33036938
train,No Fit,0,0.0109,0.2,1,9.0,0.39184117
train,No Fit,0,0.053,0.3,-1,-2.0,0.2254891
train,No Fit,0,0.087,0.3,-1,9.0,0.36108357
train,No Fit,0,0.0861,0.35,0,-3.0,0.15906844
train,No Fit,0,0.0303,0.25,1,13.0,0.33966467
train,No Fit,0,0.0568,0.3077,0,5.0,0.2976879
train,No Fit,0,0.0524,0.15,0,10.0,0.30415872
train,No Fit,0,0.1108,0.3,0,14.0,0.42751145
train,No Fit,0,0.089,0.25,0,0.0,0.4048881
train,No Fit,0,0.0716,0.15,0,4.0,0.23211312
train,No Fit,0,0.0435,0.2,0,0.0,0.3545159
train,No Fit,0,0.0617,0.15,0,4.0,0.327463
train,No Fit,0,0.1497,0.55,-1,5.0,0.40148526
train,No Fit,0,0.0636,0.05,0,0.0,0.45336485
train,No Fit,0,0.0766,0.4,0,12.0,0.3765062
train,No Fit,0,0.0458,0.2,0,10.0,0.2952295
train,No Fit,0,0.131,0.35,0,5.0,0.4498788
train,No Fit,0,0.0728,0.15,0,0.0,0.4475236
train,No Fit,0,0.0258,0.1,-2,11.0,0.2495351
train,No Fit,0,0.0338,0.3,0,10.0,0.089028746
train,No Fit,0,0.075,0.25,0,10.0,0.40577084
train,No Fit,0,0.0447,0.15,1,0.0,0.3310895
train,No Fit,0,0.0699,0.05,-1,-1.0,0.51982796
train,No Fit,0,0.0673,0.2,0,7.0,0.37444076
train,No Fit,0,0.0173,0.1,0,18.0,0.23121597
train,No Fit,0,0.0699,0.45,0,13.0,0.41447592
train,No Fit,0,0.0427,0.1,-1,12.0,0.24852748
train,No Fit,0,0.0548,0.4,2,6.0,0.34024006
train,No Fit,0,0.0204,0.2,-1,7.0,0.3573311
train,No Fit,0,0.0419,0.1,0,8.0,0.42517206
train,No Fit,0,0.0865,0.2,-1,16.0,0.39810655
train,No Fit,0,0.0485,0.15,0,15.0,0.24252638
train,No Fit,0,0.0439,0.1,0,13.0,0.52718955
train,No Fit,0,0.1229,0.3,2,-5.0,0.33891994
train,No Fit,0,0.0351,0.0,0,8.0,0.2036455
train,No Fit,0,0.0665,0.4,-1,7.0,0.3446386
train,No Fit,0,0.1096,0.3,0,3.0,0.40720004
train,No Fit,0,0.0802,0.5,1,8.0,0.32075673
train,No Fit,0,0.114,0.55,2,12.0,0.40693206
train,No Fit,0,0.02,0.15,1,5.0,0.23084176
train,No Fit,0,0.0627,0.25,-1,0.0,0.32347184
train,No Fit,0,0.077,0.3,-1,0.0,0.48534507
train,No Fit,0,0.0237,0.3,1,9.0,0.19755769
train,No Fit,0,0.0452,0.0,0,1.0,0.26302117
train,No Fit,0,0.0509,0.35,0,0.0,0.32546335
train,No Fit,0,0.0346,0.25,0,2.0,0.2893898
train,No Fit,0,0.0811,0.2,0,13.0,0.30765873
train,No Fit,0,0.0728,0.5,1,0.0,0.41445708
train,No Fit,0,0.072,0.3,-1,29.0,0.34289527
train,No Fit,0,0.0955,0.2,0,0.0,0.36156684
train,No Fit,0,0.0113,0.05,0,8.0,0.29003578
train,No Fit,0,0.0564,0.35,0,13.0,0.41003737
train,No Fit,0,0.0423,0.1,-2,7.0,0.42081028
train,No Fit,0,0.1666,0.35,-1,8.0,0.45418423
train,No Fit,0,0.0517,0.45,1,5.0,0.18098535
train,No Fit,0,0.0468,0.2,2,5.0,0.38102192
train,No Fit,0,0.0796,0.1,1,-5.0,0.32983512
train,No Fit,0,0.018,0.2,0,0.0,0.15552106
train,No Fit,0,0.0418,0.2,-1,5.0,0.41963187
train,No Fit,0,0.0751,0.35,-1,7.0,0.32939023
train,No Fit,0,0.085,0.35,0,7.0,0.28059337
train,No Fit,0,0.1087,0.45,0,0.0,0.3776173
train,No Fit,0,0.0375,0.15,1,15.0,0.2509929
train,No Fit,0,0.0809,0.05,-2,13.0,0.14633852
train,No Fit,0,0.0516,0.1,0,20.0,0.32913786
train,No Fit,0,0.0113,0.15,0,10.0,0.15372024
train,No Fit,0,0.0532,0.15,0,0.0,0.428127
train,No Fit,0,0.0862,0.25,-1,14.0,0.52713287
train,No Fit,0,0.062,0.2,0,0.0,0.41872114
train,No Fit,0,0.0309,0.3,-2,-10.0,0.32364455
train,No Fit,0,0.0397,0.3333,-2,12.0,0.37848926
train,No Fit,0,0.0347,0.1,0,0.0,0.3653481
train,No Fit,0,0.0663,0.2,1,-2.0,0.2644108
train,No Fit,0,0.1041,0.35,0,5.0,0.32085234
train,No Fit,0,0.0754,0.3333,0,13.0,0.18343374
train,No Fit,0,0.0363,0.1,0,1.0,0.21463805
train,No Fit,0,0.0428,0.35,0,8.0,0.30366388
train,No Fit,0,0.1201,0.25,1,11.0,0.3585754
train,No Fit,0,0.0177,0.1,-1,20.0,0.18555526
train,No Fit,0,0.0411,0.25,0,9.0,0.44413012
train,No Fit,0,0.1172,0.4,0,20.0,0.5020226
train,No Fit,0,0.0122,0.1667,0,13.0,0.13766176
train,No Fit,0,0.0722,0.05,0,12.0,0.35789478
train,No Fit,0,0.0479,0.15,0,8.0,0.31673494
train,No Fit,0,0.041,0.05,0,5.0,0.33040267
train,No Fit,0,0.0334,0.2353,0,23.0,0.29968515
train,No Fit,0,0.0307,0.25,-1,14.0,0.38306296
train,No Fit,0,0.0908,0.35,1,10.0,0.5327643
train,No Fit,0,0.0973,0.4,0,17.0,0.3367981
train,No Fit,0,0.0922,0.3,1,8.0,0.15799978
train,No Fit,0,0.049,0.4,3,0.0,0.50719076
train,No Fit,0,0.1194,0.45,-1,2.0,0.51094157
train,No Fit,0,0.0317,0.1765,1,5.0,0.30871215
train,No Fit,0,0.0677,0.05,2,12.0,0.16427892
train,No Fit,0,0.1453,0.3,1,8.0,0.46726018
train,No Fit,0,0.1799,0.2,0,6.0,0.50591725
train,No Fit,0,0.0922,0.2,0,14.0,0.3759579
train,No Fit,0,0.0608,0.0,0,1.0,0.2090782
train,No Fit,0,0.1437,0.4,0,0.0,0.44988298
train,No Fit,0,0.1126,0.15,1,-2.0,0.38699585
train,No Fit,0,0.0539,0.3,0,13.0,0.45997345
train,No Fit,0,0.0482,0.2,-1,-4.0,0.3182382
train,No Fit,0,0.0988,0.1,1,23.0,0.3458311
train,No Fit,0,0.0614,0.25,0,5.0,0.2920593
train,No Fit,0,0.0435,0.3,-1,-10.0,0.27964276
train,No Fit,0,0.0471,0.1,0,10.0,0.25593734
train,No Fit,0,0.0396,0.15,-1,10.0,0.36581424
train,No Fit,0,0.1171,0.5,0,16.0,0.49976537
train,No Fit,0,0.0564,0.3,-1,5.0,0.4561268
train,No Fit,0,0.1084,0.35,0,7.0,0.41072398
train,No Fit,0,0.0862,0.25,0,15.0,0.2825229
train,No Fit,0,0.0315,0.15,0,14.0,0.35489875
train,No Fit,0,0.0253,0.25,0,5.0,0.4284463
train,No Fit,0,0.04,0.1,-2,3.0,0.29583102
train,No Fit,0,0.0532,0.1,-2,-4.0,0.23864909
train,No Fit,0,0.0901,0.25,0,8.0,0.40905786
train,No Fit,0,0.0601,0.1,1,29.0,0.5362893
train,No Fit,0,0.0434,0.2,1,22.0,0.3366956
train,No Fit,0,0.0503,0.15,0,8.0,0.14330383
train,No Fit,0,0.0121,0.2,0,10.0,0.3926242
train,No Fit,0,0.1111,0.1,0,0.0,0.38773876
train,No Fit,0,0.0832,0.3,0,11.0,0.29758692
train,No Fit,0,0.0592,0.2,0,17.0,0.43953812
train,No Fit,0,0.0481,0.25,0,5.0,0.3102821
train,No Fit,0,0.0657,0.1,0,4.0,0.30140218
train,No Fit,0,0.0335,0.05,0,21.0,0.25833803
train,No Fit,0,0.1431,0.65,1,9.0,0.50306314
train,No Fit,0,0.0994,0.25,0,16.0,0.36640158
train,No Fit,0,0.0603,0.35,0,0.0,0.38237226
train,No Fit,0,0.0396,0.1,0,9.0,0.17612687
train,No Fit,0,0.0245,0.05,0,0.0,0.401792
train,No Fit,0,0.0809,0.25,0,5.0,0.31698093
train,No Fit,0,0.0642,0.2,0,15.0,0.38443944
train,No Fit,0,0.0578,0.3,0,-6.0,0.2787859
train,No Fit,0,0.1107,0.35,1,5.0,0.24920222
train,No Fit,0,0.0772,0.15,0,10.0,0.4156412
train,No Fit,0,0.0232,0.05,-1,5.0,0.38632464
train,No Fit,0,0.0724,0.25,-1,10.0,0.2930139
train,No Fit,0,0.0353,0.05,0,23.0,0.27173975
train,No Fit,0,0.034,0.1,0,3.0,0.26279944
train,No Fit,0,0.073,0.3,1,13.0,0.2937392
train,No Fit,0,0.0667,0.5,2,12.0,0.41742647
train,No Fit,0,0.0808,0.4,0,5.0,0.23107183
train,No Fit,0,0.0514,0.3,-1,12.0,0.41278362
train,No Fit,0,0.0556,0.2,0,13.0,0.5280199
train,No Fit,0,0.0548,0.2105,0,2.0,0.27824214
train,No Fit,0,0.1647,0.45,0,20.0,0.46830827
train,No Fit,0,0.0309,0.05,-1,17.0,0.38396135
train,No Fit,0,0.0603,0.25,1,7.0,0.34802723
train,No Fit,0,0.1215,0.4,0,8.0,0.3495444
train,No Fit,0,0.0325,0.1,0,13.0,0.29558837
train,No Fit,0,0.0377,0.3,1,7.0,0.29940265
train,No Fit,0,0.0522,0.35,0,0.0,0.1306065
train,No Fit,0,0.0218,0.0769,1,13.0,0.20728087
train,No Fit,0,0.0787,0.2,-1,4.0,0.5231916
train,No Fit,0,0.1373,0.5,0,0.0,0.24102011
train,No Fit,0,0.0504,0.2,0,8.0,0.27777803
train,No Fit,0,0.0471,0.25,1,12.0,0.4328565
train,No Fit,0,0.1383,0.4,0,0.0,0.2306723
train,No Fit,0,0.0643,0.35,-1,18.0,0.27148446
train,No Fit,0,0.1602,0.45,1,-5.0,0.22344911
train,No Fit,0,0.0282,0.0,0,0.0,0.48266917
train,No Fit,0,0.2349,0.45,0,9.0,0.43370685
train,No Fit,0,0.0,0.0,0,12.0,0.20469305
train,No Fit,0,0.0342,0.3,-1,20.0,0.17584684
train,No Fit,0,0.0784,0.4,0,7.0,0.27260488
train,No Fit,0,0.0195,0.05,0,21.0,0.20996878
train,No Fit,0,0.0742,0.35,-1,0.0,0.4043338
train,No Fit,0,0.0721,0.25,0,23.0,0.31475627
train,No Fit,0,0.059,0.4,2,4.0,0.2763086
train,No Fit,0,0.0241,0.15,0,8.0,0.2924753
train,No Fit,0,0.1377,0.4,0,0.0,0.46452403
train,No Fit,0,0.0282,0.05,0,1.0,0.15466413
train,No Fit,0,0.0304,0.15,1,22.0,0.36937094
train,No Fit,0,0.0855,0.25,0,7.0,0.38800573
train,No Fit,0,0.0512,0.3846,-1,0.0,0.43602625
train,No Fit,0,0.0826,0.3,-2,12.0,0.4097435
train,No Fit,0,0.0864,0.2,0,0.0,0.31623012
train,No Fit,0,0.0778,0.15,0,3.0,0.3682508
train,No Fit,0,0.032,0.1,0,17.0,0.41075057
train,No Fit,0,0.0423,0.35,-1,7.0,0.2675231
train,No Fit,0,0.0313,0.15,-2,0.0,0.3532235
train,No Fit,0,0.0703,0.35,0,0.0,0.33807236
train,No Fit,0,0.0812,0.3,0,13.0,0.43653262
train,No Fit,0,0.0283,0.1,-1,12.0,0.0920711
train,No Fit,0,0.1013,0.4,1,15.0,0.29504934
train,No Fit,0,0.0226,0.0,-1,0.0,0.5490797
train,No Fit,0,0.0537,0.1,0,11.0,0.24162547
train,No Fit,0,0.1053,0.4,1,4.0,0.46486342
train,No Fit,0,0.0603,0.25,-1,12.0,0.4164775
train,No Fit,0,0.0797,0.1,0,17.0,0.41162586
train,No Fit,0,0.0222,0.15,1,15.0,0.4017908
train,No Fit,0,0.0515,0.2,0,8.0,0.34351394
train,No Fit,0,0.1947,0.4,0,12.0,0.5180822
train,No Fit,0,0.0444,0.15,1,11.0,0.31814563
train,No Fit,0,0.0529,0.25,0,19.0,0.33149135
train,No Fit,0,0.1136,0.65,1,-7.0,0.3810126
train,No Fit,0,0.0868,0.45,1,13.0,0.35862806
train,No Fit,0,0.0891,0.25,-2,0.0,0.2880047
train,No Fit,0,0.0724,0.2,-2,1.0,0.30132085
train,No Fit,0,0.0377,0.15,0,8.0,0.25210756
train,No Fit,0,0.1054,0.45,-1,4.0,0.38862717
train,No Fit,0,0.0142,0.1,0,23.0,0.17836332
train,No Fit,0,0.1068,0.3,0,5.0,0.43488598
train,No Fit,0,0.0133,0.0,0,1.0,0.2560062
train,No Fit,0,0.0343,0.25,1,-2.0,0.46682677
train,No Fit,0,0.0348,0.15,0,0.0,0.36197916
train,No Fit,0,0.0751,0.2,-2,12.0,0.3956182
train,No Fit,0,0.0862,0.25,-1,27.0,0.42364246
train,No Fit,0,0.0476,0.05,0,12.0,0.31462413
train,No Fit,0,0.0813,0.15,0,8.0,0.4021895
train,No Fit,0,0.0642,0.2,1,11.0,0.21955092
train,No Fit,0,0.0415,0.2,-2,2.0,0.25947076
train,No Fit,0,0.054,0.2,1,9.0,0.44622946
train,No Fit,0,0.0996,0.45,0,8.0,0.20227914
train,No Fit,0,0.0887,0.25,0,-5.0,0.35324413
train,No Fit,0,0.0701,0.35,1,13.0,0.3774627
train,No Fit,0,0.0359,0.15,0,8.0,0.23331206
train,No Fit,0,0.0742,0.35,-1,12.0,0.43755287
train,No Fit,0,0.0458,0.15,-2,3.0,0.22994642
train,No Fit,0,0.0393,0.25,-2,25.0,0.32195067
train,No Fit,0,0.0993,0.5,0,13.0,0.50810456
train,No Fit,0,0.0712,0.35,0,14.0,0.46761644
train,No Fit,0,0.0677,0.2,0,-2.0,0.47223213
train,No Fit,0,0.0567,0.15,-2,6.0,0.21467993
train,No Fit,0,0.0785,0.3,0,11.0,0.33613238
train,No Fit,0,0.089,0.25,0,4.0,0.36565986
train,No Fit,0,0.0367,0.25,-1,21.0,0.34531295
train,No Fit,0,0.0236,0.15,0,14.0,0.29626623
train,No Fit,0,0.046,0.3,1,13.0,0.1986626
train,No Fit,0,0.0436,0.1,-1,10.0,0.33573717
train,No Fit,0,0.0596,0.2,0,-4.0,0.3176816
train,No Fit,0,0.0797,0.2,0,4.0,0.4199946
train,No Fit,0,0.0444,0.0,-1,-3.0,0.27531698
train,No Fit,0,0.267,0.65,0,1.0,0.6295903
train,No Fit,0,0.0375,0.15,0,15.0,0.16038723
train,No Fit,0,0.0696,0.5,1,17.0,0.1918469
train,No Fit,0,0.0375,0.05,-1,-3.0,0.4247684
train,No Fit,0,0.0727,0.2,0,3.0,0.2195006
train,No Fit,0,0.0228,0.05,0,9.0,0.14723118
train,No Fit,0,0.0841,0.1,0,6.0,0.09465224
train,No Fit,0,0.0328,0.1,0,11.0,0.2830962
train,No Fit,0,0.1591,0.1,0,0.0,0.5370649
train,No Fit,0,0.0288,0.2,1,2.0,0.21881194
train,No Fit,0,0.0527,0.25,0,10.0,0.21216181
train,No Fit,0,0.1242,0.25,1,12.0,0.32783097
train,No Fit,0,0.0367,0.15,0,2.0,0.28923368
train,No Fit,0,0.0606,0.2,0,14.0,0.32147807
train,No Fit,0,0.0963,0.4,0,2.0,0.3181348
train,No Fit,0,0.1574,0.5,0,10.0,0.43021026
train,No Fit,0,0.0999,0.3,0,9.0,0.21877217
train,No Fit,0,0.0499,0.15,-1,9.0,0.51470864
train,No Fit,0,0.0444,0.15,-1,10.0,0.2378448
train,No Fit,0,0.0436,0.4,0,3.0,0.4037564
train,No Fit,0,0.0595,0.2,-3,13.0,0.15403987
train,No Fit,0,0.0423,0.1,0,4.0,0.29030147
train,No Fit,0,0.0394,0.0,-2,10.0,0.31910372
train,No Fit,0,0.1349,0.35,-1,-1.0,0.36701697
train,No Fit,0,0.0635,0.25,0,4.0,0.39657885
train,No Fit,0,0.0807,0.35,-1,12.0,0.4573002
train,No Fit,0,0.0921,0.3,-1,0.0,0.41869783
train,No Fit,0,0.0529,0.35,0,0.0,0.44681406
train,No Fit,0,0.0271,0.15,-1,5.0,0.37861386
train,No Fit,0,0.0573,0.3,0,3.0,0.4066049
train,No Fit,0,0.0661,0.15,-1,-5.0,0.32733655
train,No Fit,0,0.0978,0.75,0,5.0,0.30885857
train,No Fit,0,0.0377,0.05,0,15.0,0.41019773
train,No Fit,0,0.0742,0.1,0,0.0,0.5104927
train,No Fit,0,0.0391,0.05,1,6.0,0.35127905
train,No Fit,0,0.0621,0.3,1,7.0,0.48570624
train,No Fit,0,0.1082,0.3,0,-8.0,0.40380016
train,No Fit,0,0.061,0.2,0,7.0,0.36328074
train,No Fit,0,0.0618,0.2,0,0.0,0.19317475
train,No Fit,0,0.0593,0.2,0,7.0,0.41028064
train,No Fit,0,0.1153,0.25,0,-5.0,0.44102913
train,No Fit,0,0.0394,0.2,0,9.0,0.27772528
train,No Fit,0,0.0153,0.0,-2,16.0,0.34939528
train,No Fit,0,0.048,0.3,0,8.0,0.3716747
train,No Fit,0,0.0541,0.1765,0,15.0,0.31818253
train,No Fit,0,0.0588,0.2,1,11.0,0.3699632
train,No Fit,0,0.0555,0.15,1,22.0,0.33228892
train,No Fit,0,0.026,0.1,0,6.0,0.2786508
train,No Fit,0,0.0772,0.1,-1,12.0,0.3863026
train,No Fit,0,0.1306,0.25,2,13.0,0.3177418
train,No Fit,0,0.0626,0.2,0,10.0,0.37723798
train,No Fit,0,0.0412,0.1,-1,15.0,0.29790467
train,No Fit,0,0.0192,0.0909,1,2.0,0.40105593
train,No Fit,0,0.0709,0.4,0,12.0,0.28924608
train,No Fit,0,0.0815,0.4,0,0.0,0.20148157
train,No Fit,0,0.027,0.05,0,10.0,0.2740221
train,No Fit,0,0.0819,0.3,0,0.0,0.35024056
train,No Fit,0,0.0651,0.4,3,7.0,0.37931418
train,No Fit,0,0.0821,0.2,-2,8.0,0.2740121
train,No Fit,0,0.0425,0.05,-1,12.0,0.44351023
train,No Fit,0,0.0406,0.25,0,9.0,0.42058265
train,No Fit,0,0.0486,0.25,-1,18.0,0.43809092
train,No Fit,0,0.0614,0.35,0,7.0,0.41221166
train,No Fit,0,0.0317,0.375,0,18.0,0.39101148
train,No Fit,0,0.0443,0.25,1,-2.0,0.40816623
train,No Fit,0,0.1373,0.6,0,-7.0,0.5569621
train,No Fit,0,0.0348,0.15,0,8.0,0.17159325
train,No Fit,0,0.0445,0.1,0,10.0,0.28154546
train,No Fit,0,0.0716,0.15,0,0.0,0.18463086
train,No Fit,0,0.0453,0.15,0,12.0,0.3723859
train,No Fit,0,0.0745,0.15,0,10.0,0.37999186
train,No Fit,0,0.0476,0.05,0,9.0,0.30732542
train,No Fit,0,0.0438,0.05,2,6.0,0.17672741
train,No Fit,0,0.0076,0.0,0,13.0,0.14754196
train,No Fit,0,0.0371,0.1,0,22.0,0.44355634
train,No Fit,0,0.0782,0.2,0,17.0,0.32127193
train,No Fit,0,0.1784,0.55,0,13.0,0.39589536
train,No Fit,0,0.0355,0.1,0,13.0,0.2594438
train,No Fit,0,0.0498,0.1,-3,8.0,0.15755145
train,No Fit,0,0.042,0.15,0,5.0,0.40928537
train,No Fit,0,0.087,0.35,1,2.0,0.37188494
train,No Fit,0,0.0971,0.5,1,7.0,0.46869206
train,No Fit,0,0.0322,0.25,1,9.0,0.36836138
train,No Fit,0,0.0369,0.45,0,5.0,0.37480953
train,No Fit,0,0.0505,0.1,0,0.0,0.28773925
train,No Fit,0,0.038,0.05,-2,15.0,0.29100597
train,No Fit,0,0.0551,0.15,0,8.0,0.41146702
train,No Fit,0,0.068,0.2,-1,0.0,0.32733187
train,No Fit,0,0.0641,0.2,0,10.0,0.225242
train,No Fit,0,0.0327,0.0,1,0.0,0.46307027
train,No Fit,0,0.1092,0.5,0,0.0,0.29901475
train,No Fit,0,0.0351,0.2,0,0.0,0.3819995
train,No Fit,0,0.0161,0.15,1,0.0,0.34067094
train,No Fit,0,0.0319,0.1,0,0.0,0.23416558
train,No Fit,0,0.1412,0.45,0,9.0,0.5666975
train,No Fit,0,0.063,0.15,0,12.0,0.27718383
train,No Fit,0,0.0941,0.25,1,-5.0,0.38936993
train,No Fit,0,0.0655,0.2,1,-5.0,0.38085622
train,No Fit,0,0.0318,0.25,-1,17.0,0.17396031
train,No Fit,0,0.0363,0.15,1,-5.0,0.42726707
train,No Fit,0,0.0636,0.2,0,7.0,0.41876078
train,No Fit,0,0.1199,0.6,2,0.0,0.4603358
train,No Fit,0,0.0378,0.25,0,0.0,0.27311352
train,No Fit,0,0.0486,0.05,0,0.0,0.22878927
train,No Fit,0,0.0255,0.05,0,11.0,0.33168185
train,No Fit,0,0.0427,0.2,0,0.0,0.3827983
train,No Fit,0,0.0887,0.45,0,4.0,0.45003086
train,No Fit,0,0.0712,0.2,-1,17.0,0.32009026
train,No Fit,0,0.0274,0.05,2,0.0,0.3731919
train,No Fit,0,0.0555,0.2,-2,0.0,0.31630668
train,No Fit,0,0.0959,0.35,1,14.0,0.3595092
train,No Fit,0,0.1277,0.3158,0,5.0,0.53202677
train,No Fit,0,0.0296,0.05,0,14.0,0.31019014
train,No Fit,0,0.0661,0.25,2,4.0,0.22250625
train,No Fit,0,0.0384,0.1,-1,1.0,0.427378
train,No Fit,0,0.0489,0.4,0,-2.0,0.3662992
train,No Fit,0,0.0611,0.15,-2,-8.0,0.2834142
train,No Fit,0,0.0641,0.25,0,7.0,0.33026278
train,No Fit,0,0.0447,0.05,-1,0.0,0.33064437
train,No Fit,0,0.0268,0.15,-2,2.0,0.36917818
train,No Fit,0,0.0573,0.25,0,12.0,0.49769342
train,No Fit,0,0.0419,0.1,0,0.0,0.34370387
train,No Fit,0,0.0678,0.25,-1,-3.0,0.2632082
train,No Fit,0,0.0443,0.05,2,20.0,0.29767418
train,No Fit,0,0.0679,0.4,1,17.0,0.40112308
train,No Fit,0,0.0671,0.2,0,-3.0,0.4113313
train,No Fit,0,0.0523,0.35,0,-3.0,0.30994654
train,No Fit,0,0.0293,0.05,-1,3.0,0.3280188
train,No Fit,0,0.0706,0.4,-2,5.0,0.097427204
train,No Fit,0,0.0406,0.15,-1,4.0,0.32605863
train,No Fit,0,0.0381,0.15,0,-5.0,0.30521756
train,No Fit,0,0.0549,0.05,0,9.0,0.3864798
train,No Fit,0,0.0116,0.0,0,16.0,0.34585977
train,No Fit,0,0.077,0.25,1,15.0,0.35540712
train,No Fit,0,0.0068,0.1538,0,14.0,0.26999262
train,No Fit,0,0.0362,0.15,-1,5.0,0.24675159
train,No Fit,0,0.1949,0.55,0,0.0,0.4081691
train,No Fit,0,0.0647,0.15,1,12.0,0.44142702
train,No Fit,0,0.0765,0.45,0,-7.0,0.33697888
train,No Fit,0,0.0775,0.1,-1,15.0,0.24450046
train,No Fit,0,0.087,0.25,-1,16.0,0.35532564
train,No Fit,0,0.0509,0.05,0,8.0,0.28981918
train,No Fit,0,0.1019,0.35,0,10.0,0.46727735
train,No Fit,0,0.0606,0.1,1,18.0,0.52375793
train,No Fit,0,0.038,0.2,-1,0.0,0.45854348
train,No Fit,0,0.0626,0.25,0,0.0,0.2753227
train,No Fit,0,0.0186,0.15,-2,10.0,0.2135011
train,No Fit,0,0.0163,0.0,0,12.0,0.18779957
train,No Fit,0,0.041,0.3,0,-5.0,0.4105925
train,No Fit,0,0.0756,0.2,-1,12.0,0.24126214
train,No Fit,0,0.1271,0.4,1,17.0,0.34648454
train,No Fit,0,0.0574,0.15,0,15.0,0.41502976
train,No Fit,0,0.0239,0.15,-1,2.0,0.16176379
train,No Fit,0,0.0128,0.0,0,12.0,0.21155238
train,No Fit,0,0.0209,0.1,0,9.0,0.16261564
train,No Fit,0,0.0537,0.25,1,0.0,0.39628652
train,No Fit,0,0.0507,0.1,1,11.0,0.19401893
train,No Fit,0,0.0626,0.25,2,8.0,0.1741636
train,No Fit,0,0.0528,0.4,1,0.0,0.45147258
train,No Fit,0,0.0573,0.15,0,0.0,0.37872714
train,No Fit,0,0.0655,0.35,0,12.0,0.3271056
train,No Fit,0,0.1238,0.4,0,13.0,0.4348071
train,No Fit,0,0.0433,0.2308,-1,5.0,0.28324002
train,No Fit,0,0.0361,0.15,0,36.0,0.4184961
train,No Fit,0,0.0725,0.25,1,-1.0,0.28698128
train,No Fit,0,0.0644,0.05,1,0.0,0.23607123
train,No Fit,0,0.0494,0.15,0,9.0,0.28073078
train,No Fit,0,0.0287,0.2,0,15.0,0.20716728
train,No Fit,0,0.0978,0.35,1,0.0,0.38289648
train,No Fit,0,0.0663,0.3,0,7.0,0.43794
train,No Fit,0,0.0278,0.15,1,5.0,0.39865252
train,No Fit,0,0.1605,0.4,-1,0.0,0.43401888
train,No Fit,0,0.079,0.35,0,6.0,0.1078384
train,No Fit,0,0.0179,0.05,0,13.0,0.28666875
train,No Fit,0,0.0397,0.35,0,17.0,0.3245207
train,No Fit,0,0.0397,0.05,0,26.0,0.34932676
train,No Fit,0,0.0422,0.15,0,6.0,0.28171855
train,No Fit,0,0.0092,0.1538,0,13.0,0.28397432
train,No Fit,0,0.0337,0.35,0,10.0,0.21561652
train,No Fit,0,0.2052,0.5,1,12.0,0.4647444
train,No Fit,0,0.039,0.25,1,11.0,0.21377406
train,No Fit,0,0.0993,0.15,-1,9.0,0.37738916
train,No Fit,0,0.113,0.35,-1,-5.0,0.42121366
train,No Fit,0,0.0256,0.05,0,6.0,0.35591
train,No Fit,0,0.0518,0.25,1,17.0,0.30767834
train,No Fit,0,0.1554,0.35,0,5.0,0.49592024
train,No Fit,0,0.0488,0.25,1,0.0,0.21371993
train,No Fit,0,0.0542,0.05,0,25.0,0.3850275
train,No Fit,0,0.1689,0.6,1,8.0,0.4295566
train,No Fit,0,0.0241,0.1,0,17.0,0.2851828
train,No Fit,0,0.0417,0.1,0,12.0,0.20371154
train,No Fit,0,0.0552,0.2,1,-5.0,0.2641344
train,No Fit,0,0.0286,0.1,-1,4.0,0.19591619
train,No Fit,0,0.123,0.25,0,-4.0,0.50727284
train,No Fit,0,0.066,0.3,0,11.0,0.48313394
train,No Fit,0,0.0595,0.3,0,16.0,0.29721364
train,No Fit,0,0.0318,0.15,0,0.0,0.18778247
train,No Fit,0,0.0843,0.2,1,0.0,0.56707406
train,No Fit,0,0.0657,0.2,0,15.0,0.3109737
train,No Fit,0,0.0981,0.3,0,2.0,0.36517268
train,No Fit,0,0.0354,0.2,0,4.0,0.28696418
train,No Fit,0,0.1094,0.35,-2,-6.0,0.39819402
train,No Fit,0,0.1338,0.6,0,-1.0,0.44638032
train,No Fit,0,0.3001,0.45,0,4.0,0.11693204
train,No Fit,0,0.1398,0.3,-1,7.0,0.4231881
train,No Fit,0,0.1294,0.8,0,23.0,0.47805196
train,No Fit,0,0.1504,0.55,0,0.0,0.38786015
train,No Fit,0,0.0291,0.1,0,12.0,0.2835746
train,No Fit,0,0.0691,0.05,1,26.0,0.37101442
train,No Fit,0,0.0526,0.25,2,8.0,0.10045707
train,No Fit,0,0.0663,0.2,0,0.0,0.16219662
train,No Fit,0,0.0577,0.1,-1,24.0,0.17601442
train,No Fit,0,0.0875,0.35,0,14.0,0.51093674
train,No Fit,0,0.0355,0.1,0,23.0,0.40333056
train,No Fit,0,0.0488,0.3,0,8.0,0.32137674
train,No Fit,0,0.0621,0.3,0,6.0,0.37571883
train,No Fit,0,0.0212,0.05,0,15.0,0.36721355
train,No Fit,0,0.0617,0.25,-2,0.0,0.30614385
train,No Fit,0,0.1741,0.65,-2,7.0,0.651881
train,No Fit,0,0.0375,0.2,-1,-10.0,0.40657383
train,No Fit,0,0.0466,0.2,1,12.0,0.106212616
train,No Fit,0,0.0289,0.1,1,6.0,0.11935573
train,No Fit,0,0.0743,0.25,1,6.0,0.3124325
train,No Fit,0,0.0734,0.15,0,0.0,0.35113546
train,No Fit,0,0.0351,0.4,0,5.0,0.29046637
train,No Fit,0,0.0676,0.25,0,0.0,0.4334506
train,No Fit,0,0.0083,0.0,0,25.0,0.2470587
train,No Fit,0,0.0372,0.1,0,13.0,0.4355181
train,No Fit,0,0.0529,0.25,1,-2.0,0.26704246
train,No Fit,0,0.0731,0.3,1,13.0,0.26875532
train,No Fit,0,0.0796,0.2,0,23.0,0.486555
train,No Fit,0,0.0456,0.25,0,9.0,0.4024182
train,No Fit,0,0.1,0.1,0,13.0,0.37175193
train,No Fit,0,0.0995,0.2222,1,29.0,0.33091584
train,No Fit,0,0.0197,0.05,0,7.0,0.34572786
train,No Fit,0,0.0538,0.15,0,4.0,0.22217265
train,No Fit,0,0.0414,0.1,0,2.0,0.22412431
train,No Fit,0,0.0589,0.25,0,0.0,0.1251315
train,No Fit,0,0.0752,0.4,1,0.0,0.13827983
train,No Fit,0,0.0552,0.1,0,5.0,0.20950189
train,No Fit,0,0.0203,0.0,0,11.0,0.28932875
train,No Fit,0,0.0751,0.25,0,8.0,0.43513745
train,No Fit,0,0.1104,0.25,0,6.0,0.404554
train,No Fit,0,0.0465,0.25,0,-5.0,0.18573788
train,No Fit,0,0.0753,0.4,1,22.0,0.45646614
train,No Fit,0,0.0416,0.15,-2,10.0,0.28487447
train,No Fit,0,0.0962,0.4,1,0.0,0.5092516
train,No Fit,0,0.1065,0.35,0,4.0,0.31385195
train,No Fit,0,0.0803,0.25,0,4.0,0.38849294
train,No Fit,0,0.0784,0.3,-2,-6.0,0.48154303
train,No Fit,0,0.0714,0.25,1,9.0,0.38055167
train,No Fit,0,0.0441,0.25,0,12.0,0.35995767
train,No Fit,0,0.1129,0.4,0,5.0,0.3930235
train,No Fit,0,0.0196,0.1,0,0.0,0.25868857
train,No Fit,0,0.0808,0.45,3,16.0,0.35888138
train,No Fit,0,0.0313,0.2,0,11.0,0.3100936
train,No Fit,0,0.0208,0.1,0,8.0,0.17272155
train,No Fit,0,0.0897,0.45,0,48.0,0.42994544
train,No Fit,0,0.0625,0.15,0,5.0,0.404498
train,No Fit,0,0.0991,0.25,-1,16.0,0.26934424
train,No Fit,0,0.1,0.4,0,1.0,0.48713398
train,No Fit,0,0.063,0.1,-2,-1.0,0.46660355
train,No Fit,0,0.0163,0.1,1,16.0,0.21846968
train,No Fit,0,0.0333,0.05,-1,-3.0,0.1914047
train,No Fit,0,0.0595,0.15,0,17.0,0.25889313
train,No Fit,0,0.2266,0.25,1,0.0,0.46482453
train,No Fit,0,0.0551,0.3,0,8.0,0.3059024
train,No Fit,0,0.0207,0.05,1,0.0,0.17378515
train,No Fit,0,0.0422,0.3,1,0.0,0.32365638
train,No Fit,0,0.17,0.45,0,0.0,0.39337486
train,No Fit,0,0.0806,0.3,-1,8.0,0.4591142
train,No Fit,0,0.1256,0.3,-1,14.0,0.44701135
train,No Fit,0,0.1143,0.35,-1,7.0,0.4775
train,No Fit,0,0.1226,0.5,1,0.0,0.38799888
train,No Fit,0,0.0541,0.2,-1,0.0,0.44974363
train,No Fit,0,0.0607,0.3,1,9.0,0.37068206
train,No Fit,0,0.0446,0.2,0,15.0,0.37506205
train,No Fit,0,0.1415,0.55,0,35.0,0.24290626
train,No Fit,0,0.0607,0.2,0,39.0,0.33049685
train,No Fit,0,0.0611,0.15,0,12.0,0.17017576
train,No Fit,0,0.0404,0.3,1,11.0,0.2779011
train,No Fit,0,0.0513,0.2,0,9.0,0.18263443
train,No Fit,0,0.0868,0.3,2,11.0,0.37243652
train,No Fit,0,0.095,0.3,2,6.0,0.260241
train,No Fit,0,0.0171,0.05,1,11.0,0.334244
train,No Fit,0,0.0741,0.15,0,13.0,0.43632352
train,No Fit,0,0.0341,0.0,1,0.0,0.28538483
train,No Fit,0,0.0748,0.35,-1,-4.0,0.42325577
train,No Fit,0,0.0585,0.4,0,12.0,0.40734857
train,No Fit,0,0.0944,0.35,0,-10.0,0.4308309
train,No Fit,0,0.1558,0.35,0,8.0,0.48037648
train,No Fit,0,0.0241,0.1,0,15.0,0.31538868
train,No Fit,0,0.0735,0.2,0,0.0,0.29205996
train,No Fit,0,0.0971,0.25,-1,10.0,0.41055495
train,No Fit,0,0.0527,0.35,0,0.0,0.35126993
train,No Fit,0,0.0421,0.2,1,0.0,0.251424
train,No Fit,0,0.0355,0.2,0,8.0,0.23007052
train,No Fit,0,0.0287,0.15,1,0.0,0.18552423
train,No Fit,0,0.0412,0.35,0,0.0,0.29884762
train,No Fit,0,0.0744,0.3,0,17.0,0.35534897
train,No Fit,0,0.0358,0.15,0,5.0,0.36922085
train,No Fit,0,0.0572,0.05,0,17.0,0.35593352
train,No Fit,0,0.0306,0.05,0,8.0,0.24907517
train,No Fit,0,0.1025,0.35,0,0.0,0.29925042
train,No Fit,0,0.0468,0.25,0,15.0,0.24897438
train,No Fit,0,0.0824,0.3,1,17.0,0.18551624
train,No Fit,0,0.1053,0.15,1,10.0,0.40342587
train,No Fit,0,0.0468,0.05,0,-9.0,0.2481958
train,No Fit,0,0.0469,0.25,0,5.0,0.21952838
train,No Fit,0,0.1283,0.4,0,3.0,0.29264075
train,No Fit,0,0.1387,0.35,0,13.0,0.31612474
train,No Fit,0,0.0613,0.15,1,14.0,0.29047
train,No Fit,0,0.1084,0.5,-1,6.0,0.35198897
train,No Fit,0,0.0737,0.2,0,17.0,0.33299154
train,No Fit,0,0.0332,0.05,0,0.0,0.19744965
train,No Fit,0,0.0964,0.25,-2,0.0,0.3683573
train,No Fit,0,0.0662,0.15,0,12.0,0.38951534
train,No Fit,0,0.0361,0.1,0,-1.0,0.40151757
train,No Fit,0,0.1076,0.25,0,11.0,0.39071614
train,No Fit,0,0.0321,0.15,-1,6.0,0.45127058
train,No Fit,0,0.0628,0.15,2,0.0,0.49910057
train,No Fit,0,0.053,0.35,0,0.0,0.3106025
train,No Fit,0,0.0503,0.1,0,0.0,0.4631971
train,No Fit,0,0.0848,0.25,0,13.0,0.24283502
train,No Fit,0,0.0612,0.1,0,12.0,0.36338884
train,No Fit,0,0.0688,0.25,0,5.0,0.38410676
train,No Fit,0,0.0978,0.3,0,19.0,0.42048246
train,No Fit,0,0.0435,0.1,1,-6.0,0.21282852
train,No Fit,0,0.1836,0.4,0,5.0,0.4265921
train,No Fit,0,0.0278,0.15,0,11.0,0.38719252
train,No Fit,0,0.0267,0.5833,0,0.0,0.2890098
train,No Fit,0,0.0233,0.1,1,26.0,0.30912393
train,No Fit,0,0.1208,0.4,-1,0.0,0.44382417
train,No Fit,0,0.0479,0.25,0,-1.0,0.36233878
train,No Fit,0,0.0227,0.05,0,2.0,0.27287042
train,No Fit,0,0.0924,0.15,0,0.0,0.4664843
train,No Fit,0,0.0429,0.25,0,17.0,0.21848877
train,No Fit,0,0.0334,0.1,0,15.0,0.46947974
train,No Fit,0,0.0566,0.2,0,15.0,0.46448267
train,No Fit,0,0.0409,0.1,0,10.0,0.29713959
train,No Fit,0,0.0962,0.3,0,-5.0,0.60560966
train,No Fit,0,0.0891,0.15,0,17.0,0.40289533
train,No Fit,0,0.0385,0.2,0,11.0,0.34443486
train,No Fit,0,0.0539,0.3,-2,4.0,0.34693277
train,No Fit,0,0.0492,0.05,-1,6.0,0.34103805
train,No Fit,0,0.1204,0.4,-2,12.0,0.26134217
train,No Fit,0,0.0827,0.35,0,13.0,0.11869917
train,No Fit,0,0.0247,0.25,0,6.0,0.50392497
train,No Fit,0,0.1287,0.2,-2,0.0,0.4084646
train,No Fit,0,0.0523,0.3,0,3.0,0.37089974
train,No Fit,0,0.0804,0.15,-1,3.0,0.22084141
train,No Fit,0,0.0521,0.3,1,3.0,0.32244772
train,No Fit,0,0.062,0.15,1,18.0,0.39811292
train,No Fit,0,0.1559,0.7,-1,-5.0,0.57923555
train,No Fit,0,0.0999,0.6,0,7.0,0.35948408
train,No Fit,0,0.0497,0.2,0,26.0,0.382347
train,No Fit,0,0.0447,0.1,0,-10.0,0.39093018
train,No Fit,0,0.0556,0.4,0,-1.0,0.50272465
train,No Fit,0,0.0947,0.2,0,8.0,0.42504397
train,No Fit,0,0.0608,0.15,0,10.0,0.3714661
train,No Fit,0,0.2312,0.65,0,13.0,0.46397072
train,No Fit,0,0.0504,0.2,-1,3.0,0.08617814
train,No Fit,0,0.0307,0.0,0,5.0,0.29521826
train,No Fit,0,0.031,0.1,0,11.0,0.17630255
train,No Fit,0,0.1136,0.35,0,9.0,0.3756551
train,No Fit,0,0.054,0.2941,0,10.0,0.39572433
train,No Fit,0,0.0322,0.05,0,16.0,0.4306596
train,No Fit,0,0.0715,0.5,0,17.0,0.342103
train,No Fit,0,0.0855,0.1,0,0.0,0.36589906
train,No Fit,0,0.0476,0.25,0,-1.0,0.42614958
train,No Fit,0,0.0779,0.25,1,29.0,0.36320996
train,No Fit,0,0.0533,0.3,1,0.0,0.41005722
train,No Fit,0,0.0634,0.15,-1,4.0,0.2496638
train,No Fit,0,0.0102,0.25,0,20.0,0.24754538
train,No Fit,0,0.0357,0.2,-1,10.0,0.24974903
train,No Fit,0,0.14,0.6,-1,5.0,0.37241733
train,No Fit,0,0.022,0.05,-1,14.0,0.22503455
train,No Fit,0,0.0511,0.3846,0,0.0,0.43098104
train,No Fit,0,0.0693,0.15,0,0.0,0.44085538
train,No Fit,0,0.1019,0.3,-1,17.0,0.30754048
train,No Fit,0,0.0254,0.3333,0,8.0,0.21707618
train,No Fit,0,0.0215,0.05,-1,0.0,0.2531419
train,No Fit,0,0.0565,0.2,0,6.0,0.32507062
train,No Fit,0,0.0593,0.25,0,3.0,0.32065243
train,No Fit,0,0.0576,0.15,-1,10.0,0.21249089
train,No Fit,0,0.0735,0.2,0,16.0,0.46676266
train,No Fit,0,0.1262,0.3,-1,10.0,0.37145767
train,No Fit,0,0.1298,0.5,-2,7.0,0.4767813
train,No Fit,0,0.0511,0.15,1,13.0,0.38634646
train,No Fit,0,0.0661,0.4,0,15.0,0.39053106
train,No Fit,0,0.159,0.35,0,9.0,0.24514881
train,No Fit,0,0.0348,0.15,1,0.0,0.31709474
train,No Fit,0,0.0675,0.2,-3,-2.0,0.31842333
train,No Fit,0,0.1113,0.3,-1,0.0,0.40505928
train,No Fit,0,0.0751,0.15,1,-3.0,0.48297182
train,No Fit,0,0.0393,0.05,0,0.0,0.19445184
train,No Fit,0,0.0479,0.2,0,4.0,0.25420645
train,No Fit,0,0.0446,0.35,0,13.0,0.39652902
train,No Fit,0,0.0321,0.1,0,26.0,0.21006872
train,No Fit,0,0.0496,0.35,1,15.0,0.23521769
train,No Fit,0,0.0722,0.25,0,13.0,0.34967542
train,No Fit,0,0.1006,0.25,-1,3.0,0.2237815
train,No Fit,0,0.0679,0.1,0,15.0,0.24872494
train,No Fit,0,0.0379,0.35,1,5.0,0.12623098
train,No Fit,0,0.0467,0.1,0,4.0,0.30093312
train,No Fit,0,0.1106,0.4,-2,9.0,0.33857286
train,No Fit,0,0.1657,0.6,0,0.0,0.6494459
train,No Fit,0,0.0505,0.15,1,22.0,0.44765726
train,No Fit,0,0.0298,0.15,-2,18.0,0.31351167
train,No Fit,0,0.0731,0.2,0,-1.0,0.24979258
train,No Fit,0,0.0586,0.25,0,8.0,0.42092335
train,No Fit,0,0.1189,0.15,0,10.0,0.41026372
train,No Fit,0,0.0547,0.15,0,7.0,0.17769507
train,No Fit,0,0.062,0.2,-1,14.0,0.28119737
train,No Fit,0,0.1194,0.3,-2,9.0,0.383591
train,No Fit,0,0.1014,0.55,0,10.0,0.5344677
train,No Fit,0,0.0066,0.2105,0,11.0,0.27172542
train,No Fit,0,0.0489,0.25,0,-3.0,0.20376447
train,No Fit,0,0.2588,0.375,0,5.0,0.4108472
train,No Fit,0,0.081,0.3,0,10.0,0.35597557
train,No Fit,0,0.0264,0.15,1,29.0,0.28525007
train,No Fit,0,0.0506,0.15,0,0.0,0.3360183
train,No Fit,0,0.0737,0.3,1,-3.0,0.34410626
train,No Fit,0,0.0782,0.35,0,2.0,0.31702587
train,No Fit,0,0.0629,0.2,-1,-3.0,0.17300522
train,No Fit,0,0.0274,0.3,1,0.0,0.11184644
train,No Fit,0,0.0227,0.1,0,17.0,0.2064598
train,No Fit,0,0.0236,0.05,0,12.0,0.081731305
train,No Fit,0,0.1205,0.35,1,0.0,0.4636677
train,No Fit,0,0.0455,0.35,0,0.0,0.25370046
train,No Fit,0,0.0429,0.1,0,12.0,0.22218393
train,No Fit,0,0.0756,0.4,1,0.0,0.241291
train,No Fit,0,0.1248,0.35,-2,2.0,0.2806821
train,No Fit,0,0.0537,0.2,0,5.0,0.31784075
train,No Fit,0,0.0622,0.25,1,11.0,0.2666797
train,No Fit,0,0.0884,0.4,0,8.0,0.53509593
train,No Fit,0,0.1984,0.3,-1,5.0,0.4523337
train,No Fit,0,0.0431,0.1,0,25.0,0.39710057
train,No Fit,0,0.0208,0.25,-1,0.0,0.3548737
train,No Fit,0,0.0371,0.1,-1,-1.0,0.24335848
train,No Fit,0,0.0781,0.3,0,10.0,0.29527897
train,No Fit,0,0.0103,0.0909,0,11.0,0.32396185
train,No Fit,0,0.0803,0.2,0,8.0,0.25354588
train,No Fit,0,0.0838,0.05,-1,10.0,0.47813627
train,No Fit,0,0.0752,0.45,0,14.0,0.35148543
train,No Fit,0,0.0579,0.2,-2,27.0,0.3654183
train,No Fit,0,0.1462,0.35,-1,9.0,0.21579385
train,No Fit,0,0.0236,0.1,0,4.0,0.2463214
train,No Fit,0,0.0594,0.25,-1,15.0,0.3405645
train,No Fit,0,0.1036,0.35,-1,14.0,0.46411586
train,No Fit,0,0.1745,0.6,1,-5.0,0.39965385
train,No Fit,0,0.0467,0.2353,1,14.0,0.32210845
train,No Fit,0,0.0593,0.25,0,9.0,0.2716367
train,No Fit,0,0.0715,0.2,-1,15.0,0.46318427
train,No Fit,0,0.0035,0.125,0,0.0,0.25850096
train,No Fit,0,0.0908,0.15,0,6.0,0.14802192
train,No Fit,0,0.0598,0.15,1,0.0,0.23454833
train,No Fit,0,0.1318,0.4,0,0.0,0.34936082
train,No Fit,0,0.0452,0.05,-1,10.0,0.42658114
train,No Fit,0,0.0411,0.3,0,5.0,0.23346213
train,No Fit,0,0.1287,0.25,0,9.0,0.37942195
train,No Fit,0,0.0774,0.25,0,13.0,0.26666448
train,No Fit,0,0.0425,0.3,0,8.0,0.3073337
train,No Fit,0,0.057,0.3,0,18.0,0.3454528
train,No Fit,0,0.1281,0.35,0,0.0,0.48157024
train,No Fit,0,0.0694,0.1,3,0.0,0.4765693
train,No Fit,0,0.1128,0.45,3,1.0,0.4762959
train,No Fit,0,0.1098,0.3,0,7.0,0.25541955
train,No Fit,0,0.0529,0.35,1,0.0,0.31170163
train,No Fit,0,0.0618,0.2,1,26.0,0.45871088
train,No Fit,0,0.0963,0.45,0,0.0,0.27254438
train,No Fit,0,0.037,0.1,-1,10.0,0.29239646
train,No Fit,0,0.0224,0.0556,0,23.0,0.21351744
train,No Fit,0,0.0724,0.6,-2,13.0,0.5140551
train,No Fit,0,0.0531,0.3,0,0.0,0.5151911
train,No Fit,0,0.0099,0.05,0,15.0,0.28074992
train,No Fit,0,0.1056,0.1,-1,15.0,0.4228397
train,No Fit,0,0.0939,0.25,-1,0.0,0.42384174
train,No Fit,0,0.0445,0.15,0,11.0,0.21072538
train,No Fit,0,0.0544,0.25,0,12.0,0.24873209
train,No Fit,0,0.0262,0.2,1,4.0,0.4160813
train,No Fit,0,0.124,0.3,0,15.0,0.12818642
train,No Fit,0,0.0795,0.05,1,9.0,0.4148242
train,No Fit,0,0.1053,0.1,0,14.0,0.43886167
train,No Fit,0,0.1216,0.25,0,4.0,0.24438146
train,No Fit,0,0.0367,0.05,1,9.0,0.28099817
train,No Fit,0,0.0547,0.2308,1,0.0,0.29843652
train,No Fit,0,0.0567,0.2,0,8.0,0.17429511
train,No Fit,0,0.0344,0.2,0,9.0,0.3781169
train,No Fit,0,0.1005,0.1,0,0.0,0.43556476
train,No Fit,0,0.0945,0.25,1,10.0,0.25879067
train,No Fit,0,0.0451,0.2,0,-1.0,0.44068116
train,No Fit,0,0.0895,0.3,0,10.0,0.34856838
train,No Fit,0,0.0621,0.3,1,3.0,0.34830642
train,No Fit,0,0.0567,0.2,0,4.0,0.2347523
train,No Fit,0,0.0365,0.1111,-1,5.0,0.27052134
train,No Fit,0,0.0724,0.35,0,3.0,0.32948437
train,No Fit,0,0.0139,0.1,0,26.0,0.32986748
train,No Fit,0,0.0371,0.15,0,0.0,0.4106459
train,No Fit,0,0.0632,0.2,1,5.0,0.34387562
train,No Fit,0,0.0466,0.05,2,13.0,0.2818762
train,No Fit,0,0.0775,0.35,0,17.0,0.32375377
train,No Fit,0,0.1378,0.25,1,4.0,0.49349028
train,No Fit,0,0.0503,0.2,0,9.0,0.24709538
train,No Fit,0,0.0663,0.05,0,9.0,0.15560685
train,No Fit,0,0.0649,0.2,0,35.0,0.25165248
train,No Fit,0,0.0503,0.3,0,12.0,0.3479755
train,No Fit,0,0.0841,0.35,-1,4.0,0.4298967
train,No Fit,0,0.0232,0.05,0,0.0,0.13208307
train,No Fit,0,0.0684,0.3,1,7.0,0.17854464
train,No Fit,0,0.0979,0.3,0,9.0,0.17850219
train,No Fit,0,0.1052,0.25,0,0.0,0.5185294
train,No Fit,0,0.0731,0.2,0,11.0,0.28861865
train,No Fit,0,0.0051,0.0909,1,0.0,0.39655906
train,No Fit,0,0.0323,0.2,1,0.0,0.36094669
train,No Fit,0,0.0705,0.45,0,23.0,0.32394278
train,No Fit,0,0.0918,0.4,-1,5.0,0.24823394
train,No Fit,0,0.0618,0.15,0,4.0,0.29402056
train,No Fit,0,0.0217,0.2,0,17.0,0.4040056
train,No Fit,0,0.0397,0.15,0,9.0,0.44368157
train,No Fit,0,0.0175,0.2,0,9.0,0.15025997
train,No Fit,0,0.0716,0.35,0,5.0,0.29694372
train,No Fit,0,0.0262,0.05,-2,4.0,0.31781977
train,No Fit,0,0.0196,0.15,-3,2.0,0.2304563
train,No Fit,0,0.0369,0.1,0,6.0,0.19742566
train,No Fit,0,0.0307,0.25,0,10.0,0.34488988
train,No Fit,0,0.0484,0.2,-1,6.0,0.4045598
train,No Fit,0,0.0471,0.15,0,0.0,0.28363448
train,No Fit,0,0.123,0.4,-1,14.0,0.35443515
train,No Fit,0,0.0604,0.1,0,10.0,0.33937818
train,No Fit,0,0.1964,0.3,0,2.0,0.5635251
train,No Fit,0,0.0702,0.2,0,4.0,0.30374563
train,No Fit,0,0.0255,0.25,0,10.0,0.24829409
train,No Fit,0,0.0409,0.05,0,5.0,0.44139704
train,No Fit,0,0.0493,0.15,0,12.0,0.17862232
train,No Fit,0,0.0443,0.1,-1,12.0,0.44300887
train,No Fit,0,0.1111,0.45,0,16.0,0.36312738
train,No Fit,0,0.1381,0.35,0,0.0,0.4184935
train,No Fit,0,0.0684,0.2,0,26.0,0.35497418
train,No Fit,0,0.0915,0.25,0,14.0,0.25891468
train,No Fit,0,0.0523,0.05,1,15.0,0.24723883
train,No Fit,0,0.1166,0.3,1,13.0,0.45578265
train,No Fit,0,0.0441,0.15,0,5.0,0.26097053
train,No Fit,0,0.0164,0.0,0,20.0,0.16515636
train,No Fit,0,0.05,0.25,-1,5.0,0.34668574
train,No Fit,0,0.0329,0.1,2,3.0,0.078745924
train,No Fit,0,0.0316,0.3333,0,0.0,0.41362435
train,No Fit,0,0.1136,0.35,0,13.0,0.2544363
train,No Fit,0,0.0244,0.375,0,15.0,0.26578966
train,No Fit,0,0.0921,0.3,0,-6.0,0.41459855
train,No Fit,0,0.0919,0.3,-1,0.0,0.5562227
train,No Fit,0,0.0669,0.15,0,12.0,0.37951127
train,No Fit,0,0.0594,0.15,0,23.0,0.21659075
train,No Fit,0,0.0424,0.4,1,7.0,0.26765376
train,No Fit,0,0.1049,0.35,0,14.0,0.38514864
train,No Fit,0,0.0341,0.05,3,14.0,0.21046107
train,No Fit,0,0.1358,0.35,1,13.0,0.3827715
train,No Fit,0,0.0381,0.2,0,-1.0,0.229681
train,No Fit,0,0.1558,0.55,1,0.0,0.4303437
train,No Fit,0,0.0234,0.25,-1,8.0,0.20383209
train,No Fit,0,0.0208,0.05,2,8.0,0.1566245
train,No Fit,0,0.0528,0.35,0,12.0,0.2962007
train,No Fit,0,0.0716,0.25,0,13.0,0.36794513
train,No Fit,0,0.0369,0.15,0,23.0,0.38886574
train,No Fit,0,0.0326,0.2,0,5.0,0.3110294
train,No Fit,0,0.0436,0.15,0,0.0,0.2311709
train,No Fit,0,0.0758,0.5,0,17.0,0.35085693
train,No Fit,0,0.0151,0.1,0,14.0,0.2592687
train,No Fit,0,0.0478,0.25,1,23.0,0.30965838
train,No Fit,0,0.0214,0.1111,0,0.0,0.35067487
train,No Fit,0,0.0466,0.15,0,13.0,0.44137472
train,No Fit,0,0.0646,0.2,0,4.0,0.28917083
train,No Fit,0,0.0515,0.2,0,3.0,0.33317193
train,No Fit,0,0.144,0.5,-1,-10.0,0.36767808
train,No Fit,0,0.0437,0.15,0,11.0,0.28768277
train,No Fit,0,0.0174,0.15,0,14.0,0.18467289
train,No Fit,0,0.1055,0.25,-1,-15.0,0.26747394
train,No Fit,0,0.1144,0.25,2,10.0,0.22125165
train,No Fit,0,0.0897,0.25,0,7.0,0.4066718
train,No Fit,0,0.0308,0.05,0,17.0,0.3152967
train,No Fit,0,0.0441,0.1,0,5.0,0.40266904
train,No Fit,0,0.0861,0.25,0,9.0,0.3867689
train,No Fit,0,0.0517,0.2,0,0.0,0.42348838
train,No Fit,0,0.1016,0.3,-2,5.0,0.30795634
train,No Fit,0,0.0473,0.25,1,9.0,0.4564736
train,No Fit,0,0.0882,0.25,0,11.0,0.49663544
train,No Fit,0,0.0909,0.2,0,3.0,0.351636
train,No Fit,0,0.0157,0.05,-2,11.0,0.25749964
train,No Fit,0,0.13,0.45,0,7.0,0.51260656
train,No Fit,0,0.1193,0.3,0,14.0,0.3965857
train,No Fit,0,0.0997,0.35,-2,12.0,0.24349767
train,No Fit,0,0.0429,0.25,0,4.0,0.4204831
train,No Fit,0,0.0823,0.35,0,0.0,0.38685736
train,No Fit,0,0.0709,0.25,0,9.0,0.35845536
train,No Fit,0,0.0971,0.35,0,20.0,0.36690664
train,No Fit,0,0.046,0.15,2,-5.0,0.40550667
train,No Fit,0,0.0833,0.3,1,13.0,0.3135285
train,No Fit,0,0.1571,0.5,2,10.0,0.39261386
train,No Fit,0,0.0421,0.3,-2,0.0,0.29408357
train,No Fit,0,0.0491,0.1,2,8.0,0.11041345
train,No Fit,0,0.0521,0.15,0,0.0,0.29852098
train,No Fit,0,0.0352,0.15,0,11.0,0.3531421
train,No Fit,0,0.048,0.1,-2,0.0,0.24541725
train,No Fit,0,0.0364,0.05,0,12.0,0.32008347
train,No Fit,0,0.0441,0.2,0,8.0,0.410608
train,No Fit,0,0.0766,0.3,-1,12.0,0.34781837
train,No Fit,0,0.0658,0.4,0,2.0,0.3482982
train,No Fit,0,0.054,0.2,1,1.0,0.3270806
train,No Fit,0,0.0637,0.15,0,14.0,0.38954008
train,No Fit,0,0.0626,0.1,0,10.0,0.25746083
train,No Fit,0,0.2008,0.55,0,9.0,0.5727428
train,No Fit,0,0.0593,0.15,1,12.0,0.12941644
train,No Fit,0,0.0196,0.05,0,-1.0,0.4155949
train,No Fit,0,0.0316,0.15,-1,6.0,0.23033008
train,No Fit,0,0.0398,0.25,1,14.0,0.26651278
train,No Fit,0,0.0754,0.25,0,21.0,0.32531816
train,No Fit,0,0.0651,0.3636,-1,14.0,0.5245297
train,No Fit,0,0.0833,0.4,1,7.0,0.25714582
train,No Fit,0,0.0246,0.1,1,13.0,0.24236335
train,No Fit,0,0.0501,0.05,0,5.0,0.2267591
train,No Fit,0,0.0404,0.15,-1,4.0,0.2894436
train,No Fit,0,0.0388,0.3,0,5.0,0.25805673
train,No Fit,0,0.0545,0.3,0,35.0,0.33482504
train,No Fit,0,0.0724,0.35,1,5.0,0.20740858
train,No Fit,0,0.0548,0.25,0,7.0,0.41396585
train,No Fit,0,0.0141,0.05,2,4.0,0.24205475
train,No Fit,0,0.0376,0.1,-1,21.0,0.27879596
train,No Fit,0,0.0435,0.15,-2,0.0,0.21284932
train,No Fit,0,0.0201,0.0,1,12.0,0.41534
train,No Fit,0,0.0134,0.1667,-1,3.0,0.3381524
train,No Fit,0,0.0815,0.1,0,-1.0,0.34379327
train,No Fit,0,0.0176,0.05,-2,14.0,0.24272479
train,No Fit,0,0.031,0.2,0,0.0,0.40587008
train,No Fit,0,0.049,0.3,0,0.0,0.32160306
train,No Fit,0,0.0662,0.35,1,0.0,0.26222193
train,No Fit,0,0.0483,0.15,0,13.0,0.36414883
train,No Fit,0,0.0635,0.35,0,-4.0,0.34177095
train,No Fit,0,0.04,0.15,1,10.0,0.4253007
train,No Fit,0,0.0485,0.2,-1,10.0,0.3463899
train,No Fit,0,0.1196,0.25,-2,3.0,0.3724383
train,No Fit,0,0.0202,0.15,0,2.0,0.4466498
train,No Fit,0,0.0645,0.2,1,12.0,0.48547423
train,No Fit,0,0.1488,0.4,0,5.0,0.42958432
train,No Fit,0,0.0733,0.25,0,26.0,0.43634617
train,No Fit,0,0.0265,0.1,1,-5.0,0.25352675
train,No Fit,0,0.0722,0.4,2,10.0,0.29267043
train,No Fit,0,0.0651,0.25,-1,0.0,0.34243506
train,No Fit,0,0.0854,0.2,1,0.0,0.27388266
train,No Fit,0,0.0473,0.35,0,5.0,0.21465828
train,No Fit,0,0.1398,0.4,0,0.0,0.42049846
train,No Fit,0,0.0994,0.25,1,13.0,0.44467798
train,No Fit,0,0.1162,0.35,-2,3.0,0.28480408
train,No Fit,0,0.0241,0.1,-1,15.0,0.29012382
train,No Fit,0,0.0936,0.3,0,0.0,0.4409944
train,No Fit,0,0.0621,0.4286,0,14.0,0.4463767
train,No Fit,0,0.2308,0.6,1,11.0,0.339522
train,No Fit,0,0.0502,0.15,0,8.0,0.2957851
train,No Fit,0,0.0371,0.05,-1,6.0,0.46473795
train,No Fit,0,0.1034,0.15,-2,18.0,0.22978517
train,No Fit,0,0.0299,0.1,-2,4.0,0.36435688
train,No Fit,0,0.0854,0.3,1,17.0,0.35661352
train,No Fit,0,0.0901,0.3,0,23.0,0.35740697
train,No Fit,0,0.0925,0.2,-1,11.0,0.5015293
train,No Fit,0,0.0913,0.15,0,6.0,0.23424795
train,No Fit,0,0.0146,0.1,0,12.0,0.23595761
train,No Fit,0,0.0553,0.15,1,12.0,0.51186895
train,No Fit,0,0.0436,0.15,0,12.0,0.28097808
train,No Fit,0,0.0446,0.0,0,4.0,0.2798749
train,No Fit,0,0.0428,0.2,0,9.0,0.40591186
train,No Fit,0,0.0556,0.25,0,14.0,0.25949782
train,No Fit,0,0.0364,0.15,0,0.0,0.4463549
train,No Fit,0,0.0678,0.15,-1,10.0,0.38430867
train,No Fit,0,0.076,0.2,-2,0.0,0.41286337
train,No Fit,0,0.019,0.1176,0,8.0,0.29559818
train,No Fit,0,0.0554,0.15,0,12.0,0.30041462
train,No Fit,0,0.0491,0.2,1,0.0,0.2932203
train,No Fit,0,0.1003,0.35,0,2.0,0.4800586
train,No Fit,0,0.0226,0.1,0,2.0,0.29172468
train,No Fit,0,0.07,0.25,0,18.0,0.23675388
train,No Fit,0,0.0837,0.15,0,-2.0,0.46000057
train,No Fit,0,0.0793,0.35,1,0.0,0.3517493
train,No Fit,0,0.0386,0.1429,-1,15.0,0.24507879
train,No Fit,0,0.0313,0.15,1,12.0,0.4003358
train,No Fit,0,0.0656,0.1,0,10.0,0.2044281
train,No Fit,0,0.0446,0.45,-2,4.0,0.39718527
train,No Fit,0,0.0431,0.15,0,15.0,0.35563028
train,No Fit,0,0.0499,0.2,-1,14.0,0.34333742
train,No Fit,0,0.0508,0.2,1,13.0,0.3066813
train,No Fit,0,0.0376,0.1,0,5.0,0.39487243
train,No Fit,0,0.0577,0.15,-2,14.0,0.4381762
train,No Fit,0,0.0126,0.1538,0,3.0,0.29682115
train,No Fit,0,0.097,0.25,-1,5.0,0.37988645
train,No Fit,0,0.0568,0.35,0,11.0,0.25219095
train,No Fit,0,0.0839,0.25,0,0.0,0.29519227
train,No Fit,0,0.0232,0.1,0,11.0,0.22903262
train,No Fit,0,0.0912,0.5,0,10.0,0.28682482
train,No Fit,0,0.0257,0.1538,-1,7.0,0.17519253
train,No Fit,0,0.0209,0.1,1,9.0,0.3217364
train,No Fit,0,0.0234,0.05,1,3.0,0.28181994
train,No Fit,0,0.1284,0.5,1,13.0,0.36017042
train,No Fit,0,0.0775,0.35,2,15.0,0.34187794
train,No Fit,0,0.107,0.1,1,16.0,0.42858702
train,No Fit,0,0.0713,0.4,0,0.0,0.54157865
train,No Fit,0,0.0474,0.15,0,20.0,0.348356
train,No Fit,0,0.1026,0.2,0,8.0,0.26661697
train,No Fit,0,0.0518,0.2,0,13.0,0.24443445
train,No Fit,0,0.0607,0.15,-1,4.0,0.33449864
train,No Fit,0,0.0431,0.35,0,4.0,0.38294652
train,No Fit,0,0.0418,0.15,-1,-15.0,0.34820434
train,No Fit,0,0.0494,0.1,0,12.0,0.2461305
train,No Fit,0,0.0,0.0,1,11.0,0.3614593
train,No Fit,0,0.119,0.55,0,7.0,0.35317376
train,No Fit,0,0.0219,0.15,0,8.0,0.2386328
train,No Fit,0,0.2186,0.3,-2,8.0,0.70382804
train,No Fit,0,0.0527,0.25,0,12.0,0.206346
train,No Fit,0,0.0316,0.1,0,13.0,0.18747626
train,No Fit,0,0.0407,0.1,0,5.0,0.38062486
train,No Fit,0,0.1489,0.15,0,18.0,0.4486176
train,No Fit,0,0.0603,0.15,0,0.0,0.3768177
train,No Fit,0,0.0329,0.1,0,1.0,0.36273757
train,No Fit,0,0.0504,0.15,1,11.0,0.32145202
train,No Fit,0,0.0872,0.15,-2,8.0,0.3934903
train,No Fit,0,0.0564,0.3,-1,8.0,0.48355162
train,No Fit,0,0.0793,0.25,-2,16.0,0.5638112
train,No Fit,0,0.0187,0.25,-1,-10.0,0.301613
train,No Fit,0,0.0372,0.2,1,9.0,0.301063
train,No Fit,0,0.1079,0.45,0,0.0,0.43564868
train,No Fit,0,0.0661,0.2,2,8.0,0.3059665
train,No Fit,0,0.0694,0.15,0,12.0,0.6264051
train,No Fit,0,0.0934,0.3,-1,2.0,0.3990009
train,No Fit,0,0.0802,0.25,1,-2.0,0.23120415
train,No Fit,0,0.0776,0.15,2,0.0,0.41701704
train,No Fit,0,0.0708,0.2,0,7.0,0.45253253
train,No Fit,0,0.0508,0.05,-1,0.0,0.3580467
train,No Fit,0,0.0602,0.2,-1,0.0,0.36460152
train,No Fit,0,0.064,0.4,0,10.0,0.4233081
train,No Fit,0,0.0208,0.2143,0,0.0,0.26151896
train,No Fit,0,0.0694,0.2941,1,0.0,0.32843798
train,No Fit,0,0.0502,0.1,0,25.0,0.3375106
train,No Fit,0,0.0549,0.05,0,0.0,0.47821015
train,No Fit,0,0.0775,0.35,0,15.0,0.29324365
train,No Fit,0,0.0429,0.25,1,13.0,0.23090887
train,No Fit,0,0.0776,0.25,2,0.0,0.47473377
train,No Fit,0,0.0823,0.1,1,15.0,0.44706237
train,No Fit,0,0.1402,0.2,0,14.0,0.4655385
train,No Fit,0,0.0205,0.1,1,5.0,0.2991931
train,No Fit,0,0.0647,0.3,0,0.0,0.37950048
train,No Fit,0,0.0842,0.4,2,0.0,0.43584296
train,No Fit,0,0.2385,0.5,0,0.0,0.76060474
train,No Fit,0,0.096,0.3,0,0.0,0.4050812
train,No Fit,0,0.1126,0.3,-3,6.0,0.48190898
train,No Fit,0,0.0726,0.2,-1,12.0,0.48382914
train,No Fit,0,0.0456,0.2,0,12.0,0.37552541
train,No Fit,0,0.0587,0.1,1,9.0,0.27691817
train,No Fit,0,0.0687,0.1,0,-5.0,0.51131403
train,No Fit,0,0.0171,0.375,0,26.0,0.35590208
train,No Fit,0,0.0506,0.3,0,4.0,0.34296745
train,No Fit,0,0.048,0.2,2,13.0,0.41437507
train,No Fit,0,0.0187,0.35,1,-4.0,0.26075554
train,No Fit,0,0.0516,0.25,0,0.0,0.38893753
train,No Fit,0,0.087,0.4,-1,0.0,0.24109723
train,No Fit,0,0.0657,0.15,1,0.0,0.43599933
train,No Fit,0,0.072,0.2,0,0.0,0.272838
train,No Fit,0,0.0573,0.2,-1,1.0,0.31996852
train,No Fit,0,0.1082,0.25,0,5.0,0.5446198
train,No Fit,0,0.0551,0.05,0,4.0,0.42454666
train,No Fit,0,0.0509,0.25,-2,8.0,-0.005330136
train,No Fit,0,0.0435,0.1,0,5.0,0.40279964
train,No Fit,0,0.043,0.15,0,-1.0,0.44186145
train,No Fit,0,0.0402,0.05,0,13.0,0.28433526
train,No Fit,0,0.1369,0.4,-1,17.0,0.41042063
train,No Fit,0,0.0847,0.3,0,11.0,0.4376033
train,No Fit,0,0.0598,0.3,0,10.0,0.42039388
train,No Fit,0,0.0467,0.25,-1,10.0,0.16805685
train,No Fit,0,0.0415,0.05,1,14.0,0.21391417
train,No Fit,0,0.0534,0.05,-1,0.0,0.3117038
train,No Fit,0,0.1824,0.35,-1,14.0,0.49588206
train,No Fit,0,0.0597,0.3,1,31.0,0.45236582
train,No Fit,0,0.0597,0.2,0,-3.0,0.35773107
train,No Fit,0,0.0838,0.15,0,1.0,0.17734134
train,No Fit,0,0.0504,0.2,0,5.0,0.24918813
train,No Fit,0,0.1099,0.25,0,0.0,0.2766592
train,No Fit,0,0.0801,0.3,1,0.0,0.22913164
train,No Fit,0,0.041,0.25,0,0.0,0.3102938
train,No Fit,0,0.059,0.25,0,12.0,0.25459135
train,No Fit,0,0.16,0.45,1,0.0,0.56740797
train,No Fit,0,0.0467,0.2,0,4.0,0.22153622
train,No Fit,0,0.0491,0.25,0,-1.0,0.4451229
train,No Fit,0,0.0415,0.25,1,13.0,0.35966888
train,No Fit,0,0.067,0.15,0,15.0,0.26635483
train,No Fit,0,0.0192,0.1,1,0.0,0.3001818
train,No Fit,0,0.0425,0.3846,1,7.0,0.3276899
train,No Fit,0,0.014,0.0,0,13.0,0.09306875
train,No Fit,0,0.0501,0.05,0,0.0,0.5573346
train,No Fit,0,0.0302,0.05,0,10.0,0.18289362
train,No Fit,0,0.2247,0.7,1,-3.0,0.44593275
train,No Fit,0,0.1127,0.25,0,-5.0,0.4995817
train,No Fit,0,0.1097,0.6,0,-6.0,0.4754361
train,No Fit,0,0.1238,0.4,0,0.0,0.024769094
train,No Fit,0,0.1519,0.3,0,0.0,0.364089
train,No Fit,0,0.0871,0.1818,1,4.0,0.45013934
train,No Fit,0,0.0328,0.05,0,12.0,0.2779901
train,No Fit,0,0.025,0.05,-2,25.0,0.20565091
train,No Fit,0,0.0753,0.2,1,7.0,0.5158883
train,No Fit,0,0.1277,0.55,0,15.0,0.28354895
train,No Fit,0,0.1289,0.1,1,-4.0,0.45177126
train,No Fit,0,0.1103,0.5,0,11.0,0.40581638
train,No Fit,0,0.044,0.35,-1,10.0,0.2952433
train,No Fit,0,0.0548,0.15,0,0.0,0.08821242
train,No Fit,0,0.0279,0.35,-3,4.0,0.2961094
train,No Fit,0,0.0356,0.05,-1,15.0,0.3467152
train,No Fit,0,0.0531,0.1,2,8.0,0.33154216
train,No Fit,0,0.0336,0.05,0,9.0,0.3134666
train,No Fit,0,0.1077,0.45,1,15.0,0.36138242
train,No Fit,0,0.0182,0.1,1,6.0,0.37301984
train,No Fit,0,0.059,0.25,0,9.0,0.13791205
train,No Fit,0,0.0173,0.1,2,12.0,0.3513394
train,No Fit,0,0.1781,0.5,0,18.0,0.31803763
train,No Fit,0,0.0436,0.1,1,8.0,0.2862544
train,No Fit,0,0.0372,0.25,0,15.0,0.20679462
train,No Fit,0,0.0417,0.2,-1,-3.0,0.37519366
train,No Fit,0,0.1105,0.25,-1,0.0,0.32305247
train,No Fit,0,0.0797,0.2,-1,12.0,0.30732986
train,No Fit,0,0.0904,0.2,0,8.0,0.45882225
train,No Fit,0,0.0789,0.1,0,17.0,0.465505
train,No Fit,0,0.0571,0.3,0,-2.0,0.40085313
train,No Fit,0,0.0193,0.1538,1,10.0,0.35628447
train,No Fit,0,0.1005,0.45,0,13.0,0.41271293
train,No Fit,0,0.0571,0.15,0,20.0,0.2918641
train,No Fit,0,0.0978,0.15,-2,9.0,0.47502616
train,No Fit,0,0.0399,0.05,1,4.0,0.49703902
train,No Fit,0,0.0619,0.2,1,10.0,0.50968176
train,No Fit,0,0.1716,0.45,-1,-8.0,0.2432128
train,No Fit,0,0.0495,0.15,0,14.0,0.38188967
train,No Fit,0,0.0228,0.4167,1,15.0,0.33314222
train,No Fit,0,0.0523,0.25,-1,13.0,0.5195749
train,No Fit,0,0.0199,0.15,-2,0.0,0.30314124
train,No Fit,0,0.0422,0.25,1,22.0,0.4438203
train,No Fit,0,0.0541,0.15,-1,2.0,0.37269822
train,No Fit,0,0.0785,0.35,1,13.0,0.31258777
train,No Fit,0,0.0384,0.2,-1,21.0,0.531711
train,No Fit,0,0.0603,0.1,0,6.0,0.2389062
train,No Fit,0,0.0444,0.15,2,13.0,0.39789212
train,No Fit,0,0.0115,0.2778,0,15.0,0.19891566
train,No Fit,0,0.0468,0.35,0,-10.0,0.27654025
train,No Fit,0,0.0942,0.35,1,31.0,0.3422056
train,No Fit,0,0.0446,0.15,1,7.0,0.3068211
train,No Fit,0,0.0671,0.1,2,0.0,0.39418578
train,No Fit,0,0.0323,0.05,-1,10.0,0.29930776
train,No Fit,0,0.0524,0.15,0,4.0,0.37459815
train,No Fit,0,0.0805,0.25,0,0.0,0.40455884
train,No Fit,0,0.1092,0.35,0,11.0,0.34671867
train,No Fit,0,0.0932,0.35,-1,7.0,0.21772787
train,No Fit,0,0.0455,0.25,0,15.0,0.3083796
train,No Fit,0,0.0664,0.1,0,4.0,0.5066227
train,No Fit,0,0.024,0.05,0,5.0,0.2365607
train,No Fit,0,0.095,0.4,-1,15.0,0.38139305
train,No Fit,0,0.0174,0.0769,0,0.0,0.3297926
train,No Fit,0,0.0551,0.25,1,18.0,0.3389978
train,No Fit,0,0.061,0.25,0,10.0,0.30856162
train,No Fit,0,0.0333,0.2,0,0.0,0.374979
train,No Fit,0,0.1237,0.45,0,8.0,0.30118015
train,No Fit,0,0.1408,0.2,2,10.0,0.31389046
train,No Fit,0,0.0732,0.2,-1,12.0,0.31522495
train,No Fit,0,0.0483,0.15,-1,6.0,0.37683195
train,No Fit,0,0.0841,0.3,0,6.0,0.29202777
train,No Fit,0,0.0489,0.2,0,7.0,0.39518425
train,No Fit,0,0.0611,0.15,1,17.0,0.26168415
train,No Fit,0,0.0309,0.15,-1,-1.0,0.32370704
train,No Fit,0,0.1764,0.6,0,11.0,0.53602433
train,No Fit,0,0.068,0.2,0,14.0,0.3691005
train,No Fit,0,0.0673,0.15,0,7.0,0.39231658
train,No Fit,0,0.0467,0.25,0,15.0,0.32708058
train,No Fit,0,0.0606,0.25,0,5.0,0.3279068
train,No Fit,0,0.09,0.25,0,17.0,0.29764912
train,No Fit,0,0.0123,0.2,0,12.0,0.16851446
train,No Fit,0,0.0553,0.15,0,13.0,0.264346
train,No Fit,0,0.0228,0.1538,1,0.0,0.30545866
train,No Fit,0,0.0533,0.1,0,-5.0,0.3807323
train,No Fit,0,0.3967,0.3,1,4.0,0.6054702
train,No Fit,0,0.0908,0.15,1,1.0,0.37330392
train,No Fit,0,0.0106,0.05,0,14.0,0.27535793
train,No Fit,0,0.0131,0.2,1,17.0,0.41156483
train,No Fit,0,0.049,0.2,0,10.0,0.29613137
train,No Fit,0,0.0535,0.45,0,9.0,0.4304397
train,No Fit,0,0.0755,0.2,1,10.0,0.4021058
train,No Fit,0,0.0736,0.2,0,15.0,0.33450773
train,No Fit,0,0.0715,0.25,0,15.0,0.4060443
train,No Fit,0,0.0353,0.0,0,11.0,0.21594559
train,No Fit,0,0.0489,0.15,-1,15.0,0.34906286
train,No Fit,0,0.0541,0.2,0,13.0,0.24909604
train,No Fit,0,0.043,0.2,0,0.0,0.294743
train,No Fit,0,0.0912,0.2,-2,8.0,0.29675597
train,No Fit,0,0.0461,0.375,0,8.0,0.326764
train,No Fit,0,0.2029,0.85,0,1.0,0.3793891
train,No Fit,0,0.0642,0.15,0,6.0,0.15012914
train,No Fit,0,0.1133,0.2308,0,22.0,0.45190498
train,No Fit,0,0.0165,0.05,1,5.0,0.33930737
train,No Fit,0,0.0688,0.35,1,5.0,0.41520604
train,No Fit,0,0.0474,0.25,1,26.0,0.31176588
train,No Fit,0,0.0537,0.15,-1,8.0,0.41705757
train,No Fit,0,0.3224,0.35,1,2.0,0.6234237
train,No Fit,0,0.0509,0.1,0,-3.0,0.36159253
train,No Fit,0,0.0441,0.15,1,7.0,0.16022833
train,No Fit,0,0.0754,0.25,0,14.0,0.41235456
train,No Fit,0,0.0056,0.25,1,13.0,0.16947562
train,No Fit,0,0.0229,0.1,0,11.0,0.16463915
train,No Fit,0,0.0392,0.05,0,23.0,0.33806658
train,No Fit,0,0.0238,0.15,1,3.0,0.2813553
train,No Fit,0,0.0314,0.1765,0,8.0,0.3559339
train,No Fit,0,0.0237,0.05,0,17.0,0.20290074
train,No Fit,0,0.0646,0.3,0,-4.0,0.3280025
train,No Fit,0,0.0146,0.05,-2,0.0,0.26912856
train,No Fit,0,0.0877,0.4,0,0.0,0.35370362
train,No Fit,0,0.1215,0.2,0,-5.0,0.44710737
train,No Fit,0,0.0453,0.2,-1,12.0,0.5213732
train,No Fit,0,0.1012,0.5,0,9.0,0.4274586
train,No Fit,0,0.0054,0.25,0,21.0,0.18083228
train,No Fit,0,0.0761,0.2,1,14.0,0.28247
train,No Fit,0,0.018,0.1,0,2.0,0.265397
train,No Fit,0,0.0162,0.2,0,10.0,0.21574682
train,No Fit,0,0.0389,0.2,0,8.0,0.24572022
train,No Fit,0,0.0473,0.15,0,-5.0,0.38557857
train,No Fit,0,0.1988,0.45,0,-5.0,0.44990468
train,No Fit,0,0.0114,0.05,1,0.0,0.29946828
train,No Fit,0,0.0572,0.2,-1,-4.0,0.3367541
train,No Fit,0,0.0468,0.0,0,4.0,0.24150693
train,No Fit,0,0.0283,0.2,0,17.0,0.20753334
train,No Fit,0,0.133,0.4,0,0.0,0.45302284
train,No Fit,0,0.0177,0.1,1,12.0,0.33473396
train,No Fit,0,0.033,0.25,0,0.0,0.31965393
train,No Fit,0,0.1228,0.4,2,2.0,0.26589817
train,No Fit,0,0.1321,0.2,2,5.0,0.32587618
train,No Fit,0,0.1131,0.25,-1,-1.0,0.29368418
train,No Fit,0,0.0412,0.2,0,26.0,0.3431654
train,No Fit,0,0.1237,0.3,2,10.0,0.40559053
train,No Fit,0,0.0739,0.5,2,10.0,0.27718878
train,No Fit,0,0.0703,0.45,1,9.0,0.3382833
train,No Fit,0,0.119,0.3333,1,17.0,0.20057225
train,No Fit,0,0.0878,0.3,-1,14.0,0.4745363
train,No Fit,0,0.2225,0.2,2,8.0,0.22690642
train,No Fit,0,0.042,0.15,0,5.0,0.28448075
train,No Fit,0,0.047,0.2,0,13.0,0.34658724
train,No Fit,0,0.0742,0.35,0,0.0,0.20384069
train,No Fit,0,0.0379,0.25,1,12.0,0.2972263
train,No Fit,0,0.1028,0.5,0,-2.0,0.44981918
train,No Fit,0,0.0247,0.35,0,17.0,0.3901774
train,No Fit,0,0.0436,0.05,0,0.0,0.3638776
train,No Fit,0,0.048,0.2,0,10.0,0.13580014
train,No Fit,0,0.0498,0.35,0,6.0,0.29573193
train,No Fit,0,0.0518,0.05,1,0.0,0.25505298
train,No Fit,0,0.0389,0.15,0,5.0,0.33022296
train,No Fit,0,0.0402,0.15,0,-3.0,0.21563558
train,No Fit,0,0.1323,0.25,0,11.0,0.5723692
train,No Fit,0,0.0519,0.3,-1,0.0,0.30921838
train,No Fit,0,0.0968,0.35,0,11.0,0.28173447
train,No Fit,0,0.0715,0.25,0,9.0,0.1551516
train,No Fit,0,0.0182,0.15,0,-5.0,0.5232164
train,No Fit,0,0.0529,0.35,0,17.0,0.32204252
train,No Fit,0,0.0236,0.05,-1,26.0,0.30444896
train,No Fit,0,0.0876,0.3,-1,-2.0,0.28857774
train,No Fit,0,0.1009,0.4,0,10.0,0.3630487
train,No Fit,0,0.09,0.45,0,6.0,0.25253803
train,No Fit,0,0.0164,0.3,0,0.0,0.32421556
train,No Fit,0,0.0445,0.2,1,11.0,0.2470209
train,No Fit,0,0.088,0.35,-1,10.0,0.43962544
train,No Fit,0,0.1493,0.25,0,6.0,0.48256785
train,No Fit,0,0.1147,0.35,-1,12.0,0.59614086
train,No Fit,0,0.0533,0.4,1,0.0,0.4985194
train,No Fit,0,0.0433,0.15,2,20.0,0.27533576
train,No Fit,0,0.0399,0.35,2,5.0,0.24298331
train,No Fit,0,0.0786,0.05,1,11.0,0.3139668
train,No Fit,0,0.0707,0.15,0,4.0,0.33473754
train,No Fit,0,0.0147,0.2,-1,17.0,0.18890998
train,No Fit,0,0.0606,0.2,0,5.0,0.35749465
train,No Fit,0,0.0212,0.05,0,8.0,0.35799164
train,No Fit,0,0.0394,0.2727,0,0.0,0.31570175
train,No Fit,0,0.0221,0.05,-1,5.0,0.2677018
train,No Fit,0,0.0184,0.1,1,6.0,0.4088666
train,No Fit,0,0.1021,0.3,0,10.0,0.5205816
train,No Fit,0,0.1132,0.15,-1,5.0,0.23313797
train,No Fit,0,0.0373,0.15,0,16.0,0.30348027
train,No Fit,0,0.0488,0.35,0,6.0,0.26037407
train,No Fit,0,0.148,0.4,-1,5.0,0.34089333
train,No Fit,0,0.0344,0.1,0,14.0,0.30784577
train,No Fit,0,0.1253,0.35,1,5.0,0.430894
train,No Fit,0,0.0464,0.1,1,14.0,0.35770184
train,No Fit,0,0.0934,0.35,0,9.0,0.24508384
train,No Fit,0,0.1364,0.3158,1,15.0,0.23850663
train,No Fit,0,0.0538,0.1,-1,1.0,0.35753462
train,No Fit,0,0.0167,0.0,0,11.0,0.3204549
train,No Fit,0,0.0637,0.3,0,22.0,0.34514844
train,No Fit,0,0.065,0.1,1,17.0,0.33326095
train,No Fit,0,0.0564,0.15,0,22.0,0.2805655
train,No Fit,0,0.1885,0.45,1,22.0,0.40835178
train,No Fit,0,0.0491,0.3,0,0.0,0.37202978
train,No Fit,0,0.0578,0.1,0,9.0,0.25557536
train,No Fit,0,0.0407,0.05,0,8.0,0.25018466
train,No Fit,0,0.0796,0.35,1,-3.0,0.13633278
train,No Fit,0,0.035,0.2,-1,-3.0,0.4962222
train,No Fit,0,0.0832,0.3,1,1.0,0.3451419
train,No Fit,0,0.0912,0.2,-1,5.0,0.41542202
train,No Fit,0,0.0531,0.15,1,12.0,0.42416012
train,No Fit,0,0.0666,0.15,0,12.0,0.24605532
train,No Fit,0,0.0509,0.3,1,11.0,0.44736093
train,No Fit,0,0.0709,0.2,0,0.0,0.26659212
train,No Fit,0,0.0508,0.2,1,1.0,0.1837874
train,No Fit,0,0.0558,0.1,-1,-6.0,0.3093549
train,No Fit,0,0.0281,0.2,-2,5.0,0.44672376
train,No Fit,0,0.0908,0.3,1,15.0,0.33550483
train,No Fit,0,0.0126,0.3333,0,0.0,0.34214056
train,No Fit,0,0.0761,0.25,0,-2.0,0.44744956
train,No Fit,0,0.0827,0.15,1,-1.0,0.49376565
train,No Fit,0,0.0583,0.15,0,13.0,0.10862377
train,No Fit,0,0.0765,0.2,0,0.0,0.45476127
train,No Fit,0,0.0562,0.2,1,-5.0,0.29422063
train,No Fit,0,0.1476,0.5,-1,11.0,0.37258255
train,No Fit,0,0.0643,0.15,-1,11.0,0.15616652
train,No Fit,0,0.0479,0.25,1,8.0,0.36714146
train,No Fit,0,0.0173,0.0,-1,20.0,0.24522874
train,No Fit,0,0.0856,0.45,-1,6.0,0.28179812
train,No Fit,0,0.0738,0.3,1,26.0,0.39651996
train,No Fit,0,0.1311,0.35,1,9.0,0.3223887
train,No Fit,0,0.0556,0.3,1,16.0,0.32636356
train,No Fit,0,0.0968,0.3,1,12.0,0.2772044
train,No Fit,0,0.0539,0.1,0,9.0,0.31965023
train,No Fit,0,0.0189,0.1,0,0.0,0.16287687
train,No Fit,0,0.1018,0.3,0,9.0,0.3877692
train,No Fit,0,0.111,0.25,-1,0.0,0.42483234
train,No Fit,0,0.0451,0.15,0,9.0,0.4109855
train,No Fit,0,0.2467,0.65,-2,15.0,0.44860157
train,No Fit,0,0.0601,0.1,-2,-3.0,0.3084013
train,No Fit,0,0.0455,0.25,-1,15.0,0.3501706
train,No Fit,0,0.0695,0.25,0,-8.0,0.44700605
train,No Fit,0,0.0337,0.1,0,4.0,0.26666033
train,No Fit,0,0.1433,0.5,0,7.0,0.46802703
train,No Fit,0,0.0229,0.0,0,7.0,0.2104452
train,No Fit,0,0.1058,0.65,1,0.0,0.3239664
train,No Fit,0,0.0432,0.25,0,16.0,0.3173545
train,No Fit,0,0.071,0.1,2,2.0,0.20540555
train,No Fit,0,0.0403,0.2,0,10.0,0.4897911
train,No Fit,0,0.0731,0.2,0,12.0,0.35271102
train,No Fit,0,0.1209,0.3,0,5.0,0.39948878
train,No Fit,0,0.2019,0.6,0,-4.0,0.5284292
train,No Fit,0,0.0863,0.15,-1,4.0,0.42872417
train,No Fit,0,0.0286,0.15,0,16.0,0.44633138
train,No Fit,0,0.0202,0.1,-1,5.0,0.30196127
train,No Fit,0,0.0123,0.0769,0,23.0,0.26614976
train,No Fit,0,0.0488,0.05,0,4.0,0.17110513
train,No Fit,0,0.0871,0.35,1,5.0,0.51498145
train,No Fit,0,0.0794,0.4,0,3.0,0.38853166
train,No Fit,0,0.0364,0.15,0,9.0,0.37736028
train,No Fit,0,0.0212,0.4,0,3.0,0.40368974
train,No Fit,0,0.0271,0.15,0,-5.0,0.32599345
train,No Fit,0,0.0234,0.15,1,7.0,0.24183294
train,No Fit,0,0.0879,0.2,-1,-5.0,0.27512416
train,No Fit,0,0.0328,0.1,0,0.0,0.35530025
train,No Fit,0,0.0281,0.15,-1,3.0,0.06790402
train,No Fit,0,0.0339,0.1,1,1.0,0.37918624
train,No Fit,0,0.0375,0.2,2,8.0,0.107868895
train,No Fit,0,0.0527,0.2,0,12.0,0.42754367
train,No Fit,0,0.1062,0.55,0,23.0,0.35043934
train,No Fit,0,0.0204,0.15,0,-7.0,0.25308493
train,No Fit,0,0.0737,0.35,0,12.0,0.3992902
train,No Fit,0,0.0771,0.05,0,20.0,0.36519295
train,No Fit,0,0.0944,0.2,-1,15.0,0.34765166
train,No Fit,0,0.0531,0.2,0,5.0,0.30258304
train,No Fit,0,0.028,0.25,0,8.0,0.36969835
train,No Fit,0,0.0538,0.2,0,31.0,0.2173191
train,No Fit,0,0.1907,0.35,0,7.0,0.5536751
train,No Fit,0,0.0644,0.3,0,0.0,0.32348046
train,No Fit,0,0.1076,0.3,2,-5.0,0.42586988
train,No Fit,0,0.078,0.2,1,10.0,0.36800843
train,No Fit,0,0.0935,0.55,1,3.0,0.3001655
train,No Fit,0,0.1034,0.3,1,10.0,0.47460538
train,No Fit,0,0.0196,0.05,0,11.0,0.37379676
train,No Fit,0,0.0414,0.05,0,11.0,0.27613136
train,No Fit,0,0.0775,0.15,2,10.0,0.3624053
train,No Fit,0,0.0778,0.15,0,7.0,0.35862207
train,No Fit,0,0.0471,0.05,0,22.0,0.468759
train,No Fit,0,0.0966,0.3,2,3.0,0.40542287
train,No Fit,0,0.0476,0.15,-2,0.0,0.38318187
train,No Fit,0,0.0472,0.15,0,17.0,0.16693702
train,No Fit,0,0.0632,0.4,0,4.0,0.27158242
train,No Fit,0,0.2247,0.5,0,0.0,0.5320052
train,No Fit,0,0.0994,0.1,0,0.0,0.36279178
train,No Fit,0,0.0196,0.1667,-2,0.0,0.23063242
train,No Fit,0,0.1295,0.45,1,0.0,0.28379932
train,No Fit,0,0.1337,0.4,0,13.0,0.30560192
train,No Fit,0,0.038,0.1,0,4.0,0.27863684
train,No Fit,0,0.08,0.1,1,0.0,0.3690297
train,No Fit,0,0.0681,0.2,0,20.0,0.3841545
train,No Fit,0,0.069,0.1,1,10.0,0.45918596
train,No Fit,0,0.1007,0.3,-1,14.0,0.39584664
train,No Fit,0,0.0713,0.15,-1,3.0,0.19751462
train,No Fit,0,0.0511,0.3,0,15.0,0.30216208
train,No Fit,0,0.0592,0.15,0,10.0,0.30025813
train,No Fit,0,0.0363,0.1,0,7.0,0.19065306
train,No Fit,0,0.0933,0.4,0,-10.0,0.32496405
train,No Fit,0,0.0529,0.2,-1,0.0,0.37001663
train,No Fit,0,0.033,0.15,2,0.0,0.36087745
train,No Fit,0,0.1214,0.2,0,-5.0,0.664193
train,No Fit,0,0.0155,0.1429,-1,0.0,0.27245924
train,No Fit,0,0.1588,0.45,0,0.0,0.36586666
train,No Fit,0,0.2161,0.5,0,4.0,0.5777625
train,No Fit,0,0.1856,0.45,0,0.0,0.57979774
train,No Fit,0,0.058,0.15,0,11.0,0.31066877
train,No Fit,0,0.1173,0.35,0,0.0,0.574418
train,No Fit,0,0.0607,0.15,0,4.0,0.36234456
train,No Fit,0,0.0881,0.25,1,0.0,0.5547574
train,No Fit,0,0.143,0.2,0,3.0,0.2123276
train,No Fit,0,0.2002,0.4,0,9.0,0.5553101
train,No Fit,0,0.1107,0.15,-1,1.0,0.5149342
train,No Fit,0,0.0519,0.3,0,-15.0,0.35758805
train,No Fit,0,0.1714,0.6,0,0.0,0.43456876
train,No Fit,0,0.0327,0.4,1,13.0,0.5717476
train,No Fit,0,0.0778,0.4,0,-10.0,0.49224335
train,No Fit,0,0.0986,0.15,0,3.0,0.3076194
train,No Fit,0,0.3192,0.35,1,2.0,0.6234237
train,No Fit,0,0.1713,0.5,1,5.0,0.40683672
train,No Fit,0,0.1322,0.25,0,4.0,0.27377477
train,No Fit,0,0.1076,0.35,0,-7.0,0.43653697
train,No Fit,0,0.0949,0.3,-3,-10.0,0.47640765
train,No Fit,0,0.0719,0.05,1,-3.0,0.3949816
train,No Fit,0,0.1035,0.2,-2,2.0,0.4133652
train,No Fit,0,0.0521,0.3,-1,-5.0,0.43559617
train,No Fit,0,0.105,0.4,-1,0.0,0.5036361
train,No Fit,0,0.1053,0.3,0,0.0,0.49718097
train,No Fit,0,0.125,0.2,-1,0.0,0.37857842
train,No Fit,0,0.0606,0.35,0,5.0,0.5627806
train,No Fit,0,0.0324,0.25,0,6.0,0.5316491
train,No Fit,0,0.1807,0.5,0,4.0,0.4346894
train,No Fit,0,0.0642,0.1,0,0.0,0.47730064
train,No Fit,0,0.0293,0.3,0,11.0,0.45013338
train,No Fit,0,0.1839,0.35,0,14.0,0.52539396
train,No Fit,0,0.106,0.35,0,10.0,0.31574827
train,No Fit,0,0.1736,0.55,0,9.0,0.565984
train,No Fit,0,0.2861,0.45,-1,-1.0,0.5597677
train,No Fit,0,0.0723,0.15,-1,5.0,0.45427024
train,No Fit,0,0.2418,0.65,1,0.0,0.41041106
train,No Fit,0,0.3399,0.7,1,10.0,0.44965935
train,No Fit,0,0.0243,0.1818,0,7.0,0.30471575
train,No Fit,0,0.0581,0.25,1,0.0,0.5354057
train,No Fit,0,0.0592,0.15,0,-2.0,0.43156648
train,No Fit,0,0.1001,0.35,0,3.0,0.47121346
train,No Fit,0,0.061,0.3,0,-3.0,0.41453472
train,No Fit,0,0.0584,0.2,0,0.0,0.36583665
train,No Fit,0,0.0865,0.35,-1,15.0,0.54554576
train,No Fit,0,0.0793,0.15,0,-10.0,0.5595176
train,No Fit,0,0.2468,0.3,0,3.0,0.6649145
train,No Fit,0,0.2215,0.55,1,7.0,0.610869
train,No Fit,0,0.3955,0.6,0,3.0,0.5491325
train,No Fit,0,0.0873,0.3,0,9.0,0.3529969
train,No Fit,0,0.059,0.15,3,2.0,0.2998966
train,No Fit,0,0.0222,0.0909,-1,0.0,0.466153
train,No Fit,0,0.046,0.2,-1,0.0,0.5824895
train,No Fit,0,0.1726,0.4,-3,-10.0,0.60840267
train,No Fit,0,0.1156,0.35,0,-2.0,0.46004516
train,No Fit,0,0.0894,0.25,2,10.0,0.32828048
train,No Fit,0,0.084,0.4,0,2.0,0.4619292
train,No Fit,0,0.0979,0.1,1,-10.0,0.48455974
train,No Fit,0,0.0517,0.3,0,-5.0,0.4004051
train,No Fit,0,0.1003,0.25,0,-5.0,0.470531
train,No Fit,0,0.4324,0.45,-1,17.0,0.54772013
train,No Fit,0,0.0765,0.05,0,4.0,0.3319418
train,No Fit,0,0.112,0.25,-1,0.0,0.6477985
train,No Fit,0,0.0781,0.4,-1,2.0,0.3610158
train,No Fit,0,0.1009,0.15,0,-2.0,0.5606185
train,No Fit,0,0.0932,0.3,0,-7.0,0.5103285
train,No Fit,0,0.1026,0.4,1,5.0,0.55615175
train,No Fit,0,0.0346,0.2,0,2.0,0.42043725
train,No Fit,0,0.148,0.15,0,-5.0,0.3869539
train,No Fit,0,0.0368,0.05,0,11.0,0.38747406
train,No Fit,0,0.1241,0.35,1,-8.0,0.5087301
train,No Fit,0,0.0285,0.25,0,9.0,0.5499836
train,No Fit,0,0.2408,0.35,1,0.0,0.6852159
train,No Fit,0,0.0734,0.35,0,21.0,0.4376646
train,No Fit,0,0.0438,0.35,0,0.0,0.37801197
train,No Fit,0,0.521,0.75,0,7.0,0.5680498
train,No Fit,0,0.352,0.4,1,5.0,0.45548195
train,No Fit,0,0.0465,0.25,0,11.0,0.4929319
train,No Fit,0,0.1118,0.25,0,5.0,0.3841017
train,No Fit,0,0.1025,0.45,-1,0.0,0.32727158
train,No Fit,0,0.1646,0.45,-1,5.0,0.45953742
train,No Fit,0,0.1034,0.35,0,2.0,0.46734563
train,No Fit,0,0.0775,0.25,1,-5.0,0.3665867
train,No Fit,0,0.1438,0.2,-1,12.0,0.5302843
train,No Fit,0,0.1711,0.5,0,8.0,0.4642715
train,No Fit,0,0.0758,0.15,0,10.0,0.41343075
train,No Fit,0,0.2164,0.25,0,0.0,0.488643
train,No Fit,0,0.1723,0.45,0,5.0,0.38345116
train,No Fit,0,0.1192,0.15,1,0.0,0.5314682
train,No Fit,0,0.0145,0.2143,-1,0.0,0.2845621
train,No Fit,0,0.1597,0.65,0,5.0,0.7031188
train,No Fit,0,0.0327,0.2,1,5.0,0.6280621
train,No Fit,0,0.2238,0.4,0,2.0,0.3978619
train,No Fit,0,0.1568,0.35,0,4.0,0.45812127
train,No Fit,0,0.0968,0.2,-2,12.0,0.4395583
train,No Fit,0,0.0921,0.4,0,11.0,0.39436144
train,No Fit,0,0.1466,0.4,0,-1.0,0.3825821
train,No Fit,0,0.0485,0.1429,0,0.0,0.21743143
train,No Fit,0,0.0805,0.5,1,-1.0,0.48452106
train,No Fit,0,0.1244,0.55,0,0.0,0.5802192
train,No Fit,0,0.3065,0.45,-1,20.0,0.63064826
train,No Fit,0,0.1378,0.7,0,6.0,0.3515916
train,No Fit,0,0.0381,0.25,0,0.0,0.21138683
train,No Fit,0,0.0852,0.15,0,11.0,0.49725038
train,No Fit,0,0.0917,0.15,0,10.0,0.45578045
train,No Fit,0,0.1362,0.35,0,0.0,0.5411707
train,No Fit,0,0.1305,0.35,0,0.0,0.31012207
train,No Fit,0,0.1197,0.25,1,-7.0,0.54990464
train,No Fit,0,0.0472,0.15,0,-5.0,0.34684426
train,No Fit,0,0.0961,0.2,-2,12.0,0.4395583
train,No Fit,0,0.1046,0.3,1,7.0,0.37505805
train,No Fit,0,0.083,0.3,0,-15.0,0.3261673
train,No Fit,0,0.249,0.45,-1,0.0,0.53934425
train,No Fit,0,0.0687,0.45,0,-7.0,0.4411362
train,No Fit,0,0.3734,0.35,-1,5.0,0.61541325
train,No Fit,0,0.0611,0.15,-1,-8.0,0.33224994
train,No Fit,0,0.176,0.6,-1,-5.0,0.44281954
train,No Fit,0,0.0609,0.1,0,4.0,0.3266355
train,No Fit,0,0.0821,0.35,0,0.0,0.4098009
train,No Fit,0,0.143,0.25,0,4.0,0.41997385
train,No Fit,0,0.0963,0.25,0,6.0,0.56258523
train,No Fit,0,0.1174,0.35,1,0.0,0.29581434
train,No Fit,0,0.1904,0.55,1,0.0,0.41137597
train,No Fit,0,0.124,0.35,-1,-10.0,0.5066155
train,No Fit,0,0.1582,0.4,0,2.0,0.6231904
train,No Fit,0,0.0453,0.2,-1,5.0,0.40163922
train,No Fit,0,0.1128,0.2,-1,-1.0,0.46747512
train,No Fit,0,0.0659,0.3,0,0.0,0.41826594
train,No Fit,0,0.0981,0.3,0,10.0,0.6151978
train,No Fit,0,0.3591,0.25,-1,9.0,0.41838026
train,No Fit,0,0.2752,0.4,0,2.0,0.58134913
train,No Fit,0,0.0922,0.3,3,11.0,0.30631512
train,No Fit,0,0.1009,0.3,-2,15.0,0.3099798
train,No Fit,0,0.0671,0.25,0,12.0,0.49283516
train,No Fit,0,0.1344,0.6,-1,-5.0,0.45497456
train,No Fit,0,0.4004,0.6,1,-1.0,0.63856214
train,No Fit,0,0.0912,0.2,-2,0.0,0.3896577
train,No Fit,0,0.0789,0.2,0,-3.0,0.3050274
train,No Fit,0,0.1105,0.3,-1,-4.0,0.5083697
train,No Fit,0,0.5018,0.7,1,-1.0,0.48095408
train,No Fit,0,0.1795,0.5,1,0.0,0.53707737
train,No Fit,0,0.1169,0.35,0,6.0,0.30756187
train,No Fit,0,0.1413,0.5,0,13.0,0.4483482
train,No Fit,0,0.1469,0.35,-1,-2.0,0.5585161
train,No Fit,0,0.0495,0.2,0,2.0,0.41943172
train,No Fit,0,0.0716,0.1,0,8.0,0.3779183
train,No Fit,0,0.0593,0.1,-2,14.0,0.34972775
train,No Fit,0,0.1843,0.5,-1,0.0,0.53201914
train,No Fit,0,0.0678,0.35,1,-2.0,0.3636186
train,No Fit,0,0.0411,0.05,2,-2.0,0.14868799
train,No Fit,0,0.1145,0.25,1,0.0,0.5246756
train,No Fit,0,0.0483,0.2,0,-5.0,0.3614868
train,No Fit,0,0.1181,0.15,-1,0.0,0.26713434
train,No Fit,0,0.0747,0.05,1,1.0,0.42765358
train,No Fit,0,0.0675,0.05,0,0.0,0.26481175
train,No Fit,0,0.1031,0.35,0,22.0,0.372477
train,No Fit,0,0.1487,0.35,0,-2.0,0.44426936
train,No Fit,0,0.0265,0.25,1,0.0,0.50622094
train,No Fit,0,0.0971,0.15,-2,14.0,0.4142348
train,No Fit,0,0.0288,0.3636,1,11.0,0.34951276
train,No Fit,0,0.0271,0.2143,-1,5.0,0.28771546
train,No Fit,0,0.1008,0.25,-1,-4.0,0.30721563
train,No Fit,0,0.0599,0.2308,0,0.0,0.17379642
train,No Fit,0,0.1388,0.35,0,-6.0,0.57997483
train,No Fit,0,0.1315,0.35,0,-2.0,0.441043
train,No Fit,0,0.1407,0.35,0,9.0,0.37496123
train,No Fit,0,0.3508,0.3,-1,24.0,0.5160229
train,No Fit,0,0.0749,0.35,0,0.0,0.54975903
train,No Fit,0,0.0649,0.35,1,1.0,0.36474714
train,No Fit,0,0.1006,0.4,0,5.0,0.62871313
train,No Fit,0,0.1575,0.5,2,-5.0,0.4407264
train,No Fit,0,0.1337,0.5,1,0.0,0.57430583
train,No Fit,0,0.0761,0.25,0,3.0,0.5505365
train,No Fit,0,0.0795,0.15,-1,17.0,0.38179535
train,No Fit,0,0.3489,0.3,-1,-2.0,0.46422005
train,No Fit,0,0.1755,0.3,0,0.0,0.5400549
train,No Fit,0,0.0715,0.45,0,-8.0,0.4376759
train,No Fit,0,0.0577,0.2,0,0.0,0.45635742
train,No Fit,0,0.0429,0.15,1,5.0,0.49555093
train,No Fit,0,0.1221,0.3684,1,5.0,0.5709357
train,No Fit,0,0.022,0.15,0,3.0,0.4018671
train,No Fit,0,0.2258,0.45,-3,2.0,0.70953107
train,No Fit,0,0.0631,0.25,0,12.0,0.506939
train,No Fit,0,0.1376,0.1,-1,-2.0,0.4859023
train,No Fit,0,0.1516,0.2,0,0.0,0.5702573
train,No Fit,0,0.125,0.35,-1,-10.0,0.43066937
train,No Fit,0,0.3086,0.7,0,-1.0,0.6718681
train,No Fit,0,0.0759,0.35,0,0.0,0.42255938
train,No Fit,0,0.0865,0.35,-1,-5.0,0.24519621
train,No Fit,0,0.1258,0.45,1,1.0,0.43731737
train,No Fit,0,0.1629,0.1,-1,-5.0,0.51813495
train,No Fit,0,0.3137,0.45,-1,9.0,0.6412351
train,No Fit,0,0.1233,0.45,0,8.0,0.35862762
train,No Fit,0,0.0445,0.1,0,0.0,0.21447
train,No Fit,0,0.0958,0.2,-2,2.0,0.3950473
train,No Fit,0,0.159,0.35,1,-1.0,0.41513988
train,No Fit,0,0.0645,0.3333,1,0.0,0.47794265
train,No Fit,0,0.0388,0.25,0,14.0,0.62156206
train,No Fit,0,0.1895,0.35,1,4.0,0.41323727
train,No Fit,0,0.058,0.1,0,0.0,0.42540386
train,No Fit,0,0.2008,0.15,1,6.0,0.495723
train,No Fit,0,0.1044,0.25,-1,0.0,0.46619755
train,No Fit,0,0.1783,0.4,-2,-5.0,0.6135489
train,No Fit,0,0.1099,0.3,0,21.0,0.42513633
train,No Fit,0,0.0786,0.1,0,0.0,0.41321355
train,No Fit,0,0.0532,0.25,-1,5.0,0.33703786
train,No Fit,0,0.1489,0.25,1,-3.0,0.34943154
train,No Fit,0,0.2458,0.65,0,2.0,0.4141625
train,No Fit,0,0.0865,0.25,0,0.0,0.57749736
train,No Fit,0,0.0475,0.05,0,12.0,0.2695927
train,No Fit,0,0.1737,0.55,1,0.0,0.35892215
train,No Fit,0,0.0964,0.6,1,-6.0,0.42586827
train,No Fit,0,0.0837,0.5,1,9.0,0.3993522
train,No Fit,0,0.0706,0.1,-1,11.0,0.2641356
train,No Fit,0,0.1378,0.15,0,0.0,0.34067312
train,No Fit,0,0.0822,0.15,0,7.0,0.32510078
train,No Fit,0,0.0152,0.0909,1,12.0,0.19857815
train,No Fit,0,0.091,0.45,-1,5.0,0.3768506
train,No Fit,0,0.0535,0.25,0,1.0,0.44104877
train,No Fit,0,0.0678,0.2143,2,8.0,0.11899674
train,No Fit,0,0.0952,0.2,0,18.0,0.4856638
train,No Fit,0,0.1153,0.6,1,0.0,0.45461485
train,No Fit,0,0.1657,0.3,0,8.0,0.39051557
train,No Fit,0,0.1088,0.45,0,0.0,0.32528704
train,No Fit,0,0.0818,0.1,0,2.0,0.6091366
train,No Fit,0,0.1339,0.25,0,9.0,0.38058037
train,No Fit,0,0.0587,0.25,0,-8.0,0.39074668
train,No Fit,0,0.5326,0.6,0,0.0,0.6401386
train,No Fit,0,0.073,0.05,-1,0.0,0.55291677
train,No Fit,0,0.0833,0.25,0,-2.0,0.46729386
train,No Fit,0,0.1679,0.45,0,6.0,0.48616055
train,No Fit,0,0.067,0.25,0,-5.0,0.46912807
train,No Fit,0,0.1374,0.5,-1,-8.0,0.48757246
train,No Fit,0,0.119,0.25,-1,-3.0,0.48909366
train,No Fit,0,0.13,0.15,0,0.0,0.3497498
train,No Fit,0,0.1504,0.45,0,2.0,0.59750545
train,No Fit,0,0.0699,0.35,1,7.0,0.47363722
train,No Fit,0,0.0895,0.4,0,-5.0,0.5315951
train,No Fit,0,0.0607,0.2,0,-1.0,0.5325804
train,No Fit,0,0.044,0.35,0,0.0,0.549269
train,No Fit,0,0.0811,0.2,-1,0.0,0.3581956
train,No Fit,0,0.0702,0.45,0,-15.0,0.37864664
train,No Fit,0,0.0765,0.4,-1,0.0,0.6121259
train,No Fit,0,0.104,0.2,0,0.0,0.4908749
train,No Fit,0,0.1166,0.35,1,-5.0,0.46183455
train,No Fit,0,0.1172,0.35,0,15.0,0.4260648
train,No Fit,0,0.0741,0.2,0,11.0,0.47298253
train,No Fit,0,0.1416,0.25,0,9.0,0.42274404
train,No Fit,0,0.0974,0.55,-1,5.0,0.45338124
train,No Fit,0,0.0238,0.0833,0,3.0,0.41674966
train,No Fit,0,0.0837,0.2,0,10.0,0.29007387
train,No Fit,0,0.0972,0.25,0,-6.0,0.37322706
train,No Fit,0,0.0901,0.45,-1,0.0,0.51471794
train,No Fit,0,0.0728,0.15,-1,11.0,0.29521164
train,No Fit,0,0.0566,0.2,1,2.0,0.3706066
train,No Fit,0,0.2549,0.55,0,4.0,0.38688678
train,No Fit,0,0.248,0.6,0,0.0,0.4678929
train,No Fit,0,0.1532,0.35,0,4.0,0.36811423
train,No Fit,0,0.2594,0.4,-1,17.0,0.5755404
train,No Fit,0,0.1692,0.7,0,-10.0,0.46320242
train,No Fit,0,0.0562,0.3,0,9.0,0.5235683
train,No Fit,0,0.359,0.3,0,0.0,0.44873917
train,No Fit,0,0.0947,0.2,-1,0.0,0.33755374
train,No Fit,0,0.0277,0.1,1,29.0,0.4779922
train,No Fit,0,0.1568,0.7,-1,-10.0,0.51018196
train,No Fit,0,0.2653,0.3,-1,12.0,0.54866135
train,No Fit,0,0.0755,0.15,-1,-3.0,0.4349534
train,No Fit,0,0.1407,0.35,-1,7.0,0.3165617
train,No Fit,0,0.2041,0.6,1,0.0,0.44333684
train,No Fit,0,0.3404,0.25,0,6.0,0.37638897
train,No Fit,0,0.036,0.35,0,0.0,0.56387734
train,No Fit,0,0.1439,0.35,0,8.0,0.24267177
train,No Fit,0,0.1129,0.1053,0,10.0,0.465052
train,No Fit,0,0.0906,0.35,0,-5.0,0.38733992
train,No Fit,0,0.0599,0.2,-2,15.0,0.40944856
train,No Fit,0,0.1142,0.45,-1,0.0,0.54805493
train,No Fit,0,0.0924,0.4,1,0.0,0.35448676
train,No Fit,0,0.1383,0.15,1,-10.0,0.48056012
train,No Fit,0,0.0962,0.25,0,3.0,0.26049548
train,No Fit,0,0.0813,0.2,0,8.0,0.39401713
train,No Fit,0,0.0662,0.25,-1,-8.0,0.31212455
train,No Fit,0,0.0514,0.2,2,11.0,0.3529233
train,No Fit,0,0.1171,0.3,0,11.0,0.29746464
train,No Fit,0,0.0972,0.15,-1,-10.0,0.574606
train,No Fit,0,0.2903,0.45,0,4.0,0.52457196
train,No Fit,0,0.0912,0.25,0,-1.0,0.4107045
train,No Fit,0,0.0894,0.05,1,6.0,0.56384116
train,No Fit,0,0.025,0.2,1,7.0,0.19611049
train,No Fit,0,0.1221,0.3,1,7.0,0.5440959
train,No Fit,0,0.1311,0.3,0,0.0,0.4063694
train,No Fit,0,0.0567,0.1818,-2,0.0,0.26012748
train,No Fit,0,0.0415,0.15,0,2.0,0.3452437
train,No Fit,0,0.0562,0.15,0,10.0,0.3415551
train,No Fit,0,0.2496,0.5789,0,5.0,0.62500405
train,No Fit,0,0.1074,0.5385,0,0.0,0.44767767
train,No Fit,0,0.1008,0.5,1,-10.0,0.4389155
train,No Fit,0,0.1382,0.45,1,4.0,0.44126377
train,No Fit,0,0.074,0.3,0,0.0,0.45229572
train,No Fit,0,0.0562,0.15,0,0.0,0.3484505
train,No Fit,0,0.3155,0.3,0,0.0,0.3018469
train,No Fit,0,0.1024,0.5,0,0.0,0.35435647
train,No Fit,0,0.0955,0.4,1,0.0,0.41899776
train,No Fit,0,0.5291,0.6,0,-4.0,0.6488578
train,No Fit,0,0.2355,0.55,0,9.0,0.6097126
train,No Fit,0,0.0547,0.15,-2,0.0,0.32805285
train,No Fit,0,0.0654,0.1,0,-8.0,0.33710098
train,No Fit,0,0.1754,0.55,0,21.0,0.48577806
train,No Fit,0,0.1027,0.4,-2,-5.0,0.40219247
train,No Fit,0,0.1165,0.55,0,7.0,0.4149536
train,No Fit,0,0.0613,0.15,1,0.0,0.5034609
train,No Fit,0,0.0604,0.1,-1,-10.0,0.2469193
train,No Fit,0,0.1899,0.35,-1,5.0,0.43235314
train,No Fit,0,0.1107,0.2,0,-3.0,0.6022183
train,No Fit,0,0.0843,0.05,0,-3.0,0.501116
train,No Fit,0,0.1979,0.6429,0,0.0,0.53265274
train,No Fit,0,0.0683,0.65,0,-3.0,0.21547763
train,No Fit,0,0.1307,0.55,0,8.0,0.5130876
train,No Fit,0,0.048,0.1,0,-5.0,0.39891675
train,No Fit,0,0.1146,0.45,2,12.0,0.42501166
train,No Fit,0,0.2055,0.4,0,2.0,0.48003113
train,No Fit,0,0.1496,0.15,0,-4.0,0.7493981
train,No Fit,0,0.0404,0.3077,0,0.0,0.56787574
train,No Fit,0,0.0296,0.25,0,12.0,0.5208422
train,No Fit,0,0.0997,0.35,0,9.0,0.4943169
train,No Fit,0,0.0413,0.0,0,10.0,0.3279379
train,No Fit,0,0.2137,0.25,-1,-8.0,0.44932932
train,No Fit,0,0.0773,0.25,0,11.0,0.48201954
train,No Fit,0,0.0862,0.1,0,0.0,0.31246376
train,No Fit,0,0.039,0.35,-3,-1.0,0.27436092
train,No Fit,0,0.0375,0.3636,0,0.0,0.27028418
train,No Fit,0,0.1381,0.35,0,6.0,0.529317
train,No Fit,0,0.0436,0.3,-1,0.0,0.39220935
train,No Fit,0,0.0622,0.25,0,4.0,0.4207698
train,No Fit,0,0.0545,0.1818,0,25.0,0.28555065
train,No Fit,0,0.0674,0.15,-1,12.0,0.47962084
train,No Fit,0,0.1333,0.4,0,-5.0,0.47526783
train,No Fit,0,0.1766,0.15,-1,1.0,0.5266251
train,No Fit,0,0.1495,0.45,0,14.0,0.550039
train,No Fit,0,0.067,0.05,0,3.0,0.2997345
train,No Fit,0,0.0801,0.4211,0,10.0,0.39491445
train,No Fit,0,0.215,0.15,1,0.0,0.6060348
train,No Fit,0,0.1802,0.5,0,0.0,0.4265727
train,No Fit,0,0.1439,0.25,0,0.0,0.38994557
train,No Fit,0,0.2478,0.4,0,1.0,0.56483793
train,No Fit,0,0.2372,0.3,-1,0.0,0.56700397
train,No Fit,0,0.174,0.3,-1,-2.0,0.4471894
train,No Fit,0,0.32,0.4,0,4.0,0.48390362
train,No Fit,0,0.1232,0.4,0,2.0,0.39062583
train,No Fit,0,0.0268,0.25,0,6.0,0.6452632
train,No Fit,0,0.2726,0.4,1,7.0,0.54759777
train,No Fit,0,0.0657,0.15,0,-1.0,0.42333278
train,No Fit,0,0.1562,0.3,-1,12.0,0.43200213
train,No Fit,0,0.0971,0.35,-1,2.0,0.37104893
train,No Fit,0,0.0336,0.15,0,22.0,0.43187714
train,No Fit,0,0.0898,0.35,1,9.0,0.39647534
train,No Fit,0,0.4733,0.45,0,7.0,0.6442815
train,No Fit,0,0.1245,0.2,0,12.0,0.42328453
train,No Fit,0,0.0591,0.05,0,3.0,0.36255217
train,No Fit,0,0.0454,0.1,0,16.0,0.4116676
train,No Fit,0,0.0321,0.1,0,12.0,0.31058198
train,No Fit,0,0.1368,0.15,0,0.0,0.54169494
train,No Fit,0,0.0699,0.3,0,0.0,0.50101197
train,No Fit,0,0.1004,0.4,1,6.0,0.40778297
train,No Fit,0,0.0494,0.25,1,-1.0,0.40624022
train,No Fit,0,0.0945,0.25,0,-10.0,0.36565784
train,No Fit,0,0.0984,0.3,-1,0.0,0.36449546
train,No Fit,0,0.1752,0.4,-1,-5.0,0.31656393
train,No Fit,0,0.0489,0.1,-2,-5.0,0.30113083
train,No Fit,0,0.0616,0.3,-2,15.0,0.28324425
train,No Fit,0,0.0739,0.25,0,6.0,0.4586836
train,No Fit,0,0.4894,0.5,-1,4.0,0.4758501
train,No Fit,0,0.2428,0.55,0,10.0,0.41512322
train,No Fit,0,0.0908,0.2,-1,17.0,0.536915
train,No Fit,0,0.0411,0.25,1,0.0,0.6181134
train,No Fit,0,0.1518,0.45,0,0.0,0.45300362
train,No Fit,0,0.1301,0.3,1,9.0,0.4722591
train,No Fit,0,0.1444,0.45,0,5.0,0.57942986
train,No Fit,0,0.1169,0.55,0,1.0,0.61221373
train,No Fit,0,0.0669,0.2,-1,-10.0,0.35869628
train,No Fit,0,0.0377,0.05,0,5.0,0.21691903
train,No Fit,0,0.0496,0.1818,-1,17.0,0.44809094
train,No Fit,0,0.0395,0.25,-1,5.0,0.31512618
train,No Fit,0,0.0438,0.25,-1,1.0,0.48049185
train,No Fit,0,0.1971,0.55,0,5.0,0.32841018
train,No Fit,0,0.0596,0.35,0,9.0,0.4778064
train,No Fit,0,0.1516,0.25,0,0.0,0.54962003
train,No Fit,0,0.0883,0.45,0,-6.0,0.4394657
train,No Fit,0,0.0683,0.7,0,-2.0,0.36227754
train,No Fit,0,0.1066,0.25,0,8.0,0.51341736
train,No Fit,0,0.1584,0.2,1,4.0,0.55122936
train,No Fit,0,0.082,0.2,-1,0.0,0.6294317
train,No Fit,0,0.1312,0.4,0,12.0,0.37811136
train,No Fit,0,0.1682,0.55,0,-3.0,0.52791023
train,No Fit,0,0.0933,0.55,0,11.0,0.37266544
train,No Fit,0,0.1295,0.4,1,-2.0,0.49898267
train,No Fit,0,0.0412,0.3,1,0.0,0.4746087
train,No Fit,0,0.1728,0.35,-1,-10.0,0.61782765
train,No Fit,0,0.2598,0.3,0,5.0,0.621017
train,No Fit,0,0.043,0.0909,0,10.0,0.41503575
train,No Fit,0,0.1149,0.45,2,12.0,0.37926823
train,No Fit,0,0.0232,0.15,0,0.0,0.42468715
train,No Fit,0,0.0781,0.0714,0,10.0,0.29856756
train,No Fit,0,0.0984,0.3,0,0.0,0.3549613
train,No Fit,0,0.0622,0.1,1,0.0,0.071680844
train,No Fit,0,0.1333,0.4,0,0.0,0.55130935
train,No Fit,0,0.1354,0.4,0,-3.0,0.46215528
train,No Fit,0,0.2413,0.25,-1,0.0,0.47654045
train,No Fit,0,0.0869,0.25,3,0.0,0.3066864
train,No Fit,0,0.2104,0.3,0,-4.0,0.6433373
train,No Fit,0,0.1068,0.4,-2,-5.0,0.40618867
train,No Fit,0,0.0323,0.1,0,12.0,0.36928713
train,No Fit,0,0.2977,0.45,-1,0.0,0.6416218
train,No Fit,0,0.0674,0.1,-3,-10.0,0.4066332
train,No Fit,0,0.1618,0.35,0,6.0,0.4345664
train,No Fit,0,0.0927,0.15,-2,5.0,0.4175548
train,No Fit,0,0.1461,0.25,-1,0.0,0.504482
train,No Fit,0,0.0904,0.3,0,2.0,0.39497983
train,No Fit,0,0.0415,0.2,1,-5.0,0.39090136
train,No Fit,0,0.1065,0.5714,1,0.0,0.39465892
train,No Fit,0,0.0799,0.5,1,0.0,0.40671945
train,No Fit,0,0.221,0.45,-2,5.0,0.6548105
train,No Fit,0,0.4569,0.5,0,-8.0,0.6882092
train,No Fit,0,0.1101,0.4,0,-5.0,0.35596216
train,No Fit,0,0.0359,0.45,0,8.0,0.56732166
train,No Fit,0,0.2316,0.7,0,-5.0,0.40430656
train,No Fit,0,0.2475,0.65,-2,5.0,0.51016855
train,No Fit,0,0.0763,0.2,0,0.0,0.38041556
train,No Fit,0,0.06,0.1,-1,-8.0,0.36138386
train,No Fit,0,0.0852,0.35,2,2.0,0.44016644
train,No Fit,0,0.0895,0.2,1,0.0,0.54411113
train,No Fit,0,0.066,0.3,1,0.0,0.47114432
train,No Fit,0,0.2253,0.4,1,0.0,0.35378528
train,No Fit,0,0.2155,0.6,-1,-10.0,0.47331077
train,No Fit,0,0.1319,0.45,0,-4.0,0.43021008
train,No Fit,0,0.1188,0.35,0,0.0,0.4309559
train,No Fit,0,0.0216,0.0,-2,-5.0,0.23076852
train,No Fit,0,0.1055,0.45,-1,5.0,0.3938609
train,No Fit,0,0.1193,0.2,1,-10.0,0.39597785
train,No Fit,0,0.0541,0.2,-1,0.0,0.56325245
train,No Fit,0,0.1182,0.5,0,-8.0,0.41780734
train,No Fit,0,0.126,0.2,0,3.0,0.40998334
train,No Fit,0,0.2198,0.5263,1,5.0,0.65646887
train,No Fit,0,0.0558,0.3,0,10.0,0.625672
train,No Fit,0,0.0625,0.35,0,0.0,0.40684575
train,No Fit,0,0.1974,0.4,0,9.0,0.5325722
train,No Fit,0,0.0704,0.25,0,12.0,0.28743905
train,No Fit,0,0.043,0.15,0,7.0,0.4347493
train,No Fit,0,0.0361,0.2727,0,0.0,0.2745133
train,No Fit,0,0.04,0.2,0,0.0,0.2107854
train,No Fit,0,0.1053,0.5,-1,0.0,0.39092648
train,No Fit,0,0.0912,0.1,-1,-10.0,0.52811587
train,No Fit,0,0.1139,0.45,0,-2.0,0.4718694
train,No Fit,0,0.0796,0.4,0,-5.0,0.5093193
train,No Fit,0,0.0665,0.2143,-1,0.0,0.31195185
train,No Fit,0,0.1047,0.3,-3,0.0,0.46549997
train,No Fit,0,0.0952,0.2,0,-5.0,0.5227542
train,No Fit,0,0.3211,0.3,0,0.0,0.5620294
train,No Fit,0,0.1264,0.2,0,0.0,0.3957467
train,No Fit,0,0.5616,0.8,0,5.0,0.6272634
train,No Fit,0,0.1295,0.25,0,5.0,0.5010224
train,No Fit,0,0.0294,0.2,1,0.0,0.34562144
train,No Fit,0,0.1958,0.25,1,5.0,0.4339965
train,No Fit,0,0.1552,0.35,1,-3.0,0.5014478
train,No Fit,0,0.0631,0.25,-1,-5.0,0.58281493
train,No Fit,0,0.0592,0.25,0,-8.0,0.3756023
train,No Fit,0,0.0673,0.4,0,-7.0,0.4487028
train,No Fit,0,0.1751,0.5,0,0.0,0.608343
train,No Fit,0,0.0548,0.2143,0,8.0,0.35175323
train,No Fit,0,0.167,0.5714,1,5.0,0.53648615
train,No Fit,0,0.0856,0.45,-2,-1.0,0.31057563
train,No Fit,0,0.2239,0.25,-1,0.0,0.5038241
train,No Fit,0,0.2396,0.6,0,0.0,0.3199785
train,No Fit,0,0.0684,0.3,2,14.0,0.23019682
train,No Fit,0,0.0811,0.3,1,5.0,0.56063735
train,No Fit,0,0.144,0.3,-1,0.0,0.28874987
train,No Fit,0,0.0829,0.2,0,13.0,0.44508547
train,No Fit,0,0.1228,0.15,1,-1.0,0.64008516
train,No Fit,0,0.082,0.15,1,-3.0,0.51615995
train,No Fit,0,0.0879,0.25,0,-5.0,0.28326583
train,No Fit,0,0.1325,0.5,0,4.0,0.5208746
train,No Fit,0,0.0845,0.1,0,-10.0,0.28721678
train,No Fit,0,0.0246,0.25,0,11.0,0.5930667
train,No Fit,0,0.092,0.2,0,-6.0,0.4940026
train,No Fit,0,0.057,0.25,0,2.0,0.565459
train,No Fit,0,0.065,0.4545,1,4.0,0.54711986
train,No Fit,0,0.1175,0.35,-1,0.0,0.32246703
train,No Fit,0,0.0464,0.2,0,0.0,0.50675035
train,No Fit,0,0.1688,0.4,0,21.0,0.28590345
train,No Fit,0,0.1326,0.25,-1,-4.0,0.59370613
train,No Fit,0,0.2844,0.375,0,5.0,0.4331498
train,No Fit,0,0.0269,0.05,-1,0.0,0.5586741
train,No Fit,0,0.1025,0.15,0,-10.0,0.46466652
train,No Fit,0,0.0755,0.2,-1,-2.0,0.2811197
train,No Fit,0,0.0555,0.2,0,11.0,0.2912346
train,No Fit,0,0.4422,0.6,-1,5.0,0.53567076
train,No Fit,0,0.0826,0.25,0,5.0,0.5274564
train,No Fit,0,0.0452,0.1579,-1,5.0,0.4130864
train,No Fit,0,0.1127,0.3,0,10.0,0.32148343
train,No Fit,0,0.0598,0.15,-1,0.0,0.4627912
train,No Fit,0,0.0697,0.35,0,-7.0,0.50188947
train,No Fit,0,0.0576,0.15,0,-1.0,0.42182618
train,No Fit,0,0.1179,0.4,1,9.0,0.48183572
train,No Fit,0,0.0746,0.45,0,8.0,0.2954643
train,No Fit,0,0.1894,0.4,-1,0.0,0.5160991
train,No Fit,0,0.1435,0.25,-1,-5.0,0.4467811
train,No Fit,0,0.0514,0.15,0,-8.0,0.41711688
train,No Fit,0,0.0804,0.1,0,1.0,0.38852626
train,No Fit,0,0.0865,0.25,0,-2.0,0.36002332
train,No Fit,0,0.1359,0.35,0,10.0,0.43357167
train,No Fit,0,0.0469,0.35,0,9.0,0.5297531
train,No Fit,0,0.027,0.25,-2,-3.0,0.30596662
train,No Fit,0,0.0684,0.3,0,0.0,0.60729975
train,No Fit,0,0.0741,0.15,0,3.0,0.32826003
train,No Fit,0,0.0521,0.3636,0,4.0,0.37520528
train,No Fit,0,0.0902,0.45,1,7.0,0.1760694
train,No Fit,0,0.0278,0.15,0,8.0,0.30830538
train,No Fit,0,0.0979,0.25,-1,20.0,0.43322724
train,No Fit,0,0.0257,0.1,0,12.0,0.3481316
train,No Fit,0,0.0716,0.1,0,0.0,0.2694623
train,No Fit,0,0.1831,0.35,-1,0.0,0.45016235
train,No Fit,0,0.0461,0.2,1,4.0,0.4053495
train,No Fit,0,0.0681,0.35,0,0.0,0.5251022
train,No Fit,0,0.04,0.1,-1,-5.0,0.41936672
train,No Fit,0,0.0973,0.55,0,-3.0,0.28639698
train,No Fit,0,0.1317,0.1,-1,-5.0,0.34613279
train,No Fit,0,0.097,0.25,0,-10.0,0.35030335
train,No Fit,0,0.1357,0.25,-1,0.0,0.47373587
train,No Fit,0,0.0317,0.05,-1,-1.0,0.44320586
train,No Fit,0,0.036,0.2,0,21.0,0.53154385
train,No Fit,0,0.0404,0.2,0,6.0,0.4515683
train,No Fit,0,0.1407,0.3,-1,12.0,0.25003543
train,No Fit,0,0.0228,0.2,0,8.0,0.42967933
train,No Fit,0,0.2088,0.5,0,2.0,0.4677138
train,No Fit,0,0.1646,0.25,1,0.0,0.31962252
train,No Fit,0,0.0988,0.25,-1,17.0,0.49048218
train,No Fit,0,0.1392,0.5,-1,17.0,0.52052236
train,No Fit,0,0.1022,0.6,0,-9.0,0.47811317
train,No Fit,0,0.0991,0.1,0,5.0,0.49351424
train,No Fit,0,0.0286,0.05,2,0.0,0.3445116
train,No Fit,0,0.1875,0.7143,0,5.0,0.444058
train,No Fit,0,0.067,0.25,-1,0.0,0.33197153
train,No Fit,0,0.12,0.5,1,7.0,0.38916296
train,No Fit,0,0.0775,0.2,0,-6.0,0.33490604
train,No Fit,0,0.0912,0.25,-1,0.0,0.26064107
train,No Fit,0,0.0651,0.25,-1,-7.0,0.528661
train,No Fit,0,0.1574,0.45,0,10.0,0.5195126
train,No Fit,0,0.5405,0.55,-1,5.0,0.5018533
train,No Fit,0,0.0196,0.15,1,5.0,0.47021186
train,No Fit,0,0.0132,0.0909,-1,5.0,0.35879323
train,No Fit,0,0.1082,0.45,0,-7.0,0.479052
train,No Fit,0,0.0753,0.1,0,-8.0,0.37323028
train,No Fit,0,0.1077,0.6,0,-15.0,0.44386947
train,No Fit,0,0.1218,0.35,0,0.0,0.3757606
train,No Fit,0,0.2518,0.35,0,15.0,0.5114994
train,No Fit,0,0.1149,0.35,0,0.0,0.61078763
train,No Fit,0,0.1,0.3,2,7.0,0.27070713
train,No Fit,0,0.0794,0.2,0,12.0,0.22917518
train,No Fit,0,0.1686,0.45,0,7.0,0.46131802
train,No Fit,0,0.5949,0.55,-1,5.0,0.6808711
train,No Fit,0,0.0731,0.25,-1,0.0,0.4157554
train,No Fit,0,0.1382,0.5,1,4.0,0.4809211
train,No Fit,0,0.0657,0.3,0,0.0,0.5230054
train,No Fit,0,0.2936,0.35,1,-3.0,0.57471323
train,No Fit,0,0.0589,0.35,0,4.0,0.4155415
train,No Fit,0,0.1386,0.3,0,4.0,0.46948856
train,No Fit,0,0.1394,0.4286,0,0.0,0.5595832
train,No Fit,0,0.1577,0.35,-2,0.0,0.4334337
train,No Fit,0,0.1342,0.25,-1,5.0,0.41548485
train,No Fit,0,0.0184,0.1,-1,5.0,0.52627814
train,No Fit,0,0.1332,0.3,-1,12.0,0.34393412
train,No Fit,0,0.0349,0.2,-1,0.0,0.36563686
train,No Fit,0,0.0446,0.2,1,0.0,0.41592658
train,No Fit,0,0.0493,0.05,0,-6.0,0.3652432
train,No Fit,0,0.108,0.4,-1,0.0,0.58791006
train,No Fit,0,0.0619,0.0,-1,0.0,0.3594834
train,No Fit,0,0.035,0.25,0,4.0,0.32895488
train,No Fit,0,0.0266,0.25,0,0.0,0.4245748
train,No Fit,0,0.2623,0.6,0,6.0,0.5471767
train,No Fit,0,0.0842,0.25,1,5.0,0.55800414
train,No Fit,0,0.1912,0.5,-1,-5.0,0.37597874
train,No Fit,0,0.2593,0.4,-1,0.0,0.650141
train,No Fit,0,0.3163,0.15,1,6.0,0.44341984
train,No Fit,0,0.0856,0.45,-1,-3.0,0.50207317
train,No Fit,0,0.0422,0.1,0,-5.0,0.40531975
train,No Fit,0,0.1302,0.4,0,-10.0,0.5971538
train,No Fit,0,0.0807,0.15,0,7.0,0.48705646
train,No Fit,0,0.0688,0.45,0,0.0,0.55979645
train,No Fit,0,0.1673,0.4,1,-1.0,0.50807464
train,No Fit,0,0.3899,0.5,0,5.0,0.62212574
train,No Fit,0,0.1237,0.25,0,8.0,0.46894115
train,No Fit,0,0.1283,0.15,0,9.0,0.50409365
train,No Fit,0,0.0599,0.2,-2,4.0,0.46830678
train,No Fit,0,0.0925,0.25,2,4.0,0.30085117
train,No Fit,0,0.0568,0.25,1,-15.0,0.31778133
train,No Fit,0,0.216,0.5,1,0.0,0.7024535
train,No Fit,0,0.0894,0.3,0,0.0,0.5576786
train,No Fit,0,0.0597,0.1,1,-10.0,0.40067226
train,No Fit,0,0.0369,0.1,0,10.0,0.44232386
train,No Fit,0,0.0522,0.15,0,11.0,0.2100958
train,No Fit,0,0.08,0.3,0,-15.0,0.424263
train,No Fit,0,0.0791,0.2,-1,-1.0,0.26556703
train,No Fit,0,0.023,0.0,-1,0.0,0.5210933
train,No Fit,0,0.0838,0.35,0,3.0,0.46943378
train,No Fit,0,0.0802,0.25,-1,17.0,0.48674253
train,No Fit,0,0.0874,0.4,-1,-10.0,0.4796777
train,No Fit,0,0.1099,0.2,0,-10.0,0.41236004
train,No Fit,0,0.0347,0.2,0,0.0,0.46681836
train,No Fit,0,0.1257,0.35,-1,0.0,0.23479113
train,No Fit,0,0.1631,0.5,-2,-5.0,0.5829944
train,No Fit,0,0.0871,0.2,-1,0.0,0.52792907
train,No Fit,0,0.1237,0.35,-1,17.0,0.56172776
train,No Fit,0,0.1273,0.35,-2,-5.0,0.48056293
train,No Fit,0,0.0679,0.5,0,8.0,0.3717698
train,No Fit,0,0.0559,0.15,0,0.0,0.2551411
train,No Fit,0,0.1085,0.15,0,-10.0,0.68243694
train,No Fit,0,0.0806,0.4,0,-15.0,0.3767488
train,No Fit,0,0.0529,0.25,0,0.0,0.4101258
train,No Fit,0,0.0702,0.3,0,5.0,0.34028047
train,No Fit,0,0.0798,0.2,0,-6.0,0.4891327
train,No Fit,0,0.0669,0.2,-1,-1.0,0.2752108
train,No Fit,0,0.2349,0.45,-1,2.0,0.5513989
train,No Fit,0,0.1016,0.4,0,-11.0,0.40573838
train,No Fit,0,0.0139,0.2778,0,0.0,0.3761743
train,No Fit,0,0.1166,0.5,0,5.0,0.36394095
train,No Fit,0,0.1134,0.35,0,4.0,0.35146272
train,No Fit,0,0.1483,0.2,1,3.0,0.26102245
train,No Fit,0,0.282,0.35,0,-5.0,0.4225798
train,No Fit,0,0.1005,0.25,-2,-10.0,0.5918645
train,No Fit,0,0.0545,0.15,0,3.0,0.2997345
train,No Fit,0,0.1453,0.4,0,10.0,0.42923465
train,No Fit,0,0.0991,0.3,0,10.0,0.41147694
train,No Fit,0,0.1662,0.4,0,-5.0,0.47045657
train,No Fit,0,0.0604,0.2,0,0.0,0.4631158
train,No Fit,0,0.2371,0.4,0,5.0,0.5839493
train,No Fit,0,0.221,0.7143,0,15.0,0.44052652
train,No Fit,0,0.0599,0.4,1,-2.0,0.30944636
train,No Fit,0,0.0329,0.15,0,0.0,0.4672463
train,No Fit,0,0.0618,0.3,-1,0.0,0.5526609
train,No Fit,0,0.1181,0.35,1,0.0,0.45707634
train,No Fit,0,0.129,0.35,0,-3.0,0.50031996
train,No Fit,0,0.1508,0.4,-1,-5.0,0.5486568
train,No Fit,0,0.0883,0.25,0,-5.0,0.42345047
train,No Fit,0,0.0619,0.25,0,0.0,0.45736897
train,No Fit,0,0.054,0.15,0,0.0,0.4876976
train,No Fit,0,0.0672,0.15,-1,-5.0,0.35826138
train,No Fit,0,0.0527,0.2,-1,0.0,0.5137222
train,No Fit,0,0.0984,0.3636,0,0.0,0.4671247
train,No Fit,0,0.2454,0.55,-2,0.0,0.567387
train,No Fit,0,0.0979,0.5,-1,3.0,0.4970789
train,No Fit,0,0.0685,0.3,2,11.0,0.28857532
train,No Fit,0,0.0685,0.3,0,-5.0,0.33506542
train,No Fit,0,0.1688,0.45,-1,3.0,0.4640714
train,No Fit,0,0.087,0.45,0,-3.0,0.36950392
train,No Fit,0,0.0753,0.15,1,-1.0,0.55997384
train,No Fit,0,0.0844,0.5,-1,7.0,0.45243114
train,No Fit,0,0.2925,0.55,1,7.0,0.34862942
train,No Fit,0,0.1275,0.4,1,2.0,0.5019876
train,No Fit,0,0.2047,0.35,0,5.0,0.40284282
train,No Fit,0,0.099,0.3,0,12.0,0.17323059
train,No Fit,0,0.1003,0.35,0,0.0,0.5406964
train,No Fit,0,0.0762,0.25,0,12.0,0.27905506
train,No Fit,0,0.0804,0.2,-2,0.0,0.42693478
train,No Fit,0,0.0772,0.15,-1,-6.0,0.44996658
train,No Fit,0,0.0677,0.3,-1,8.0,0.40086496
train,No Fit,0,0.1372,0.3,0,3.0,0.5021962
train,No Fit,0,0.1148,0.4,0,0.0,0.6248177
train,No Fit,0,0.1216,0.5,0,0.0,0.26155034
train,No Fit,0,0.1314,0.25,0,-1.0,0.4927829
train,No Fit,0,0.1214,0.35,-1,-5.0,0.45565307
train,No Fit,0,0.0324,0.1,0,-5.0,0.2747984
train,No Fit,0,0.0591,0.4,-1,-3.0,0.51911235
train,No Fit,0,0.1986,0.3158,1,6.0,0.6295736
train,No Fit,0,0.4451,0.45,0,-2.0,0.63011426
train,No Fit,0,0.1278,0.3,-1,0.0,0.36672807
train,No Fit,0,0.0289,0.2727,0,10.0,0.32512778
train,No Fit,0,0.0475,0.15,0,-3.0,0.31377017
train,No Fit,0,0.0629,0.35,0,0.0,0.31378746
train,No Fit,0,0.1251,0.5,1,-5.0,0.5120656
train,No Fit,0,0.0743,0.1,0,1.0,0.48140562
train,No Fit,0,0.0738,0.15,0,15.0,0.33407763
train,No Fit,0,0.1272,0.45,0,0.0,0.44958082
train,No Fit,0,0.1457,0.4,0,0.0,0.5257091
train,No Fit,0,0.0965,0.45,0,-5.0,0.39423206
train,No Fit,0,0.1159,0.25,0,0.0,0.6510638
train,No Fit,0,0.2901,0.45,1,6.0,0.52390164
train,No Fit,0,0.1009,0.2,-2,5.0,0.2674933
train,No Fit,0,0.0485,0.1,-1,12.0,0.39895213
train,No Fit,0,0.0932,0.25,0,5.0,0.474954
train,No Fit,0,0.1161,0.35,-1,4.0,0.31715897
train,No Fit,0,0.1158,0.45,0,-14.0,0.41334715
train,No Fit,0,0.172,0.2,2,0.0,0.3478292
train,No Fit,0,0.0319,0.1,1,6.0,0.31008053
train,No Fit,0,0.1167,0.3,1,7.0,0.6082245
train,No Fit,0,0.1526,0.4,0,10.0,0.43945315
train,No Fit,0,0.132,0.45,1,0.0,0.5497323
train,No Fit,0,0.0471,0.25,1,10.0,0.47882307
train,No Fit,0,0.163,0.3,-1,0.0,0.5428
train,No Fit,0,0.0949,0.25,0,-8.0,0.26300758
train,No Fit,0,0.0512,0.0,0,-5.0,0.37184453
train,No Fit,0,0.1335,0.25,0,0.0,0.61234903
train,No Fit,0,0.072,0.15,-2,-6.0,0.27284396
train,No Fit,0,0.0404,0.1,2,0.0,0.34359393
train,No Fit,0,0.2087,0.25,0,9.0,0.23492053
train,No Fit,0,0.1836,0.4,0,5.0,0.4265921
train,No Fit,0,0.0974,0.3,0,0.0,0.5494772
train,No Fit,0,0.055,0.15,0,16.0,0.5985322
train,No Fit,0,0.104,0.35,2,8.0,0.4181557
train,No Fit,0,0.0612,0.25,0,4.0,0.4860836
train,No Fit,0,0.1855,0.5,-1,10.0,0.52458584
train,No Fit,0,0.1099,0.35,0,-15.0,0.39175606
train,No Fit,0,0.0779,0.15,0,0.0,0.4203427
train,No Fit,0,0.219,0.55,1,7.0,0.610869
train,No Fit,0,0.0705,0.2,0,0.0,0.44632292
train,No Fit,0,0.0935,0.6,0,0.0,0.48765635
train,No Fit,0,0.1872,0.5,0,8.0,0.5724335
train,No Fit,0,0.0859,0.3,-1,0.0,0.5303573
train,No Fit,0,0.0929,0.1,0,4.0,0.3865856
train,No Fit,0,0.1289,0.4,0,18.0,0.41239583
train,No Fit,0,0.024,0.2,0,0.0,0.4266975
train,No Fit,0,0.1225,0.3,-1,7.0,0.5424857
train,No Fit,0,0.0812,0.3,1,8.0,0.251654
train,No Fit,0,0.128,0.55,1,-4.0,0.4235797
train,No Fit,0,0.2406,0.6,0,6.0,0.3193362
train,No Fit,0,0.1616,0.35,-2,-5.0,0.5569608
train,No Fit,0,0.0875,0.45,0,5.0,0.37077045
train,No Fit,0,0.0808,0.2,0,0.0,0.3414759
train,No Fit,0,0.0709,0.45,0,-3.0,0.53826624
train,No Fit,0,0.0845,0.2,0,-2.0,0.2719574
train,No Fit,0,0.1619,0.25,0,12.0,0.36666816
train,No Fit,0,0.0379,0.2,0,8.0,0.4398238
train,No Fit,0,0.1209,0.4,0,0.0,0.3656916
train,No Fit,0,0.0853,0.3,0,0.0,0.29214025
train,No Fit,0,0.2493,0.4,0,0.0,0.6987195
train,No Fit,0,0.0288,0.15,1,11.0,0.3772691
train,No Fit,0,0.1789,0.35,-1,-5.0,0.5144216
train,No Fit,0,0.0535,0.25,1,5.0,0.24742861
train,No Fit,0,0.2718,0.6,0,4.0,0.53050506
train,No Fit,0,0.0215,0.05,0,0.0,0.480012
train,No Fit,0,0.0817,0.55,1,2.0,0.2827376
train,No Fit,0,0.0567,0.15,-1,-8.0,0.34050566
train,No Fit,0,0.0589,0.3,2,13.0,0.38994122
train,No Fit,0,0.0535,0.35,0,0.0,0.45383182
train,No Fit,0,0.0447,0.2727,1,6.0,0.38221002
train,No Fit,0,0.14,0.35,0,5.0,0.4222141
train,No Fit,0,0.1981,0.3158,0,6.0,0.64571714
train,No Fit,0,0.2304,0.4,0,0.0,0.6383589
train,No Fit,0,0.0617,0.15,0,4.0,0.40028113
train,No Fit,0,0.0987,0.4,0,0.0,0.5005528
train,No Fit,0,0.182,0.35,1,-3.0,0.56831574
train,No Fit,0,0.0498,0.3,0,0.0,0.3581519
train,No Fit,0,0.1235,0.35,0,-5.0,0.39031717
train,No Fit,0,0.0745,0.15,0,0.0,0.5091671
train,No Fit,0,0.0428,0.1,0,3.0,0.2900581
train,No Fit,0,0.1019,0.4,0,1.0,0.3240046
train,No Fit,0,0.2093,0.5,-2,5.0,0.6265568
train,No Fit,0,0.1154,0.15,-2,0.0,0.45624322
train,No Fit,0,0.3545,0.2,-1,5.0,0.5329428
train,No Fit,0,0.1673,0.35,0,4.0,0.46902472
train,No Fit,0,0.0365,0.3,1,-5.0,0.27200982
train,No Fit,0,0.0612,0.2727,0,0.0,0.46363527
train,No Fit,0,0.0817,0.05,0,-8.0,0.42742127
train,No Fit,0,0.1381,0.4,-1,8.0,0.5586844
train,No Fit,0,0.4458,0.25,0,4.0,0.57929236
train,No Fit,0,0.1094,0.5,-1,5.0,0.49119705
train,No Fit,0,0.051,0.2,-1,6.0,0.29132032
train,No Fit,0,0.0897,0.2,0,4.0,0.5316422
train,No Fit,0,0.2071,0.55,0,-10.0,0.48100075
train,No Fit,0,0.1728,0.5,0,0.0,0.591395
train,No Fit,0,0.0345,0.25,1,0.0,0.43942574
train,No Fit,0,0.0135,0.0,0,0.0,0.20458522
train,No Fit,0,0.1425,0.4,0,0.0,0.5665437
train,No Fit,0,0.1516,0.35,0,0.0,0.49181488
train,No Fit,0,0.1508,0.35,0,0.0,0.43434924
train,No Fit,0,0.1075,0.35,0,0.0,0.46337575
train,No Fit,0,0.0749,0.3,1,0.0,0.4941026
train,No Fit,0,0.0713,0.35,-1,5.0,0.5503656
train,No Fit,0,0.2362,0.5,0,-10.0,0.46781245
train,No Fit,0,0.0588,0.25,1,0.0,0.3513366
train,No Fit,0,0.1951,0.5,0,11.0,0.38477737
train,No Fit,0,0.2205,0.4,-2,1.0,0.72330755
train,No Fit,0,0.1621,0.35,0,8.0,0.61835796
train,No Fit,0,0.0788,0.35,0,0.0,0.590345
train,No Fit,0,0.1201,0.2,-1,7.0,0.5225884
train,No Fit,0,0.0682,0.1,0,21.0,0.6190642
train,No Fit,0,0.0279,0.3,1,5.0,0.47160098
train,No Fit,0,0.0615,0.15,0,-7.0,0.33097735
train,No Fit,0,0.11,0.45,0,0.0,0.5165817
train,No Fit,0,0.1295,0.25,-1,0.0,0.35999906
train,No Fit,0,0.0869,0.5385,-1,0.0,0.45696938
train,No Fit,0,0.1037,0.0,-1,10.0,0.37183762
train,No Fit,0,0.0904,0.25,0,4.0,0.3594592
train,No Fit,0,0.0439,0.2,0,-5.0,0.27370876
train,No Fit,0,0.0549,0.45,1,7.0,0.55235493
train,No Fit,0,0.072,0.3,0,0.0,0.3013027
train,No Fit,0,0.0426,0.1429,-1,6.0,0.23733081
train,No Fit,0,0.2149,0.5,-1,-10.0,0.5896981
train,No Fit,0,0.2447,0.55,-1,6.0,0.5268035
train,No Fit,0,0.0919,0.25,0,10.0,0.32224482
train,No Fit,0,0.2009,0.35,0,0.0,0.576798
train,No Fit,0,0.2887,0.3,0,4.0,0.48077273
train,No Fit,0,0.0624,0.2,0,0.0,0.30504522
train,No Fit,0,0.0934,0.25,1,-1.0,0.26376158
train,No Fit,0,0.036,0.15,0,6.0,0.28093097
train,No Fit,0,0.0847,0.3846,-1,5.0,0.2755931
train,No Fit,0,0.2903,0.55,0,0.0,0.5856328
train,No Fit,0,0.2033,0.45,-1,10.0,0.38008904
train,No Fit,0,0.0589,0.2,0,6.0,0.4480403
train,No Fit,0,0.0846,0.3,0,0.0,0.45723617
train,No Fit,0,0.0808,0.1,0,-8.0,0.5377853
train,No Fit,0,0.1837,0.4737,0,5.0,0.6805243
train,No Fit,0,0.1324,0.25,-1,4.0,0.40417087
train,No Fit,0,0.0412,0.1818,-1,5.0,0.30439317
train,No Fit,0,0.0367,0.15,1,0.0,0.48693293
train,No Fit,0,0.1811,0.55,0,0.0,0.34905267
train,No Fit,0,0.2631,0.3,1,5.0,0.6292932
train,No Fit,0,0.1673,0.45,0,2.0,0.35758203
train,No Fit,0,0.0532,0.35,0,10.0,0.43870026
train,No Fit,0,0.1144,0.3,1,7.0,0.6082245
train,No Fit,0,0.0867,0.25,0,-8.0,0.3846987
train,No Fit,0,0.0602,0.2727,0,7.0,0.5648418
train,No Fit,0,0.0935,0.1,1,1.0,0.4362849
train,No Fit,0,0.201,0.65,-1,0.0,0.6463051
train,No Fit,0,0.104,0.65,-1,-10.0,0.28288502
train,No Fit,0,0.1846,0.15,2,8.0,0.22376756
train,No Fit,0,0.0226,0.15,0,8.0,0.44390023
train,No Fit,0,0.052,0.3,-2,11.0,0.3274945
train,No Fit,0,0.0864,0.1,0,-5.0,0.23984875
train,No Fit,0,0.1959,0.35,1,-6.0,0.6161711
train,No Fit,0,0.0546,0.45,0,7.0,0.49824896
train,No Fit,0,0.1216,0.25,-1,-10.0,0.48142186
train,No Fit,0,0.0306,0.0909,0,0.0,0.42555588
train,No Fit,0,0.1238,0.35,0,9.0,0.6026788
train,No Fit,0,0.1719,0.35,0,1.0,0.46457112
train,No Fit,0,0.0598,0.1,0,-5.0,0.34939682
train,No Fit,0,0.0532,0.35,0,10.0,0.44507888
train,No Fit,0,0.3941,0.5,1,0.0,0.5557253
train,No Fit,0,0.057,0.15,-1,-2.0,0.24363476
train,No Fit,0,0.0447,0.2,0,0.0,0.5094017
train,No Fit,0,0.0206,0.2727,1,9.0,0.5556466
train,No Fit,0,0.0825,0.3,-1,17.0,0.4367786
train,No Fit,0,0.2478,0.3,2,0.0,0.27278376
train,No Fit,0,0.1033,0.4,1,5.0,0.46003658
train,No Fit,0,0.06,0.2,0,-2.0,0.4276234
train,No Fit,0,0.1916,0.4,0,7.0,0.3866907
train,No Fit,0,0.1101,0.2,0,21.0,0.52139866
train,No Fit,0,0.4439,0.6,-3,13.0,0.64745396
train,No Fit,0,0.1928,0.45,0,0.0,0.50285643
train,No Fit,0,0.0416,0.15,0,-8.0,0.39478117
train,No Fit,0,0.0934,0.25,0,-5.0,0.4966997
train,No Fit,0,0.0915,0.45,0,-15.0,0.44778508
train,No Fit,0,0.0825,0.15,-1,-9.0,0.33626848
train,No Fit,0,0.0714,0.2,0,3.0,0.3975049
train,No Fit,0,0.1026,0.3,-1,0.0,0.46400928
train,No Fit,0,0.188,0.25,1,0.0,0.3163845
train,No Fit,0,0.4789,0.45,0,0.0,0.43850958
train,No Fit,0,0.0389,0.2,1,0.0,0.556252
train,No Fit,0,0.0346,0.3,0,0.0,0.5942122
train,No Fit,0,0.1364,0.25,-3,-2.0,0.48142156
train,No Fit,0,0.0272,0.0,-1,3.0,0.2454564
train,No Fit,0,0.1042,0.15,0,10.0,0.5150541
train,No Fit,0,0.0456,0.35,1,-6.0,0.41355103
train,No Fit,0,0.0853,0.4,0,0.0,0.5742384
train,No Fit,0,0.0365,0.3,0,0.0,0.3946193
train,No Fit,0,0.1255,0.25,0,0.0,0.36457643
train,No Fit,0,0.1031,0.2,0,17.0,0.49544322
train,No Fit,0,0.0664,0.05,0,6.0,0.18578623
train,No Fit,0,0.2684,0.45,0,0.0,0.44268724
train,No Fit,0,0.2111,0.25,0,10.0,0.2961936
train,No Fit,0,0.1437,0.4,0,13.0,0.5712493
train,No Fit,0,0.025,0.15,-2,4.0,0.30640566
train,No Fit,0,0.1717,0.6,0,2.0,0.56680644
train,No Fit,0,0.1352,0.35,-2,-7.0,0.5544894
train,No Fit,0,0.1448,0.4,0,11.0,0.23000827
train,No Fit,0,0.0642,0.25,0,3.0,0.41861677
train,No Fit,0,0.3708,0.35,0,-8.0,0.6636833
train,No Fit,0,0.2657,0.4,0,12.0,0.53863406
train,No Fit,0,0.0911,0.25,0,-7.0,0.4102112
train,No Fit,0,0.1486,0.3,-1,0.0,0.46435145
train,No Fit,0,0.1797,0.4,0,0.0,0.31242612
train,No Fit,0,0.0901,0.4,1,-1.0,0.48085308
train,No Fit,0,0.021,0.3,-2,4.0,0.33247003
train,No Fit,0,0.0838,0.45,0,-15.0,0.4151458
train,No Fit,0,0.0661,0.25,-1,5.0,0.36767137
train,No Fit,0,0.0728,0.3,-1,0.0,0.51318157
train,No Fit,0,0.2613,0.5,1,6.0,0.31788525
train,No Fit,0,0.0234,0.1,0,6.0,0.48898727
train,No Fit,0,0.0754,0.6,0,-3.0,0.2498397
train,No Fit,0,0.2263,0.35,-1,5.0,0.36214143
train,No Fit,0,0.0979,0.25,0,12.0,0.1871784
train,No Fit,0,0.0453,0.1,2,6.0,0.39439654
train,No Fit,0,0.1678,0.15,-1,5.0,0.4073348
train,No Fit,0,0.1053,0.25,0,7.0,0.4317133
train,No Fit,0,0.0214,0.1818,1,0.0,0.3371142
train,No Fit,0,0.2158,0.7143,1,7.0,0.34057024
train,No Fit,0,0.1201,0.5,0,8.0,0.4627278
train,No Fit,0,0.4421,0.65,0,-3.0,0.5730855
train,No Fit,0,0.1017,0.35,-3,1.0,0.30956692
train,No Fit,0,0.0444,0.05,0,0.0,0.25125185
train,No Fit,0,0.0632,0.2,0,0.0,0.20044267
train,No Fit,0,0.2208,0.3,0,4.0,0.5943781
train,No Fit,0,0.1056,0.2,-1,-5.0,0.4558549
train,No Fit,0,0.1787,0.25,-2,6.0,0.3825533
train,No Fit,0,0.5106,0.7,1,-1.0,0.48095408
train,No Fit,0,0.0825,0.2,-1,-5.0,0.51528645
train,No Fit,0,0.1603,0.45,1,-9.0,0.42740917
train,No Fit,0,0.2634,0.35,0,-5.0,0.56658626
train,No Fit,0,0.1033,0.4,0,-10.0,0.2900107
train,No Fit,0,0.6055,0.55,-1,15.0,0.5323122
train,No Fit,0,0.1647,0.4,1,-4.0,0.40794158
train,No Fit,0,0.0212,0.2,0,11.0,0.5442713
train,No Fit,0,0.1863,0.4,0,8.0,0.33667985
train,No Fit,0,0.2258,0.5,-1,-5.0,0.5392916
train,No Fit,0,0.1182,0.5,3,0.0,0.45306447
train,No Fit,0,0.1495,0.4,0,-2.0,0.65599394
train,No Fit,0,0.0711,0.25,0,4.0,0.5430469
train,No Fit,0,0.1736,0.55,1,2.0,0.53141856
train,No Fit,0,0.0525,0.35,-2,0.0,0.47564745
train,No Fit,0,0.041,0.1,0,21.0,0.55847484
train,No Fit,0,0.0493,0.15,0,0.0,0.34248555
train,No Fit,0,0.0419,0.5,0,8.0,0.6436689
train,No Fit,0,0.1778,0.45,-1,0.0,0.49423802
train,No Fit,0,0.0342,0.4,-2,4.0,0.36380303
train,No Fit,0,0.4732,0.45,0,7.0,0.6442815
train,No Fit,0,0.1148,0.35,0,-2.0,0.45182168
train,No Fit,0,0.1312,0.25,0,2.0,0.44626454
train,No Fit,0,0.0478,0.3,0,-8.0,0.410147
train,No Fit,0,0.1377,0.5,0,0.0,0.60088205
train,No Fit,0,0.089,0.35,1,-1.0,0.42839786
train,No Fit,0,0.1728,0.5,1,5.0,0.4275356
train,No Fit,0,0.0286,0.1,1,29.0,0.46799216
train,No Fit,0,0.1015,0.3,2,0.0,0.3928225
train,No Fit,0,0.063,0.15,1,-8.0,0.50507855
train,No Fit,0,0.1833,0.45,0,8.0,0.2726255
train,No Fit,0,0.0287,0.2,0,0.0,0.6435174
train,No Fit,0,0.0941,0.45,0,0.0,0.46419293
train,No Fit,0,0.0806,0.1,-1,10.0,0.55076975
train,No Fit,0,0.1605,0.4,0,9.0,0.3501746
train,No Fit,0,0.1089,0.25,0,4.0,0.39817017
train,No Fit,0,0.025,0.05,2,13.0,0.30205315
train,No Fit,0,0.0737,0.25,2,2.0,0.2891422
train,No Fit,0,0.1069,0.55,0,0.0,0.30930394
train,No Fit,0,0.1732,0.65,1,7.0,0.40175343
train,No Fit,0,0.1371,0.45,0,21.0,0.37738395
train,No Fit,0,0.0704,0.3,0,-5.0,0.31287223
train,No Fit,0,0.2814,0.55,0,0.0,0.52023685
train,No Fit,0,0.1403,0.45,-1,0.0,0.5133681
train,No Fit,0,0.0533,0.3,1,6.0,0.59434444
train,No Fit,0,0.5876,0.55,0,7.0,0.5069964
train,No Fit,0,0.1581,0.4,0,-3.0,0.5847539
train,No Fit,0,0.168,0.3,0,9.0,0.63369995
train,No Fit,0,0.0922,0.6,-1,0.0,0.56265235
train,No Fit,0,0.1883,0.5,0,9.0,0.46599048
train,No Fit,0,0.2067,0.4211,0,0.0,0.6579119
train,No Fit,0,0.1156,0.45,0,-10.0,0.3575995
train,No Fit,0,0.1386,0.6,0,0.0,0.5278653
train,No Fit,0,0.2114,0.25,0,1.0,0.8000098
train,No Fit,0,0.2645,0.7,1,7.0,0.39075476
train,No Fit,0,0.1053,0.3,1,7.0,0.37505805
train,No Fit,0,0.0386,0.15,0,0.0,0.5203468
train,No Fit,0,0.0517,0.3,0,13.0,0.46798286
train,No Fit,0,0.1193,0.35,0,0.0,0.48336962
train,No Fit,0,0.0648,0.2,2,0.0,0.30888098
train,No Fit,0,0.1007,0.4,0,0.0,0.44736022
train,No Fit,0,0.0251,0.0909,-1,0.0,0.52438504
train,No Fit,0,0.0841,0.35,-1,0.0,0.40300006
train,No Fit,0,0.1642,0.2,0,0.0,0.57393754
train,No Fit,0,0.0893,0.2,0,7.0,0.29193208
train,No Fit,0,0.0452,0.3,0,0.0,0.4577034
train,No Fit,0,0.0436,0.1,0,3.0,0.28167015
train,No Fit,0,0.0687,0.4,1,2.0,0.3752765
train,No Fit,0,0.1812,0.3,0,5.0,0.61517656
train,No Fit,0,0.1071,0.25,0,10.0,0.5621183
train,No Fit,0,0.0896,0.2,0,4.0,0.39704257
train,No Fit,0,0.2592,0.45,-1,2.0,0.46935457
train,No Fit,0,0.0975,0.3,0,0.0,0.36218777
train,No Fit,0,0.1329,0.35,0,0.0,0.5832681
train,No Fit,0,0.0706,0.35,0,-13.0,0.2512901
train,No Fit,0,0.2085,0.4,-1,10.0,0.50603676
train,No Fit,0,0.0821,0.1,0,8.0,0.45409134
train,No Fit,0,0.1344,0.25,0,0.0,0.60263085
train,No Fit,0,0.0957,0.35,0,0.0,0.4016944
train,No Fit,0,0.1086,0.35,0,0.0,0.58651257
train,No Fit,0,0.1451,0.4,1,-1.0,0.4583947
train,No Fit,0,0.0649,0.35,0,0.0,0.29381993
train,No Fit,0,0.1086,0.35,0,0.0,0.59317994
train,No Fit,0,0.0702,0.4,1,2.0,0.37527645
train,No Fit,0,0.0637,0.35,0,-7.0,0.3823893
train,No Fit,0,0.0798,0.35,0,10.0,0.36417383
train,No Fit,0,0.2565,0.6,0,-5.0,0.52410173
train,No Fit,0,0.0394,0.1,0,0.0,0.3341713
train,No Fit,0,0.0807,0.35,0,-1.0,0.4886974
train,No Fit,0,0.225,0.4,0,5.0,0.5597512
train,No Fit,0,0.2632,0.65,0,9.0,0.3850203
train,No Fit,0,0.0788,0.4,0,9.0,0.5989953
train,No Fit,0,0.0522,0.45,0,-7.0,0.416498
train,No Fit,0,0.1358,0.5,2,9.0,0.44123048
train,No Fit,0,0.3264,0.15,0,0.0,0.32150275
train,No Fit,0,0.0472,0.25,0,0.0,0.5671786
train,No Fit,0,0.0857,0.15,0,2.0,0.53397286
train,No Fit,0,0.4749,0.3,-1,14.0,0.7062179
train,No Fit,0,0.1505,0.45,-1,11.0,0.43308398
train,No Fit,0,0.1422,0.5,-1,5.0,0.3786626
train,No Fit,0,0.1047,0.25,0,0.0,0.41840142
train,No Fit,0,0.1465,0.25,1,-10.0,0.4325933
train,No Fit,0,0.0775,0.15,0,-10.0,0.5134614
train,No Fit,0,0.0501,0.15,0,0.0,0.48452696
train,No Fit,0,0.1439,0.35,1,-1.0,0.5053779
train,No Fit,0,0.0783,0.15,0,-8.0,0.38583386
train,No Fit,0,0.0485,0.1,0,4.0,0.3483001
train,No Fit,0,0.0923,0.3,1,0.0,0.5715647
train,No Fit,0,0.1385,0.4615,-1,17.0,0.4416232
train,No Fit,0,0.0856,0.25,-1,3.0,0.22628686
train,No Fit,0,0.3699,0.35,0,15.0,0.23231354
train,No Fit,0,0.0825,0.3,0,0.0,0.5687519
train,No Fit,0,0.0763,0.35,0,0.0,0.26878437
train,No Fit,0,0.1523,0.5,0,0.0,0.67608047
train,No Fit,0,0.0448,0.3,0,0.0,0.47918153
train,No Fit,0,0.1384,0.45,-2,5.0,0.3210379
train,No Fit,0,0.021,0.15,0,5.0,0.6554628
train,No Fit,0,0.1399,0.4,-1,-10.0,0.38878176
train,No Fit,0,0.1318,0.35,0,0.0,0.5989986
train,No Fit,0,0.1871,0.45,-1,0.0,0.48401472
train,No Fit,0,0.1121,0.2,0,-5.0,0.2929384
train,No Fit,0,0.3405,0.35,-1,14.0,0.5136379
train,No Fit,0,0.0918,0.25,0,0.0,0.44632292
train,No Fit,0,0.1385,0.3,-3,-2.0,0.3993384
train,No Fit,0,0.0322,0.15,0,5.0,0.48550978
train,No Fit,0,0.3762,0.45,0,5.0,0.5207341
train,No Fit,0,0.5682,0.5,-1,6.0,0.63851404
train,No Fit,0,0.0922,0.2,0,-4.0,0.68892
train,No Fit,0,0.1289,0.2,1,0.0,0.5225711
train,No Fit,0,0.0903,0.3,0,12.0,0.38342106
train,No Fit,0,0.1151,0.35,-2,4.0,0.27404547
train,No Fit,0,0.1816,0.4,0,9.0,0.4792968
train,No Fit,0,0.0938,0.05,2,8.0,0.22424865
train,No Fit,0,0.1176,0.25,0,7.0,0.49839085
train,No Fit,0,0.037,0.2,0,0.0,0.32727483
train,No Fit,0,0.1776,0.4,-1,-5.0,0.5089432
train,No Fit,0,0.0521,0.2,0,0.0,0.5499955
train,No Fit,0,0.1509,0.125,-1,0.0,0.4019275
train,No Fit,0,0.1922,0.6,-1,-5.0,0.46007842
train,No Fit,0,0.0506,0.05,0,12.0,0.47035846
train,No Fit,0,0.1913,0.4,0,-5.0,0.4319216
train,No Fit,0,0.2537,0.25,-1,0.0,0.3387255
train,No Fit,0,0.1334,0.45,-1,-3.0,0.4586218
train,No Fit,0,0.0293,0.05,0,-1.0,0.22297114
train,No Fit,0,0.0438,0.2,0,7.0,0.47077146
train,No Fit,0,0.0201,0.3333,-1,0.0,0.46844503
train,No Fit,0,0.1606,0.65,2,0.0,0.32760525
train,No Fit,0,0.0875,0.35,-1,0.0,0.5022068
train,No Fit,0,0.0983,0.25,0,-8.0,0.48755607
train,No Fit,0,0.0799,0.2,0,10.0,0.0847311
train,No Fit,0,0.0466,0.3,0,-5.0,0.36701533
train,No Fit,0,0.0451,0.1,-1,0.0,0.31407535
train,No Fit,0,0.0744,0.3,1,5.0,0.6024221
train,No Fit,0,0.4126,0.3,0,-1.0,0.6308557
train,No Fit,0,0.2548,0.6,-1,0.0,0.5140544
train,No Fit,0,0.0652,0.2,2,10.0,0.4344801
train,No Fit,0,0.0996,0.45,0,0.0,0.5073564
train,No Fit,0,0.145,0.25,0,21.0,0.57896495
train,No Fit,0,0.0573,0.25,3,19.0,0.322043
train,No Fit,0,0.109,0.2,0,-10.0,0.47200513
train,No Fit,0,0.3615,0.3,-2,12.0,0.48476338
train,No Fit,0,0.0674,0.1,-1,-10.0,0.40459025
train,No Fit,0,0.0968,0.5,2,9.0,0.41647124
train,No Fit,0,0.103,0.3,0,-5.0,0.4540806
train,No Fit,0,0.3249,0.6,1,0.0,0.5321169
train,No Fit,0,0.1332,0.5,0,-3.0,0.60662246
train,No Fit,0,0.0501,0.25,0,8.0,0.39713788
train,No Fit,0,0.116,0.25,-1,-6.0,0.4776854
train,No Fit,0,0.168,0.7,0,-2.0,0.46458676
train,No Fit,0,0.1258,0.2,0,0.0,0.46173057
train,No Fit,0,0.0476,0.25,0,0.0,0.46746445
train,No Fit,0,0.2011,0.15,0,6.0,0.5113651
train,No Fit,0,0.0923,0.3,-1,0.0,0.5418148
train,No Fit,0,0.0705,0.2,-2,14.0,0.46945688
train,No Fit,0,0.1687,0.35,0,21.0,0.48823744
train,No Fit,0,0.0551,0.25,-1,11.0,0.579473
train,No Fit,0,0.1347,0.45,-1,-5.0,0.428995
train,No Fit,0,0.0721,0.3,-1,0.0,0.3704161
train,No Fit,0,0.1182,0.45,0,4.0,0.5507958
train,No Fit,0,0.2886,0.35,0,1.0,0.50231093
train,No Fit,0,0.2779,0.45,-2,5.0,0.6428557
train,No Fit,0,0.0714,0.4,1,11.0,0.5345259
train,No Fit,0,0.0741,0.2,0,12.0,0.29583642
train,No Fit,0,0.0493,0.5455,0,0.0,0.49416423
train,No Fit,0,0.0861,0.2,-1,12.0,0.39941287
train,No Fit,0,0.1592,0.4,0,-3.0,0.5847539
train,No Fit,0,0.1613,0.25,-2,14.0,0.51788723
train,No Fit,0,0.0592,0.25,-1,5.0,0.36475778
train,No Fit,0,0.1098,0.3,0,5.0,0.31977463
train,No Fit,0,0.5522,0.4,-1,0.0,0.4731507
train,No Fit,0,0.0116,0.25,0,0.0,0.4525708
train,No Fit,0,0.3655,0.35,1,1.0,0.5327215
train,No Fit,0,0.1358,0.4,0,0.0,0.6216375
train,No Fit,0,0.1148,0.3,1,0.0,0.54158264
train,No Fit,0,0.1361,0.2,0,5.0,0.36931604
train,No Fit,0,0.18,0.5,0,6.0,0.31965753
train,No Fit,0,0.0786,0.35,0,0.0,0.53071034
train,No Fit,0,0.3899,0.5,-1,13.0,0.5398473
train,No Fit,0,0.0357,0.2,0,9.0,0.2439059
train,No Fit,0,0.0889,0.45,0,9.0,0.49186462
train,No Fit,0,0.0954,0.25,0,-1.0,0.25902924
train,No Fit,0,0.0657,0.35,0,-4.0,0.39566028
train,No Fit,0,0.1566,0.3,0,7.0,0.44916403
train,No Fit,0,0.0791,0.3,-1,0.0,0.586362
train,No Fit,0,0.0968,0.25,1,-1.0,0.44570848
train,No Fit,0,0.121,0.4,0,-8.0,0.4608459
train,No Fit,0,0.0671,0.25,0,-10.0,0.3709618
train,No Fit,0,0.073,0.3,-2,-6.0,0.4008743
train,No Fit,0,0.0702,0.35,3,0.0,0.46880186
train,No Fit,0,0.018,0.1,1,12.0,0.50020003
train,No Fit,0,0.0613,0.25,0,13.0,0.5018761
train,No Fit,0,0.2122,0.45,-1,8.0,0.439425
train,No Fit,0,0.0729,0.15,0,10.0,0.42210704
train,No Fit,0,0.3611,0.5,0,-1.0,0.5746509
train,No Fit,0,0.0568,0.05,0,3.0,0.35550573
train,No Fit,0,0.0892,0.1,0,-10.0,0.5276949
train,No Fit,0,0.0685,0.1053,-1,6.0,0.42993784
train,No Fit,0,0.2803,0.3,0,5.0,0.48561853
train,No Fit,0,0.0979,0.35,1,-15.0,0.38033164
train,No Fit,0,0.1039,0.45,0,-5.0,0.17071456
train,No Fit,0,0.0605,0.4,0,-5.0,0.43894553
train,No Fit,0,0.2595,0.35,0,0.0,0.510442
train,No Fit,0,0.0951,0.2727,-1,0.0,0.53412247
train,No Fit,0,0.0443,0.1818,1,6.0,0.32295406
train,No Fit,0,0.0522,0.15,0,11.0,0.17374636
train,No Fit,0,0.0505,0.25,0,0.0,0.23616014
train,No Fit,0,0.0596,0.15,0,3.0,0.51332814
train,No Fit,0,0.0452,0.0909,0,0.0,0.16857442
train,No Fit,0,0.0372,0.15,0,7.0,0.35719177
train,No Fit,0,0.0899,0.15,1,-5.0,0.4135057
train,No Fit,0,0.0252,0.2,-1,0.0,0.34096447
train,No Fit,0,0.08,0.25,-2,10.0,0.5504637
train,No Fit,0,0.1884,0.4,-1,0.0,0.59675485
train,No Fit,0,0.1721,0.4,0,0.0,0.63623583
train,No Fit,0,0.1073,0.35,0,2.0,0.28243083
train,No Fit,0,0.0921,0.35,1,-10.0,0.4121419
train,No Fit,0,0.1598,0.4,0,5.0,0.4290095
train,No Fit,0,0.0237,0.2,0,0.0,0.41288865
train,No Fit,0,0.1219,0.5,0,0.0,0.42347673
train,No Fit,0,0.2148,0.5,0,0.0,0.624508
train,No Fit,0,0.0832,0.15,0,-5.0,0.42827097
train,No Fit,0,0.0598,0.2,1,0.0,0.37122965
train,No Fit,0,0.1571,0.45,0,-2.0,0.4608137
train,No Fit,0,0.1515,0.35,0,0.0,0.66445285
train,No Fit,0,0.1056,0.35,0,8.0,0.3232656
train,No Fit,0,0.2132,0.5,0,0.0,0.66448987
train,No Fit,0,0.0566,0.2,0,8.0,0.44514638
train,No Fit,0,0.2469,0.45,-1,10.0,0.5050782
train,No Fit,0,0.1472,0.4,-1,0.0,0.42904672
train,No Fit,0,0.1942,0.65,1,-4.0,0.45749256
train,No Fit,0,0.0761,0.15,0,3.0,0.32156774
train,No Fit,0,0.1487,0.35,-1,0.0,0.25229627
train,No Fit,0,0.0479,0.0,0,4.0,0.3924405
train,No Fit,0,0.1199,0.2,-1,0.0,0.38773406
train,No Fit,0,0.0665,0.05,0,-2.0,0.36659738
train,No Fit,0,0.2492,0.65,-1,0.0,0.59524727
train,No Fit,0,0.1345,0.2,1,9.0,0.5198791
train,No Fit,0,0.1743,0.25,1,7.0,0.48348463
train,No Fit,0,0.0599,0.2727,1,7.0,0.45372897
train,No Fit,0,0.0328,0.25,1,0.0,0.3504036
train,No Fit,0,0.1069,0.1,-1,15.0,0.35343298
train,No Fit,0,0.1304,0.35,0,0.0,0.36477017
train,No Fit,0,0.0453,0.1,0,-10.0,0.30579525
train,No Fit,0,0.2588,0.6,0,9.0,0.41027534
train,No Fit,0,0.0547,0.2,-1,0.0,0.39137608
train,No Fit,0,0.3169,0.15,-1,10.0,0.35966682
train,No Fit,0,0.0578,0.4545,0,0.0,0.47379047
train,No Fit,0,0.0835,0.35,-2,0.0,0.36621088
train,No Fit,0,0.024,0.0,0,0.0,0.4537875
train,No Fit,0,0.1006,0.45,0,2.0,0.3779143
train,No Fit,0,0.072,0.1,0,-8.0,0.408468
train,No Fit,0,0.1321,0.2,0,0.0,0.4992851
train,No Fit,0,0.0244,0.0714,1,0.0,0.2253669
train,No Fit,0,0.0599,0.2,0,11.0,0.3993453
train,No Fit,0,0.0519,0.1,-1,0.0,0.49570578
train,No Fit,0,0.0513,0.35,0,11.0,0.4655497
train,No Fit,0,0.0612,0.35,1,6.0,0.46586683
train,No Fit,0,0.1805,0.15,-2,4.0,0.23194885
train,No Fit,0,0.2732,0.6,1,6.0,0.4218192
train,No Fit,0,0.1383,0.4,2,12.0,0.3603136
train,No Fit,0,0.0598,0.25,0,2.0,0.3574635
train,No Fit,0,0.0171,0.125,-1,0.0,0.35384637
train,No Fit,0,0.0194,0.05,1,7.0,0.26459703
train,No Fit,0,0.3614,0.3,0,1.0,0.53831667
train,No Fit,0,0.3792,0.6,0,4.0,0.09657921
train,No Fit,0,0.1736,0.45,-3,-2.0,0.4412111
train,No Fit,0,0.0942,0.35,-2,14.0,0.4671939
train,No Fit,0,0.042,0.15,0,5.0,0.30536628
train,No Fit,0,0.0699,0.3,0,13.0,0.3187734
train,No Fit,0,0.1049,0.2,-1,0.0,0.23972218
train,No Fit,0,0.1795,0.6,0,0.0,0.58358216
train,No Fit,0,0.0804,0.15,-1,6.0,0.4490742
train,No Fit,0,0.0541,0.25,0,-5.0,0.4161883
train,No Fit,0,0.0496,0.2727,0,5.0,0.42360687
train,No Fit,0,0.0498,0.25,0,5.0,0.48788416
train,No Fit,0,0.0952,0.15,1,-1.0,0.54685384
train,No Fit,0,0.1291,0.35,-1,5.0,0.4363517
train,No Fit,0,0.0305,0.1,2,11.0,0.46150625
train,No Fit,0,0.2189,0.15,0,0.0,0.32643607
train,No Fit,0,0.4623,0.5,-1,0.0,0.7268218
train,No Fit,0,0.0606,0.1,-1,5.0,0.4629361
train,No Fit,0,0.0769,0.25,0,-4.0,0.4594909
train,No Fit,0,0.1032,0.4,1,2.0,0.49814564
train,No Fit,0,0.2157,0.45,0,2.0,0.59792465
train,No Fit,0,0.1853,0.45,0,5.0,0.42714855
train,No Fit,0,0.3071,0.3,0,-5.0,0.5933316
train,No Fit,0,0.0326,0.2,0,5.0,0.5855346
train,No Fit,0,0.0635,0.3,0,6.0,0.4712705
train,No Fit,0,0.1374,0.35,0,6.0,0.5158799
train,No Fit,0,0.0933,0.3,-2,-5.0,0.47594565
train,No Fit,0,0.2841,0.45,-1,0.0,0.4002878
train,No Fit,0,0.0825,0.2,-1,-8.0,0.4280836
train,No Fit,0,0.1823,0.35,0,0.0,0.3890508
train,No Fit,0,0.1144,0.45,-1,-5.0,0.35893077
train,No Fit,0,0.0441,0.2,0,3.0,0.36266136
train,No Fit,0,0.0826,0.15,-2,0.0,0.4695067
train,No Fit,0,0.0652,0.15,-1,0.0,0.51462305
train,No Fit,0,0.1546,0.4,1,-6.0,0.47917747
train,No Fit,0,0.1734,0.6,1,6.0,0.35724968
train,No Fit,0,0.0297,0.15,0,0.0,0.25828746
train,No Fit,0,0.1721,0.25,0,6.0,0.6305704
train,No Fit,0,0.0496,0.1818,1,0.0,0.3522038
train,No Fit,0,0.0352,0.1,0,21.0,0.53204376
train,No Fit,0,0.0573,0.25,0,11.0,0.39409155
train,No Fit,0,0.0656,0.35,0,8.0,0.37676716
train,No Fit,0,0.2042,0.3,0,2.0,0.42938176
train,No Fit,0,0.118,0.35,0,8.0,0.42986125
train,No Fit,0,0.1302,0.35,0,2.0,0.46088323
train,No Fit,0,0.1374,0.3,0,-2.0,0.4350571
train,No Fit,0,0.1022,0.5,-1,-6.0,0.32861805
train,No Fit,0,0.0725,0.4,0,-4.0,0.41471812
train,No Fit,0,0.0257,0.25,0,0.0,0.2853916
train,No Fit,0,0.1631,0.5,0,6.0,0.5374378
train,No Fit,0,0.1324,0.5,1,0.0,0.57430583
train,No Fit,0,0.2032,0.35,1,5.0,0.5102226
train,No Fit,0,0.049,0.1,0,0.0,0.25315553
train,No Fit,0,0.1367,0.2,-1,0.0,0.5233028
train,No Fit,0,0.2051,0.35,0,10.0,0.39160722
train,No Fit,0,0.0717,0.2,1,-5.0,0.45461994
train,No Fit,0,0.1144,0.15,0,2.0,0.46312436
train,No Fit,0,0.0737,0.1,0,10.0,0.48751956
train,No Fit,0,0.0494,0.15,0,11.0,0.5911049
train,No Fit,0,0.1454,0.5,1,-3.0,0.34409672
train,No Fit,0,0.0554,0.05,0,4.0,0.3363785
train,No Fit,0,0.0249,0.1,-1,10.0,0.33562356
train,No Fit,0,0.2044,0.5,1,6.0,0.48993793
train,No Fit,0,0.0941,0.25,0,0.0,0.28975242
train,No Fit,0,0.2736,0.3,0,0.0,0.641497
train,No Fit,0,0.1257,0.15,0,0.0,0.52108663
train,No Fit,0,0.0571,0.1,0,10.0,0.48464742
train,No Fit,0,0.1254,0.45,1,0.0,0.3905234
train,No Fit,0,0.0663,0.3,0,0.0,0.5099791
train,No Fit,0,0.1435,0.35,-1,0.0,0.5354035
train,No Fit,0,0.2022,0.55,0,-6.0,0.51115143
train,No Fit,0,0.1488,0.65,1,-15.0,0.33778915
train,No Fit,0,0.0717,0.2,0,-8.0,0.34832042
train,No Fit,0,0.0749,0.3,0,-3.0,0.41642118
train,No Fit,0,0.054,0.3,0,-15.0,0.34929067
train,No Fit,0,0.4603,0.6,-1,8.0,0.6275718
train,No Fit,0,0.045,0.2,1,0.0,0.39337277
train,No Fit,0,0.0449,0.2,0,4.0,0.3801849
train,No Fit,0,0.0591,0.05,-1,-5.0,0.43723327
train,No Fit,0,0.1141,0.4,1,6.0,0.52889806
train,No Fit,0,0.1502,0.35,0,5.0,0.45353803
train,No Fit,0,0.0087,0.0909,-2,4.0,0.28648278
train,No Fit,0,0.0903,0.35,0,0.0,0.57548565
train,No Fit,0,0.0647,0.25,1,-4.0,0.5992775
train,No Fit,0,0.2139,0.6,0,4.0,0.49741286
train,No Fit,0,0.0457,0.2,0,1.0,0.45875978
train,No Fit,0,0.0237,0.0714,1,0.0,0.37207055
train,No Fit,0,0.0297,0.25,0,3.0,0.32980946
train,No Fit,0,0.0891,0.45,0,-15.0,0.42142668
train,No Fit,0,0.0375,0.2,-1,5.0,0.43396628
train,No Fit,0,0.0619,0.2,1,0.0,0.4476551
train,No Fit,0,0.1178,0.35,-2,-6.0,0.5092104
train,No Fit,0,0.1205,0.35,-2,7.0,0.39746082
train,No Fit,0,0.4154,0.5,0,5.0,0.35902733
train,No Fit,0,0.101,0.25,0,13.0,0.62966615
train,No Fit,0,0.0648,0.5714,-1,0.0,0.51850253
train,No Fit,0,0.106,0.3,1,-5.0,0.58576334
train,No Fit,0,0.4809,0.65,0,-6.0,0.5349636
train,No Fit,0,0.1424,0.25,-1,0.0,0.4614828
train,No Fit,0,0.0657,0.35,1,5.0,0.35826287
train,No Fit,0,0.0359,0.0714,1,12.0,0.19613966
train,No Fit,0,0.0989,0.4,0,1.0,0.4083407
train,No Fit,0,0.0682,0.15,0,-5.0,0.25873107
train,No Fit,0,0.3296,0.5,0,0.0,0.41344732
train,No Fit,0,0.1187,0.2,0,8.0,0.3662814
train,No Fit,0,0.0442,0.1,0,-8.0,0.4745868
train,No Fit,0,0.1265,0.2,0,2.0,0.41883177
train,No Fit,0,0.1296,0.2,-1,-10.0,0.24117765
train,No Fit,0,0.1442,0.3,0,0.0,0.42670017
train,No Fit,0,0.1058,0.3,0,-15.0,0.54847443
train,No Fit,0,0.074,0.25,0,-7.0,0.5696077
train,No Fit,0,0.161,0.65,2,0.0,0.32788545
train,No Fit,0,0.1644,0.5,0,8.0,0.24621192
train,No Fit,0,0.0683,0.15,0,11.0,0.1660392
train,No Fit,0,0.6392,0.35,0,0.0,0.63243985
train,No Fit,0,0.2177,0.35,-1,13.0,0.4970318
train,No Fit,0,0.1021,0.4,0,11.0,0.44707614
train,No Fit,0,0.0739,0.2,0,5.0,0.45335764
train,No Fit,0,0.0803,0.15,0,0.0,0.34617138
train,No Fit,0,0.1141,0.5,2,5.0,0.35884985
train,No Fit,0,0.0855,0.3,0,0.0,0.43922564
train,No Fit,0,0.0437,0.15,0,3.0,0.10518041
train,No Fit,0,0.1074,0.2,-2,-4.0,0.615039
train,No Fit,0,0.2006,0.6,0,0.0,0.33733815
train,No Fit,0,0.0766,0.1,0,3.0,0.33140934
train,No Fit,0,0.1034,0.25,0,0.0,0.42539614
train,No Fit,0,0.1011,0.2,-1,10.0,0.40997475
train,No Fit,0,0.0574,0.3636,1,7.0,0.2006644
train,No Fit,0,0.2374,0.55,0,9.0,0.62069046
train,No Fit,0,0.2645,0.65,0,2.0,0.6025684
train,No Fit,0,0.0188,0.0,2,3.0,0.17806417
train,No Fit,0,0.0675,0.1,1,0.0,0.5758745
train,No Fit,0,0.0298,0.25,0,12.0,0.5208849
train,No Fit,0,0.2094,0.5,0,-5.0,0.5140787
train,No Fit,0,0.0697,0.45,-1,5.0,0.35506302
train,No Fit,0,0.0859,0.15,0,0.0,0.45555344
train,No Fit,0,0.127,0.5,2,0.0,0.35208642
train,No Fit,0,0.0645,0.2,0,0.0,0.3935424
train,No Fit,0,0.1334,0.3,0,13.0,0.5576291
train,No Fit,0,0.1048,0.15,-1,-5.0,0.4467459
train,No Fit,0,0.0754,0.25,0,11.0,0.48948514
train,No Fit,0,0.1253,0.4,0,16.0,0.32780945
train,No Fit,0,0.1744,0.45,1,0.0,0.447711
train,No Fit,0,0.0537,0.2,0,-4.0,0.30386686
train,No Fit,0,0.0526,0.15,0,12.0,0.35322544
train,No Fit,0,0.1486,0.45,1,0.0,0.5841387
train,No Fit,0,0.2361,0.2,-1,8.0,0.38418943
train,No Fit,0,0.0963,0.35,0,3.0,0.56074107
train,No Fit,0,0.1769,0.5,-1,-1.0,0.403557
train,No Fit,0,0.1091,0.2,0,4.0,0.30219263
train,No Fit,0,0.0483,0.15,0,-11.0,0.40158695
train,No Fit,0,0.0233,0.15,0,11.0,0.40004504
train,No Fit,0,0.0405,0.1,0,3.0,0.18716207
train,No Fit,0,0.0617,0.15,0,4.0,0.35079515
train,No Fit,0,0.2497,0.45,0,0.0,0.6697531
train,No Fit,0,0.115,0.35,-2,0.0,0.48644125
train,No Fit,0,0.1698,0.45,0,3.0,0.5264957
train,No Fit,0,0.1928,0.4,0,11.0,0.47371352
train,No Fit,0,0.1609,0.4,0,0.0,0.47318593
train,No Fit,0,0.0749,0.25,0,-7.0,0.47038016
train,No Fit,0,0.1612,0.55,2,-5.0,0.43593794
train,No Fit,0,0.1086,0.1,0,3.0,0.44783697
train,No Fit,0,0.0147,0.1667,-1,0.0,0.4768519
train,No Fit,0,0.0536,0.2,1,4.0,0.45435554
train,No Fit,0,0.0782,0.05,0,13.0,0.5121778
train,No Fit,0,0.2468,0.5789,0,4.0,0.64248216
train,No Fit,0,0.068,0.1818,0,5.0,0.39295048
train,No Fit,0,0.1213,0.35,0,8.0,0.34588853
train,No Fit,0,0.1092,0.25,-2,0.0,0.5573397
train,No Fit,0,0.0419,0.05,0,-12.0,0.32265365
train,No Fit,0,0.2643,0.35,-1,-2.0,0.6149538
train,No Fit,0,0.1284,0.25,-1,0.0,0.56418824
train,No Fit,0,0.1269,0.55,0,14.0,0.48507702
train,No Fit,0,0.0506,0.15,1,7.0,0.3804214
train,No Fit,0,0.2107,0.7,1,-3.0,0.5086314
train,No Fit,0,0.0758,0.35,1,0.0,0.67276144
train,No Fit,0,0.1266,0.4,-1,0.0,0.5901515
train,No Fit,0,0.0269,0.35,1,9.0,0.55539155
train,No Fit,0,0.1576,0.6429,1,0.0,0.32657242
train,No Fit,0,0.2471,0.35,0,4.0,0.5628096
train,No Fit,0,0.1716,0.35,0,10.0,0.47853807
train,No Fit,0,0.0329,0.25,0,0.0,0.47901207
train,No Fit,0,0.0616,0.25,0,15.0,0.35654148
train,No Fit,0,0.0823,0.25,0,-10.0,0.36474997
train,No Fit,0,0.1634,0.3,0,8.0,0.47874057
train,No Fit,0,0.1259,0.45,0,0.0,0.42945778
train,No Fit,0,0.1136,0.4,-1,0.0,0.42603016
train,No Fit,0,0.0455,0.25,0,7.0,0.47253376
train,No Fit,0,0.1567,0.45,-1,0.0,0.43377975
train,No Fit,0,0.2417,0.35,-1,12.0,0.51783615
train,No Fit,0,0.0579,0.25,0,-4.0,0.35956442
train,No Fit,0,0.1274,0.5,2,0.0,0.3621412
train,No Fit,0,0.1063,0.5,0,7.0,0.4356118
train,No Fit,0,0.077,0.15,0,-6.0,0.36964282
train,No Fit,0,0.0701,0.2,-2,0.0,0.56366444
train,No Fit,0,0.1357,0.5,1,0.0,0.54544544
train,No Fit,0,0.0555,0.35,-1,0.0,0.49123347
train,No Fit,0,0.0839,0.4,-1,5.0,0.39646426
train,No Fit,0,0.2451,0.4,1,5.0,0.15867896
train,No Fit,0,0.0508,0.1,0,12.0,0.32325613
train,No Fit,0,0.2364,0.35,-2,0.0,0.4213733
train,No Fit,0,0.0195,0.1,-2,-6.0,0.2711349
train,No Fit,0,0.5469,0.5,-1,0.0,0.65258795
train,No Fit,0,0.2807,0.55,0,0.0,0.60058147
train,No Fit,0,0.134,0.35,0,0.0,0.3215137
train,No Fit,0,0.0636,0.3,0,-5.0,0.5275419
train,No Fit,0,0.04,0.1,0,0.0,0.48851907
train,No Fit,0,0.0844,0.3,0,0.0,0.36713156
train,No Fit,0,0.0798,0.2,-1,-3.0,0.18552068
train,No Fit,0,0.1415,0.55,0,0.0,0.51758385
train,No Fit,0,0.0699,0.1,0,0.0,0.47636998
train,No Fit,0,0.1187,0.2,0,-1.0,0.35270968
train,No Fit,0,0.0452,0.5,-2,4.0,0.41006276
train,No Fit,0,0.1563,0.25,0,10.0,0.5114846
train,No Fit,0,0.1778,0.2,0,12.0,0.20815791
train,No Fit,0,0.0764,0.25,-2,0.0,0.36478573
train,No Fit,0,0.0656,0.15,-1,0.0,0.46610197
train,No Fit,0,0.0575,0.1,0,4.0,0.2712307
train,No Fit,0,0.0479,0.2,0,4.0,0.6849489
train,No Fit,0,0.1637,0.5,0,11.0,0.5148107
train,No Fit,0,0.0439,0.3,-2,4.0,0.3230921
train,No Fit,0,0.096,0.35,-1,5.0,0.36343256
train,No Fit,0,0.0936,0.25,1,6.0,0.3432698
train,No Fit,0,0.1285,0.35,0,-10.0,0.67566943
train,No Fit,0,0.1085,0.25,0,0.0,0.6503403
train,No Fit,0,0.0565,0.2,0,10.0,0.5285204
train,No Fit,0,0.0823,0.25,-2,0.0,0.35271627
train,No Fit,0,0.0494,0.15,-2,-10.0,0.3116219
train,No Fit,0,0.0656,0.3,0,12.0,0.27229375
train,No Fit,0,0.2153,0.4,1,7.0,0.53654855
train,No Fit,0,0.0693,0.35,2,0.0,0.29619008
train,No Fit,0,0.2032,0.5,0,5.0,0.45488155
train,No Fit,0,0.1462,0.45,0,-10.0,0.43448484
train,No Fit,0,0.0827,0.25,0,11.0,0.5314162
train,No Fit,0,0.0424,0.1,2,11.0,0.40368277
train,No Fit,0,0.1518,0.4,1,5.0,0.25734
train,No Fit,0,0.0611,0.35,1,2.0,0.45274642
train,No Fit,0,0.1057,0.25,0,5.0,0.56557286
train,No Fit,0,0.034,0.0909,0,0.0,0.39626592
train,No Fit,0,0.2188,0.55,0,5.0,0.32695305
train,No Fit,0,0.0898,0.25,1,-3.0,0.4850182
train,No Fit,0,0.45,0.45,1,-2.0,0.6065177
train,No Fit,0,0.2255,0.2,-1,-2.0,0.47341555
train,No Fit,0,0.2645,0.55,-1,-5.0,0.4552243
train,No Fit,0,0.0903,0.25,0,-11.0,0.40477127
train,No Fit,0,0.1417,0.55,0,0.0,0.51904404
train,No Fit,0,0.0728,0.4,2,0.0,0.38575786
train,No Fit,0,0.1372,0.5,-1,-3.0,0.5189438
train,No Fit,0,0.0814,0.15,-3,0.0,0.3564484
train,No Fit,0,0.0899,0.3,0,2.0,0.34591794
train,No Fit,0,0.0457,0.05,-1,12.0,0.45347166
train,No Fit,0,0.0964,0.35,1,2.0,0.38687742
train,No Fit,0,0.0741,0.25,1,6.0,0.4812072
train,No Fit,0,0.0631,0.1,0,0.0,0.42801356
train,No Fit,0,0.1846,0.35,-1,0.0,0.2528525
train,No Fit,0,0.0513,0.25,0,7.0,0.46142533
train,No Fit,0,0.0828,0.05,0,0.0,0.5710554
train,No Fit,0,0.0358,0.2,2,8.0,0.2211039
train,No Fit,0,0.1321,0.35,-1,0.0,0.43984902
train,No Fit,0,0.1242,0.1,-1,-1.0,0.4494208
train,No Fit,0,0.0283,0.1,0,-5.0,0.31208178
train,No Fit,0,0.0327,0.2,-1,5.0,0.27686864
train,No Fit,0,0.0221,0.0714,0,0.0,0.2798675
train,No Fit,0,0.0436,0.25,1,0.0,0.589202
train,No Fit,0,0.105,0.5,-1,-3.0,0.30975756
train,No Fit,0,0.09,0.25,-1,0.0,0.45526505
train,No Fit,0,0.0748,0.2,-2,15.0,0.2790418
train,No Fit,0,0.0852,0.3,0,-5.0,0.5374346
train,No Fit,0,0.0843,0.3,0,11.0,0.3520047
train,No Fit,0,0.0379,0.2,0,2.0,0.435382
train,No Fit,0,0.0563,0.1,0,-5.0,0.41837767
train,No Fit,0,0.0435,0.35,0,0.0,0.46623373
train,No Fit,0,0.0865,0.4,0,3.0,0.524024
train,No Fit,0,0.0653,0.15,0,0.0,0.5113766
train,No Fit,0,0.0218,0.2632,-1,0.0,0.4247356
train,No Fit,0,0.4593,0.55,1,-3.0,0.62304133
train,No Fit,0,0.1712,0.5,0,0.0,0.44507605
train,No Fit,0,0.3865,0.25,0,-5.0,0.63982797
train,No Fit,0,0.0734,0.35,0,21.0,0.42904538
train,No Fit,0,0.0886,0.45,1,-5.0,0.3149299
train,No Fit,0,0.0951,0.15,1,-1.0,0.52590925
train,No Fit,0,0.1543,0.5,-2,5.0,0.5476689
train,No Fit,0,0.0652,0.4,-1,2.0,0.5412002
train,No Fit,0,0.0746,0.25,-2,9.0,0.60115856
train,No Fit,0,0.1115,0.25,0,12.0,0.4092105
train,No Fit,0,0.1559,0.35,0,-4.0,0.5211179
train,No Fit,0,0.2251,0.5,0,-2.0,0.6236141
train,No Fit,0,0.0734,0.25,0,-7.0,0.4561168
train,No Fit,0,0.0662,0.15,0,11.0,0.31997406
train,No Fit,0,0.0693,0.2,-1,6.0,0.4695139
train,No Fit,0,0.1321,0.45,0,8.0,0.4760154
train,No Fit,0,0.1262,0.25,-1,4.0,0.413253
train,No Fit,0,0.0509,0.4,0,11.0,0.5759013
train,No Fit,0,0.0917,0.15,1,-8.0,0.4985577
train,No Fit,0,0.1554,0.45,0,21.0,0.27148068
train,No Fit,0,0.0903,0.45,3,0.0,0.45279405
train,No Fit,0,0.039,0.25,0,0.0,0.46903372
train,No Fit,0,0.0242,0.0,0,0.0,0.423666
train,No Fit,0,0.084,0.3,0,0.0,0.46183783
train,No Fit,0,0.0927,0.4,-1,-3.0,0.44767326
train,No Fit,0,0.0831,0.25,1,0.0,0.4053354
train,No Fit,0,0.2127,0.7,-1,0.0,0.5585597
train,No Fit,0,0.0565,0.25,1,9.0,0.5572484
train,No Fit,0,0.2486,0.3,1,7.0,0.4518058
train,No Fit,0,0.2113,0.45,0,5.0,0.73159194
train,No Fit,0,0.0581,0.25,1,0.0,0.52334416
train,No Fit,0,0.2483,0.25,0,4.0,0.5747936
train,No Fit,0,0.1566,0.6,2,4.0,0.34009725
train,No Fit,0,0.0288,0.15,1,9.0,0.4909361
train,No Fit,0,0.0719,0.3,0,4.0,0.41028348
train,No Fit,0,0.1599,0.5714,0,5.0,0.5587221
train,No Fit,0,0.1,0.35,0,-1.0,0.49534947
train,No Fit,0,0.1543,0.45,0,2.0,0.5116832
train,No Fit,0,0.0781,0.2,-1,17.0,0.50568604
train,No Fit,0,0.1632,0.5,0,1.0,0.53649694
train,No Fit,0,0.1301,0.3,-1,0.0,0.51022077
train,No Fit,0,0.136,0.35,-3,-8.0,0.4809655
train,No Fit,0,0.0345,0.2,0,-5.0,0.51502335
train,No Fit,0,0.1299,0.35,0,5.0,0.3807812
train,No Fit,0,0.0496,0.1,0,8.0,0.4531934
train,No Fit,0,0.0673,0.25,0,0.0,0.59322906
train,No Fit,0,0.032,0.1,0,3.0,0.4363723
train,No Fit,0,0.1612,0.5,0,0.0,0.6693382
train,No Fit,0,0.0512,0.1,0,12.0,0.33135363
train,No Fit,0,0.0797,0.2,0,3.0,0.3400915
train,No Fit,0,0.2032,0.2,0,-8.0,0.47809482
train,No Fit,0,0.0415,0.25,0,-1.0,0.37336177
train,No Fit,0,0.1616,0.4,1,5.0,0.29806733
train,No Fit,0,0.0617,0.3,0,-15.0,0.35318872
train,No Fit,0,0.1379,0.3,0,0.0,0.4945454
train,No Fit,0,0.0476,0.25,0,0.0,0.4522866
train,No Fit,0,0.1058,0.2,-2,7.0,0.53920406
train,No Fit,0,0.0984,0.45,0,-10.0,0.4073915
train,No Fit,0,0.0733,0.35,0,-5.0,0.4289527
train,No Fit,0,0.1474,0.4,-1,0.0,0.5202857
train,Good Fit,1,0.1008,0.3,0,0.0,0.6672182
train,Good Fit,1,0.2873,0.6,0,9.0,0.5020211
train,Good Fit,1,0.0856,0.3,0,4.0,0.4487604
train,Good Fit,1,0.2184,0.6,1,11.0,0.3279426
train,Good Fit,1,0.0617,0.25,0,-3.0,0.3496159
train,Good Fit,1,0.1763,0.55,0,-1.0,0.4338602
train,Good Fit,1,0.0546,0.3,2,5.0,0.4166692
train,Good Fit,1,0.0262,0.2,-2,-1.0,0.30839393
train,Good Fit,1,0.1339,0.4,0,8.0,0.40097815
train,Good Fit,1,0.1744,0.6,1,2.0,0.58896494
train,Good Fit,1,0.0887,0.15,0,0.0,0.53492254
train,Good Fit,1,0.2135,0.45,0,10.0,0.4103963
train,Good Fit,1,0.1141,0.35,0,2.0,0.6457204
train,Good Fit,1,0.0988,0.35,1,0.0,0.6632744
train,Good Fit,1,0.0471,0.15,1,-5.0,0.3695774
train,Good Fit,1,0.2545,0.4,0,4.0,0.53629893
train,Good Fit,1,0.119,0.35,0,8.0,0.44008964
train,Good Fit,1,0.1452,0.6,0,1.0,0.36617482
train,Good Fit,1,0.1605,0.7,1,-10.0,0.31876546
train,Good Fit,1,0.1738,0.4,0,14.0,0.5707006
train,Good Fit,1,0.0647,0.1,0,16.0,0.47582787
train,Good Fit,1,0.1019,0.15,0,5.0,0.20709662
train,Good Fit,1,0.0872,0.15,0,17.0,0.47812164
train,Good Fit,1,0.0649,0.3,2,-5.0,0.4810828
train,Good Fit,1,0.3091,0.5,1,1.0,0.5506903
train,Good Fit,1,0.0751,0.25,0,5.0,0.44659364
train,Good Fit,1,0.1424,0.3,0,-1.0,0.63970816
train,Good Fit,1,0.0812,0.25,1,5.0,0.46530184
train,Good Fit,1,0.2591,0.5,1,0.0,0.6110192
train,Good Fit,1,0.1089,0.35,-1,2.0,0.50297266
train,Good Fit,1,0.05,0.3,1,8.0,0.42726332
train,Good Fit,1,0.0751,0.35,0,9.0,0.39585716
train,Good Fit,1,0.1167,0.3,0,2.0,0.5268577
train,Good Fit,1,0.1408,0.3,0,10.0,0.31664723
train,Good Fit,1,0.1359,0.4,0,0.0,0.41166112
train,Good Fit,1,0.3291,0.4,1,2.0,0.5751644
train,Good Fit,1,0.0987,0.45,0,-6.0,0.3917331
train,Good Fit,1,0.0898,0.4,0,9.0,0.4147816
train,Good Fit,1,0.1589,0.3,0,13.0,0.3574357
train,Good Fit,1,0.1724,0.4,0,0.0,0.58224165
train,Good Fit,1,0.0885,0.2,0,-4.0,0.37078124
train,Good Fit,1,0.1315,0.35,-1,13.0,0.38006997
train,Good Fit,1,0.2691,0.55,0,2.0,0.5542049
train,Good Fit,1,0.0793,0.3,0,-4.0,0.4559094
train,Good Fit,1,0.1176,0.2,-1,1.0,0.423792
train,Good Fit,1,0.1537,0.45,-1,12.0,0.39562413
train,Good Fit,1,0.1834,0.45,-1,4.0,0.5076276
train,Good Fit,1,0.2121,0.6,0,0.0,0.31995788
train,Good Fit,1,0.0591,0.25,0,-3.0,0.36861196
train,Good Fit,1,0.068,0.2,-1,-5.0,0.3340605
train,Good Fit,1,0.106,0.25,0,9.0,0.49386305
train,Good Fit,1,0.076,0.3,0,10.0,0.15932685
train,Good Fit,1,0.1614,0.25,0,14.0,0.65137815
train,Good Fit,1,0.037,0.2,0,7.0,0.26832604
train,Good Fit,1,0.144,0.3,0,14.0,0.32645676
train,Good Fit,1,0.1283,0.45,0,7.0,0.3857579
train,Good Fit,1,0.056,0.3333,1,5.0,0.4570483
train,Good Fit,1,0.1419,0.25,-2,14.0,0.34944296
train,Good Fit,1,0.1234,0.45,0,0.0,0.5127101
train,Good Fit,1,0.1619,0.45,1,5.0,0.42933077
train,Good Fit,1,0.1108,0.4,0,4.0,0.5161957
train,Good Fit,1,0.0633,0.25,0,14.0,0.48425826
train,Good Fit,1,0.5124,0.4,1,-8.0,0.63870746
train,Good Fit,1,0.1876,0.6,0,0.0,0.6012149
train,Good Fit,1,0.2375,0.7,0,0.0,0.4905001
train,Good Fit,1,0.1164,0.35,0,8.0,0.41522217
train,Good Fit,1,0.0442,0.2,2,0.0,0.37325808
train,Good Fit,1,0.1687,0.4,0,0.0,0.60983527
train,Good Fit,1,0.0607,0.4,0,10.0,0.46053421
train,Good Fit,1,0.0586,0.15,1,-10.0,0.32830262
train,Good Fit,1,0.1195,0.35,0,12.0,0.35569495
train,Good Fit,1,0.0468,0.25,0,3.0,0.35905167
train,Good Fit,1,0.1527,0.25,0,17.0,0.39556655
train,Good Fit,1,0.24,0.3,0,-4.0,0.4282675
train,Good Fit,1,0.1229,0.25,0,0.0,0.63615084
train,Good Fit,1,0.0913,0.2,-2,16.0,0.5589212
train,Good Fit,1,0.1888,0.5,0,5.0,0.4590325
train,Good Fit,1,0.1709,0.3,0,0.0,0.60549915
train,Good Fit,1,0.1041,0.2,0,15.0,0.48354793
train,Good Fit,1,0.168,0.5,0,0.0,0.34405214
train,Good Fit,1,0.185,0.55,0,-3.0,0.47439143
train,Good Fit,1,0.2899,0.5,0,0.0,0.60376227
train,Good Fit,1,0.1351,0.45,-1,0.0,0.507498
train,Good Fit,1,0.0098,0.1,0,-5.0,0.38395786
train,Good Fit,1,0.0315,0.15,1,-6.0,0.36777204
train,Good Fit,1,0.1066,0.45,-1,8.0,0.37739417
train,Good Fit,1,0.2036,0.45,0,7.0,0.29746306
train,Good Fit,1,0.2006,0.55,1,5.0,0.67037797
train,Good Fit,1,0.0516,0.25,1,9.0,0.36686575
train,Good Fit,1,0.0906,0.1,0,13.0,0.44269773
train,Good Fit,1,0.0197,0.15,-1,18.0,0.45560586
train,Good Fit,1,0.055,0.15,-2,5.0,0.23892328
train,Good Fit,1,0.4485,0.5,1,6.0,0.57061744
train,Good Fit,1,0.2104,0.4,0,0.0,0.39242208
train,Good Fit,1,0.2075,0.35,1,2.0,0.5220974
train,Good Fit,1,0.1549,0.55,0,10.0,0.45748347
train,Good Fit,1,0.0344,0.3,1,14.0,0.2877945
train,Good Fit,1,0.1614,0.4,0,-3.0,0.6311739
train,Good Fit,1,0.2639,0.35,0,7.0,0.5186735
train,Good Fit,1,0.2087,0.35,1,19.0,0.6718817
train,Good Fit,1,0.1717,0.45,0,0.0,0.37655425
train,Good Fit,1,0.0933,0.25,0,6.0,0.5295428
train,Good Fit,1,0.0981,0.25,0,11.0,0.36497766
train,Good Fit,1,0.1936,0.5,0,0.0,0.5503577
train,Good Fit,1,0.1462,0.6,1,7.0,0.61545503
train,Good Fit,1,0.0857,0.5,1,9.0,0.5335984
train,Good Fit,1,0.1221,0.5,1,2.0,0.41538572
train,Good Fit,1,0.1374,0.3,0,-2.0,0.44862503
train,Good Fit,1,0.0553,0.3,0,12.0,0.49317563
train,Good Fit,1,0.2454,0.55,0,3.0,0.58224976
train,Good Fit,1,0.1315,0.3,-1,21.0,0.4024038
train,Good Fit,1,0.0883,0.4,0,0.0,0.5119796
train,Good Fit,1,0.0392,0.15,0,0.0,0.41698974
train,Good Fit,1,0.0696,0.15,0,0.0,0.28574997
train,Good Fit,1,0.0621,0.25,0,-3.0,0.50446314
train,Good Fit,1,0.0414,0.1,0,12.0,0.3730376
train,Good Fit,1,0.1839,0.5,0,0.0,0.3631525
train,Good Fit,1,0.1943,0.2,0,-8.0,0.4779187
train,Good Fit,1,0.1314,0.35,-1,7.0,0.5547002
train,Good Fit,1,0.1343,0.35,0,0.0,0.2843796
train,Good Fit,1,0.0859,0.2,-1,-1.0,0.40827662
train,Good Fit,1,0.0624,0.2,-1,5.0,0.1837205
train,Good Fit,1,0.103,0.2,0,14.0,0.44937152
train,Good Fit,1,0.1397,0.3,-1,-10.0,0.3850996
train,Good Fit,1,0.1475,0.35,1,-2.0,0.6806599
train,Good Fit,1,0.0804,0.25,0,21.0,0.38503718
train,Good Fit,1,0.0563,0.35,0,7.0,0.40558022
train,Good Fit,1,0.2911,0.5,0,0.0,0.60123193
train,Good Fit,1,0.0878,0.3,0,1.0,0.36924922
train,Good Fit,1,0.0758,0.4,1,0.0,0.52891934
train,Good Fit,1,0.0681,0.2,0,0.0,0.42755684
train,Good Fit,1,0.2639,0.4,0,6.0,0.69367373
train,Good Fit,1,0.0225,0.3077,0,0.0,0.48708916
train,Good Fit,1,0.2177,0.5,0,9.0,0.62679094
train,Good Fit,1,0.0936,0.4,0,-5.0,0.39745346
train,Good Fit,1,0.0581,0.25,-1,5.0,0.3940062
train,Good Fit,1,0.2605,0.35,-2,12.0,0.4871564
train,Good Fit,1,0.0703,0.35,0,8.0,0.27319765
train,Good Fit,1,0.0678,0.2,0,13.0,0.45661813
train,Good Fit,1,0.0706,0.3,0,5.0,0.4009282
train,Good Fit,1,0.1615,0.6,1,7.0,0.58140385
train,Good Fit,1,0.2534,0.5,1,-5.0,0.4857536
train,Good Fit,1,0.2953,0.4,1,0.0,0.67420715
train,Good Fit,1,0.0669,0.2,0,0.0,0.53248024
train,Good Fit,1,0.0955,0.45,1,5.0,0.59664786
train,Good Fit,1,0.0837,0.35,1,12.0,0.5526592
train,Good Fit,1,0.1735,0.3,0,11.0,0.59418863
train,Good Fit,1,0.1771,0.45,0,14.0,0.46412098
train,Good Fit,1,0.1242,0.35,-2,6.0,0.28104535
train,Good Fit,1,0.0661,0.25,-1,7.0,0.34656468
train,Good Fit,1,0.16,0.45,0,0.0,0.47568244
train,Good Fit,1,0.1849,0.5,1,13.0,0.41318983
train,Good Fit,1,0.1808,0.35,0,4.0,0.35207915
train,Good Fit,1,0.0836,0.4,0,0.0,0.52654815
train,Good Fit,1,0.2933,0.75,1,0.0,0.6263936
train,Good Fit,1,0.0427,0.15,0,-2.0,0.52907336
train,Good Fit,1,0.2664,0.45,0,10.0,0.26958004
train,Good Fit,1,0.3006,0.6,0,5.0,0.07209715
train,Good Fit,1,0.0899,0.2,0,21.0,0.57262504
train,Good Fit,1,0.0273,0.15,0,12.0,0.39906406
train,Good Fit,1,0.3253,0.6,1,0.0,0.04762265
train,Good Fit,1,0.086,0.1,-1,3.0,0.35735196
train,Good Fit,1,0.0421,0.05,0,0.0,0.22355065
train,Good Fit,1,0.09,0.15,0,0.0,0.5932376
train,Good Fit,1,0.2339,0.55,-2,0.0,0.6812177
train,Good Fit,1,0.1116,0.25,0,0.0,0.51286066
train,Good Fit,1,0.0812,0.25,0,-6.0,0.3305791
train,Good Fit,1,0.0205,0.0,0,0.0,0.5344927
train,Good Fit,1,0.056,0.25,-1,-2.0,0.6236489
train,Good Fit,1,0.1415,0.4,0,6.0,0.59968156
train,Good Fit,1,0.084,0.45,0,7.0,0.3614212
train,Good Fit,1,0.0517,0.25,0,-1.0,0.40947688
train,Good Fit,1,0.0838,0.2,1,-5.0,0.2367724
train,Good Fit,1,0.1342,0.45,-1,14.0,0.40390408
train,Good Fit,1,0.2547,0.7,1,-2.0,0.5505165
train,Good Fit,1,0.0925,0.4,0,2.0,0.43944392
train,Good Fit,1,0.0625,0.3,1,0.0,0.16953832
train,Good Fit,1,0.1375,0.65,1,7.0,0.62734646
train,Good Fit,1,0.0438,0.2,0,-1.0,0.43386132
train,Good Fit,1,0.0616,0.2,0,5.0,0.4100285
train,Good Fit,1,0.1317,0.3,0,12.0,0.3058341
train,Good Fit,1,0.0484,0.2,-1,0.0,0.36747122
train,Good Fit,1,0.0958,0.25,0,-6.0,0.47450542
train,Good Fit,1,0.1747,0.55,-1,0.0,0.36398652
train,Good Fit,1,0.0919,0.35,1,9.0,0.5344145
train,Good Fit,1,0.1348,0.3,1,1.0,0.3904141
train,Good Fit,1,0.099,0.35,-1,0.0,0.6305901
train,Good Fit,1,0.1585,0.25,0,-3.0,0.41283053
train,Good Fit,1,0.1074,0.35,0,0.0,0.3847711
train,Good Fit,1,0.1227,0.35,0,0.0,0.43634236
train,Good Fit,1,0.1373,0.6,0,-7.0,0.5569621
train,Good Fit,1,0.1466,0.4,0,7.0,0.5120459
train,Good Fit,1,0.0887,0.2,0,8.0,0.46971413
train,Good Fit,1,0.1473,0.35,0,3.0,0.5500848
train,Good Fit,1,0.1346,0.4,0,0.0,0.4155838
train,Good Fit,1,0.1962,0.25,0,8.0,0.650593
train,Good Fit,1,0.1546,0.35,0,12.0,0.47820008
train,Good Fit,1,0.0739,0.25,0,5.0,0.41477
train,Good Fit,1,0.1013,0.6,-2,0.0,0.27780592
train,Good Fit,1,0.1654,0.45,0,-5.0,0.48895654
train,Good Fit,1,0.087,0.25,0,0.0,0.333291
train,Good Fit,1,0.2278,0.3,0,-5.0,0.6574993
train,Good Fit,1,0.1804,0.4,0,0.0,0.5695267
train,Good Fit,1,0.0603,0.2,0,4.0,0.48219118
train,Good Fit,1,0.2407,0.8,0,0.0,0.6828821
train,Good Fit,1,0.3045,0.3,0,0.0,0.46820444
train,Good Fit,1,0.0459,0.15,0,-7.0,0.49012616
train,Good Fit,1,0.1054,0.5,0,3.0,0.48893762
train,Good Fit,1,0.0858,0.25,-2,-4.0,0.21549001
train,Good Fit,1,0.0791,0.25,0,8.0,0.49740958
train,Good Fit,1,0.2218,0.2,0,10.0,0.42900312
train,Good Fit,1,0.3065,0.55,1,7.0,0.5842076
train,Good Fit,1,0.0884,0.35,0,5.0,0.40329444
train,Good Fit,1,0.0791,0.2,1,1.0,0.38169158
train,Good Fit,1,0.055,0.15,0,13.0,0.39542776
train,Good Fit,1,0.1046,0.25,1,6.0,0.32735825
train,Good Fit,1,0.0597,0.25,0,5.0,0.3220314
train,Good Fit,1,0.1702,0.35,-2,17.0,0.4360689
train,Good Fit,1,0.1519,0.5,0,-2.0,0.389422
train,Good Fit,1,0.1743,0.55,0,-1.0,0.5682137
train,Good Fit,1,0.0551,0.2,-1,2.0,0.3447048
train,Good Fit,1,0.1211,0.45,1,2.0,0.20355438
train,Good Fit,1,0.1381,0.25,0,8.0,0.52239645
train,Good Fit,1,0.0745,0.3,0,1.0,0.48383877
train,Good Fit,1,0.1227,0.3,-1,-5.0,0.57779896
train,Good Fit,1,0.3837,0.45,1,-1.0,0.60567135
train,Good Fit,1,0.0537,0.3,0,-15.0,0.4029428
train,Good Fit,1,0.1524,0.5,0,7.0,0.3979528
train,Good Fit,1,0.0376,0.3,0,0.0,0.30951804
train,Good Fit,1,0.0794,0.4,1,12.0,0.37000424
train,Good Fit,1,0.1365,0.55,0,-6.0,0.35907185
train,Good Fit,1,0.0681,0.15,0,13.0,0.61398923
train,Good Fit,1,0.2252,0.4,0,0.0,0.5036216
train,Good Fit,1,0.1705,0.35,0,9.0,0.2615043
train,Good Fit,1,0.4594,0.6,1,7.0,0.5657137
train,Good Fit,1,0.0652,0.3,-1,7.0,0.5363996
train,Good Fit,1,0.0868,0.35,-2,0.0,0.33006543
train,Good Fit,1,0.0663,0.15,-1,14.0,0.43338478
train,Good Fit,1,0.1467,0.25,0,0.0,0.40177357
train,Good Fit,1,0.1617,0.5,0,9.0,0.45193523
train,Good Fit,1,0.1625,0.55,0,0.0,0.47835597
train,Good Fit,1,0.0579,0.25,1,-15.0,0.36706597
train,Good Fit,1,0.2693,0.8,1,0.0,0.45785832
train,Good Fit,1,0.0362,0.15,0,9.0,0.41085118
train,Good Fit,1,0.0658,0.05,-1,4.0,0.27069867
train,Good Fit,1,0.0886,0.45,0,0.0,0.47300172
train,Good Fit,1,0.0666,0.05,1,8.0,0.15071043
train,Good Fit,1,0.1069,0.3,-2,-3.0,0.43687716
train,Good Fit,1,0.0812,0.2,0,11.0,0.47300684
train,Good Fit,1,0.1041,0.4,1,13.0,0.3786559
train,Good Fit,1,0.0502,0.05,0,-2.0,0.36743087
train,Good Fit,1,0.0859,0.15,-1,-3.0,0.36741963
train,Good Fit,1,0.046,0.1,0,7.0,0.20204346
train,Good Fit,1,0.0993,0.3,0,-1.0,0.47048524
train,Good Fit,1,0.1276,0.35,0,7.0,0.44663042
train,Good Fit,1,0.1045,0.5,0,13.0,0.47328457
train,Good Fit,1,0.2897,0.65,0,5.0,0.48828447
train,Good Fit,1,0.0993,0.3889,1,6.0,0.44798893
train,Good Fit,1,0.1526,0.45,-1,5.0,0.7438773
train,Good Fit,1,0.1131,0.2778,0,8.0,0.39467093
train,Good Fit,1,0.2294,0.5,0,12.0,0.4110503
train,Good Fit,1,0.1733,0.6,-1,9.0,0.57469875
train,Good Fit,1,0.0889,0.4,0,10.0,0.5199757
train,Good Fit,1,0.1062,0.3,0,11.0,0.34552935
train,Good Fit,1,0.1597,0.2,0,-4.0,0.71095926
train,Good Fit,1,0.079,0.4,0,0.0,0.43562117
train,Good Fit,1,0.0752,0.25,-1,-10.0,0.2656861
train,Good Fit,1,0.1366,0.2,-1,0.0,0.15835331
train,Good Fit,1,0.2022,0.35,0,10.0,0.43750513
train,Good Fit,1,0.0589,0.25,0,2.0,0.31298095
train,Good Fit,1,0.0506,0.4,1,5.0,0.35842562
train,Good Fit,1,0.0612,0.3,0,14.0,0.60676306
train,Good Fit,1,0.0844,0.15,-1,0.0,0.42983115
train,Good Fit,1,0.1259,0.15,0,-5.0,0.44528186
train,Good Fit,1,0.0478,0.1,-1,16.0,0.46032023
train,Good Fit,1,0.1336,0.25,0,0.0,0.5468749
train,Good Fit,1,0.106,0.45,1,6.0,0.4385368
train,Good Fit,1,0.0807,0.3,0,0.0,0.37466538
train,Good Fit,1,0.0474,0.15,0,7.0,0.4709775
train,Good Fit,1,0.0413,0.05,-2,-7.0,0.40380564
train,Good Fit,1,0.0848,0.35,1,0.0,0.42300066
train,Good Fit,1,0.1569,0.35,-1,0.0,0.44771755
train,Good Fit,1,0.1963,0.3,0,15.0,0.6019536
train,Good Fit,1,0.2039,0.5,0,4.0,0.56143856
train,Good Fit,1,0.3085,0.55,1,7.0,0.5842076
train,Good Fit,1,0.1122,0.35,-2,2.0,0.3390841
train,Good Fit,1,0.0555,0.15,1,4.0,0.474489
train,Good Fit,1,0.1094,0.45,0,8.0,0.35126096
train,Good Fit,1,0.1105,0.35,-1,8.0,0.5906965
train,Good Fit,1,0.194,0.55,1,0.0,0.55161405
train,Good Fit,1,0.1665,0.45,0,-4.0,0.4212375
train,Good Fit,1,0.1655,0.45,0,0.0,0.27929938
train,Good Fit,1,0.0927,0.2,0,6.0,0.4026652
train,Good Fit,1,0.1348,0.4,-1,0.0,0.6340619
train,Good Fit,1,0.0954,0.3,-1,5.0,0.43581727
train,Good Fit,1,0.1507,0.45,0,0.0,0.58579403
train,Good Fit,1,0.1404,0.45,0,4.0,0.4059396
train,Good Fit,1,0.1705,0.4,-1,5.0,0.41704297
train,Good Fit,1,0.2148,0.5,1,0.0,0.60053873
train,Good Fit,1,0.0449,0.3,0,8.0,0.339433
train,Good Fit,1,0.1122,0.25,1,2.0,0.56981874
train,Good Fit,1,0.1172,0.5,1,6.0,0.5378295
train,Good Fit,1,0.1179,0.3,0,21.0,0.2875448
train,Good Fit,1,0.0685,0.05,1,12.0,0.2573068
train,Good Fit,1,0.0984,0.5,-1,10.0,0.53110087
train,Good Fit,1,0.0612,0.15,-2,-13.0,0.36642975
train,Good Fit,1,0.1461,0.3,-1,4.0,0.5544003
train,Good Fit,1,0.1263,0.3,-2,6.0,0.5322307
train,Good Fit,1,0.0949,0.25,1,10.0,0.41473836
train,Good Fit,1,0.0631,0.3,0,-3.0,0.39233643
train,Good Fit,1,0.0681,0.45,0,0.0,0.5362674
train,Good Fit,1,0.0788,0.1,0,16.0,0.45369205
train,Good Fit,1,0.0395,0.1,-2,6.0,0.21472494
train,Good Fit,1,0.0712,0.4,1,3.0,0.4308911
train,Good Fit,1,0.0971,0.4,0,-3.0,0.5071807
train,Good Fit,1,0.2238,0.45,1,0.0,0.5551274
train,Good Fit,1,0.0937,0.25,-1,0.0,0.65422374
train,Good Fit,1,0.0952,0.45,0,4.0,0.5960649
train,Good Fit,1,0.0883,0.3,0,0.0,0.53190947
train,Good Fit,1,0.0842,0.25,0,-6.0,0.379207
train,Good Fit,1,0.0728,0.25,0,11.0,0.30092236
train,Good Fit,1,0.2587,0.4,1,31.0,0.6123977
train,Good Fit,1,0.1009,0.3,0,10.0,0.4239185
train,Good Fit,1,0.1516,0.55,0,-2.0,0.43048185
train,Good Fit,1,0.0688,0.2,0,8.0,0.4308137
train,Good Fit,1,0.2037,0.35,0,0.0,0.6033164
train,Good Fit,1,0.0991,0.2,0,20.0,0.6464502
train,Good Fit,1,0.168,0.65,0,0.0,0.44084615
train,Good Fit,1,0.1635,0.3,1,7.0,0.50436544
train,Good Fit,1,0.0943,0.45,1,6.0,0.550228
train,Good Fit,1,0.0885,0.35,0,0.0,0.52714205
train,Good Fit,1,0.4797,0.6,1,0.0,0.5657099
train,Good Fit,1,0.1506,0.5,0,-8.0,0.43294415
train,Good Fit,1,0.1697,0.4,1,4.0,0.42642784
train,Good Fit,1,0.0671,0.1,0,-4.0,0.50567627
train,Good Fit,1,0.123,0.35,0,1.0,0.5208564
train,Good Fit,1,0.2633,0.8,0,0.0,0.60191786
train,Good Fit,1,0.094,0.35,-2,5.0,0.5620334
train,Good Fit,1,0.072,0.3,0,12.0,0.44681805
train,Good Fit,1,0.0478,0.2,0,10.0,0.55184746
train,Good Fit,1,0.0553,0.3,1,8.0,0.46595237
train,Good Fit,1,0.0956,0.5,0,-15.0,0.47872975
train,Good Fit,1,0.1665,0.4,0,12.0,0.5326407
train,Good Fit,1,0.096,0.25,0,5.0,0.41798413
train,Good Fit,1,0.0868,0.3,1,-10.0,0.32169768
train,Good Fit,1,0.4164,0.55,1,-8.0,0.49201828
train,Good Fit,1,0.0297,0.2222,0,8.0,0.41632757
train,Good Fit,1,0.1914,0.45,1,-1.0,0.50235957
train,Good Fit,1,0.1123,0.3,0,0.0,0.44769883
train,Good Fit,1,0.1363,0.2,0,5.0,0.4333281
train,Good Fit,1,0.0577,0.45,0,8.0,0.46684676
train,Good Fit,1,0.2053,0.55,0,0.0,0.31455684
train,Good Fit,1,0.359,0.55,1,-5.0,0.61506057
train,Good Fit,1,0.1722,0.4,0,12.0,0.3340165
train,Good Fit,1,0.0756,0.45,1,6.0,0.45172447
train,Good Fit,1,0.0651,0.35,0,6.0,0.42995423
train,Good Fit,1,0.0549,0.05,0,12.0,0.3959837
train,Good Fit,1,0.231,0.4,0,5.0,0.5242311
train,Good Fit,1,0.1931,0.4,0,8.0,0.38885516
train,Good Fit,1,0.177,0.4,1,13.0,0.45672095
train,Good Fit,1,0.1056,0.25,0,-1.0,0.26202142
train,Good Fit,1,0.0738,0.35,0,2.0,0.5665817
train,Good Fit,1,0.0991,0.35,-2,-1.0,0.2653021
train,Good Fit,1,0.0572,0.2,0,9.0,0.42495868
train,Good Fit,1,0.082,0.2,0,14.0,0.44268924
train,Good Fit,1,0.1453,0.3,-2,13.0,0.52598685
train,Good Fit,1,0.2692,0.35,1,5.0,0.467947
train,Good Fit,1,0.0339,0.1,-1,0.0,0.4242993
train,Good Fit,1,0.2291,0.5,0,9.0,0.13846867
train,Good Fit,1,0.167,0.45,1,1.0,0.3895122
train,Good Fit,1,0.105,0.4,-2,3.0,0.28737313
train,Good Fit,1,0.3628,0.7,-2,5.0,0.6765832
train,Good Fit,1,0.0598,0.1,0,11.0,0.32280344
train,Good Fit,1,0.1879,0.4,1,0.0,0.5236837
train,Good Fit,1,0.0853,0.3,0,0.0,0.13765322
train,Good Fit,1,0.2022,0.45,0,0.0,0.6968204
train,Good Fit,1,0.1281,0.45,-1,0.0,0.48116583
train,Good Fit,1,0.2165,0.65,0,-2.0,0.5057622
train,Good Fit,1,0.087,0.55,1,3.0,0.33309117
train,Good Fit,1,0.1952,0.5,0,-4.0,0.4744674
train,Good Fit,1,0.2,0.7,0,0.0,0.45998383
train,Good Fit,1,0.0326,0.15,0,12.0,0.30303663
train,Good Fit,1,0.2198,0.45,0,3.0,0.52491295
train,Good Fit,1,0.1388,0.55,0,3.0,0.35566282
train,Good Fit,1,0.1364,0.25,0,0.0,0.47704855
train,Good Fit,1,0.3793,0.7,1,2.0,0.65874714
train,Good Fit,1,0.2032,0.45,0,10.0,0.60616374
train,Good Fit,1,0.1197,0.35,0,0.0,0.36096162
train,Good Fit,1,0.2242,0.35,0,-5.0,0.64818966
train,Good Fit,1,0.1144,0.3,0,8.0,0.2954505
train,Good Fit,1,0.2357,0.55,0,8.0,0.4746877
train,Good Fit,1,0.0738,0.15,0,2.0,0.6548554
train,Good Fit,1,0.0773,0.4,0,-10.0,0.30596367
train,Good Fit,1,0.0809,0.2,0,25.0,0.36064696
train,Good Fit,1,0.1633,0.45,0,11.0,0.41386697
train,Good Fit,1,0.1627,0.3,0,12.0,0.30897465
train,Good Fit,1,0.1023,0.4,0,0.0,0.46175796
train,Good Fit,1,0.0372,0.25,0,13.0,0.44208592
train,Good Fit,1,0.0675,0.15,0,12.0,0.4110893
train,Good Fit,1,0.0246,0.1,0,-3.0,0.27745277
train,Good Fit,1,0.0978,0.55,1,1.0,0.47734746
train,Good Fit,1,0.2776,0.5,0,9.0,0.29868454
train,Good Fit,1,0.0969,0.35,-1,14.0,0.40037698
train,Good Fit,1,0.0787,0.1,0,3.0,0.56975293
train,Good Fit,1,0.111,0.3,0,9.0,0.47893482
train,Good Fit,1,0.1786,0.5,1,0.0,0.5862237
train,Good Fit,1,0.1488,0.3,1,14.0,0.37928766
train,Good Fit,1,0.1191,0.45,0,2.0,0.4123287
train,Good Fit,1,0.0495,0.15,-1,15.0,0.4951474
train,Good Fit,1,0.0154,0.05,0,14.0,0.3840406
train,Good Fit,1,0.0442,0.1,0,7.0,0.3405164
train,Good Fit,1,0.0965,0.3,1,9.0,0.5194153
train,Good Fit,1,0.2884,0.5,-2,14.0,0.6173703
train,Good Fit,1,0.0881,0.3,0,11.0,0.5379038
train,Good Fit,1,0.0644,0.2,1,8.0,0.45029438
train,Good Fit,1,0.0369,0.15,0,0.0,0.37014315
train,Good Fit,1,0.0471,0.3,0,0.0,0.60104233
train,Good Fit,1,0.0829,0.3,0,-6.0,0.3710035
train,Good Fit,1,0.219,0.4,0,0.0,0.7212049
train,Good Fit,1,0.1646,0.3,0,8.0,0.55847573
train,Good Fit,1,0.1487,0.4,1,0.0,0.30312598
train,Good Fit,1,0.1755,0.3,0,-5.0,0.44942385
train,Good Fit,1,0.0896,0.3,-1,5.0,0.4718906
train,Good Fit,1,0.0812,0.2,0,2.0,0.4602933
train,Good Fit,1,0.0708,0.3,1,5.0,0.3184972
train,Good Fit,1,0.0549,0.1,0,11.0,0.54180396
train,Good Fit,1,0.0702,0.25,0,0.0,0.45209542
train,Good Fit,1,0.2432,0.4,1,-2.0,0.6023751
train,Good Fit,1,0.1318,0.35,0,-5.0,0.59317964
train,Good Fit,1,0.4059,0.6,0,0.0,0.57360893
train,Good Fit,1,0.1831,0.4,1,0.0,0.4355593
train,Good Fit,1,0.0643,0.25,-1,0.0,0.121479854
train,Good Fit,1,0.119,0.25,0,2.0,0.47461194
train,Good Fit,1,0.1001,0.5,1,0.0,0.2565655
train,Good Fit,1,0.1103,0.15,0,2.0,0.47371924
train,Good Fit,1,0.1338,0.5,0,2.0,0.3620503
train,Good Fit,1,0.1541,0.4,1,6.0,0.5208932
train,Good Fit,1,0.0633,0.3,0,20.0,0.34161663
train,Good Fit,1,0.1825,0.15,0,8.0,0.41743943
train,Good Fit,1,0.0974,0.45,0,-1.0,0.4117502
train,Good Fit,1,0.1499,0.3,-1,-2.0,0.54302865
train,Good Fit,1,0.1101,0.35,0,6.0,0.68292904
train,Good Fit,1,0.1117,0.2,0,-4.0,0.6209241
train,Good Fit,1,0.1558,0.5,0,0.0,0.37026262
train,Good Fit,1,0.0709,0.2,1,4.0,0.6017021
train,Good Fit,1,0.1009,0.35,0,-10.0,0.40606523
train,Good Fit,1,0.1267,0.65,0,4.0,0.37278283
train,Good Fit,1,0.1083,0.25,0,-1.0,0.46664798
train,Good Fit,1,0.1007,0.3,0,0.0,0.47136998
train,Good Fit,1,0.1092,0.65,0,7.0,0.6258342
train,Good Fit,1,0.0642,0.2,0,5.0,0.3555807
train,Good Fit,1,0.1094,0.4,-1,-6.0,0.27631974
train,Good Fit,1,0.0827,0.5,-2,5.0,0.5190178
train,Good Fit,1,0.1254,0.4,-1,-3.0,0.29548568
train,Good Fit,1,0.1799,0.2,0,6.0,0.50591725
train,Good Fit,1,0.1597,0.4,0,12.0,0.4542175
train,Good Fit,1,0.1762,0.25,0,1.0,0.40982062
train,Good Fit,1,0.0906,0.25,1,5.0,0.50471526
train,Good Fit,1,0.1361,0.4,0,2.0,0.27695292
train,Good Fit,1,0.1217,0.35,-1,9.0,0.52563304
train,Good Fit,1,0.0826,0.4,0,0.0,0.4849488
train,Good Fit,1,0.1982,0.6,-1,10.0,0.6773813
train,Good Fit,1,0.407,0.6,1,-8.0,0.54495066
train,Good Fit,1,0.1089,0.3,0,1.0,0.29364192
train,Good Fit,1,0.0701,0.15,0,4.0,0.48882893
train,Good Fit,1,0.1166,0.35,1,6.0,0.5120206
train,Good Fit,1,0.0738,0.25,0,1.0,0.4370512
train,Good Fit,1,0.1503,0.4,1,5.0,0.57918215
train,Good Fit,1,0.1255,0.4,0,-10.0,0.47736877
train,Good Fit,1,0.0726,0.2,0,11.0,0.48299336
train,Good Fit,1,0.1437,0.45,0,2.0,0.57283187
train,Good Fit,1,0.0776,0.3,0,4.0,0.37109768
train,Good Fit,1,0.1637,0.3,-1,4.0,0.5047362
train,Good Fit,1,0.2975,0.5,0,16.0,0.5561191
train,Good Fit,1,0.0432,0.25,1,-5.0,0.448931
train,Good Fit,1,0.1019,0.35,1,6.0,0.53502697
train,Good Fit,1,0.2002,0.65,0,11.0,0.56848824
train,Good Fit,1,0.1957,0.6,-1,0.0,0.68472654
train,Good Fit,1,0.0347,0.1,0,11.0,0.551314
train,Good Fit,1,0.1118,0.25,-2,11.0,0.49110788
train,Good Fit,1,0.0894,0.35,0,0.0,0.5313134
train,Good Fit,1,0.1034,0.2,2,8.0,0.2536061
train,Good Fit,1,0.1022,0.4,1,4.0,0.47802192
train,Good Fit,1,0.0811,0.4,0,-5.0,0.48358
train,Good Fit,1,0.2441,0.55,0,0.0,0.3963767
train,Good Fit,1,0.0514,0.25,0,17.0,0.26615304
train,Good Fit,1,0.0911,0.2,0,0.0,0.30616927
train,Good Fit,1,0.1056,0.3,0,7.0,0.11112612
train,Good Fit,1,0.094,0.4,0,11.0,0.35098413
train,Good Fit,1,0.3596,0.2,-1,5.0,0.60469794
train,Good Fit,1,0.1432,0.3,0,-2.0,0.71731913
train,Good Fit,1,0.0646,0.25,-1,2.0,0.43527198
train,Good Fit,1,0.13,0.3,0,6.0,0.6328817
train,Good Fit,1,0.0492,0.35,0,7.0,0.4354331
train,Good Fit,1,0.0972,0.2,1,5.0,0.5655098
train,Good Fit,1,0.0762,0.3,-2,-2.0,0.44631296
train,Good Fit,1,0.1215,0.5,0,0.0,0.5570537
train,Good Fit,1,0.2917,0.6,0,9.0,0.48995787
train,Good Fit,1,0.2981,0.45,0,7.0,0.50201267
train,Good Fit,1,0.3343,0.65,1,0.0,0.6678827
train,Good Fit,1,0.2247,0.65,0,0.0,0.528331
train,Good Fit,1,0.1563,0.3,-2,10.0,0.56860113
train,Good Fit,1,0.0326,0.25,0,5.0,0.43720698
train,Good Fit,1,0.2299,0.35,0,7.0,0.4919183
train,Good Fit,1,0.2936,0.1,0,10.0,0.46361244
train,Good Fit,1,0.0412,0.35,0,0.0,0.521164
train,Good Fit,1,0.1633,0.3,1,7.0,0.5043654
train,Good Fit,1,0.1065,0.15,-1,0.0,0.5908825
train,Good Fit,1,0.2596,0.65,0,-5.0,0.46397206
train,Good Fit,1,0.0638,0.15,0,12.0,0.44116557
train,Good Fit,1,0.1702,0.35,0,4.0,0.40896583
train,Good Fit,1,0.0804,0.4,0,8.0,0.45827985
train,Good Fit,1,0.0686,0.35,0,16.0,0.5478451
train,Good Fit,1,0.0127,0.05,-1,21.0,0.4088486
train,Good Fit,1,0.0173,0.05,-1,0.0,0.40969992
train,Good Fit,1,0.354,0.4,0,0.0,0.64046323
train,Good Fit,1,0.0404,0.1,-1,5.0,0.32707292
train,Good Fit,1,0.0932,0.15,-1,13.0,0.5029334
train,Good Fit,1,0.1196,0.35,0,5.0,0.5430027
train,Good Fit,1,0.179,0.35,1,0.0,0.2634654
train,Good Fit,1,0.2248,0.5,1,11.0,0.5257782
train,Good Fit,1,0.1518,0.25,-1,21.0,0.5754028
train,Good Fit,1,0.1974,0.35,0,13.0,0.22421621
train,Good Fit,1,0.0828,0.3,1,4.0,0.39329302
train,Good Fit,1,0.2616,0.3,0,15.0,0.5426144
train,Good Fit,1,0.0552,0.25,0,12.0,0.4914023
train,Good Fit,1,0.0977,0.3889,0,5.0,0.5419291
train,Good Fit,1,0.0588,0.3,-1,4.0,0.32251716
train,Good Fit,1,0.0324,0.3,1,11.0,0.3950996
train,Good Fit,1,0.2092,0.2,1,0.0,0.6509179
train,Good Fit,1,0.1192,0.5,0,0.0,0.52134776
train,Good Fit,1,0.1335,0.5,0,12.0,0.1455511
train,Good Fit,1,0.335,0.6,1,-5.0,0.5800634
train,Good Fit,1,0.0511,0.15,0,3.0,0.2565748
train,Good Fit,1,0.1043,0.3,-2,1.0,0.32420743
train,Good Fit,1,0.0034,0.0,-1,13.0,0.38776642
train,Good Fit,1,0.0878,0.35,0,0.0,0.7133951
train,Good Fit,1,0.1417,0.2,0,-8.0,0.44165516
train,Good Fit,1,0.1181,0.3,0,0.0,0.4248873
train,Good Fit,1,0.0844,0.2,0,3.0,0.41174775
train,Good Fit,1,0.0619,0.4,1,7.0,0.32633698
train,Good Fit,1,0.1818,0.25,1,-4.0,0.5840765
train,Good Fit,1,0.1464,0.4,1,0.0,0.46481985
train,Good Fit,1,0.0445,0.15,0,8.0,0.379104
train,Good Fit,1,0.0988,0.3,0,0.0,0.563162
train,Good Fit,1,0.2499,0.4,0,6.0,0.46808797
train,Good Fit,1,0.0519,0.35,0,0.0,0.431409
train,Good Fit,1,0.0625,0.25,0,13.0,0.313788
train,Good Fit,1,0.2626,0.25,0,10.0,0.5899195
train,Good Fit,1,0.0236,0.05,-2,0.0,0.33497775
train,Good Fit,1,0.252,0.55,1,-2.0,0.38160604
train,Good Fit,1,0.0331,0.15,0,11.0,0.31336045
train,Good Fit,1,0.046,0.25,0,10.0,0.41114455
train,Good Fit,1,0.1856,0.5,0,0.0,0.40507644
train,Good Fit,1,0.0994,0.35,-1,0.0,0.60004485
train,Good Fit,1,0.1911,0.5,-1,7.0,0.47377676
train,Good Fit,1,0.154,0.4,0,8.0,0.47232208
train,Good Fit,1,0.1849,0.45,-1,10.0,0.584202
train,Good Fit,1,0.2517,0.2,0,3.0,0.4743071
train,Good Fit,1,0.0988,0.3,0,5.0,0.5188514
train,Good Fit,1,0.0859,0.3,1,2.0,0.54370457
train,Good Fit,1,0.1569,0.15,0,10.0,0.6090634
train,Good Fit,1,0.1659,0.55,0,0.0,0.60169303
train,Good Fit,1,0.0345,0.1,1,24.0,0.38957238
train,Good Fit,1,0.0962,0.25,0,4.0,0.39923912
train,Good Fit,1,0.0566,0.2,-1,2.0,0.5539191
train,Good Fit,1,0.0746,0.25,0,2.0,0.2861636
train,Good Fit,1,0.1527,0.45,1,0.0,0.5544886
train,Good Fit,1,0.1281,0.35,-2,21.0,0.5454781
train,Good Fit,1,0.0942,0.15,0,11.0,0.51590556
train,Good Fit,1,0.1063,0.3,0,3.0,0.3719346
train,Good Fit,1,0.1207,0.15,0,12.0,0.42845964
train,Good Fit,1,0.0401,0.15,1,5.0,0.46874785
train,Good Fit,1,0.1204,0.2,-2,-2.0,0.4240158
train,Good Fit,1,0.0625,0.15,0,2.0,0.5111204
train,Good Fit,1,0.0275,0.15,2,13.0,0.30835828
train,Good Fit,1,0.2709,0.3,0,15.0,0.56322193
train,Good Fit,1,0.104,0.35,-2,3.0,0.2715278
train,Good Fit,1,0.0863,0.2,1,5.0,0.51341575
train,Good Fit,1,0.2576,0.65,-1,9.0,0.4854558
train,Good Fit,1,0.0519,0.15,1,5.0,0.41006353
train,Good Fit,1,0.0798,0.3,-1,0.0,0.5847107
train,Good Fit,1,0.0715,0.2,0,8.0,0.5067476
train,Good Fit,1,0.1561,0.3,0,0.0,0.4885301
train,Good Fit,1,0.0408,0.2,0,5.0,0.40751418
train,Good Fit,1,0.0747,0.05,0,13.0,0.50184166
train,Good Fit,1,0.1477,0.4,0,7.0,0.5120459
train,Good Fit,1,0.0651,0.25,1,2.0,0.2800175
train,Good Fit,1,0.1382,0.35,0,13.0,0.36873323
train,Good Fit,1,0.0677,0.2,0,7.0,0.39179793
train,Good Fit,1,0.0861,0.3,0,8.0,0.31715694
train,Good Fit,1,0.1244,0.3,-1,21.0,0.40636268
train,Good Fit,1,0.0857,0.15,1,-5.0,0.2314851
train,Good Fit,1,0.0416,0.3,-2,4.0,0.35706317
train,Good Fit,1,0.0951,0.25,0,3.0,0.3771442
train,Good Fit,1,0.0819,0.25,-1,-7.0,0.3418773
train,Good Fit,1,0.307,0.45,1,7.0,0.34217405
train,Good Fit,1,0.1957,0.3,2,3.0,0.29927438
train,Good Fit,1,0.0548,0.15,0,11.0,0.3075654
train,Good Fit,1,0.2061,0.3,1,0.0,0.4934258
train,Good Fit,1,0.2072,0.4,0,5.0,0.6214293
train,Good Fit,1,0.0722,0.3,1,-10.0,0.37830877
train,Good Fit,1,0.3293,0.6,1,2.0,0.40187487
train,Good Fit,1,0.1618,0.4,0,7.0,0.7042288
train,Good Fit,1,0.1056,0.2,0,3.0,0.39979386
train,Good Fit,1,0.0731,0.15,0,0.0,0.45476222
train,Good Fit,1,0.1678,0.4,0,2.0,0.3818901
train,Good Fit,1,0.122,0.3,0,-4.0,0.51089734
train,Good Fit,1,0.1652,0.35,0,-5.0,0.65509474
train,Good Fit,1,0.0585,0.35,-1,0.0,0.13078764
train,Good Fit,1,0.0871,0.15,2,9.0,0.44880092
train,Good Fit,1,0.0618,0.35,0,-5.0,0.5003151
train,Good Fit,1,0.1407,0.4,0,-1.0,0.36569414
train,Good Fit,1,0.0989,0.25,0,2.0,0.5735529
train,Good Fit,1,0.086,0.3,-1,0.0,0.5255117
train,Good Fit,1,0.0275,0.1,2,10.0,0.34880787
train,Good Fit,1,0.2322,0.65,1,11.0,0.4228707
train,Good Fit,1,0.0915,0.2,-2,0.0,0.28789416
train,Good Fit,1,0.0686,0.1,-2,6.0,0.5441975
train,Good Fit,1,0.0714,0.3,0,12.0,0.43879515
train,Good Fit,1,0.2479,0.7,0,1.0,0.52836186
train,Good Fit,1,0.0706,0.25,0,6.0,0.5806237
train,Good Fit,1,0.1367,0.35,-1,3.0,0.65914035
train,Good Fit,1,0.0911,0.15,0,0.0,0.73311824
train,Good Fit,1,0.0775,0.15,1,9.0,0.2685181
train,Good Fit,1,0.1259,0.35,-3,14.0,0.5174014
train,Good Fit,1,0.192,0.55,-1,14.0,0.63269186
train,Good Fit,1,0.0469,0.0,0,12.0,0.43459788
train,Good Fit,1,0.0695,0.3,1,5.0,0.32292548
train,Good Fit,1,0.2025,0.15,0,14.0,0.48075688
train,Good Fit,1,0.2358,0.5,1,11.0,0.4145383
train,Good Fit,1,0.0778,0.25,1,5.0,0.45169497
train,Good Fit,1,0.1787,0.65,0,-1.0,0.46493292
train,Good Fit,1,0.3228,0.55,0,0.0,0.51102805
train,Good Fit,1,0.1034,0.3,0,12.0,0.4002818
train,Good Fit,1,0.1238,0.35,0,10.0,0.31748277
train,Good Fit,1,0.2439,0.7,0,9.0,0.56828445
train,Good Fit,1,0.0898,0.2,1,4.0,0.41399157
train,Good Fit,1,0.0244,0.1,0,4.0,0.48796672
train,Good Fit,1,0.091,0.1,-1,5.0,0.35894012
train,Good Fit,1,0.3065,0.2,-1,17.0,0.53108144
train,Good Fit,1,0.1433,0.55,0,1.0,0.5347756
train,Good Fit,1,0.2185,0.55,-2,5.0,0.52135205
train,Good Fit,1,0.2681,0.6,0,0.0,0.6512182
train,Good Fit,1,0.1069,0.3,0,0.0,0.5145609
train,Good Fit,1,0.0427,0.1,0,6.0,0.5407601
train,Good Fit,1,0.0747,0.25,1,12.0,0.4774543
train,Good Fit,1,0.1644,0.3,0,5.0,0.60056305
train,Good Fit,1,0.1143,0.4,0,0.0,0.5192282
train,Good Fit,1,0.1523,0.55,0,0.0,0.50478166
train,Good Fit,1,0.2098,0.3,0,0.0,0.5030175
train,Good Fit,1,0.0836,0.4,0,4.0,0.32293224
train,Good Fit,1,0.0505,0.2,0,8.0,0.45314246
train,Good Fit,1,0.2054,0.4,1,0.0,0.5720248
train,Good Fit,1,0.1536,0.15,0,8.0,0.41494107
train,Good Fit,1,0.1313,0.15,0,0.0,0.21039553
train,Good Fit,1,0.1133,0.25,0,0.0,0.37911725
train,Good Fit,1,0.1767,0.25,0,10.0,0.4155617
train,Good Fit,1,0.1354,0.5,0,6.0,0.36675254
train,Good Fit,1,0.1325,0.3,-1,0.0,0.48943397
train,Good Fit,1,0.0275,0.1111,0,11.0,0.471817
train,Good Fit,1,0.1733,0.4,0,-8.0,0.4370134
train,Good Fit,1,0.1533,0.4,1,5.0,0.43131372
train,Good Fit,1,0.1364,0.45,0,0.0,0.5297846
train,Good Fit,1,0.0624,0.25,0,0.0,0.39022124
train,Good Fit,1,0.2104,0.65,1,11.0,0.5874268
train,Good Fit,1,0.0311,0.1,0,12.0,0.3296249
train,Good Fit,1,0.0607,0.35,1,1.0,0.30987376
train,Good Fit,1,0.2068,0.55,0,5.0,0.68144107
train,Good Fit,1,0.1211,0.5,0,0.0,0.5497203
train,Good Fit,1,0.0616,0.35,-2,2.0,0.19143906
train,Good Fit,1,0.2842,0.4,0,0.0,0.115154736
train,Good Fit,1,0.1168,0.55,0,0.0,0.426354
train,Good Fit,1,0.0993,0.3,0,0.0,0.67701316
train,Good Fit,1,0.0709,0.25,0,-6.0,0.37446535
train,Good Fit,1,0.1427,0.35,1,6.0,0.5527237
train,Good Fit,1,0.1222,0.25,1,7.0,0.42059064
train,Good Fit,1,0.0741,0.45,1,2.0,0.46343434
train,Good Fit,1,0.0758,0.2,0,4.0,0.40910506
train,Good Fit,1,0.0798,0.3,0,7.0,0.5116784
train,Good Fit,1,0.3156,0.45,0,-5.0,0.43935373
train,Good Fit,1,0.1882,0.55,1,0.0,0.32624543
train,Good Fit,1,0.2252,0.5,0,0.0,0.5070226
train,Good Fit,1,0.0739,0.1,-1,-10.0,0.52925676
train,Good Fit,1,0.1486,0.4,1,1.0,0.48360592
train,Good Fit,1,0.1622,0.6,0,13.0,0.4497254
train,Good Fit,1,0.1239,0.4,0,0.0,0.55896795
train,Good Fit,1,0.0775,0.2,0,0.0,0.46184063
train,Good Fit,1,0.0716,0.2,-2,1.0,0.30019715
train,Good Fit,1,0.0713,0.35,0,-8.0,0.44479647
train,Good Fit,1,0.1085,0.35,0,0.0,0.5647379
train,Good Fit,1,0.0883,0.25,0,0.0,0.39985397
train,Good Fit,1,0.0328,0.15,-2,-6.0,0.19186057
train,Good Fit,1,0.1067,0.35,-2,6.0,0.34396452
train,Good Fit,1,0.064,0.3,0,-15.0,0.478739
train,Good Fit,1,0.0984,0.3,0,2.0,0.29776597
train,Good Fit,1,0.0249,0.0,0,11.0,0.27184278
train,Good Fit,1,0.0917,0.4,0,-2.0,0.33388978
train,Good Fit,1,0.0772,0.15,1,9.0,0.4372365
train,Good Fit,1,0.1056,0.25,1,25.0,0.4405473
train,Good Fit,1,0.1382,0.3,0,-4.0,0.420021
train,Good Fit,1,0.0849,0.3,-1,-5.0,0.47524983
train,Good Fit,1,0.0576,0.1,0,21.0,0.459987
train,Good Fit,1,0.1669,0.25,0,-4.0,0.59134555
train,Good Fit,1,0.1377,0.5,0,0.0,0.344051
train,Good Fit,1,0.2565,0.55,0,2.0,0.44657156
train,Good Fit,1,0.1323,0.4,0,5.0,0.40471435
train,Good Fit,1,0.2501,0.6,0,-4.0,0.75233173
train,Good Fit,1,0.1745,0.4444,0,0.0,0.39186954
train,Good Fit,1,0.0968,0.5,0,5.0,0.44027308
train,Good Fit,1,0.1345,0.4,0,0.0,0.45310208
train,Good Fit,1,0.1759,0.55,1,0.0,0.62133276
train,Good Fit,1,0.0301,0.2,-2,-1.0,0.37631762
train,Good Fit,1,0.1621,0.4,0,0.0,0.5818182
train,Good Fit,1,0.0287,0.35,-2,4.0,0.43790287
train,Good Fit,1,0.3016,0.6,0,1.0,0.6231911
train,Good Fit,1,0.0834,0.45,0,-8.0,0.47431415
train,Good Fit,1,0.0565,0.15,0,10.0,0.38277414
train,Good Fit,1,0.1451,0.5,1,-8.0,0.5597405
train,Good Fit,1,0.1234,0.4,-1,0.0,0.50072885
train,Good Fit,1,0.1734,0.3,0,2.0,0.4695992
train,Good Fit,1,0.0783,0.1,0,4.0,0.44816852
train,Good Fit,1,0.0745,0.3,0,8.0,0.49979204
train,Good Fit,1,0.1408,0.45,-1,0.0,0.30958313
train,Good Fit,1,0.0611,0.25,-1,6.0,0.38785076
train,Good Fit,1,0.1147,0.2,0,6.0,0.4482359
train,Good Fit,1,0.1136,0.3,0,10.0,0.28053862
train,Good Fit,1,0.1386,0.45,0,0.0,0.5248625
train,Good Fit,1,0.1484,0.35,-1,-1.0,0.5694089
train,Good Fit,1,0.1529,0.5,-1,0.0,0.4102026
train,Good Fit,1,0.1293,0.2,0,6.0,0.3205629
train,Good Fit,1,0.1092,0.3,1,0.0,0.35908815
train,Good Fit,1,0.0881,0.4,0,-5.0,0.5054917
train,Good Fit,1,0.0779,0.4,0,0.0,0.39017677
train,Good Fit,1,0.0685,0.15,0,6.0,0.38941675
train,Good Fit,1,0.0991,0.35,0,0.0,0.57063466
train,Good Fit,1,0.0564,0.25,0,12.0,0.36073396
train,Good Fit,1,0.1014,0.3,0,0.0,0.46756977
train,Good Fit,1,0.2465,0.6,-1,0.0,0.61952573
train,Good Fit,1,0.0271,0.25,0,12.0,0.16806898
train,Good Fit,1,0.1145,0.45,0,3.0,0.14595541
train,Good Fit,1,0.0785,0.1,0,4.0,0.44957542
train,Good Fit,1,0.0753,0.35,0,7.0,0.4203243
train,Good Fit,1,0.2157,0.5,0,0.0,0.37629855
train,Good Fit,1,0.0571,0.2,0,12.0,0.37844703
train,Good Fit,1,0.3452,0.4,0,-2.0,0.50561786
train,Good Fit,1,0.1106,0.5,0,-3.0,0.39902115
train,Good Fit,1,0.4943,0.45,1,6.0,0.4620323
train,Good Fit,1,0.1075,0.3,0,0.0,0.47810042
train,Good Fit,1,0.0449,0.2,0,11.0,0.41121644
train,Good Fit,1,0.1794,0.55,1,1.0,0.36212066
train,Good Fit,1,0.1573,0.55,1,0.0,0.42193377
train,Good Fit,1,0.1127,0.45,0,2.0,0.4719202
train,Good Fit,1,0.0459,0.2,0,8.0,0.24798825
train,Good Fit,1,0.0873,0.15,0,2.0,0.33265233
train,Good Fit,1,0.1519,0.3,0,21.0,0.4539168
train,Good Fit,1,0.0934,0.2,-1,4.0,0.5408468
train,Good Fit,1,0.1526,0.4,1,-3.0,0.49360323
train,Good Fit,1,0.0881,0.35,-1,0.0,0.4184599
train,Good Fit,1,0.1093,0.4,0,5.0,0.6361671
train,Good Fit,1,0.1074,0.35,0,4.0,0.26925522
train,Good Fit,1,0.2248,0.5,0,9.0,0.3555392
train,Good Fit,1,0.041,0.1111,0,0.0,0.43399903
train,Good Fit,1,0.0602,0.05,0,11.0,0.33821326
train,Good Fit,1,0.1142,0.55,0,3.0,0.66934806
train,Good Fit,1,0.1662,0.55,1,0.0,0.38959968
train,Good Fit,1,0.2398,0.55,0,0.0,0.35889578
train,Good Fit,1,0.2957,0.7,0,0.0,0.63217497
train,Good Fit,1,0.0519,0.2,1,5.0,0.42560792
train,Good Fit,1,0.1113,0.45,0,-10.0,0.26402345
train,Good Fit,1,0.0703,0.2,0,-10.0,0.3851782
train,Good Fit,1,0.1499,0.35,0,14.0,0.49679437
train,Good Fit,1,0.0511,0.15,0,0.0,0.3524353
train,Good Fit,1,0.1521,0.3,0,-10.0,0.35126346
train,Good Fit,1,0.1099,0.35,-2,2.0,0.25820786
train,Good Fit,1,0.4258,0.35,0,6.0,0.6478208
train,Good Fit,1,0.1141,0.4,0,8.0,0.59550726
train,Good Fit,1,0.0595,0.1,1,3.0,0.20074865
train,Good Fit,1,0.0699,0.3,0,0.0,0.38319874
train,Good Fit,1,0.046,0.15,0,7.0,0.56733954
train,Good Fit,1,0.1019,0.35,1,6.0,0.53006244
train,Good Fit,1,0.1639,0.4,0,2.0,0.53809226
train,Good Fit,1,0.0317,0.1,-1,10.0,0.31607747
train,Good Fit,1,0.137,0.3,0,-7.0,0.50271976
train,Good Fit,1,0.0806,0.1,0,-2.0,0.50774795
train,Good Fit,1,0.065,0.35,1,13.0,0.52459806
train,Good Fit,1,0.1197,0.5,0,-1.0,0.43352056
train,Good Fit,1,0.4062,0.35,-2,15.0,0.5808706
train,Good Fit,1,0.1461,0.3,0,0.0,0.531499
train,Good Fit,1,0.2992,0.6,1,1.0,0.6269262
train,Good Fit,1,0.156,0.45,-2,12.0,0.5549755
train,Good Fit,1,0.1215,0.45,0,0.0,0.46223167
train,Good Fit,1,0.2712,0.6,0,0.0,0.6436608
train,Good Fit,1,0.1096,0.35,-1,0.0,0.5756535
train,Good Fit,1,0.0545,0.1,0,0.0,0.43956667
train,Good Fit,1,0.0937,0.2,0,0.0,0.3885439
train,Good Fit,1,0.0634,0.3,-1,0.0,0.551122
train,Good Fit,1,0.0799,0.35,1,5.0,0.67155015
train,Good Fit,1,0.1582,0.6,1,7.0,0.33820575
train,Good Fit,1,0.0971,0.4,0,3.0,0.46508253
train,Good Fit,1,0.0877,0.4,0,-4.0,0.49601638
train,Good Fit,1,0.3455,0.6,1,7.0,0.12383893
train,Good Fit,1,0.1194,0.45,0,14.0,0.32063335
train,Good Fit,1,0.0884,0.3,0,0.0,0.45428503
train,Good Fit,1,0.1019,0.15,-1,11.0,0.43115175
train,Good Fit,1,0.047,0.1,0,11.0,0.5991666
train,Good Fit,1,0.0845,0.15,-1,-5.0,0.34514746
train,Good Fit,1,0.0675,0.2,0,-2.0,0.4350062
train,Good Fit,1,0.0592,0.3,0,2.0,0.41417235
train,Good Fit,1,0.0522,0.2,0,10.0,0.39458165
train,Good Fit,1,0.0745,0.3,0,8.0,0.4980759
train,Good Fit,1,0.0927,0.6,0,0.0,0.5077187
train,Good Fit,1,0.0943,0.25,0,0.0,0.42572773
train,Good Fit,1,0.0903,0.3,0,-1.0,0.40167505
train,Good Fit,1,0.0205,0.15,-2,4.0,0.28029653
train,Good Fit,1,0.0392,0.15,0,11.0,0.43670785
train,Good Fit,1,0.2427,0.7,0,9.0,0.5577691
train,Good Fit,1,0.1488,0.5,0,6.0,0.46111333
train,Good Fit,1,0.207,0.3,0,0.0,0.4168805
train,Good Fit,1,0.033,0.1,0,11.0,0.37926245
train,Good Fit,1,0.0772,0.3,0,11.0,0.61956275
train,Good Fit,1,0.1838,0.35,0,7.0,0.34902307
train,Good Fit,1,0.0483,0.05,0,4.0,0.26598102
train,Good Fit,1,0.1485,0.5556,0,21.0,0.35644665
train,Good Fit,1,0.1044,0.25,-1,2.0,0.6378386
train,Good Fit,1,0.1866,0.4,0,0.0,0.7039098
train,Good Fit,1,0.0703,0.35,1,-8.0,0.41240233
train,Good Fit,1,0.0414,0.35,1,0.0,0.2906654
train,Good Fit,1,0.1792,0.3,0,13.0,0.22386204
train,Good Fit,1,0.0736,0.25,1,0.0,0.39952883
train,Good Fit,1,0.0806,0.35,0,0.0,0.73689365
train,Good Fit,1,0.0996,0.3,1,0.0,0.21924858
train,Good Fit,1,0.0866,0.2,-1,10.0,0.36082453
train,Good Fit,1,0.3237,0.5,0,5.0,0.63182443
train,Good Fit,1,0.1492,0.4,0,11.0,0.64287126
train,Good Fit,1,0.1085,0.3,0,0.0,0.3249023
train,Good Fit,1,0.1337,0.35,0,10.0,0.51303315
train,Good Fit,1,0.161,0.45,0,2.0,0.30935887
train,Good Fit,1,0.3175,0.35,1,1.0,0.5727998
train,Good Fit,1,0.3376,0.5,-1,5.0,0.49558884
train,Good Fit,1,0.0381,0.2,0,7.0,0.40397048
train,Good Fit,1,0.1123,0.35,1,0.0,0.4018764
train,Good Fit,1,0.1945,0.55,0,0.0,0.33076796
train,Good Fit,1,0.1067,0.3,-1,10.0,0.3571496
train,Good Fit,1,0.1536,0.2,1,3.0,0.5746263
train,Good Fit,1,0.1203,0.5,0,4.0,0.5776359
train,Good Fit,1,0.0835,0.5,0,-15.0,0.36348942
train,Good Fit,1,0.233,0.45,-1,7.0,0.5035086
train,Good Fit,1,0.1662,0.4,0,0.0,0.54183036
train,Good Fit,1,0.0501,0.1,0,9.0,0.4740224
train,Good Fit,1,0.0678,0.35,0,21.0,0.4087613
train,Good Fit,1,0.034,0.05,-1,0.0,0.38252324
train,Good Fit,1,0.0694,0.15,1,-4.0,0.42081535
train,Good Fit,1,0.1533,0.45,0,0.0,0.54164004
train,Good Fit,1,0.1152,0.25,0,9.0,0.66046107
train,Good Fit,1,0.2556,0.25,0,5.0,0.4335596
train,Good Fit,1,0.1727,0.55,0,0.0,0.49080566
train,Good Fit,1,0.0511,0.15,-1,-1.0,0.30999196
train,Good Fit,1,0.1202,0.5,-1,-10.0,0.50522625
train,Good Fit,1,0.0766,0.3,-1,16.0,0.48757604
train,Good Fit,1,0.1579,0.3,1,14.0,0.3356569
train,Good Fit,1,0.1056,0.45,0,-8.0,0.28911987
train,Good Fit,1,0.1302,0.15,0,21.0,0.45768017
train,Good Fit,1,0.1262,0.5,0,-1.0,0.47371644
train,Good Fit,1,0.0358,0.2,0,7.0,0.33013433
train,Good Fit,1,0.0523,0.2,0,0.0,0.38183868
train,Good Fit,1,0.0724,0.55,0,0.0,0.53770876
train,Good Fit,1,0.1064,0.2,0,0.0,0.5596171
train,Good Fit,1,0.0693,0.05,0,10.0,0.48708504
train,Good Fit,1,0.2197,0.25,0,-5.0,0.6569805
train,Good Fit,1,0.0418,0.25,0,14.0,0.42471427
train,Good Fit,1,0.1057,0.35,0,3.0,0.5857793
train,Good Fit,1,0.1558,0.5,0,-8.0,0.35130066
train,Good Fit,1,0.0494,0.25,1,-5.0,0.44429928
train,Good Fit,1,0.1343,0.5,1,0.0,0.5287729
train,Good Fit,1,0.4619,0.6,1,7.0,0.5657137
train,Good Fit,1,0.1633,0.55,0,2.0,0.51407015
train,Good Fit,1,0.1659,0.4,0,12.0,0.44097668
train,Good Fit,1,0.071,0.3,1,-5.0,0.32619947
train,Good Fit,1,0.1097,0.35,1,-3.0,0.5442839
train,Good Fit,1,0.1722,0.55,0,2.0,0.38836867
train,Good Fit,1,0.1924,0.3,0,-5.0,0.61838305
train,Good Fit,1,0.135,0.3,0,21.0,0.44804457
train,Good Fit,1,0.1083,0.15,0,-1.0,0.42224658
train,Good Fit,1,0.1192,0.2,0,-4.0,0.57494473
train,Good Fit,1,0.1381,0.2,0,-4.0,0.4297608
train,Good Fit,1,0.1362,0.45,-1,8.0,0.6051221
train,Good Fit,1,0.1144,0.25,1,0.0,0.26094526
train,Good Fit,1,0.083,0.5,0,0.0,0.368193
train,Good Fit,1,0.2813,0.35,1,3.0,0.68190426
train,Good Fit,1,0.1097,0.25,-1,-5.0,0.48447993
train,Good Fit,1,0.1526,0.3,-1,12.0,0.513758
train,Good Fit,1,0.0768,0.25,-1,2.0,0.36286283
train,Good Fit,1,0.1127,0.2,-1,15.0,0.39179215
train,Good Fit,1,0.1055,0.45,0,-4.0,0.4225704
train,Good Fit,1,0.1947,0.25,0,2.0,0.69025666
train,Good Fit,1,0.089,0.25,-1,22.0,0.40078646
train,Good Fit,1,0.1007,0.15,-2,14.0,0.50386745
train,Good Fit,1,0.1121,0.15,0,-8.0,0.48862442
train,Good Fit,1,0.0493,0.15,0,21.0,0.2976085
train,Good Fit,1,0.0656,0.3,1,0.0,0.5795735
train,Good Fit,1,0.1487,0.4,0,0.0,0.52104366
train,Good Fit,1,0.0591,0.15,0,8.0,0.4629091
train,Good Fit,1,0.205,0.2,0,10.0,0.1086972
train,Good Fit,1,0.1999,0.65,1,0.0,0.532283
train,Good Fit,1,0.1009,0.2,1,5.0,0.47388634
train,Good Fit,1,0.1096,0.25,1,5.0,0.546738
train,Good Fit,1,0.0516,0.3,0,6.0,0.5182218
train,Good Fit,1,0.07,0.2,-2,1.0,0.25047266
train,Good Fit,1,0.1698,0.4,0,12.0,0.4089786
train,Good Fit,1,0.1367,0.4,1,5.0,0.5858704
train,Good Fit,1,0.1265,0.35,0,4.0,0.506338
train,Good Fit,1,0.1561,0.5,-1,7.0,0.46338528
train,Good Fit,1,0.0594,0.2,-1,0.0,0.5392115
train,Good Fit,1,0.1241,0.3,-2,5.0,0.6871015
train,Good Fit,1,0.115,0.3,-1,12.0,0.32600576
train,Good Fit,1,0.0622,0.2,0,11.0,0.53105414
train,Good Fit,1,0.1997,0.3,0,8.0,0.6325634
train,Good Fit,1,0.0613,0.25,0,13.0,0.356291
train,Good Fit,1,0.3106,0.4,0,0.0,0.45356637
train,Good Fit,1,0.1565,0.4,0,0.0,0.51988965
train,Good Fit,1,0.1292,0.15,0,5.0,0.41762388
train,Good Fit,1,0.078,0.3,0,-3.0,0.42481646
train,Good Fit,1,0.1013,0.3,0,20.0,0.4537986
train,Good Fit,1,0.0512,0.15,0,0.0,0.34192234
train,Good Fit,1,0.059,0.2778,0,8.0,0.33041537
train,Good Fit,1,0.1197,0.35,1,0.0,0.37705854
train,Good Fit,1,0.1228,0.4,-1,0.0,0.44382417
train,Good Fit,1,0.2238,0.5,0,-5.0,0.62271917
train,Good Fit,1,0.1876,0.25,-2,8.0,0.5533725
train,Good Fit,1,0.0857,0.25,0,21.0,0.423414
train,Good Fit,1,0.0695,0.2,-2,4.0,0.42114586
train,Good Fit,1,0.07,0.1,0,12.0,0.3336131
train,Good Fit,1,0.139,0.35,0,-5.0,0.6034762
train,Good Fit,1,0.3503,0.3,0,4.0,0.5538697
train,Good Fit,1,0.0883,0.2,0,0.0,0.40547252
train,Good Fit,1,0.0543,0.15,0,3.0,0.4841187
train,Good Fit,1,0.0737,0.2,0,2.0,0.33737427
train,Good Fit,1,0.1003,0.2,0,12.0,0.3422161
train,Good Fit,1,0.1763,0.45,0,-5.0,0.48809117
train,Good Fit,1,0.1099,0.5,0,0.0,0.6026936
train,Good Fit,1,0.0845,0.25,1,-1.0,0.30684435
train,Good Fit,1,0.1309,0.35,1,-2.0,0.4995453
train,Good Fit,1,0.255,0.4,0,3.0,0.52767265
train,Good Fit,1,0.0517,0.15,0,-5.0,0.4619829
train,Good Fit,1,0.1204,0.25,0,5.0,0.3690162
train,Good Fit,1,0.1759,0.45,0,11.0,0.41326094
train,Good Fit,1,0.0647,0.35,0,8.0,0.38125134
train,Good Fit,1,0.2002,0.6,-1,0.0,0.68073773
train,Good Fit,1,0.3528,0.65,0,15.0,0.116661206
train,Good Fit,1,0.1548,0.45,0,9.0,0.63363236
train,Good Fit,1,0.195,0.3,0,0.0,0.5653117
train,Good Fit,1,0.3212,0.5,1,7.0,0.15867674
train,Good Fit,1,0.1424,0.5,-2,6.0,0.46637073
train,Good Fit,1,0.2248,0.55,0,12.0,0.6368546
train,Good Fit,1,0.0799,0.35,0,4.0,0.37339935
train,Good Fit,1,0.1002,0.2,0,17.0,0.26931557
train,Good Fit,1,0.1145,0.15,0,-8.0,0.39073652
train,Good Fit,1,0.1429,0.5,0,3.0,0.44920442
train,Good Fit,1,0.1257,0.35,1,0.0,0.6690544
train,Good Fit,1,0.1782,0.35,0,0.0,0.58571166
train,Good Fit,1,0.1744,0.45,0,9.0,0.32738274
train,Good Fit,1,0.0421,0.2,1,5.0,0.33117682
train,Good Fit,1,0.1851,0.35,0,8.0,0.4710908
train,Good Fit,1,0.1087,0.4,0,2.0,0.3448999
train,Good Fit,1,0.2103,0.55,0,0.0,0.54934454
train,Good Fit,1,0.1745,0.4,0,6.0,0.6400362
train,Good Fit,1,0.0567,0.2222,-1,0.0,0.30052602
train,Good Fit,1,0.171,0.55,0,0.0,0.64571595
train,Good Fit,1,0.1103,0.15,0,-3.0,0.396636
train,Good Fit,1,0.0998,0.2,-1,0.0,0.38414645
train,Good Fit,1,0.0662,0.3,-1,10.0,0.40349954
train,Good Fit,1,0.0514,0.15,-1,0.0,0.25001663
train,Good Fit,1,0.1709,0.6,1,13.0,0.36427838
train,Good Fit,1,0.0782,0.2,0,0.0,0.4991553
train,Good Fit,1,0.0603,0.3333,0,2.0,0.38744465
train,Good Fit,1,0.1745,0.4,-2,12.0,0.5136931
train,Good Fit,1,0.2093,0.55,1,0.0,0.44105968
train,Good Fit,1,0.0555,0.25,0,10.0,0.40065572
train,Good Fit,1,0.0478,0.35,0,13.0,0.53520656
train,Good Fit,1,0.1211,0.5,0,2.0,0.45729297
train,Good Fit,1,0.1819,0.65,-1,9.0,0.56415176
train,Good Fit,1,0.1907,0.25,-1,12.0,0.548155
train,Good Fit,1,0.0793,0.25,0,-2.0,0.340573
train,Good Fit,1,0.0372,0.1,0,5.0,0.4848323
train,Good Fit,1,0.1515,0.45,1,-5.0,0.46035695
train,Good Fit,1,0.094,0.3,1,6.0,0.50553894
train,Good Fit,1,0.1356,0.4,1,4.0,0.4083346
train,Good Fit,1,0.1501,0.45,1,14.0,0.4227546
train,Good Fit,1,0.1682,0.4,1,1.0,0.4749899
train,Good Fit,1,0.1282,0.3,0,2.0,0.4323014
train,Good Fit,1,0.0855,0.2,0,13.0,0.5269286
train,Good Fit,1,0.1916,0.45,0,3.0,0.5549561
train,Good Fit,1,0.1577,0.3,-1,13.0,0.2338588
train,Good Fit,1,0.073,0.2,-2,-2.0,0.44762686
train,Good Fit,1,0.2578,0.45,-1,5.0,0.62693703
train,Good Fit,1,0.1495,0.35,0,10.0,0.49430683
train,Good Fit,1,0.1219,0.25,0,24.0,0.5064152
train,Good Fit,1,0.151,0.35,0,10.0,0.35740632
train,Good Fit,1,0.0414,0.1,0,12.0,0.3670164
train,Good Fit,1,0.0534,0.2,0,11.0,0.31537652
train,Good Fit,1,0.0256,0.05,-1,5.0,0.18743914
train,Good Fit,1,0.1186,0.3,0,2.0,0.5218883
train,Good Fit,1,0.1389,0.25,1,12.0,0.56344163
train,Good Fit,1,0.1155,0.3,1,8.0,0.38261443
train,Good Fit,1,0.0955,0.45,1,5.0,0.59964585
train,Good Fit,1,0.0948,0.45,1,5.0,0.5618251
train,Good Fit,1,0.0738,0.25,-1,4.0,0.5539218
train,Good Fit,1,0.2265,0.35,0,0.0,0.45351088
train,Good Fit,1,0.0646,0.1,-1,0.0,0.30610323
train,Good Fit,1,0.0939,0.35,-4,8.0,0.37642583
train,Good Fit,1,0.0907,0.3,0,0.0,0.54525554
train,Good Fit,1,0.2233,0.6,0,8.0,0.5737202
train,Good Fit,1,0.1706,0.4,0,-8.0,0.4465649
train,Good Fit,1,0.1669,0.65,0,0.0,0.43926787
train,Good Fit,1,0.2302,0.55,0,11.0,0.34705284
train,Good Fit,1,0.0859,0.45,1,17.0,0.498017
train,Good Fit,1,0.2161,0.35,0,11.0,0.5256413
train,Good Fit,1,0.1198,0.35,0,5.0,0.7154783
train,Good Fit,1,0.1039,0.25,0,-8.0,0.5049028
train,Good Fit,1,0.039,0.2,0,-5.0,0.20797041
train,Good Fit,1,0.1276,0.35,-2,18.0,0.45489454
train,Good Fit,1,0.1432,0.6,0,5.0,0.29334956
train,Good Fit,1,0.2137,0.3,1,6.0,0.55192816
train,Good Fit,1,0.1429,0.3,0,0.0,0.6335645
train,Good Fit,1,0.0489,0.1,0,6.0,0.39016455
train,Good Fit,1,0.1093,0.2222,0,21.0,0.3776672
train,Good Fit,1,0.1722,0.35,-1,-10.0,0.54068476
train,Good Fit,1,0.146,0.35,1,0.0,0.3970502
train,Good Fit,1,0.1117,0.2,0,12.0,0.51809937
train,Good Fit,1,0.0249,0.05,0,11.0,0.254289
train,Good Fit,1,0.1105,0.5,0,5.0,0.5927873
train,Good Fit,1,0.0798,0.35,0,5.0,0.584752
train,Good Fit,1,0.2486,0.65,0,0.0,0.6403601
train,Good Fit,1,0.0547,0.2,0,0.0,0.42401344
train,Good Fit,1,0.0768,0.25,0,0.0,0.3197784
train,Good Fit,1,0.2607,0.45,0,8.0,0.52772653
train,Good Fit,1,0.2394,0.5,-1,-2.0,0.49759793
train,Good Fit,1,0.0612,0.3,0,14.0,0.5929849
train,Good Fit,1,0.1745,0.5,0,11.0,0.46586055
train,Good Fit,1,0.2313,0.35,0,10.0,0.6336212
train,Good Fit,1,0.3823,0.5556,0,6.0,0.614466
train,Good Fit,1,0.0946,0.2,0,-4.0,0.510905
train,Good Fit,1,0.1917,0.5,0,9.0,0.43990314
train,Good Fit,1,0.0763,0.15,0,0.0,0.26642358
train,Good Fit,1,0.1398,0.7,0,0.0,0.59612787
train,Good Fit,1,0.2951,0.35,0,0.0,0.58692753
train,Good Fit,1,0.1851,0.3,0,-5.0,0.5373198
train,Good Fit,1,0.0933,0.25,0,6.0,0.52379555
train,Good Fit,1,0.17,0.6,0,-5.0,0.5239151
train,Good Fit,1,0.0996,0.35,0,14.0,0.43366203
train,Good Fit,1,0.0921,0.4,1,2.0,0.4164455
train,Good Fit,1,0.2025,0.4,0,0.0,0.5619793
train,Good Fit,1,0.041,0.25,2,15.0,0.43449628
train,Good Fit,1,0.2561,0.6,0,-5.0,0.654174
train,Good Fit,1,0.0719,0.45,1,5.0,0.5468617
train,Good Fit,1,0.0511,0.15,0,5.0,0.45083013
train,Good Fit,1,0.0825,0.2,0,-1.0,0.321062
train,Good Fit,1,0.2334,0.3,0,8.0,0.4979176
train,Good Fit,1,0.1223,0.45,0,0.0,0.46370566
train,Good Fit,1,0.0515,0.2,1,9.0,0.39974257
train,Good Fit,1,0.0434,0.3,1,12.0,0.26835388
train,Good Fit,1,0.0407,0.1,1,-5.0,0.33618623
train,Good Fit,1,0.3874,0.45,1,-1.0,0.60567135
train,Good Fit,1,0.0358,0.05,1,0.0,0.3619967
train,Good Fit,1,0.1182,0.3,-1,-5.0,0.37192625
train,Good Fit,1,0.1463,0.35,0,9.0,0.5182551
train,Good Fit,1,0.1124,0.3,0,-10.0,0.57176656
train,Good Fit,1,0.2519,0.15,2,8.0,0.24674347
train,Good Fit,1,0.0922,0.2,0,1.0,0.44300407
train,Good Fit,1,0.0601,0.15,-1,3.0,0.52044463
train,Good Fit,1,0.1957,0.4,0,-4.0,0.6721741
train,Good Fit,1,0.2069,0.4,-1,0.0,0.4731127
train,Good Fit,1,0.1248,0.3,-1,1.0,0.44700873
train,Good Fit,1,0.0907,0.4,0,10.0,0.34494156
train,Good Fit,1,0.1251,0.4,-1,-5.0,0.41194308
train,Good Fit,1,0.1517,0.35,0,7.0,0.40886092
train,Good Fit,1,0.0669,0.35,1,-5.0,0.31395632
train,Good Fit,1,0.0639,0.2,-2,5.0,0.4281035
train,Good Fit,1,0.0554,0.1,1,3.0,0.30891466
train,Good Fit,1,0.1248,0.3,0,0.0,0.491766
train,Good Fit,1,0.133,0.25,2,0.0,0.6294482
train,Good Fit,1,0.1209,0.45,-2,-2.0,0.44979057
train,Good Fit,1,0.1997,0.5,1,19.0,0.6262176
train,Good Fit,1,0.1001,0.5,0,7.0,0.21645525
train,Good Fit,1,0.4542,0.6,0,5.0,0.528824
train,Good Fit,1,0.2689,0.8,0,0.0,0.5957463
train,Good Fit,1,0.0199,0.1,-1,11.0,0.5407475
train,Good Fit,1,0.1341,0.25,-1,-1.0,0.43013808
train,Good Fit,1,0.1291,0.2,1,-3.0,0.31350425
train,Good Fit,1,0.12,0.3,0,6.0,0.39235717
train,Good Fit,1,0.0663,0.2,-1,5.0,0.5263546
train,Good Fit,1,0.1638,0.4,0,13.0,0.5987755
train,Good Fit,1,0.0831,0.1,-1,-1.0,0.2630135
train,Good Fit,1,0.1177,0.35,0,5.0,0.42197865
train,Good Fit,1,0.1273,0.2,1,-8.0,0.42286837
train,Good Fit,1,0.3411,0.35,1,0.0,0.4082019
train,Good Fit,1,0.1277,0.25,0,2.0,0.51363117
train,Good Fit,1,0.2329,0.5,0,-5.0,0.6465521
train,Good Fit,1,0.1117,0.3,1,2.0,0.5493172
train,Good Fit,1,0.1103,0.25,0,4.0,0.6179863
train,Good Fit,1,0.1645,0.4,0,7.0,0.5338795
train,Good Fit,1,0.1606,0.5,-1,9.0,0.63042516
train,Good Fit,1,0.0884,0.3,0,12.0,0.54102075
train,Good Fit,1,0.0641,0.25,0,-4.0,0.6476003
train,Good Fit,1,0.0705,0.3,-1,-6.0,0.28654808
train,Good Fit,1,0.1139,0.5,0,-10.0,0.31276077
train,Good Fit,1,0.1087,0.3,0,0.0,0.47384536
train,Good Fit,1,0.0829,0.05,-1,0.0,0.45089465
train,Good Fit,1,0.1476,0.5,0,0.0,0.39643967
train,Good Fit,1,0.31,0.6111,1,9.0,0.5180926
train,Good Fit,1,0.1616,0.4,0,10.0,0.29086646
train,Good Fit,1,0.1537,0.5,0,0.0,0.48624972
train,Good Fit,1,0.2431,0.8,0,0.0,0.6785574
train,Good Fit,1,0.1004,0.3,-2,5.0,0.48506865
train,Good Fit,1,0.3819,0.5,0,5.0,0.6581642
train,Good Fit,1,0.0587,0.05,0,-8.0,0.43301055
train,Good Fit,1,0.2345,0.3,0,1.0,0.61338925
train,Good Fit,1,0.1423,0.6111,0,6.0,0.45512986
train,Good Fit,1,0.0926,0.35,0,12.0,0.55919635
train,Good Fit,1,0.2164,0.35,1,2.0,0.5130859
train,Good Fit,1,0.3736,0.45,-2,5.0,0.62311983
train,Good Fit,1,0.101,0.45,1,6.0,0.47861594
train,Good Fit,1,0.1891,0.6,-1,0.0,0.67614007
train,Good Fit,1,0.0256,0.35,-2,4.0,0.43342555
train,Good Fit,1,0.1395,0.3,0,10.0,0.4099178
train,Good Fit,1,0.0744,0.2,-1,1.0,0.41047165
train,Good Fit,1,0.0881,0.35,0,-7.0,0.5798848
train,Good Fit,1,0.0346,0.2,-1,0.0,0.35003123
train,Good Fit,1,0.1315,0.5,1,-2.0,0.42147458
train,Good Fit,1,0.0583,0.35,0,8.0,0.55261064
train,Good Fit,1,0.1435,0.3,0,8.0,0.4946627
train,Good Fit,1,0.0178,0.15,0,14.0,0.39565688
train,Good Fit,1,0.0584,0.1,-1,13.0,0.5958695
train,Good Fit,1,0.0492,0.35,0,7.0,0.4206869
train,Good Fit,1,0.0796,0.45,0,5.0,0.4999682
train,Good Fit,1,0.1353,0.4,1,6.0,0.5693123
train,Good Fit,1,0.1774,0.4,-1,6.0,0.13303398
train,Good Fit,1,0.1787,0.45,-1,0.0,0.60797894
train,Good Fit,1,0.1311,0.35,0,13.0,0.1845101
train,Good Fit,1,0.0873,0.45,0,0.0,0.32125524
train,Good Fit,1,0.1687,0.5,0,3.0,0.4340623
train,Good Fit,1,0.1583,0.3,0,5.0,0.6075427
train,Good Fit,1,0.0607,0.15,-1,0.0,0.33137965
train,Good Fit,1,0.1497,0.45,0,0.0,0.3966713
train,Good Fit,1,0.0392,0.15,0,11.0,0.4358654
train,Good Fit,1,0.0995,0.25,0,3.0,0.4092731
train,Good Fit,1,0.0721,0.2,0,0.0,0.44439542
train,Good Fit,1,0.1681,0.25,0,15.0,0.46479675
train,Good Fit,1,0.0519,0.2,0,0.0,0.28683588
train,Good Fit,1,0.0988,0.2,0,0.0,0.61006534
train,Good Fit,1,0.1487,0.55,0,0.0,0.6763269
train,Good Fit,1,0.1076,0.45,0,-8.0,0.44443223
train,Good Fit,1,0.0706,0.2,0,12.0,0.37696373
train,Good Fit,1,0.188,0.5,0,4.0,0.43852866
train,Good Fit,1,0.238,0.55,0,12.0,0.6182836
train,Good Fit,1,0.0553,0.15,-2,8.0,0.45080137
train,Good Fit,1,0.0615,0.25,0,18.0,0.34644192
train,Good Fit,1,0.1699,0.45,0,0.0,0.6317823
train,Good Fit,1,0.109,0.3,-2,-4.0,0.3309809
train,Good Fit,1,0.1834,0.45,-1,11.0,0.55742615
train,Good Fit,1,0.1615,0.6,0,9.0,0.61246395
train,Good Fit,1,0.0317,0.2,0,0.0,0.4582479
train,Good Fit,1,0.1069,0.35,0,-7.0,0.5126302
train,Good Fit,1,0.0188,0.05,0,7.0,0.2728005
train,Good Fit,1,0.0426,0.1,0,13.0,0.4238549
train,Good Fit,1,0.0632,0.3,0,-5.0,0.32207426
train,Good Fit,1,0.0748,0.3,1,5.0,0.42916888
train,Good Fit,1,0.1342,0.25,0,-8.0,0.39325714
train,Good Fit,1,0.098,0.5,-2,5.0,0.35020477
train,Good Fit,1,0.1303,0.4,1,4.0,0.37905657
train,Good Fit,1,0.1782,0.55,-1,5.0,0.5292245
train,Good Fit,1,0.1258,0.25,0,0.0,0.5912913
train,Good Fit,1,0.1904,0.5,0,5.0,0.26701128
train,Good Fit,1,0.1533,0.45,0,9.0,0.45226187
train,Good Fit,1,0.1471,0.4,0,1.0,0.39924532
train,Good Fit,1,0.311,0.45,0,0.0,0.6244178
train,Good Fit,1,0.1272,0.35,0,0.0,0.4225051
train,Good Fit,1,0.1282,0.3,-1,9.0,0.55802333
train,Good Fit,1,0.0582,0.35,0,11.0,0.4626246
train,Good Fit,1,0.0993,0.3,0,-7.0,0.42924878
train,Good Fit,1,0.0972,0.3,0,7.0,0.4158309
train,Good Fit,1,0.036,0.15,-2,-6.0,0.18383573
train,Good Fit,1,0.2012,0.4,0,4.0,0.5107999
train,Good Fit,1,0.1433,0.6,1,7.0,0.61545503
train,Good Fit,1,0.0742,0.3846,0,3.0,0.39906192
train,Good Fit,1,0.1596,0.45,1,0.0,0.49451053
train,Good Fit,1,0.1134,0.05,0,19.0,0.49884433
train,Good Fit,1,0.0991,0.15,0,-3.0,0.4490399
train,Good Fit,1,0.134,0.65,0,0.0,0.5687632
train,Good Fit,1,0.0539,0.2,0,5.0,0.31784075
train,Good Fit,1,0.2018,0.4,0,-4.0,0.6733153
train,Good Fit,1,0.204,0.4,0,-4.0,0.69666636
train,Good Fit,1,0.325,0.4,1,2.0,0.5751644
train,Good Fit,1,0.0296,0.3,1,0.0,0.32242304
train,Good Fit,1,0.1307,0.3,0,21.0,0.559304
train,Good Fit,1,0.0812,0.45,0,11.0,0.47748667
train,Good Fit,1,0.1505,0.3,0,10.0,0.6570876
train,Good Fit,1,0.1574,0.3,0,14.0,0.5185954
train,Good Fit,1,0.175,0.4,-1,9.0,0.36085394
train,Good Fit,1,0.068,0.15,1,3.0,0.3734647
train,Good Fit,1,0.0984,0.3,0,2.0,0.29412872
train,Good Fit,1,0.122,0.3,-1,2.0,0.338714
train,Good Fit,1,0.1468,0.2,0,-7.0,0.41216
train,Good Fit,1,0.0864,0.2,-1,0.0,0.37527457
train,Good Fit,1,0.1194,0.45,-1,2.0,0.51094157
train,Good Fit,1,0.0569,0.2,0,10.0,0.4732015
train,Good Fit,1,0.1409,0.45,0,0.0,0.4902423
train,Good Fit,1,0.267,0.25,1,-4.0,0.5056316
train,Good Fit,1,0.153,0.5,-1,0.0,0.49518472
train,Good Fit,1,0.0649,0.3,0,-1.0,0.48459572
train,Good Fit,1,0.1841,0.45,1,14.0,0.64207745
train,Good Fit,1,0.0659,0.1,1,5.0,0.4426085
train,Good Fit,1,0.2261,0.35,0,-1.0,0.6473428
train,Good Fit,1,0.0427,0.1,0,0.0,0.5466927
train,Good Fit,1,0.1156,0.7,1,0.0,0.31048784
train,Good Fit,1,0.0838,0.15,0,6.0,0.56282735
train,Good Fit,1,0.1325,0.4,-1,8.0,0.56974846
train,Good Fit,1,0.1122,0.45,1,-1.0,0.39820492
train,Good Fit,1,0.0655,0.2,0,-5.0,0.5027543
train,Good Fit,1,0.1256,0.3,-1,17.0,0.55300486
train,Good Fit,1,0.067,0.1,0,8.0,0.22051777
train,Good Fit,1,0.1801,0.5,0,-5.0,0.3380444
train,Good Fit,1,0.1694,0.65,1,3.0,0.49688855
train,Good Fit,1,0.3213,0.65,1,7.0,0.5051989
train,Good Fit,1,0.0764,0.35,-1,-2.0,0.48453227
train,Good Fit,1,0.1012,0.15,0,0.0,0.41077372
train,Good Fit,1,0.0773,0.3,-2,5.0,0.29754326
train,Good Fit,1,0.2574,0.45,0,5.0,0.74206233
train,Good Fit,1,0.0874,0.2,0,0.0,0.31770203
train,Good Fit,1,0.0835,0.2,-2,1.0,0.3388486
train,Good Fit,1,0.1052,0.35,-1,0.0,0.34331262
train,Good Fit,1,0.1884,0.45,1,-8.0,0.4581957
train,Good Fit,1,0.1404,0.2,0,-5.0,0.61487556
train,Good Fit,1,0.0693,0.45,1,9.0,0.4295168
train,Good Fit,1,0.0957,0.2,1,-5.0,0.5132742
train,Good Fit,1,0.0984,0.4,-2,0.0,0.5206758
train,Good Fit,1,0.1909,0.5,-2,5.0,0.7587166
train,Good Fit,1,0.2391,0.55,0,9.0,0.54254615
train,Good Fit,1,0.1061,0.35,0,0.0,0.508735
train,Good Fit,1,0.1222,0.4,1,0.0,0.2866856
train,Good Fit,1,0.019,0.2,-1,17.0,0.35603335
train,Good Fit,1,0.0531,0.5,1,-2.0,0.4715038
train,Good Fit,1,0.0529,0.2,0,0.0,0.38743407
train,Good Fit,1,0.2322,0.55,0,10.0,0.4663131
train,Good Fit,1,0.0397,0.2,1,15.0,0.38818538
train,Good Fit,1,0.1265,0.15,0,1.0,0.23850784
train,Good Fit,1,0.1727,0.4,0,14.0,0.5096879
train,Good Fit,1,0.1333,0.3,1,4.0,0.28525463
train,Good Fit,1,0.1864,0.55,0,0.0,0.6654413
train,Good Fit,1,0.1766,0.35,0,8.0,0.52182144
train,Good Fit,1,0.0539,0.35,0,-5.0,0.3085627
train,Good Fit,1,0.3386,0.4,0,-5.0,0.4115216
train,Good Fit,1,0.046,0.3,1,0.0,0.45274362
train,Good Fit,1,0.1778,0.65,0,13.0,0.40518492
train,Good Fit,1,0.0952,0.4,1,-5.0,0.29082906
train,Good Fit,1,0.0642,0.25,-2,-6.0,0.28814626
train,Good Fit,1,0.0457,0.15,0,4.0,0.36915427
train,Good Fit,1,0.0625,0.15,0,2.0,0.5161598
train,Good Fit,1,0.3162,0.6,0,-5.0,0.7139837
train,Good Fit,1,0.125,0.2,0,-8.0,0.39186853
train,Good Fit,1,0.0331,0.15,0,11.0,0.4554131
train,Good Fit,1,0.1303,0.2,1,9.0,0.3670907
train,Good Fit,1,0.0807,0.45,1,0.0,0.35819766
train,Good Fit,1,0.0556,0.25,0,10.0,0.24463874
train,Good Fit,1,0.092,0.4,0,-5.0,0.38218266
train,Good Fit,1,0.0598,0.15,0,10.0,0.39669877
train,Good Fit,1,0.1335,0.3,1,3.0,0.5097314
train,Good Fit,1,0.0582,0.25,0,-4.0,0.5068616
train,Good Fit,1,0.2575,0.25,0,-4.0,0.6166594
train,Good Fit,1,0.0889,0.25,1,13.0,0.44595078
train,Good Fit,1,0.0281,0.05,0,3.0,0.13477486
train,Good Fit,1,0.1163,0.3,-1,-2.0,0.5753131
train,Good Fit,1,0.064,0.25,-2,16.0,0.24842781
train,Good Fit,1,0.0411,0.15,-1,-5.0,0.4875095
train,Good Fit,1,0.0326,0.05,0,14.0,0.40255618
train,Good Fit,1,0.1289,0.35,0,-6.0,0.46983907
train,Good Fit,1,0.1801,0.25,1,4.0,0.53282183
train,Good Fit,1,0.1131,0.35,0,-15.0,0.5090075
train,Good Fit,1,0.0963,0.25,0,21.0,0.5042597
train,Good Fit,1,0.0689,0.2,-2,4.0,0.43415597
train,Good Fit,1,0.1356,0.25,0,1.0,0.51295674
train,Good Fit,1,0.0891,0.3,0,-6.0,0.3660676
train,Good Fit,1,0.1473,0.45,1,9.0,0.5330664
train,Good Fit,1,0.0657,0.55,-2,5.0,0.314525
train,Good Fit,1,0.1477,0.15,-1,12.0,0.5433606
train,Good Fit,1,0.0212,0.15,0,17.0,0.47473913
train,Good Fit,1,0.2112,0.45,0,10.0,0.56895244
train,Good Fit,1,0.0671,0.15,0,1.0,0.2661306
train,Good Fit,1,0.2804,0.5,0,10.0,0.51674724
train,Good Fit,1,0.1017,0.45,1,3.0,0.34515393
train,Good Fit,1,0.0475,0.45,0,-4.0,0.4191603
train,Good Fit,1,0.3091,0.55,0,0.0,0.64436024
train,Good Fit,1,0.2665,0.3,0,0.0,0.5586454
train,Good Fit,1,0.1373,0.45,0,5.0,0.53783435
train,Good Fit,1,0.06,0.3,0,-4.0,0.29675114
train,Good Fit,1,0.1086,0.6,0,7.0,0.42703968
train,Good Fit,1,0.0871,0.45,-2,-6.0,0.18598789
train,Good Fit,1,0.1502,0.45,0,5.0,0.34667403
train,Good Fit,1,0.0829,0.4,0,6.0,0.42099398
train,Good Fit,1,0.2127,0.55,0,8.0,0.6146958
train,Good Fit,1,0.2782,0.45,0,0.0,0.654928
train,Good Fit,1,0.143,0.15,0,-5.0,0.559246
train,Good Fit,1,0.074,0.25,0,0.0,0.64788663
train,Good Fit,1,0.0557,0.2,0,0.0,0.46308142
train,Good Fit,1,0.2783,0.5,0,0.0,0.5990586
train,Good Fit,1,0.0461,0.2,0,0.0,0.4131838
train,Good Fit,1,0.0605,0.25,0,10.0,0.4512881
train,Good Fit,1,0.0939,0.3,0,8.0,0.5418848
train,Good Fit,1,0.0723,0.3,0,9.0,0.49007368
train,Good Fit,1,0.1286,0.25,0,0.0,0.3821298
train,Good Fit,1,0.114,0.35,0,0.0,0.4110846
train,Good Fit,1,0.244,0.35,0,15.0,0.62711334
train,Good Fit,1,0.0692,0.3,0,11.0,0.45543826
train,Good Fit,1,0.114,0.25,-1,15.0,0.36980125
train,Good Fit,1,0.0715,0.25,-1,-4.0,0.20973289
train,Good Fit,1,0.0499,0.45,0,-3.0,0.39168745
train,Good Fit,1,0.1274,0.3,1,4.0,0.631179
train,Good Fit,1,0.0632,0.2,0,8.0,0.3960703
train,Good Fit,1,0.1849,0.4,0,0.0,0.39571857
train,Good Fit,1,0.1704,0.4,0,12.0,0.33346602
train,Good Fit,1,0.2394,0.4,0,12.0,0.55055404
train,Good Fit,1,0.1391,0.5,0,9.0,0.6018336
train,Good Fit,1,0.1529,0.5,-3,5.0,0.623631
train,Good Fit,1,0.1436,0.25,0,0.0,0.515334
train,Good Fit,1,0.0179,0.05,-1,3.0,0.26691315
train,Good Fit,1,0.0171,0.05,-2,4.0,0.19019055
train,Good Fit,1,0.0645,0.25,0,8.0,0.22768064
train,Good Fit,1,0.0299,0.25,-1,10.0,0.39247328
train,Good Fit,1,0.0754,0.3,0,11.0,0.47159117
train,Good Fit,1,0.0813,0.4,0,10.0,0.5330348
train,Good Fit,1,0.1834,0.3,1,7.0,0.57043755
train,Good Fit,1,0.3545,0.6,0,5.0,0.13818614
train,Good Fit,1,0.1558,0.45,1,11.0,0.604112
train,Good Fit,1,0.1154,0.2,1,-8.0,0.5733702
train,Good Fit,1,0.0796,0.45,1,0.0,0.46937126
train,Good Fit,1,0.0673,0.25,2,10.0,0.44476837
train,Good Fit,1,0.1008,0.4,1,-12.0,0.32468942
train,Good Fit,1,0.0474,0.05,0,-5.0,0.37806654
train,Good Fit,1,0.1141,0.2,0,5.0,0.48249173
train,Good Fit,1,0.1177,0.3,-1,6.0,0.15573302
train,Good Fit,1,0.1773,0.35,0,0.0,0.49250913
train,Good Fit,1,0.0979,0.6,0,-10.0,0.39134514
train,Good Fit,1,0.0415,0.15,-2,-6.0,0.2486595
train,Good Fit,1,0.0494,0.2,1,-8.0,0.37723973
train,Good Fit,1,0.1995,0.3,0,3.0,0.24034613
train,Good Fit,1,0.0911,0.3,-1,7.0,0.46041393
train,Good Fit,1,0.1363,0.3,0,0.0,0.36202028
train,Good Fit,1,0.0836,0.5,0,0.0,0.41663593
train,Good Fit,1,0.1906,0.6,0,-8.0,0.46854407
train,Good Fit,1,0.0635,0.25,0,14.0,0.48124766
train,Good Fit,1,0.1207,0.55,1,9.0,0.64955556
train,Good Fit,1,0.0806,0.4,0,-15.0,0.4300655
train,Good Fit,1,0.0763,0.1,0,2.0,0.43308008
train,Good Fit,1,0.0414,0.2,0,11.0,0.48126593
train,Good Fit,1,0.0682,0.15,0,8.0,0.33474103
train,Good Fit,1,0.1652,0.35,0,4.0,0.30316353
train,Good Fit,1,0.1069,0.35,-2,-6.0,0.3561985
train,Good Fit,1,0.1379,0.55,0,3.0,0.39566135
train,Good Fit,1,0.0927,0.4,-1,7.0,0.55169654
train,Good Fit,1,0.1054,0.55,-1,5.0,0.45754066
train,Good Fit,1,0.4907,0.45,0,0.0,0.5407885
train,Good Fit,1,0.1284,0.45,0,5.0,0.38105845
train,Good Fit,1,0.0845,0.25,1,11.0,0.48592627
train,Good Fit,1,0.1858,0.35,0,9.0,0.46129403
train,Good Fit,1,0.0432,0.3,0,0.0,0.45277113
train,Good Fit,1,0.0288,0.15,0,-2.0,0.32148296
train,Good Fit,1,0.1261,0.05,0,10.0,0.45110142
train,Good Fit,1,0.0242,0.1,0,9.0,0.25114465
train,Good Fit,1,0.1242,0.25,0,8.0,0.55813456
train,Good Fit,1,0.1886,0.5,-2,5.0,0.3672116
train,Good Fit,1,0.0897,0.4,0,10.0,0.32692763
train,Good Fit,1,0.0349,0.0,0,7.0,0.27067918
train,Good Fit,1,0.4964,0.45,0,1.0,0.673072
train,Good Fit,1,0.1293,0.45,0,0.0,0.66029614
train,Good Fit,1,0.0509,0.2222,0,11.0,0.4051976
train,Good Fit,1,0.1624,0.45,-2,5.0,0.3444051
train,Good Fit,1,0.1886,0.4,1,0.0,0.5130228
train,Good Fit,1,0.1916,0.5,-1,0.0,0.60382104
train,Good Fit,1,0.2022,0.35,1,9.0,0.45659187
train,Good Fit,1,0.1564,0.65,0,3.0,0.44352013
train,Good Fit,1,0.2932,0.4,0,11.0,0.6203409
train,Good Fit,1,0.1565,0.3,-1,12.0,0.50527376
train,Good Fit,1,0.0719,0.1,0,12.0,0.39530036
train,Good Fit,1,0.0919,0.3,0,14.0,0.37620157
train,Good Fit,1,0.1261,0.3846,0,10.0,0.5305713
train,Good Fit,1,0.0456,0.35,-2,2.0,0.25875545
train,Good Fit,1,0.0611,0.1,0,10.0,0.32082063
train,Good Fit,1,0.0367,0.05,0,-5.0,0.33926755
train,Good Fit,1,0.0412,0.1,2,8.0,0.25052372
train,Good Fit,1,0.0974,0.25,0,11.0,0.40005913
train,Good Fit,1,0.1138,0.4,0,0.0,0.43104908
train,Good Fit,1,0.104,0.4,-1,-2.0,0.41100135
train,Good Fit,1,0.0506,0.2,1,9.0,0.43272737
train,Good Fit,1,0.1136,0.3,0,0.0,0.48433235
train,Good Fit,1,0.1028,0.2,0,5.0,0.34772265
train,Good Fit,1,0.0481,0.2,-1,12.0,0.50174326
train,Good Fit,1,0.0551,0.35,1,-7.0,0.24253818
train,Good Fit,1,0.2461,0.45,0,0.0,0.66255116
train,Good Fit,1,0.0724,0.2,0,0.0,0.51195
train,Good Fit,1,0.102,0.5,-2,8.0,0.30741867
train,Good Fit,1,0.1415,0.35,0,0.0,0.63614255
train,Good Fit,1,0.095,0.4,-1,0.0,0.5017004
train,Good Fit,1,0.0498,0.35,-1,0.0,0.29360273
train,Good Fit,1,0.0773,0.3,0,-7.0,0.40250266
train,Good Fit,1,0.2449,0.5,1,5.0,0.5984207
train,Good Fit,1,0.4777,0.65,1,7.0,0.31522146
train,Good Fit,1,0.1381,0.35,0,0.0,0.29822317
train,Good Fit,1,0.17,0.55,0,12.0,0.20938125
train,Good Fit,1,0.2331,0.4,0,7.0,0.67222315
train,Good Fit,1,0.1139,0.3,-1,-10.0,0.6103643
train,Good Fit,1,0.1484,0.45,0,-2.0,0.46007526
train,Good Fit,1,0.0968,0.2,-1,2.0,0.5413458
train,Good Fit,1,0.0395,0.25,-3,4.0,0.39312458
train,Good Fit,1,0.0427,0.3,2,13.0,0.36328804
train,Good Fit,1,0.1081,0.35,0,9.0,0.47619155
train,Good Fit,1,0.14,0.45,0,0.0,0.5313853
train,Good Fit,1,0.1618,0.2,0,4.0,0.4014259
train,Good Fit,1,0.0408,0.2,2,8.0,0.21920061
train,Good Fit,1,0.167,0.5,-1,0.0,0.40851027
train,Good Fit,1,0.1247,0.35,0,2.0,0.68509364
train,Good Fit,1,0.1089,0.3,0,-2.0,0.36744186
train,Good Fit,1,0.3017,0.65,0,9.0,0.4126831
train,Good Fit,1,0.2301,0.7,3,0.0,0.3345354
train,Good Fit,1,0.1469,0.15,0,-4.0,0.685737
train,Good Fit,1,0.1136,0.3,0,-10.0,0.25537544
train,Good Fit,1,0.2233,0.6,0,-5.0,0.57510066
train,Good Fit,1,0.0669,0.3,0,7.0,0.5922227
train,Good Fit,1,0.1177,0.2,0,0.0,0.44992074
train,Good Fit,1,0.0709,0.2,1,4.0,0.5880674
train,Good Fit,1,0.0839,0.3,0,4.0,0.5008888
train,Good Fit,1,0.3478,0.35,-1,0.0,0.47107798
train,Good Fit,1,0.1474,0.45,0,0.0,0.4212096
train,Good Fit,1,0.0878,0.15,0,21.0,0.44857615
train,Good Fit,1,0.1213,0.35,0,0.0,0.4987566
train,Good Fit,1,0.1682,0.3,0,8.0,0.55907047
train,Good Fit,1,0.214,0.55,0,-5.0,0.43652382
train,Good Fit,1,0.0798,0.2,1,-3.0,0.37706178
train,Good Fit,1,0.0258,0.05,-1,5.0,0.40637457
train,Good Fit,1,0.099,0.4,1,5.0,0.3747124
train,Good Fit,1,0.2009,0.6,-1,0.0,0.6745076
train,Good Fit,1,0.09,0.35,-1,-5.0,0.31028584
train,Good Fit,1,0.1098,0.4,0,-5.0,0.49478206
train,Good Fit,1,0.0996,0.4,-1,2.0,0.5019653
train,Good Fit,1,0.1188,0.4,-1,12.0,0.506009
train,Good Fit,1,0.2472,0.45,0,2.0,0.6501452
train,Good Fit,1,0.2073,0.5,0,4.0,0.55010664
train,Good Fit,1,0.1292,0.25,0,2.0,0.37199843
train,Good Fit,1,0.0816,0.2,0,-1.0,0.33203098
train,Good Fit,1,0.2475,0.3,0,0.0,0.5616987
train,Good Fit,1,0.0848,0.25,0,-3.0,0.06445424
train,Good Fit,1,0.111,0.25,0,14.0,0.3816238
train,Good Fit,1,0.1228,0.55,0,5.0,0.47509867
train,Good Fit,1,0.2473,0.5,0,0.0,0.5398994
train,Good Fit,1,0.1388,0.35,0,-5.0,0.3953933
train,Good Fit,1,0.1047,0.3,0,4.0,0.37963477
train,Good Fit,1,0.0977,0.35,0,4.0,0.47735804
train,Good Fit,1,0.0773,0.3,0,8.0,0.6159503
train,Good Fit,1,0.1567,0.3,-1,0.0,0.3935269
train,Good Fit,1,0.1334,0.35,0,10.0,0.6068593
train,Good Fit,1,0.2105,0.35,-1,-8.0,0.45380658
train,Good Fit,1,0.3121,0.6,0,5.0,0.40230855
train,Good Fit,1,0.0989,0.35,0,6.0,0.34913844
train,Good Fit,1,0.11,0.35,1,4.0,0.29181248
train,Good Fit,1,0.095,0.25,0,21.0,0.32940757
train,Good Fit,1,0.0805,0.35,0,-5.0,0.47756094
train,Good Fit,1,0.0716,0.35,0,-4.0,0.59442145
train,Good Fit,1,0.1428,0.3,1,5.0,0.39079076
train,Good Fit,1,0.0945,0.2,0,-7.0,0.3394866
train,Good Fit,1,0.1772,0.3,0,0.0,0.7342886
train,Good Fit,1,0.1033,0.3,0,2.0,0.5446605
train,Good Fit,1,0.1657,0.4,0,7.0,0.53571016
train,Good Fit,1,0.184,0.55,0,0.0,0.4185394
train,Good Fit,1,0.2436,0.55,1,5.0,0.69062114
train,Good Fit,1,0.3622,0.65,0,0.0,0.6733527
train,Good Fit,1,0.2247,0.45,0,13.0,0.60739875
train,Good Fit,1,0.2147,0.45,0,0.0,0.4260138
train,Good Fit,1,0.1421,0.25,0,13.0,0.36529046
train,Good Fit,1,0.0664,0.35,0,14.0,0.34533876
train,Good Fit,1,0.0293,0.15,0,5.0,0.25111032
train,Good Fit,1,0.034,0.25,0,3.0,0.38074648
train,Good Fit,1,0.0883,0.4,0,2.0,0.2514717
train,Good Fit,1,0.1196,0.35,0,21.0,0.47038165
train,Good Fit,1,0.0481,0.05,0,11.0,0.23997974
train,Good Fit,1,0.1153,0.35,0,5.0,0.34001118
train,Good Fit,1,0.0391,0.0,0,8.0,0.302409
train,Good Fit,1,0.2795,0.3,0,0.0,0.71266186
train,Good Fit,1,0.0287,0.2,1,1.0,0.35243154
train,Good Fit,1,0.1259,0.2,2,3.0,0.15693289
train,Good Fit,1,0.0432,0.25,-1,3.0,0.4727468
train,Good Fit,1,0.1191,0.45,0,-5.0,0.30584276
train,Good Fit,1,0.2135,0.4,0,4.0,0.48880067
train,Good Fit,1,0.1329,0.35,-1,7.0,0.5547002
train,Good Fit,1,0.0982,0.2,0,0.0,0.37660205
train,Good Fit,1,0.1349,0.55,0,3.0,0.3352064
train,Good Fit,1,0.1517,0.35,0,12.0,0.517779
train,Good Fit,1,0.1212,0.25,0,4.0,0.39303908
train,Good Fit,1,0.1129,0.45,-1,5.0,0.42033672
train,Good Fit,1,0.1337,0.5,0,6.0,0.5589956
train,Good Fit,1,0.3152,0.65,0,5.0,0.08205498
train,Good Fit,1,0.1662,0.3,0,13.0,0.6322173
train,Good Fit,1,0.1104,0.45,0,5.0,0.5681741
train,Good Fit,1,0.0909,0.25,0,14.0,0.4301343
train,Good Fit,1,0.2441,0.6,0,-4.0,0.7516608
train,Good Fit,1,0.1591,0.4,0,2.0,0.5637468
train,Good Fit,1,0.0587,0.45,0,0.0,0.4257515
train,Good Fit,1,0.1298,0.25,0,0.0,0.45595554
train,Good Fit,1,0.0821,0.4,0,17.0,0.5286176
train,Good Fit,1,0.1069,0.25,0,2.0,0.46159106
train,Good Fit,1,0.1939,0.3,1,15.0,0.73583865
train,Good Fit,1,0.1561,0.55,-2,5.0,0.33807772
train,Good Fit,1,0.1078,0.2,0,-8.0,0.41659412
train,Good Fit,1,0.0677,0.45,0,8.0,0.5562853
train,Good Fit,1,0.0832,0.25,0,-3.0,0.4801535
train,Good Fit,1,0.1651,0.35,0,8.0,0.36423174
train,Good Fit,1,0.0956,0.55,1,0.0,0.4387315
train,Good Fit,1,0.0637,0.1,0,7.0,0.4424631
train,Good Fit,1,0.0737,0.3,-1,-3.0,0.41424906
train,Good Fit,1,0.2018,0.4,0,0.0,0.5683553
train,Good Fit,1,0.0813,0.35,0,6.0,0.5330317
train,Good Fit,1,0.0543,0.35,0,0.0,0.36510056
train,Good Fit,1,0.3417,0.55,1,5.0,0.103534974
train,Good Fit,1,0.2301,0.4,0,5.0,0.5332257
train,Good Fit,1,0.1555,0.4,-1,10.0,0.4527874
train,Good Fit,1,0.0579,0.0556,0,11.0,0.28429306
train,Good Fit,1,0.0904,0.7,0,3.0,0.33686888
train,Good Fit,1,0.1501,0.55,1,-6.0,0.45289296
train,Good Fit,1,0.1752,0.5,0,11.0,0.58120286
train,Good Fit,1,0.1063,0.2,0,-6.0,0.32060647
train,Good Fit,1,0.0699,0.25,0,15.0,0.32852077
train,Good Fit,1,0.1111,0.35,0,12.0,0.3721904
train,Good Fit,1,0.0586,0.2,0,10.0,0.448235
train,Good Fit,1,0.0663,0.25,1,5.0,0.33905876
train,Good Fit,1,0.0996,0.35,0,9.0,0.31743923
train,Good Fit,1,0.1772,0.6,1,2.0,0.58896494
train,Good Fit,1,0.0481,0.35,-2,0.0,0.38535213
train,Good Fit,1,0.1053,0.35,1,-2.0,0.3893011
train,Good Fit,1,0.0842,0.05,-1,6.0,0.52423954
train,Good Fit,1,0.0857,0.35,-2,0.0,0.4574082
train,Good Fit,1,0.2083,0.4,0,10.0,0.50204325
train,Good Fit,1,0.0511,0.25,0,0.0,0.41161555
train,Good Fit,1,0.1054,0.55,0,0.0,0.55770326
test,No Fit,0,0.028,0.1,1,7.0,0.2932213
test,No Fit,0,0.1043,0.2,0,23.0,0.36191285
test,No Fit,0,0.0637,0.3,-1,0.0,0.33386505
test,No Fit,0,0.0531,0.05,-2,-12.0,0.24791844
test,No Fit,0,0.0861,0.2,1,4.0,0.3138597
test,No Fit,0,0.0055,0.0,-1,15.0,0.24304366
test,No Fit,0,0.03,0.2,-2,15.0,0.20431264
test,No Fit,0,0.1476,0.3,0,8.0,0.46605626
test,No Fit,0,0.1092,0.25,0,0.0,0.48365295
test,No Fit,0,0.0873,0.2,0,18.0,0.28435093
test,No Fit,0,0.0381,0.35,1,4.0,0.16036922
test,No Fit,0,0.0784,0.3,-2,12.0,0.50874364
test,No Fit,0,0.0612,0.4,-1,0.0,0.507228
test,No Fit,0,0.0494,0.05,0,17.0,0.3295261
test,No Fit,0,0.0316,0.1,1,1.0,0.31983942
test,No Fit,0,0.0826,0.15,0,17.0,0.15643933
test,No Fit,0,0.1078,0.5,0,13.0,0.4209203
test,No Fit,0,0.0863,0.3,0,0.0,0.51661074
test,No Fit,0,0.1425,0.45,1,11.0,0.53467846
test,No Fit,0,0.0725,0.5,1,7.0,0.3732189
test,No Fit,0,0.054,0.1,1,-4.0,0.17830023
test,No Fit,0,0.0202,0.1,1,14.0,0.30858845
test,No Fit,0,0.1222,0.35,0,5.0,0.4064599
test,No Fit,0,0.3386,0.45,1,0.0,0.41380355
test,No Fit,0,0.0848,0.5,1,7.0,0.20057783
test,No Fit,0,0.0539,0.25,0,12.0,0.34915432
test,No Fit,0,0.1106,0.35,2,7.0,0.38965127
test,No Fit,0,0.035,0.1,1,6.0,0.25351995
test,No Fit,0,0.0505,0.05,0,5.0,0.37448266
test,No Fit,0,0.0418,0.2,-2,11.0,0.18369922
test,No Fit,0,0.031,0.05,0,20.0,0.41859272
test,No Fit,0,0.0459,0.2,0,7.0,0.37874997
test,No Fit,0,0.0323,0.1,0,-5.0,0.45107877
test,No Fit,0,0.037,0.05,0,22.0,0.3703877
test,No Fit,0,0.1126,0.55,-1,5.0,0.34030432
test,No Fit,0,0.0106,0.05,0,0.0,0.33069664
test,No Fit,0,0.043,0.15,0,17.0,0.25702345
test,No Fit,0,0.1538,0.4,0,0.0,0.37334013
test,No Fit,0,0.0636,0.4,0,0.0,0.30968904
test,No Fit,0,0.0592,0.4,0,11.0,0.3072685
test,No Fit,0,0.0925,0.2,-2,27.0,0.26901776
test,No Fit,0,0.0824,0.35,0,10.0,0.26509634
test,No Fit,0,0.0261,0.1,2,3.0,0.067580774
test,No Fit,0,0.0769,0.45,0,-7.0,0.40581906
test,No Fit,0,0.0502,0.25,1,7.0,0.28295165
test,No Fit,0,0.1262,0.3,1,-3.0,0.4564097
test,No Fit,0,0.0522,0.1,0,11.0,0.15967414
test,No Fit,0,0.047,0.2,1,0.0,0.25200534
test,No Fit,0,0.023,0.25,1,0.0,0.14147855
test,No Fit,0,0.0696,0.3,-1,14.0,0.4405323
test,No Fit,0,0.0569,0.25,-1,2.0,0.42011732
test,No Fit,0,0.0525,0.15,0,1.0,0.5099325
test,No Fit,0,0.0804,0.3,1,13.0,0.35961172
test,No Fit,0,0.035,0.15,0,0.0,0.27012652
test,No Fit,0,0.0428,0.15,1,9.0,0.31915158
test,No Fit,0,0.0318,0.2667,-1,10.0,0.20527834
test,No Fit,0,0.0304,0.0,0,2.0,0.2696883
test,No Fit,0,0.0199,0.1,0,5.0,0.2415538
test,No Fit,0,0.0715,0.3,-2,25.0,0.37494075
test,No Fit,0,0.0227,0.25,0,0.0,0.40352678
test,No Fit,0,0.0277,0.05,0,17.0,0.28029218
test,No Fit,0,0.0399,0.35,2,2.0,0.29995215
test,No Fit,0,0.1201,0.45,0,0.0,0.45449215
test,No Fit,0,0.1889,0.65,0,5.0,0.45848012
test,No Fit,0,0.044,0.25,0,8.0,0.38187805
test,No Fit,0,0.0386,0.35,0,17.0,0.25355518
test,No Fit,0,0.0826,0.3,0,18.0,0.43118355
test,No Fit,0,0.0314,0.0,0,7.0,0.24879566
test,No Fit,0,0.0363,0.05,0,15.0,0.26238558
test,No Fit,0,0.0147,0.0,0,20.0,0.16548896
test,No Fit,0,0.1676,0.15,1,8.0,0.46939993
test,No Fit,0,0.071,0.4,0,12.0,0.34523618
test,No Fit,0,0.0649,0.2,0,0.0,0.4380247
test,No Fit,0,0.056,0.15,0,0.0,0.41252178
test,No Fit,0,0.0472,0.2,0,10.0,0.32988802
test,No Fit,0,0.0706,0.25,-1,17.0,0.30126292
test,No Fit,0,0.1416,0.45,0,-12.0,0.3528884
test,No Fit,0,0.0988,0.25,-1,7.0,0.38309282
test,No Fit,0,0.0402,0.25,-2,2.0,0.3855197
test,No Fit,0,0.0629,0.15,0,5.0,0.1890294
test,No Fit,0,0.0855,0.15,-1,-5.0,0.4354059
test,No Fit,0,0.0197,0.05,0,14.0,0.33588362
test,No Fit,0,0.1138,0.3,0,0.0,0.332891
test,No Fit,0,0.0484,0.35,2,13.0,0.3215261
test,No Fit,0,0.0227,0.0,0,17.0,0.33993667
test,No Fit,0,0.2678,0.4,-2,8.0,0.5993588
test,No Fit,0,0.0363,0.05,2,10.0,0.30798078
test,No Fit,0,0.1224,0.35,-1,16.0,0.58530724
test,No Fit,0,0.0568,0.3,0,14.0,0.46558994
test,No Fit,0,0.0949,0.6,0,14.0,0.41629523
test,No Fit,0,0.0085,0.0,0,0.0,0.29411232
test,No Fit,0,0.055,0.2,0,17.0,0.4768496
test,No Fit,0,0.1178,0.2,1,22.0,0.4530615
test,No Fit,0,0.0363,0.15,0,0.0,0.10126439
test,No Fit,0,0.0835,0.35,0,4.0,0.3297252
test,No Fit,0,0.0397,0.35,1,14.0,0.27251887
test,No Fit,0,0.0597,0.3,-1,0.0,0.41289994
test,No Fit,0,0.2114,0.5,-1,10.0,0.60609055
test,No Fit,0,0.0848,0.3,-1,0.0,0.5408497
test,No Fit,0,0.0578,0.3333,1,7.0,0.13550144
test,No Fit,0,0.0684,0.1,0,-4.0,0.39140588
test,No Fit,0,0.0517,0.45,0,3.0,0.22769186
test,No Fit,0,0.0719,0.2,0,-1.0,0.3642014
test,No Fit,0,0.1621,0.45,0,12.0,0.5118586
test,No Fit,0,0.0915,0.4,-3,12.0,0.2783323
test,No Fit,0,0.0394,0.15,-4,3.0,0.12934221
test,No Fit,0,0.0654,0.1,2,-1.0,0.28243265
test,No Fit,0,0.21,0.7,0,0.0,0.5108406
test,No Fit,0,0.1115,0.3,-1,0.0,0.23671074
test,No Fit,0,0.0371,0.45,-1,9.0,0.2960359
test,No Fit,0,0.0336,0.25,0,17.0,0.25756392
test,No Fit,0,0.0496,0.1,0,15.0,0.37690118
test,No Fit,0,0.0686,0.3,-1,24.0,0.31097934
test,No Fit,0,0.0581,0.2,0,11.0,0.2868232
test,No Fit,0,0.036,0.1,0,8.0,0.36235857
test,No Fit,0,0.0343,0.15,0,2.0,0.38745162
test,No Fit,0,0.0522,0.3,-1,14.0,0.17267069
test,No Fit,0,0.0512,0.15,0,12.0,0.40650153
test,No Fit,0,0.0385,0.15,0,19.0,0.23024777
test,No Fit,0,0.1298,0.45,0,-5.0,0.42644188
test,No Fit,0,0.1343,0.3,-1,-10.0,0.4695688
test,No Fit,0,0.0407,0.15,0,10.0,0.26440817
test,No Fit,0,0.1038,0.15,0,-9.0,0.29915094
test,No Fit,0,0.0556,0.25,0,0.0,0.28251368
test,No Fit,0,0.1086,0.2,0,9.0,0.33929032
test,No Fit,0,0.1574,0.4,0,0.0,0.5333008
test,No Fit,0,0.0751,0.15,0,-3.0,0.30152714
test,No Fit,0,0.0952,0.45,0,0.0,0.3268587
test,No Fit,0,0.0312,0.1,0,5.0,0.27234954
test,No Fit,0,0.1311,0.4,1,22.0,0.5003249
test,No Fit,0,0.0608,0.1,0,12.0,0.3286708
test,No Fit,0,0.0168,0.15,1,5.0,0.28543252
test,No Fit,0,0.0632,0.15,1,4.0,0.4804664
test,No Fit,0,0.0229,0.25,0,11.0,0.42693442
test,No Fit,0,0.0289,0.1,0,9.0,0.27048135
test,No Fit,0,0.0699,0.3,1,13.0,0.2903431
test,No Fit,0,0.0947,0.2,0,-4.0,0.3119872
test,No Fit,0,0.1133,0.2,0,-3.0,0.31465083
test,No Fit,0,0.1462,0.5,-1,-4.0,0.21530011
test,No Fit,0,0.054,0.25,0,2.0,0.39046568
test,No Fit,0,0.1296,0.55,0,5.0,0.29397976
test,No Fit,0,0.0795,0.2,0,7.0,0.46419308
test,No Fit,0,0.0882,0.1,0,2.0,0.5006701
test,No Fit,0,0.0745,0.2,0,0.0,0.3833344
test,No Fit,0,0.0956,0.45,0,0.0,0.48458475
test,No Fit,0,0.0515,0.1,0,15.0,0.25073326
test,No Fit,0,0.1312,0.65,0,9.0,0.286075
test,No Fit,0,0.2285,0.4,0,9.0,0.67602104
test,No Fit,0,0.0296,0.05,0,20.0,0.3749959
test,No Fit,0,0.1706,0.25,0,1.0,0.42981988
test,No Fit,0,0.0125,0.1,-1,15.0,0.28500566
test,No Fit,0,0.056,0.35,0,12.0,0.30701783
test,No Fit,0,0.0197,0.1,0,17.0,0.24921454
test,No Fit,0,0.0914,0.35,0,8.0,0.23833555
test,No Fit,0,0.1454,0.55,1,7.0,0.5240941
test,No Fit,0,0.0885,0.35,-1,2.0,0.5070607
test,No Fit,0,0.0787,0.25,-2,15.0,0.25936997
test,No Fit,0,0.0256,0.1,0,10.0,0.3789269
test,No Fit,0,0.1048,0.3,0,-10.0,0.46247867
test,No Fit,0,0.0452,0.3,0,26.0,0.41540378
test,No Fit,0,0.0802,0.25,0,7.0,0.50805604
test,No Fit,0,0.0388,0.1,-1,26.0,0.36677313
test,No Fit,0,0.092,0.25,0,10.0,0.43423375
test,No Fit,0,0.0289,0.1,-1,15.0,0.3763598
test,No Fit,0,0.0632,0.15,0,16.0,0.3768047
test,No Fit,0,0.0402,0.15,-1,17.0,0.34274745
test,No Fit,0,0.0409,0.25,0,0.0,0.35088193
test,No Fit,0,0.1471,0.55,0,9.0,0.35109895
test,No Fit,0,0.0402,0.25,0,0.0,0.36590636
test,No Fit,0,0.0596,0.2,0,9.0,0.33571416
test,No Fit,0,0.0387,0.05,0,0.0,0.3532165
test,No Fit,0,0.038,0.15,1,0.0,0.37592068
test,No Fit,0,0.1494,0.3,0,26.0,0.5135145
test,No Fit,0,0.101,0.35,-1,10.0,0.3523351
test,No Fit,0,0.0128,0.15,0,21.0,0.20151532
test,No Fit,0,0.2278,0.4,0,0.0,0.5196294
test,No Fit,0,0.0474,0.05,0,8.0,0.42572725
test,No Fit,0,0.0371,0.3333,1,19.0,0.35061678
test,No Fit,0,0.1468,0.4,-1,8.0,0.4122115
test,No Fit,0,0.0464,0.15,0,0.0,0.37483954
test,No Fit,0,0.1021,0.4,-1,10.0,0.32588384
test,No Fit,0,0.0384,0.15,1,11.0,0.32475716
test,No Fit,0,0.0499,0.35,-2,5.0,0.3733831
test,No Fit,0,0.0495,0.05,1,11.0,0.32502556
test,No Fit,0,0.0582,0.1,0,0.0,0.288045
test,No Fit,0,0.1294,0.8333,0,13.0,0.50744057
test,No Fit,0,0.0544,0.15,0,1.0,0.23136587
test,No Fit,0,0.0472,0.15,1,17.0,0.38335893
test,No Fit,0,0.0341,0.2,0,11.0,0.19338955
test,No Fit,0,0.0252,0.25,0,8.0,0.31607586
test,No Fit,0,0.0601,0.35,-1,0.0,0.409916
test,No Fit,0,0.0446,0.2,1,0.0,0.39020455
test,No Fit,0,0.0205,0.05,2,0.0,0.29964435
test,No Fit,0,0.0904,0.25,-1,8.0,0.22129709
test,No Fit,0,0.1578,0.25,-1,11.0,0.41247037
test,No Fit,0,0.0392,0.2,0,0.0,0.31925845
test,No Fit,0,0.0352,0.2,0,0.0,0.39250126
test,No Fit,0,0.0461,0.3,1,13.0,0.3672185
test,No Fit,0,0.1148,0.65,0,0.0,0.5649365
test,No Fit,0,0.0737,0.25,0,5.0,0.42802942
test,No Fit,0,0.113,0.5,1,9.0,0.45666432
test,No Fit,0,0.0926,0.35,0,0.0,0.2937056
test,No Fit,0,0.0735,0.3,1,-2.0,0.4540599
test,No Fit,0,0.0469,0.1,-1,10.0,0.25263077
test,No Fit,0,0.0948,0.15,0,-3.0,0.5233736
test,No Fit,0,0.031,0.0,0,-10.0,0.2864447
test,No Fit,0,0.0231,0.05,-2,-5.0,0.32350954
test,No Fit,0,0.0671,0.25,0,0.0,0.44717765
test,No Fit,0,0.1168,0.2,0,14.0,0.41190207
test,No Fit,0,0.068,0.25,0,4.0,0.18831186
test,No Fit,0,0.1983,0.4,0,0.0,0.47583
test,No Fit,0,0.098,0.45,0,12.0,0.3796754
test,No Fit,0,0.0688,0.25,0,-1.0,0.31706113
test,No Fit,0,0.0228,0.1,0,5.0,0.22339864
test,No Fit,0,0.0403,0.2,0,0.0,0.36454213
test,No Fit,0,0.0296,0.1,0,12.0,0.42430708
test,No Fit,0,0.0345,0.3,0,11.0,0.2706617
test,No Fit,0,0.0392,0.4,-2,-2.0,0.19538346
test,No Fit,0,0.1205,0.45,-2,5.0,0.26507813
test,No Fit,0,0.0654,0.35,0,10.0,0.5000916
test,No Fit,0,0.0746,0.35,1,7.0,0.3960619
test,No Fit,0,0.0606,0.25,0,4.0,0.24706165
test,No Fit,0,0.014,0.0667,0,10.0,0.20963053
test,No Fit,0,0.03,0.2,0,11.0,0.29532504
test,No Fit,0,0.0071,0.0,0,0.0,0.28526267
test,No Fit,0,0.0753,0.1,0,21.0,0.36600626
test,No Fit,0,0.0338,0.1,0,0.0,0.370987
test,No Fit,0,0.089,0.3,-1,14.0,0.30060232
test,No Fit,0,0.0389,0.25,0,0.0,0.20918985
test,No Fit,0,0.0928,0.4,0,3.0,0.3981149
test,No Fit,0,0.1093,0.35,0,0.0,0.18068352
test,No Fit,0,0.0463,0.25,0,-4.0,0.34006703
test,No Fit,0,0.0796,0.15,0,3.0,0.25208664
test,No Fit,0,0.0404,0.2,0,-5.0,0.33986008
test,No Fit,0,0.1512,0.5,-1,9.0,0.5517701
test,No Fit,0,0.0541,0.35,-3,18.0,0.38305664
test,No Fit,0,0.0176,0.05,0,11.0,0.32487637
test,No Fit,0,0.0729,0.4,-2,12.0,0.43119177
test,No Fit,0,0.064,0.05,0,-3.0,0.35325867
test,No Fit,0,0.1172,0.25,0,13.0,0.37735295
test,No Fit,0,0.0378,0.1,0,0.0,0.2201887
test,No Fit,0,0.041,0.15,0,11.0,0.2952761
test,No Fit,0,0.0757,0.35,2,0.0,0.49773812
test,No Fit,0,0.0429,0.2,0,7.0,0.2763236
test,No Fit,0,0.0921,0.55,0,9.0,0.30455142
test,No Fit,0,0.1575,0.35,0,-8.0,0.21372724
test,No Fit,0,0.0082,0.3333,1,19.0,0.30589092
test,No Fit,0,0.082,0.25,-2,15.0,0.55025697
test,No Fit,0,0.0272,0.1,-2,5.0,0.36991948
test,No Fit,0,0.0222,0.15,0,12.0,0.34900185
test,No Fit,0,0.0316,0.05,-2,0.0,0.25114533
test,No Fit,0,0.1267,0.25,-1,14.0,0.44900742
test,No Fit,0,0.0551,0.2,1,0.0,0.47882432
test,No Fit,0,0.0717,0.35,0,14.0,0.3668365
test,No Fit,0,0.0806,0.2,1,9.0,0.34249556
test,No Fit,0,0.0812,0.35,1,14.0,0.35767794
test,No Fit,0,0.0999,0.45,0,14.0,0.5611335
test,No Fit,0,0.0352,0.2,-1,15.0,0.42746028
test,No Fit,0,0.0322,0.1,-1,6.0,0.43326074
test,No Fit,0,0.0519,0.15,0,26.0,0.3138582
test,No Fit,0,0.0256,0.05,0,0.0,0.39270836
test,No Fit,0,0.0785,0.1,1,9.0,0.59041804
test,No Fit,0,0.062,0.3,2,8.0,0.3373344
test,No Fit,0,0.0638,0.3,-1,29.0,0.41527522
test,No Fit,0,0.1342,0.45,0,20.0,0.44904637
test,No Fit,0,0.0779,0.25,0,-10.0,0.36437374
test,No Fit,0,0.1143,0.2,0,2.0,0.35943955
test,No Fit,0,0.0275,0.0,1,23.0,0.3896581
test,No Fit,0,0.0383,0.15,0,5.0,0.22420363
test,No Fit,0,0.0993,0.25,1,14.0,0.48163402
test,No Fit,0,0.1051,0.45,-1,1.0,0.436561
test,No Fit,0,0.08,0.25,0,-3.0,0.35097426
test,No Fit,0,0.0576,0.3,-1,-5.0,0.23353931
test,No Fit,0,0.0902,0.3,0,-2.0,0.4048236
test,No Fit,0,0.1072,0.25,-2,5.0,0.39697343
test,No Fit,0,0.0975,0.3,-1,0.0,0.34054482
test,No Fit,0,0.0198,0.1667,0,5.0,0.17049275
test,No Fit,0,0.0478,0.2,0,20.0,0.3720259
test,No Fit,0,0.128,0.55,0,0.0,0.4562786
test,No Fit,0,0.052,0.2,0,21.0,0.40011227
test,No Fit,0,0.1414,0.5,-1,-8.0,0.38242573
test,No Fit,0,0.0583,0.45,-1,7.0,0.34542876
test,No Fit,0,0.056,0.45,-2,4.0,0.35833907
test,No Fit,0,0.0393,0.1,-1,5.0,0.27367625
test,No Fit,0,0.0576,0.2,1,1.0,0.2963586
test,No Fit,0,0.0068,0.05,0,-3.0,0.2419255
test,No Fit,0,0.0204,0.1,0,17.0,0.48931065
test,No Fit,0,0.0296,0.1,-2,11.0,0.23191243
test,No Fit,0,0.0195,0.1,0,4.0,0.20659284
test,No Fit,0,0.0226,0.0,0,10.0,0.21217942
test,No Fit,0,0.0568,0.35,0,10.0,0.318641
test,No Fit,0,0.1305,0.6,0,-1.0,0.40294182
test,No Fit,0,0.0791,0.35,0,12.0,0.42339316
test,No Fit,0,0.0595,0.25,0,10.0,0.43569052
test,No Fit,0,0.077,0.35,0,11.0,0.40532443
test,No Fit,0,0.0455,0.25,0,0.0,0.3381846
test,No Fit,0,0.0166,0.05,-2,12.0,0.4193924
test,No Fit,0,0.002,0.1667,1,11.0,0.30363548
test,No Fit,0,0.1115,0.25,3,5.0,0.2922653
test,No Fit,0,0.2053,0.7,-1,12.0,0.5182312
test,No Fit,0,0.2137,0.25,1,5.0,0.6742337
test,No Fit,0,0.0425,0.2,1,5.0,0.47434062
test,No Fit,0,0.0796,0.15,0,4.0,0.22738016
test,No Fit,0,0.062,0.15,-1,0.0,0.33894604
test,No Fit,0,0.1451,0.3,0,15.0,0.47505894
test,No Fit,0,0.055,0.2,0,-2.0,0.29985443
test,No Fit,0,0.1853,0.4,-1,18.0,0.38575
test,No Fit,0,0.012,0.3333,1,13.0,0.33273402
test,No Fit,0,0.1258,0.2,1,0.0,0.33364493
test,No Fit,0,0.174,0.5,-1,8.0,0.39949447
test,No Fit,0,0.041,0.05,0,0.0,0.4574197
test,No Fit,0,0.0434,0.5,-2,13.0,0.4712696
test,No Fit,0,0.0565,0.15,1,10.0,0.39182848
test,No Fit,0,0.0957,0.25,0,20.0,0.4002338
test,No Fit,0,0.052,0.2,0,9.0,0.11191312
test,No Fit,0,0.1067,0.4,-2,13.0,0.4369905
test,No Fit,0,0.0564,0.1,2,3.0,0.21223693
test,No Fit,0,0.0267,0.3333,0,0.0,0.22724842
test,No Fit,0,0.0348,0.1,0,-5.0,0.3827548
test,No Fit,0,0.0509,0.05,2,10.0,0.35901532
test,No Fit,0,0.0228,0.0833,1,3.0,0.30476946
test,No Fit,0,0.0754,0.35,0,10.0,0.38379604
test,No Fit,0,0.0376,0.2,-2,6.0,0.27162215
test,No Fit,0,0.0728,0.25,0,-3.0,0.21560591
test,No Fit,0,0.019,0.1667,0,10.0,0.29961598
test,No Fit,0,0.0547,0.2,0,0.0,0.28998393
test,No Fit,0,0.0824,0.25,0,0.0,0.3752674
test,No Fit,0,0.0384,0.05,0,0.0,0.36960006
test,No Fit,0,0.0818,0.3,-1,12.0,0.3720289
test,No Fit,0,0.0065,0.0,0,10.0,0.1744428
test,No Fit,0,0.0787,0.3,0,23.0,0.25144002
test,No Fit,0,0.0294,0.1,-1,1.0,0.44042817
test,No Fit,0,0.1184,0.2,0,10.0,0.3489998
test,No Fit,0,0.0542,0.15,0,11.0,0.17775244
test,No Fit,0,0.0387,0.1,-2,0.0,0.33269215
test,No Fit,0,0.066,0.3,0,0.0,0.4281859
test,No Fit,0,0.1208,0.7,1,5.0,0.2996893
test,No Fit,0,0.0349,0.1,0,9.0,0.24526277
test,No Fit,0,0.1406,0.4,0,0.0,0.2664008
test,No Fit,0,0.0687,0.25,1,20.0,0.29288024
test,No Fit,0,0.0576,0.15,-3,25.0,0.3274023
test,No Fit,0,0.0494,0.5,0,0.0,0.3231637
test,No Fit,0,0.0286,0.05,0,14.0,0.31383857
test,No Fit,0,0.0296,0.2,-2,-2.0,0.26404226
test,No Fit,0,0.0051,0.1667,0,35.0,0.2080099
test,No Fit,0,0.0711,0.25,2,10.0,0.2710073
test,No Fit,0,0.1066,0.3,-2,14.0,0.32943177
test,No Fit,0,0.0643,0.3,1,5.0,0.3655131
test,No Fit,0,0.0444,0.15,-1,6.0,0.38526252
test,No Fit,0,0.073,0.4,1,0.0,0.42902184
test,No Fit,0,0.046,0.15,-2,12.0,0.47811317
test,No Fit,0,0.0755,0.25,1,-12.0,0.286592
test,No Fit,0,0.0326,0.0,0,11.0,0.34354663
test,No Fit,0,0.1295,0.45,0,4.0,0.33497003
test,No Fit,0,0.1775,0.4,0,10.0,0.44094568
test,No Fit,0,0.0692,0.1,0,6.0,0.3536107
test,No Fit,0,0.0061,0.05,0,4.0,0.13019837
test,No Fit,0,0.0806,0.4,-1,-5.0,0.36959845
test,No Fit,0,0.1219,0.3,1,0.0,0.41949117
test,No Fit,0,0.0142,0.15,0,13.0,0.35282105
test,No Fit,0,0.0845,0.3,-1,7.0,0.2911146
test,No Fit,0,0.0813,0.25,-1,12.0,0.24203396
test,No Fit,0,0.0902,0.15,0,-5.0,0.30362612
test,No Fit,0,0.0436,0.1,-1,14.0,0.18593654
test,No Fit,0,0.0627,0.3,-2,16.0,0.3521211
test,No Fit,0,0.0367,0.1,0,10.0,0.27089375
test,No Fit,0,0.0367,0.2,-2,12.0,0.35912865
test,No Fit,0,0.057,0.15,0,15.0,0.29554242
test,No Fit,0,0.1009,0.3,-1,12.0,0.3236309
test,No Fit,0,0.0884,0.3,0,12.0,0.27556205
test,No Fit,0,0.054,0.1,-1,0.0,0.13179976
test,No Fit,0,0.1222,0.5,0,0.0,0.44791085
test,No Fit,0,0.034,0.3333,-1,18.0,0.3332278
test,No Fit,0,0.0894,0.1,-1,-3.0,0.3529089
test,No Fit,0,0.117,0.15,1,1.0,0.35404533
test,No Fit,0,0.0767,0.25,-1,5.0,0.43762872
test,No Fit,0,0.0534,0.1,0,0.0,0.43635798
test,No Fit,0,0.0872,0.25,0,13.0,0.3601941
test,No Fit,0,0.0043,0.0,0,1.0,0.25428462
test,No Fit,0,0.0556,0.35,-1,10.0,0.2747935
test,No Fit,0,0.0107,0.05,0,14.0,0.19532038
test,No Fit,0,0.037,0.2,1,7.0,0.13047314
test,No Fit,0,0.0259,0.2,1,12.0,0.255608
test,No Fit,0,0.2261,0.35,0,0.0,0.25114033
test,No Fit,0,0.067,0.6,0,9.0,0.4286818
test,No Fit,0,0.1009,0.25,-3,-2.0,0.32256013
test,No Fit,0,0.145,0.3,0,-3.0,0.4506663
test,No Fit,0,0.1279,0.4,0,0.0,0.6672957
test,No Fit,0,0.1035,0.15,-2,0.0,0.37422174
test,No Fit,0,0.0461,0.25,0,0.0,0.43907505
test,No Fit,0,0.0882,0.15,-1,-5.0,0.416126
test,No Fit,0,0.0715,0.6667,0,21.0,0.46046865
test,No Fit,0,0.1319,0.15,0,-1.0,0.44581372
test,No Fit,0,0.0895,0.3,0,0.0,0.5081173
test,No Fit,0,0.1315,0.45,-1,2.0,0.44236004
test,No Fit,0,0.1658,0.45,-1,0.0,0.51140904
test,No Fit,0,0.4114,0.25,1,-3.0,0.6030421
test,No Fit,0,0.1065,0.2,-1,3.0,0.4412973
test,No Fit,0,0.1313,0.3,0,-4.0,0.4189384
test,No Fit,0,0.5265,0.45,0,-4.0,0.63341224
test,No Fit,0,0.0796,0.25,-1,-10.0,0.4402645
test,No Fit,0,0.1222,0.25,1,5.0,0.5107957
test,No Fit,0,0.0705,0.4,0,3.0,0.41326016
test,No Fit,0,0.0192,0.1667,1,0.0,0.47552004
test,No Fit,0,0.1393,0.2,0,5.0,0.4275247
test,No Fit,0,0.1108,0.4,0,-12.0,0.46191958
test,No Fit,0,0.0161,0.05,0,10.0,0.3768341
test,No Fit,0,0.1154,0.2,-2,12.0,0.37904435
test,No Fit,0,0.065,0.25,0,5.0,0.37150198
test,No Fit,0,0.0829,0.4,-1,5.0,0.34718785
test,No Fit,0,0.1058,0.4,-2,-5.0,0.39658153
test,No Fit,0,0.1237,0.45,1,-12.0,0.41575426
test,No Fit,0,0.0772,0.15,0,-12.0,0.32177475
test,No Fit,0,0.075,0.25,0,0.0,0.4645996
test,No Fit,0,0.1057,0.25,1,5.0,0.5441979
test,No Fit,0,0.1924,0.45,1,3.0,0.41459817
test,No Fit,0,0.0771,0.4,0,7.0,0.35298985
test,No Fit,0,0.0566,0.15,1,5.0,0.33445737
test,No Fit,0,0.0781,0.3,1,6.0,0.44307345
test,No Fit,0,0.0594,0.35,-1,-10.0,0.5141828
test,No Fit,0,0.1285,0.25,-1,-1.0,0.30573347
test,No Fit,0,0.1228,0.3,0,-3.0,0.407807
test,No Fit,0,0.1017,0.45,-2,-5.0,0.4695638
test,No Fit,0,0.103,0.25,-1,-10.0,0.50074786
test,No Fit,0,0.2042,0.5,0,-10.0,0.5117228
test,No Fit,0,0.049,0.2,-1,0.0,0.3629228
test,No Fit,0,0.0637,0.05,-1,-6.0,0.29941916
test,No Fit,0,0.124,0.25,0,-10.0,0.29940945
test,No Fit,0,0.1872,0.6,-1,-2.0,0.41037366
test,No Fit,0,0.0099,0.0,0,4.0,0.34148884
test,No Fit,0,0.1345,0.55,-1,0.0,0.5081768
test,No Fit,0,0.1434,0.5,0,-4.0,0.5334471
test,No Fit,0,0.065,0.35,1,0.0,0.3657713
test,No Fit,0,0.0297,0.25,0,3.0,0.33352995
test,No Fit,0,0.1483,0.4,0,-3.0,0.55002284
test,No Fit,0,0.0307,0.05,-1,12.0,0.23783286
test,No Fit,0,0.2074,0.3,0,-9.0,0.4000513
test,No Fit,0,0.0949,0.3,0,-4.0,0.38958883
test,No Fit,0,0.031,0.1,-2,11.0,0.23980087
test,No Fit,0,0.0385,0.2,-1,0.0,0.3016358
test,No Fit,0,0.1518,0.15,-1,-4.0,0.47717047
test,No Fit,0,0.146,0.4,0,-3.0,0.55002284
test,No Fit,0,0.2,0.45,-1,0.0,0.5704247
test,No Fit,0,0.0548,0.1,-3,-2.0,0.21148124
test,No Fit,0,0.3428,0.35,0,-1.0,0.51561344
test,No Fit,0,0.0469,0.45,0,0.0,0.4305706
test,No Fit,0,0.0862,0.6667,0,8.0,0.52802175
test,No Fit,0,0.0819,0.25,-1,-12.0,0.2538776
test,No Fit,0,0.1489,0.6,1,0.0,0.5731097
test,No Fit,0,0.0982,0.2,0,4.0,0.4723331
test,No Fit,0,0.1276,0.35,0,3.0,0.5063999
test,No Fit,0,0.014,0.3333,0,12.0,0.43619177
test,No Fit,0,0.0531,0.6667,1,7.0,0.4616449
test,No Fit,0,0.1238,0.5,0,1.0,0.50233614
test,No Fit,0,0.1022,0.6667,1,11.0,0.56784433
test,No Fit,0,0.2151,0.35,-1,0.0,0.45787334
test,No Fit,0,0.0686,0.35,-2,0.0,0.4136198
test,No Fit,0,0.0986,0.6667,0,2.0,0.48997104
test,No Fit,0,0.0261,0.2,-3,-6.0,0.47312626
test,No Fit,0,0.1607,0.8333,0,0.0,0.49234557
test,No Fit,0,0.085,0.2,0,21.0,0.5063099
test,No Fit,0,0.0095,0.1667,0,0.0,0.3845214
test,No Fit,0,0.0897,0.15,0,-9.0,0.26943558
test,No Fit,0,0.0872,0.2,0,-12.0,0.43605024
test,No Fit,0,0.1168,0.25,0,10.0,0.4334157
test,No Fit,0,0.5291,0.6,1,-10.0,0.6483087
test,No Fit,0,0.0835,0.45,-1,0.0,0.4003988
test,No Fit,0,0.1136,0.35,0,0.0,0.4683838
test,No Fit,0,0.0747,0.55,1,9.0,0.5807352
test,No Fit,0,0.1501,0.4,0,0.0,0.58122635
test,No Fit,0,0.0798,0.35,0,5.0,0.39475155
test,No Fit,0,0.1005,0.5,1,7.0,0.47085577
test,No Fit,0,0.1068,0.4,1,7.0,0.5047704
test,No Fit,0,0.1165,0.25,-1,-10.0,0.46296415
test,No Fit,0,0.1794,0.1,-1,1.0,0.50018245
test,No Fit,0,0.1366,0.45,0,6.0,0.5918398
test,No Fit,0,0.0985,0.3,0,7.0,0.51721466
test,No Fit,0,0.1678,0.6,-1,7.0,0.33735564
test,No Fit,0,0.0352,0.1,0,21.0,0.5428792
test,No Fit,0,0.0328,0.25,0,7.0,0.25193554
test,No Fit,0,0.0187,0.5,0,0.0,0.2687688
test,No Fit,0,0.0967,0.45,0,0.0,0.56562024
test,No Fit,0,0.0816,0.25,0,-4.0,0.28049076
test,No Fit,0,0.3967,0.45,0,-10.0,0.68418765
test,No Fit,0,0.0817,0.6667,0,6.0,0.46919137
test,No Fit,0,0.0626,0.2,0,-5.0,0.3687119
test,No Fit,0,0.0888,0.35,0,-6.0,0.5033172
test,No Fit,0,0.2838,0.2,-1,17.0,0.5607897
test,No Fit,0,0.0889,0.3,-1,-2.0,0.42545462
test,No Fit,0,0.1098,0.2,-1,-6.0,0.38322493
test,No Fit,0,0.101,0.2,-1,5.0,0.46120384
test,No Fit,0,0.2009,0.5,-1,-10.0,0.60239565
test,No Fit,0,0.1459,0.6,0,7.0,0.5025457
test,No Fit,0,0.1375,0.4,0,11.0,0.5563021
test,No Fit,0,0.0712,0.3,-2,-2.0,0.31645274
test,No Fit,0,0.1099,0.2,0,-3.0,0.28983873
test,No Fit,0,0.3279,0.8,1,0.0,0.58647054
test,No Fit,0,0.1001,0.5,-2,0.0,0.35984278
test,No Fit,0,0.1425,0.25,-1,-10.0,0.46460187
test,No Fit,0,0.035,0.3333,0,12.0,0.16257869
test,No Fit,0,0.1161,0.25,-2,21.0,0.443574
test,No Fit,0,0.5824,0.4,0,-6.0,0.7492379
test,No Fit,0,0.1066,0.45,-1,3.0,0.3098905
test,No Fit,0,0.1855,0.3,-1,6.0,0.50776637
test,No Fit,0,0.1142,0.4,0,0.0,0.38155723
test,No Fit,0,0.0599,0.25,-1,-5.0,0.37677318
test,No Fit,0,0.0622,0.15,-1,-10.0,0.22965245
test,No Fit,0,0.1196,0.25,-1,-10.0,0.25034833
test,No Fit,0,0.1152,0.35,-1,-10.0,0.6151389
test,No Fit,0,0.0828,0.35,-2,21.0,0.29173824
test,No Fit,0,0.2205,0.4,0,-5.0,0.46653506
test,No Fit,0,0.0758,0.15,-1,-3.0,0.35263366
test,No Fit,0,0.1272,0.25,0,-9.0,0.22922894
test,No Fit,0,0.2249,0.45,0,-3.0,0.42004195
test,No Fit,0,0.0518,0.2,-2,3.0,0.27339894
test,No Fit,0,0.2215,0.65,0,4.0,0.6040764
test,No Fit,0,0.0592,0.05,0,8.0,0.2914177
test,No Fit,0,0.0378,0.4,-3,-6.0,0.41000336
test,No Fit,0,0.1201,0.3,-1,-10.0,0.38310462
test,No Fit,0,0.091,0.55,0,0.0,0.39107123
test,No Fit,0,0.1433,0.3,0,0.0,0.51432943
test,No Fit,0,0.0964,1.0,0,7.0,0.44424394
test,No Fit,0,0.106,0.1,0,5.0,0.48729286
test,No Fit,0,0.004,0.0,0,22.0,0.28389797
test,No Fit,0,0.0435,0.3,1,6.0,0.35710585
test,No Fit,0,0.1155,0.45,0,-1.0,0.50568414
test,No Fit,0,0.0781,0.8333,0,8.0,0.56386733
test,No Fit,0,0.0543,0.3,1,-2.0,0.19283628
test,No Fit,0,0.1472,0.35,0,0.0,0.30006748
test,No Fit,0,0.1952,0.4,-1,5.0,0.51646626
test,No Fit,0,0.1042,0.8333,0,0.0,0.51549745
test,No Fit,0,0.1587,0.2667,-1,17.0,0.4897107
test,No Fit,0,0.0814,0.6667,1,5.0,0.55944914
test,No Fit,0,0.1745,0.4,-1,-10.0,0.50698674
test,No Fit,0,0.1186,0.45,0,5.0,0.5695112
test,No Fit,0,0.1539,0.55,-1,6.0,0.44352156
test,No Fit,0,0.1016,0.5,-2,6.0,0.31830126
test,No Fit,0,0.12,0.4,0,0.0,0.50044525
test,No Fit,0,0.1562,0.5,0,8.0,0.54585826
test,No Fit,0,0.0038,0.0,0,12.0,0.3037812
test,No Fit,0,0.0429,0.2,0,10.0,0.34165454
test,No Fit,0,0.2336,0.5,1,0.0,0.6205493
test,No Fit,0,0.1013,0.35,0,1.0,0.26704556
test,No Fit,0,0.0879,0.45,-1,-2.0,0.30146694
test,No Fit,0,0.1197,0.3,0,-1.0,0.54787576
test,No Fit,0,0.0995,0.2,-1,0.0,0.63908637
test,No Fit,0,0.2089,0.4,0,2.0,0.5348413
test,No Fit,0,0.0648,0.05,-1,0.0,0.32800925
test,No Fit,0,0.1437,0.3,-1,-10.0,0.57849306
test,No Fit,0,0.227,0.5,0,-10.0,0.4468143
test,No Fit,0,0.0392,0.5,0,13.0,0.35601404
test,No Fit,0,0.0294,0.05,-1,11.0,0.122528605
test,No Fit,0,0.0581,0.25,1,0.0,0.5333476
test,No Fit,0,0.0052,0.1667,1,0.0,0.46821702
test,No Fit,0,0.0826,0.15,0,-3.0,0.34604824
test,No Fit,0,0.1567,0.3,-3,0.0,0.4170819
test,No Fit,0,0.1301,0.4,0,-4.0,0.31853765
test,No Fit,0,0.034,0.1,0,25.0,0.26621306
test,No Fit,0,0.0767,0.2,0,12.0,0.31899452
test,No Fit,0,0.0681,0.25,0,5.0,0.3610319
test,No Fit,0,0.1939,0.65,0,-12.0,0.53692234
test,No Fit,0,0.168,0.4,0,-3.0,0.23223935
test,No Fit,0,0.0815,0.15,0,-3.0,0.35501435
test,No Fit,0,0.0487,0.1,0,-1.0,0.27828795
test,No Fit,0,0.0661,0.25,-1,-1.0,0.2913359
test,No Fit,0,0.1397,0.3,0,5.0,0.51961577
test,No Fit,0,0.0525,0.25,-1,0.0,0.23353177
test,No Fit,0,0.2297,0.8,1,0.0,0.49122453
test,No Fit,0,0.0944,0.4,0,-4.0,0.4578825
test,No Fit,0,0.0862,0.35,-2,0.0,0.3743974
test,No Fit,0,0.1123,0.45,0,-1.0,0.46518755
test,No Fit,0,0.0113,0.3333,1,4.0,0.41273355
test,No Fit,0,0.1381,0.2,-2,8.0,0.46866244
test,No Fit,0,0.1315,0.35,0,1.0,0.4285703
test,No Fit,0,0.1062,0.3,1,-5.0,0.6617108
test,No Fit,0,0.1845,0.55,0,0.0,0.44297975
test,No Fit,0,0.1138,0.15,1,4.0,0.5871912
test,No Fit,0,0.202,0.3,0,4.0,0.6055567
test,No Fit,0,0.041,0.5,0,9.0,0.21933019
test,No Fit,0,0.1173,0.3,-1,10.0,0.35535973
test,No Fit,0,0.0361,0.3333,0,12.0,0.17666423
test,No Fit,0,0.149,0.8333,1,13.0,0.59035766
test,No Fit,0,0.0774,0.25,0,4.0,0.41213402
test,No Fit,0,0.1193,0.55,0,-4.0,0.503567
test,No Fit,0,0.0983,0.15,0,-3.0,0.4493361
test,No Fit,0,0.0955,0.3,-1,0.0,0.4939958
test,No Fit,0,0.1608,0.4,-1,9.0,0.47187862
test,No Fit,0,0.1153,0.4,0,0.0,0.5147097
test,No Fit,0,0.1194,0.25,0,-11.0,0.32410756
test,No Fit,0,0.0953,0.3333,0,4.0,0.6154938
test,No Fit,0,0.0542,0.2,0,8.0,0.48138446
test,No Fit,0,0.1278,0.35,0,-3.0,0.47275978
test,No Fit,0,0.0451,0.25,0,8.0,0.38068956
test,No Fit,0,0.1079,0.5,0,9.0,0.4873382
test,No Fit,0,0.6047,0.5,0,5.0,0.65034866
test,No Fit,0,0.1643,0.4,0,3.0,0.4100459
test,No Fit,0,0.0647,0.25,-2,10.0,0.27983874
test,No Fit,0,0.1018,0.45,-2,-5.0,0.44998565
test,No Fit,0,0.0784,0.25,0,0.0,0.3323018
test,No Fit,0,0.116,0.3,0,-12.0,0.40965322
test,No Fit,0,0.076,0.25,0,0.0,0.5207069
test,No Fit,0,0.0504,0.35,0,2.0,0.3410086
test,No Fit,0,0.2367,0.6,-1,7.0,0.5211595
test,No Fit,0,0.0696,0.4167,0,0.0,0.33535787
test,No Fit,0,0.0647,0.2,0,0.0,0.33157092
test,No Fit,0,0.0734,0.35,0,21.0,0.43187043
test,No Fit,0,0.0371,0.1,-1,-10.0,0.31478798
test,No Fit,0,0.0463,0.05,0,0.0,0.28200322
test,No Fit,0,0.0932,0.15,1,-10.0,0.51118886
test,No Fit,0,0.0845,0.25,0,9.0,0.37032795
test,No Fit,0,0.0548,0.2,-1,0.0,0.54625946
test,No Fit,0,0.2433,0.35,-1,5.0,0.52605665
test,No Fit,0,0.107,0.15,0,7.0,0.4258116
test,No Fit,0,0.0994,0.35,0,-5.0,0.37726322
test,No Fit,0,0.1427,0.3,-1,-2.0,0.48730683
test,No Fit,0,0.074,0.45,1,0.0,0.28999868
test,No Fit,0,0.0755,0.6667,0,0.0,0.53644276
test,No Fit,0,0.0764,0.45,-1,5.0,0.3279383
test,No Fit,0,0.145,0.45,0,10.0,0.4978885
test,No Fit,0,0.0498,0.25,0,5.0,0.48710427
test,No Fit,0,0.1367,0.55,-2,6.0,0.3842696
test,No Fit,0,0.107,0.4,0,0.0,0.536906
test,No Fit,0,0.141,0.45,0,0.0,0.33476365
test,No Fit,0,0.1287,0.5,-1,0.0,0.5341517
test,No Fit,0,0.0627,0.2,-2,3.0,0.19259131
test,No Fit,0,0.1238,0.6667,0,5.0,0.6267518
test,No Fit,0,0.1192,0.6667,1,0.0,0.5345049
test,No Fit,0,0.0852,0.2,0,-5.0,0.44836715
test,No Fit,0,0.0743,0.2,0,4.0,0.34778878
test,No Fit,0,0.0798,0.3,0,0.0,0.45516446
test,No Fit,0,0.1037,0.4,1,7.0,0.5047704
test,No Fit,0,0.0658,0.2,1,-10.0,0.32469207
test,No Fit,0,0.1383,0.5,0,4.0,0.41918713
test,No Fit,0,0.091,0.3,0,10.0,0.327517
test,No Fit,0,0.1048,0.5,0,12.0,0.3384967
test,No Fit,0,0.091,0.45,0,-4.0,0.43813628
test,No Fit,0,0.1159,0.3,1,-7.0,0.41698632
test,No Fit,0,0.1873,0.6667,0,8.0,0.5708302
test,No Fit,0,0.0864,0.2,-2,0.0,0.4178688
test,No Fit,0,0.2064,0.6667,0,9.0,0.7301495
test,No Fit,0,0.1278,0.25,0,0.0,0.52083385
test,No Fit,0,0.088,0.3,0,9.0,0.4558255
test,No Fit,0,0.0324,0.3333,-1,0.0,0.15664262
test,No Fit,0,0.1388,0.5,0,-10.0,0.41937464
test,No Fit,0,0.1131,0.15,-1,1.0,0.48489806
test,No Fit,0,0.0476,0.25,0,0.0,0.4612593
test,No Fit,0,0.1186,0.45,-2,0.0,0.51044065
test,No Fit,0,0.0834,0.1,-2,10.0,0.33057842
test,No Fit,0,0.0788,0.35,0,-3.0,0.40332916
test,No Fit,0,0.0845,0.25,1,-4.0,0.34507403
test,No Fit,0,0.0744,0.3,1,5.0,0.6102629
test,No Fit,0,0.1233,0.25,0,18.0,0.46885327
test,No Fit,0,0.0446,0.1,-1,-5.0,0.4179112
test,No Fit,0,0.03,0.05,0,12.0,0.35136816
test,No Fit,0,0.0553,0.4,-2,4.0,0.28702617
test,No Fit,0,0.1558,0.4,0,4.0,0.53431
test,No Fit,0,0.099,0.3,1,9.0,0.54422164
test,No Fit,0,0.3221,0.25,0,-5.0,0.53329194
test,No Fit,0,0.1957,0.4,0,-2.0,0.43678516
test,No Fit,0,0.0428,0.15,-2,10.0,0.2844822
test,No Fit,0,0.0211,0.3333,-1,1.0,0.31619987
test,No Fit,0,0.1135,0.3,-1,-3.0,0.5386384
test,No Fit,0,0.132,0.8333,0,10.0,0.60349405
test,No Fit,0,0.3403,0.25,0,4.0,0.5437148
test,No Fit,0,0.0706,0.2,-3,-10.0,0.3435366
test,No Fit,0,0.0369,0.05,-2,3.0,0.32043055
test,No Fit,0,0.1347,0.5,0,-12.0,0.43400788
test,No Fit,0,0.1782,0.5,0,-1.0,0.581445
test,No Fit,0,0.0143,0.3333,0,12.0,0.3833141
test,No Fit,0,0.1971,0.2,-1,-4.0,0.52986956
test,No Fit,0,0.0541,0.5,0,8.0,0.33399376
test,No Fit,0,0.2043,0.4,0,-10.0,0.47963148
test,No Fit,0,0.1145,0.6667,0,11.0,0.48939452
test,No Fit,0,0.1322,0.45,1,-7.0,0.4607569
test,No Fit,0,0.1543,0.5,0,-7.0,0.47812334
test,No Fit,0,0.0621,0.4,0,0.0,0.5124649
test,No Fit,0,0.1484,0.3,0,12.0,0.3965226
test,No Fit,0,0.1705,0.45,0,4.0,0.38460588
test,No Fit,0,0.0541,0.15,0,0.0,0.38071543
test,No Fit,0,0.1812,0.3333,0,4.0,0.47993
test,No Fit,0,0.048,0.2,-3,0.0,0.36505252
test,No Fit,0,0.0701,0.05,-2,14.0,0.49225143
test,No Fit,0,0.1932,0.45,0,-10.0,0.386885
test,No Fit,0,0.0244,0.1,0,3.0,0.33497766
test,No Fit,0,0.1974,0.4,1,0.0,0.46644557
test,No Fit,0,0.0963,0.5,0,-10.0,0.37573165
test,No Fit,0,0.1891,0.6,1,-1.0,0.44086185
test,No Fit,0,0.1593,0.3,0,-5.0,0.39403784
test,No Fit,0,0.146,0.3,0,9.0,0.52227247
test,No Fit,0,0.0971,0.3,-2,-5.0,0.47352752
test,No Fit,0,0.0916,0.25,0,-12.0,0.38289607
test,No Fit,0,0.0674,0.2,1,-5.0,0.48022068
test,No Fit,0,0.1453,0.45,1,-5.0,0.59188694
test,No Fit,0,0.0656,0.15,-2,9.0,0.31556523
test,No Fit,0,0.0804,0.15,-2,-2.0,0.26666653
test,No Fit,0,0.0872,0.15,-2,6.0,0.33495203
test,No Fit,0,0.1369,0.25,0,0.0,0.43997532
test,No Fit,0,0.6088,0.7,0,-5.0,0.6942667
test,No Fit,0,0.1469,0.55,-1,6.0,0.3735188
test,No Fit,0,0.0208,0.3333,0,0.0,0.39975607
test,No Fit,0,0.09,0.25,-1,0.0,0.35962477
test,No Fit,0,0.3322,0.35,1,2.0,0.58053917
test,No Fit,0,0.1193,0.25,0,1.0,0.40282422
test,No Fit,0,0.0879,0.3,-2,4.0,0.25603294
test,No Fit,0,0.1167,0.35,1,-12.0,0.46090227
test,No Fit,0,0.0621,0.05,0,0.0,0.31322294
test,No Fit,0,0.0775,0.35,0,0.0,0.3507191
test,No Fit,0,0.0933,0.25,0,-7.0,0.256818
test,No Fit,0,0.0388,0.2,-2,11.0,0.40214074
test,No Fit,0,0.1556,0.2,0,0.0,0.3531338
test,No Fit,0,0.1326,0.45,-1,-3.0,0.5007259
test,No Fit,0,0.0317,0.25,0,0.0,0.37381446
test,No Fit,0,0.079,0.2,0,-8.0,0.43619955
test,No Fit,0,0.1452,0.4,-1,-10.0,0.4951893
test,No Fit,0,0.0304,0.3333,0,0.0,0.42994466
test,No Fit,0,0.1322,0.25,0,0.0,0.39861393
test,No Fit,0,0.0465,0.15,-2,-10.0,0.55639005
test,No Fit,0,0.1657,0.5,0,14.0,0.5693965
test,No Fit,0,0.1083,0.25,-1,13.0,0.3573651
test,No Fit,0,0.0618,0.25,0,12.0,0.25645986
test,No Fit,0,0.1538,0.4,0,-5.0,0.5352651
test,No Fit,0,0.0389,0.2,-1,0.0,0.31517357
test,No Fit,0,0.2794,0.8333,0,9.0,0.40033406
test,No Fit,0,0.1309,0.4,-1,0.0,0.3087895
test,No Fit,0,0.0839,0.35,-2,5.0,0.34996724
test,No Fit,0,0.1115,0.25,-1,-9.0,0.39464036
test,No Fit,0,0.0413,0.3,0,5.0,0.29701596
test,No Fit,0,0.0724,0.2,-1,-4.0,0.49795228
test,No Fit,0,0.0999,0.15,0,9.0,0.4099375
test,No Fit,0,0.1932,0.45,-2,2.0,0.39992827
test,No Fit,0,0.163,0.6,-1,-10.0,0.52085745
test,No Fit,0,0.0881,0.35,-1,0.0,0.33570883
test,No Fit,0,0.5338,0.45,1,-4.0,0.60242164
test,No Fit,0,0.0924,0.5,-2,14.0,0.38125217
test,No Fit,0,0.1149,0.4,-1,0.0,0.56271684
test,No Fit,0,0.1455,0.35,0,-8.0,0.41818407
test,No Fit,0,0.0383,0.3,-1,0.0,0.47061083
test,No Fit,0,0.0744,0.3,0,22.0,0.39689994
test,No Fit,0,0.0315,0.3333,0,4.0,0.41367835
test,No Fit,0,0.1665,0.35,0,-12.0,0.4395644
test,No Fit,0,0.2601,0.45,1,-9.0,0.40670043
test,No Fit,0,0.1813,0.35,1,7.0,0.57458633
test,No Fit,0,0.0954,0.4,-1,0.0,0.4792234
test,No Fit,0,0.0649,0.5,0,4.0,0.33655825
test,No Fit,0,0.0976,0.8333,0,11.0,0.43929955
test,No Fit,0,0.4624,0.45,1,-5.0,0.6321131
test,No Fit,0,0.0523,0.15,-1,-5.0,0.44593772
test,No Fit,0,0.0926,0.2,-2,7.0,0.48799914
test,No Fit,0,0.1422,0.4,1,-9.0,0.42106313
test,No Fit,0,0.1538,0.6667,0,11.0,0.5826937
test,No Fit,0,0.1348,0.45,0,9.0,0.4725507
test,No Fit,0,0.2071,0.15,0,-10.0,0.41356862
test,No Fit,0,0.0585,0.45,1,0.0,0.40658152
test,No Fit,0,0.0889,0.2,0,8.0,0.4357013
test,No Fit,0,0.0872,0.5,0,0.0,0.31888053
test,No Fit,0,0.0898,0.25,0,21.0,0.46388423
test,No Fit,0,0.1735,0.25,0,5.0,0.51428735
test,No Fit,0,0.1198,0.6,-1,-10.0,0.3922394
test,No Fit,0,0.1008,0.55,0,0.0,0.5297943
test,No Fit,0,0.0783,0.8333,0,0.0,0.4226184
test,No Fit,0,0.4524,0.35,0,-5.0,0.76312315
test,No Fit,0,0.1267,0.45,0,-12.0,0.40397125
test,No Fit,0,0.0285,0.2,0,0.0,0.23373245
test,No Fit,0,0.105,0.25,1,2.0,0.44553614
test,No Fit,0,0.041,0.1,-2,9.0,0.18646479
test,No Fit,0,0.0938,0.2,0,-8.0,0.32556587
test,No Fit,0,0.1071,0.1,-2,0.0,0.27080256
test,No Fit,0,0.1105,0.8333,0,10.0,0.45709497
test,No Fit,0,0.1211,0.2,0,0.0,0.46819684
test,No Fit,0,0.056,0.1667,0,4.0,0.25669512
test,No Fit,0,0.0749,0.45,1,9.0,0.44694546
test,No Fit,0,0.0416,0.25,-1,6.0,0.14651701
test,No Fit,0,0.0519,0.1,-1,15.0,0.36480755
test,No Fit,0,0.1032,0.4,-2,0.0,0.16265431
test,No Fit,0,0.2273,0.5,0,-12.0,0.45827603
test,No Fit,0,0.0515,0.35,1,7.0,0.12823392
test,No Fit,0,0.0494,0.15,-1,3.0,0.18272397
test,No Fit,0,0.155,0.8333,0,0.0,0.5015506
test,No Fit,0,0.1266,0.45,0,-12.0,0.4613655
test,No Fit,0,0.1474,0.25,0,4.0,0.46090147
test,No Fit,0,0.2354,0.65,-1,-5.0,0.57994545
test,No Fit,0,0.0832,0.35,0,10.0,0.3722192
test,No Fit,0,0.0842,0.25,0,9.0,0.46727884
test,No Fit,0,0.0722,0.2,-1,-10.0,0.33687204
test,No Fit,0,0.132,0.35,-1,0.0,0.42987633
test,No Fit,0,0.0758,0.7,0,-3.0,0.2821057
test,No Fit,0,0.1696,0.15,0,4.0,0.5748387
test,No Fit,0,0.23,0.15,0,5.0,0.4415391
test,No Fit,0,0.056,0.25,-1,0.0,0.490242
test,No Fit,0,0.0113,0.3333,1,0.0,0.30685735
test,No Fit,0,0.267,0.8333,0,3.0,0.56655943
test,No Fit,0,0.0841,0.6667,1,6.0,0.49295932
test,No Fit,0,0.0389,0.5,0,0.0,0.48156345
test,No Fit,0,0.1308,0.3,1,1.0,0.4837389
test,No Fit,0,0.1535,0.6,0,-12.0,0.4090891
test,No Fit,0,0.1566,0.25,0,-5.0,0.4366727
test,No Fit,0,0.5317,0.55,0,-5.0,0.6753348
test,No Fit,0,0.1056,0.25,0,0.0,0.5066402
test,No Fit,0,0.0932,0.2,-1,12.0,0.31453264
test,No Fit,0,0.0582,0.1,-1,0.0,0.40878725
test,No Fit,0,0.4331,0.5,0,5.0,0.67098117
test,No Fit,0,0.1319,0.35,0,10.0,0.49235392
test,No Fit,0,0.1011,0.3,1,5.0,0.42192557
test,No Fit,0,0.0498,0.2,1,11.0,0.39811823
test,No Fit,0,0.0724,0.2,-1,-5.0,0.52593684
test,No Fit,0,0.1252,0.25,-1,-3.0,0.44707137
test,No Fit,0,0.0621,0.05,0,3.0,0.39183635
test,No Fit,0,0.1006,0.3,0,-4.0,0.4320848
test,No Fit,0,0.0804,0.2,-2,2.0,0.5100013
test,No Fit,0,0.0699,0.25,-1,17.0,0.44939572
test,No Fit,0,0.0843,0.1,0,11.0,0.3355053
test,No Fit,0,0.174,0.4,1,-12.0,0.41371053
test,No Fit,0,0.1106,0.35,1,-3.0,0.4561486
test,No Fit,0,0.0624,0.5,0,0.0,0.48163635
test,No Fit,0,0.0384,0.6667,1,9.0,0.45560664
test,No Fit,0,0.0582,0.2,-2,19.0,0.1934025
test,No Fit,0,0.0587,0.35,0,1.0,0.42925242
test,No Fit,0,0.1826,0.3,-1,0.0,0.58925676
test,No Fit,0,0.1044,0.2,-1,0.0,0.43241236
test,No Fit,0,0.4192,0.3,0,-5.0,0.60192585
test,No Fit,0,0.0506,0.2,-2,0.0,0.3798118
test,No Fit,0,0.1037,0.4,-1,0.0,0.26276034
test,No Fit,0,0.0551,0.6667,0,2.0,0.2704898
test,No Fit,0,0.1265,0.4,-2,-5.0,0.3188957
test,No Fit,0,0.0985,0.25,0,0.0,0.36939418
test,No Fit,0,0.1064,0.2,-3,0.0,0.4575044
test,No Fit,0,0.1036,0.1,-1,17.0,0.5307187
test,No Fit,0,0.2295,0.1,1,0.0,0.5254153
test,No Fit,0,0.2267,0.25,1,0.0,0.45717782
test,No Fit,0,0.0927,0.2,-2,0.0,0.51671135
test,No Fit,0,0.5098,0.45,0,-10.0,0.76778847
test,No Fit,0,0.0711,0.1,0,1.0,0.4201184
test,No Fit,0,0.0549,0.3,-2,0.0,0.3684357
test,No Fit,0,0.0943,0.15,-1,-10.0,0.50539327
test,No Fit,0,0.1044,0.15,0,0.0,0.31729755
test,No Fit,0,0.1092,0.5,-1,0.0,0.4022033
test,No Fit,0,0.15,0.5,0,-6.0,0.43596315
test,No Fit,0,0.0443,0.2,0,9.0,0.2594211
test,No Fit,0,0.3391,0.25,0,0.0,0.5467156
test,No Fit,0,0.087,0.25,-1,12.0,0.358993
test,No Fit,0,0.1577,0.75,-1,-10.0,0.5569879
test,No Fit,0,0.1178,0.5,1,4.0,0.51601017
test,No Fit,0,0.1787,0.35,-1,-10.0,0.4281783
test,No Fit,0,0.1057,0.8333,0,10.0,0.47367346
test,No Fit,0,0.0652,0.15,0,0.0,0.7174176
test,No Fit,0,0.1648,0.1,-1,-5.0,0.5036497
test,No Fit,0,0.0658,0.1,0,3.0,0.3036285
test,No Fit,0,0.4245,0.5,1,0.0,0.5304111
test,No Fit,0,0.0353,0.1,0,11.0,0.23656438
test,No Fit,0,0.1557,0.4,1,0.0,0.2858919
test,No Fit,0,0.1864,0.6667,0,5.0,0.60531324
test,No Fit,0,0.2889,0.45,-1,-5.0,0.6161348
test,No Fit,0,0.0962,0.5,0,0.0,0.56757665
test,No Fit,0,0.2234,0.45,1,6.0,0.55226886
test,No Fit,0,0.4339,0.25,0,-1.0,0.5914895
test,No Fit,0,0.137,0.3,1,-3.0,0.574011
test,No Fit,0,0.1643,0.55,0,2.0,0.53471684
test,Good Fit,1,0.1492,0.45,0,0.0,0.46188438
test,Good Fit,1,0.0708,0.25,1,4.0,0.3907041
test,Good Fit,1,0.249,0.3,0,2.0,0.49363962
test,Good Fit,1,0.1694,0.55,-2,5.0,0.74982035
test,Good Fit,1,0.3068,0.25,1,2.0,0.37356305
test,Good Fit,1,0.2535,0.5,1,2.0,0.39649656
test,Good Fit,1,0.0701,0.1333,-1,5.0,0.4694085
test,Good Fit,1,0.19,0.1,0,-2.0,0.44090185
test,Good Fit,1,0.0967,0.2,-1,15.0,0.5266892
test,Good Fit,1,0.1171,0.3,-2,11.0,0.53461576
test,Good Fit,1,0.1025,0.2,0,10.0,0.33499008
test,Good Fit,1,0.1251,0.35,2,10.0,0.6484455
test,Good Fit,1,0.0709,0.2,1,4.0,0.5889095
test,Good Fit,1,0.1012,0.35,0,8.0,0.5012504
test,Good Fit,1,0.2058,0.35,0,-5.0,0.5883539
test,Good Fit,1,0.0526,0.25,-1,0.0,0.40011954
test,Good Fit,1,0.1213,0.2,-2,8.0,0.40941614
test,Good Fit,1,0.0541,0.25,0,0.0,0.37957758
test,Good Fit,1,0.0455,0.05,1,0.0,0.40255123
test,Good Fit,1,0.1404,0.55,0,8.0,0.48370057
test,Good Fit,1,0.1211,0.4,-2,0.0,0.5014996
test,Good Fit,1,0.1345,0.5,-2,9.0,0.43489188
test,Good Fit,1,0.0952,0.35,2,0.0,0.6455015
test,Good Fit,1,0.0867,0.15,2,10.0,0.4863064
test,Good Fit,1,0.1645,0.3,-1,1.0,0.41158894
test,Good Fit,1,0.1068,0.35,-1,12.0,0.45944867
test,Good Fit,1,0.104,0.25,-2,2.0,0.27619842
test,Good Fit,1,0.0594,0.2,-3,0.0,0.43179148
test,Good Fit,1,0.1343,0.15,0,2.0,0.48487094
test,Good Fit,1,0.0902,0.2,-2,8.0,0.4624012
test,Good Fit,1,0.0565,0.2,-1,0.0,0.26136136
test,Good Fit,1,0.4046,0.4,0,-2.0,0.7395359
test,Good Fit,1,0.0565,0.15,-1,-5.0,0.3228067
test,Good Fit,1,0.0911,0.3,2,2.0,0.49369517
test,Good Fit,1,0.1542,0.25,-3,6.0,0.5337367
test,Good Fit,1,0.0625,0.15,0,2.0,0.510582
test,Good Fit,1,0.0438,0.25,0,0.0,0.30204177
test,Good Fit,1,0.279,0.4,1,-5.0,0.4708086
test,Good Fit,1,0.1558,0.2,0,7.0,0.5797188
test,Good Fit,1,0.1237,0.45,-1,-5.0,0.50854635
test,Good Fit,1,0.0523,0.25,0,0.0,0.35144854
test,Good Fit,1,0.0944,0.2,-1,18.0,0.43144742
test,Good Fit,1,0.1306,0.5,-2,0.0,0.40935165
test,Good Fit,1,0.0646,0.35,-4,14.0,0.43865615
test,Good Fit,1,0.0619,0.25,0,7.0,0.35296702
test,Good Fit,1,0.0492,0.35,0,7.0,0.42652875
test,Good Fit,1,0.0608,0.35,-1,4.0,0.3664049
test,Good Fit,1,0.137,0.25,1,14.0,0.4372344
test,Good Fit,1,0.0989,0.45,-1,0.0,0.37641197
test,Good Fit,1,0.0998,0.15,0,0.0,0.6504048
test,Good Fit,1,0.1359,0.25,2,0.0,0.66608024
test,Good Fit,1,0.0618,0.25,-1,2.0,0.3992928
test,Good Fit,1,0.0999,0.15,-1,4.0,0.38754606
test,Good Fit,1,0.0289,0.05,0,11.0,0.33489817
test,Good Fit,1,0.0723,0.25,-1,10.0,0.24417363
test,Good Fit,1,0.1546,0.2,-1,-5.0,0.35635418
test,Good Fit,1,0.1641,0.35,-1,-10.0,0.5072663
test,Good Fit,1,0.0431,0.25,0,21.0,0.36027402
test,Good Fit,1,0.1109,0.45,-1,8.0,0.4943678
test,Good Fit,1,0.1402,0.4,0,8.0,0.4721148
test,Good Fit,1,0.1268,0.2,-1,-1.0,0.39100033
test,Good Fit,1,0.0541,0.35,0,-5.0,0.5785645
test,Good Fit,1,0.0982,0.3,-1,0.0,0.2647807
test,Good Fit,1,0.0912,0.2,-1,17.0,0.5297983
test,Good Fit,1,0.0761,0.3,0,2.0,0.42778993
test,Good Fit,1,0.1096,0.3,-1,-10.0,0.5340488
test,Good Fit,1,0.066,0.25,0,11.0,0.3444304
test,Good Fit,1,0.3024,0.15,0,-5.0,0.450382
test,Good Fit,1,0.1348,0.45,0,0.0,0.2139956
test,Good Fit,1,0.0719,0.05,-1,0.0,0.34239015
test,Good Fit,1,0.0698,0.25,0,14.0,0.49080628
test,Good Fit,1,0.0629,0.3,3,0.0,0.62075984
test,Good Fit,1,0.1658,0.55,-1,0.0,0.40911472
test,Good Fit,1,0.0933,0.7,0,-10.0,0.42828655
test,Good Fit,1,0.0446,0.3,0,0.0,0.29696074
test,Good Fit,1,0.1043,0.35,0,0.0,0.48960203
test,Good Fit,1,0.3803,0.35,-1,7.0,0.5371371
test,Good Fit,1,0.1151,0.25,0,1.0,0.3092308
test,Good Fit,1,0.0516,0.25,-2,-2.0,0.31114516
test,Good Fit,1,0.086,0.55,-1,0.0,0.3169213
test,Good Fit,1,0.0933,0.25,0,6.0,0.5352063
test,Good Fit,1,0.0946,0.2,0,-3.0,0.3813304
test,Good Fit,1,0.0321,0.25,0,0.0,0.297693
test,Good Fit,1,0.2833,0.5333,1,7.0,0.44335294
test,Good Fit,1,0.1314,0.45,-2,0.0,0.45290074
test,Good Fit,1,0.119,0.3,-2,9.0,0.37855253
test,Good Fit,1,0.2034,0.6,0,6.0,0.40812963
test,Good Fit,1,0.0726,0.35,0,10.0,0.37345436
test,Good Fit,1,0.0379,0.2,0,11.0,0.398894
test,Good Fit,1,0.1097,0.45,0,11.0,0.4885772
test,Good Fit,1,0.1283,0.15,2,3.0,0.21487078
test,Good Fit,1,0.0615,0.1,-3,0.0,0.3704619
test,Good Fit,1,0.066,0.1,-2,11.0,0.16595262
test,Good Fit,1,0.4983,0.4,-2,4.0,0.63078
test,Good Fit,1,0.0831,0.25,-1,-1.0,0.4125448
test,Good Fit,1,0.1364,0.4,0,6.0,0.5685516
test,Good Fit,1,0.0902,0.45,-1,14.0,0.46898907
test,Good Fit,1,0.1258,0.5,-2,11.0,0.34959045
test,Good Fit,1,0.2725,0.45,0,0.0,0.5390228
test,Good Fit,1,0.1557,0.35,-1,6.0,0.55862135
test,Good Fit,1,0.0543,0.15,-1,4.0,0.3500616
test,Good Fit,1,0.098,0.4,0,0.0,0.41040778
test,Good Fit,1,0.2707,0.55,1,2.0,0.39649656
test,Good Fit,1,0.0862,0.25,0,-10.0,0.30761033
test,Good Fit,1,0.0748,0.2,-1,5.0,0.4756339
test,Good Fit,1,0.1134,0.45,-2,0.0,0.4117061
test,Good Fit,1,0.0988,0.2,-1,-2.0,0.44834596
test,Good Fit,1,0.0988,0.2,0,2.0,0.48374745
test,Good Fit,1,0.1355,0.3,2,0.0,0.58136183
test,Good Fit,1,0.0569,0.15,-2,22.0,0.29212743
test,Good Fit,1,0.0719,0.45,1,5.0,0.397011
test,Good Fit,1,0.1235,0.55,-1,9.0,0.3525924
test,Good Fit,1,0.0477,0.25,0,0.0,0.3190473
test,Good Fit,1,0.0896,0.3,0,9.0,0.36077017
test,Good Fit,1,0.0998,0.2,0,0.0,0.44430095
test,Good Fit,1,0.1181,0.5,-1,-10.0,0.38056892
test,Good Fit,1,0.2912,0.65,0,0.0,0.58797467
test,Good Fit,1,0.1352,0.4,0,0.0,0.5497492
test,Good Fit,1,0.1226,0.3,1,11.0,0.2839793
test,Good Fit,1,0.1051,0.2,1,10.0,0.3694109
test,Good Fit,1,0.1206,0.35,0,12.0,0.4214391
test,Good Fit,1,0.1518,0.45,2,2.0,0.6650547
test,Good Fit,1,0.536,0.35,1,-10.0,0.720479
test,Good Fit,1,0.1249,0.5,0,21.0,0.42878973
test,Good Fit,1,0.1159,0.4,1,5.0,0.59926206
test,Good Fit,1,0.1295,0.45,0,0.0,0.47301257
test,Good Fit,1,0.082,0.3,-2,7.0,0.3779505
test,Good Fit,1,0.0897,0.35,-1,9.0,0.48816466
test,Good Fit,1,0.1626,0.25,0,-1.0,0.3584751
test,Good Fit,1,0.0962,0.45,0,8.0,0.29917622
test,Good Fit,1,0.0634,0.35,0,6.0,0.3453223
test,Good Fit,1,0.0392,0.15,0,11.0,0.44167563
test,Good Fit,1,0.1178,0.3333,0,0.0,0.5135281
test,Good Fit,1,0.0793,0.25,0,0.0,0.6669357
test,Good Fit,1,0.0963,0.25,0,0.0,0.28358698
test,Good Fit,1,0.0552,0.05,-2,5.0,0.37803552
test,Good Fit,1,0.1449,0.3,0,12.0,0.3917343
test,Good Fit,1,0.217,0.65,1,7.0,0.50345784
test,Good Fit,1,0.0553,0.3,1,9.0,0.33610317
test,Good Fit,1,0.0704,0.2,-2,4.0,0.51895344
test,Good Fit,1,0.1278,0.15,1,2.0,0.3044063
test,Good Fit,1,0.0632,0.4,-2,8.0,0.4299618
test,Good Fit,1,0.0855,0.2,-2,0.0,0.34521013
test,Good Fit,1,0.0259,0.3333,-2,4.0,0.26955038
test,Good Fit,1,0.121,0.3,-2,13.0,0.27600607
test,Good Fit,1,0.1275,0.25,0,-3.0,0.46011657
test,Good Fit,1,0.0945,0.2,-2,8.0,0.4388064
test,Good Fit,1,0.257,0.25,0,-5.0,0.4368071
test,Good Fit,1,0.1889,0.45,2,5.0,0.65390503
test,Good Fit,1,0.1393,0.45,0,2.0,0.67838305
test,Good Fit,1,0.1022,0.35,-2,-3.0,0.41203874
test,Good Fit,1,0.0641,0.2,1,5.0,0.29571897
test,Good Fit,1,0.0712,0.3,1,-5.0,0.33530867
test,Good Fit,1,0.0966,0.3,0,10.0,0.42239487
test,Good Fit,1,0.0741,0.3,-2,11.0,0.35246843
test,Good Fit,1,0.0525,0.35,-1,13.0,0.16805057
test,Good Fit,1,0.1288,0.05,0,-6.0,0.44747287
test,Good Fit,1,0.0869,0.25,-1,3.0,0.32602042
test,Good Fit,1,0.1929,0.4,0,4.0,0.40097055
test,Good Fit,1,0.0403,0.2,-1,1.0,0.4499548
test,Good Fit,1,0.0721,0.35,-2,4.0,0.35508475
test,Good Fit,1,0.1381,0.25,-2,8.0,0.41752875
test,Good Fit,1,0.0916,0.4,0,22.0,0.49839076
test,Good Fit,1,0.1135,0.3,0,-10.0,0.48535365
test,Good Fit,1,0.1243,0.25,0,-3.0,0.43997428
test,Good Fit,1,0.037,0.05,0,0.0,0.4244042
test,Good Fit,1,0.051,0.15,-2,0.0,0.2752475
test,Good Fit,1,0.068,0.25,-2,0.0,0.27830774
test,Good Fit,1,0.0943,0.4,0,0.0,0.44091374
test,Good Fit,1,0.063,0.35,0,8.0,0.40802315
test,Good Fit,1,0.134,0.45,-1,0.0,0.36026356
test,Good Fit,1,0.1151,0.45,0,0.0,0.35755515
test,Good Fit,1,0.4484,0.45,-2,0.0,0.67351437
test,Good Fit,1,0.294,0.85,2,0.0,0.7048663
test,Good Fit,1,0.0699,0.1,0,11.0,0.3918355
test,Good Fit,1,0.0612,0.25,0,-5.0,0.38774005
test,Good Fit,1,0.1578,0.5,0,2.0,0.49407986
test,Good Fit,1,0.0979,0.55,-1,0.0,0.2977736
test,Good Fit,1,0.1699,0.35,0,6.0,0.42857313
test,Good Fit,1,0.112,0.35,-1,4.0,0.35574794
test,Good Fit,1,0.2372,0.85,2,9.0,0.67820764
test,Good Fit,1,0.1388,0.25,-1,1.0,0.41572663
test,Good Fit,1,0.1187,0.35,-3,0.0,0.5479522
test,Good Fit,1,0.1163,0.45,-1,2.0,0.4391336
test,Good Fit,1,0.0441,0.15,0,12.0,0.41534913
test,Good Fit,1,0.0803,0.1,-1,5.0,0.37488377
test,Good Fit,1,0.0983,0.4,-2,4.0,0.2998452
test,Good Fit,1,0.0652,0.2,-1,2.0,0.23195326
test,Good Fit,1,0.1048,0.25,-2,12.0,0.39263612
test,Good Fit,1,0.1998,0.2667,-1,5.0,0.49580324
test,Good Fit,1,0.447,0.25,0,4.0,0.63021404
test,Good Fit,1,0.0761,0.15,-1,0.0,0.4294685
test,Good Fit,1,0.1921,0.15,-1,22.0,0.3594175
test,Good Fit,1,0.3107,0.3,1,0.0,0.39558482
test,Good Fit,1,0.0515,0.2,1,0.0,0.34502196
test,Good Fit,1,0.1036,0.1,0,5.0,0.40397033
test,Good Fit,1,0.0718,0.2,-1,5.0,0.32728094
test,Good Fit,1,0.0634,0.2,-1,0.0,0.4246937
test,Good Fit,1,0.134,0.5,-2,7.0,0.41010207
test,Good Fit,1,0.0651,0.15,1,-5.0,0.30852556
test,Good Fit,1,0.0996,0.5,-1,-2.0,0.37315226
test,Good Fit,1,0.3194,0.25,1,1.0,0.44256806
test,Good Fit,1,0.1072,0.1,0,19.0,0.42651016
test,Good Fit,1,0.0771,0.3,-1,13.0,0.09607521
test,Good Fit,1,0.1314,0.2,-3,5.0,0.4762682
test,Good Fit,1,0.1205,0.4,-2,9.0,0.5401204
test,Good Fit,1,0.045,0.25,0,0.0,0.33122188
test,Good Fit,1,0.3808,0.3,-2,0.0,0.5755974
test,Good Fit,1,0.0467,0.25,-2,-7.0,0.3162073
test,Good Fit,1,0.2044,0.55,1,6.0,0.40709138
test,Good Fit,1,0.0482,0.3,0,0.0,0.4215854
test,Good Fit,1,0.0851,0.4,-1,4.0,0.3199762
test,Good Fit,1,0.1621,0.25,0,5.0,0.38928506
test,Good Fit,1,0.2399,0.6,0,5.0,0.66682756
test,Good Fit,1,0.1641,0.45,0,7.0,0.49522755
test,Good Fit,1,0.0859,0.15,-2,2.0,0.3354965
test,Good Fit,1,0.0735,0.2,-2,5.0,0.33888444
test,Good Fit,1,0.1042,0.25,-1,0.0,0.40129158
test,Good Fit,1,0.0794,0.2,0,7.0,0.3851652
test,Good Fit,1,0.1469,0.25,-1,17.0,0.28415036
test,Good Fit,1,0.2585,0.3,1,2.0,0.47713727
test,Good Fit,1,0.0739,0.3,0,9.0,0.4928051
test,Good Fit,1,0.1622,0.45,-1,4.0,0.4910992
test,Good Fit,1,0.1305,0.15,-1,-6.0,0.26055947
test,Good Fit,1,0.0824,0.25,0,0.0,0.30033448
test,Good Fit,1,0.084,0.2,-2,12.0,0.33637014
test,Good Fit,1,0.2019,0.5,0,6.0,0.45973504
test,Good Fit,1,0.1386,0.4,0,4.0,0.45833713
test,Good Fit,1,0.1447,0.45,0,8.0,0.35708752
test,Good Fit,1,0.056,0.15,-2,8.0,0.45363346
test,Good Fit,1,0.0503,0.25,0,0.0,0.31491646
test,Good Fit,1,0.3178,0.25,0,10.0,0.36213946
test,Good Fit,1,0.043,0.25,0,0.0,0.30977577
test,Good Fit,1,0.1375,0.4667,1,9.0,0.511758
test,Good Fit,1,0.0646,0.25,-2,0.0,0.3291188
test,Good Fit,1,0.1093,0.15,-2,2.0,0.461949
test,Good Fit,1,0.0537,0.15,0,7.0,0.3700992
test,Good Fit,1,0.0816,0.4,-1,-5.0,0.3583242
test,Good Fit,1,0.0889,0.4,0,11.0,0.52699286
test,Good Fit,1,0.0631,0.3,-1,12.0,0.21465962
test,Good Fit,1,0.1077,0.15,0,10.0,0.28536323
test,Good Fit,1,0.232,0.7,3,0.0,0.72310334
test,Good Fit,1,0.1604,0.35,-1,6.0,0.38563812
test,Good Fit,1,0.1169,0.55,-2,8.0,0.37871307
test,Good Fit,1,0.06,0.1,-1,0.0,0.3649119
test,Good Fit,1,0.2423,0.7,1,7.0,0.37637198
test,Good Fit,1,0.3574,0.3,-2,3.0,0.61221135
test,Good Fit,1,0.0926,0.4,0,0.0,0.38011584
test,Good Fit,1,0.0706,0.2,1,0.0,0.37446004
test,Good Fit,1,0.4207,0.25,-2,6.0,0.6778396
test,Good Fit,1,0.0627,0.15,-1,-5.0,0.2975089
test,Good Fit,1,0.1098,0.2,-2,5.0,0.40185463
test,Good Fit,1,0.0768,0.35,1,5.0,0.40078816
test,Good Fit,1,0.0915,0.15,-1,3.0,0.33102876
test,Good Fit,1,0.1371,0.4,1,9.0,0.46057436
test,Good Fit,1,0.0678,0.2,0,21.0,0.3169763
test,Good Fit,1,0.044,0.1,1,0.0,0.4740407
test,Good Fit,1,0.0562,0.1,1,3.0,0.304223
test,Good Fit,1,0.0542,0.15,-2,0.0,0.2646936
test,Good Fit,1,0.1258,0.45,0,0.0,0.4858112
test,Good Fit,1,0.0616,0.15,0,0.0,0.3351271
test,Good Fit,1,0.1512,0.4,-1,0.0,0.47981006
test,Good Fit,1,0.0817,0.4,0,0.0,0.39940578
test,Good Fit,1,0.093,0.35,-2,12.0,0.33190063
test,Good Fit,1,0.1446,0.35,0,1.0,0.39115673
test,Good Fit,1,0.0745,0.3,0,8.0,0.4992347
test,Good Fit,1,0.0456,0.2,0,21.0,0.43483102
test,Good Fit,1,0.0525,0.2,-1,2.0,0.28445792
test,Good Fit,1,0.1467,0.4,-2,5.0,0.30116236
test,Good Fit,1,0.0616,0.4,-1,11.0,0.3563987
test,Good Fit,1,0.1161,0.3,-2,6.0,0.3442964
test,Good Fit,1,0.1462,0.4,-1,-1.0,0.5858802
test,Good Fit,1,0.1461,0.2,-1,-5.0,0.3687681
test,Good Fit,1,0.0896,0.35,-2,14.0,0.40154868
test,Good Fit,1,0.0458,0.25,0,5.0,0.40473717
test,Good Fit,1,0.0793,0.2,-1,-5.0,0.33525014
test,Good Fit,1,0.1283,0.3,0,-10.0,0.54799604
test,Good Fit,1,0.4252,0.4,1,-3.0,0.58753026
test,Good Fit,1,0.0414,0.1,0,12.0,0.3744732
test,Good Fit,1,0.0991,0.5,0,11.0,0.3624583
test,Good Fit,1,0.1068,0.35,0,12.0,0.47751868
test,Good Fit,1,0.0627,0.3,0,4.0,0.35340285
test,Good Fit,1,0.2746,0.65,0,7.0,0.4413898
test,Good Fit,1,0.0648,0.2,-2,12.0,0.32375568
test,Good Fit,1,0.0698,0.2,0,8.0,0.4157997
test,Good Fit,1,0.104,0.1,0,19.0,0.463467
test,Good Fit,1,0.0477,0.3,0,0.0,0.41642097
test,Good Fit,1,0.0872,0.3,-2,0.0,0.34571457
test,Good Fit,1,0.0405,0.3,1,5.0,0.33047628
test,Good Fit,1,0.1636,0.5,0,0.0,0.7067066
test,Good Fit,1,0.0972,0.3,-2,7.0,0.33455837
test,Good Fit,1,0.2024,0.1,0,4.0,0.37416166
test,Good Fit,1,0.0816,0.25,-2,0.0,0.435853
test,Good Fit,1,0.0586,0.25,0,5.0,0.4166832
test,Good Fit,1,0.1327,0.4,-1,0.0,0.4621994
test,Good Fit,1,0.1227,0.25,-1,0.0,0.26296946
test,Good Fit,1,0.1847,0.45,-2,0.0,0.36501607
test,Good Fit,1,0.4794,0.45,1,-10.0,0.5377553
test,Good Fit,1,0.1743,0.2,0,5.0,0.35580796
test,Good Fit,1,0.0643,0.15,-2,0.0,0.16066267
test,Good Fit,1,0.045,0.15,1,5.0,0.25116962
test,Good Fit,1,0.1203,0.25,0,14.0,0.39656344
test,Good Fit,1,0.089,0.25,0,2.0,0.2608398
test,Good Fit,1,0.1403,0.5,0,8.0,0.34600466
test,Good Fit,1,0.2655,0.35,0,14.0,0.57960695
test,Good Fit,1,0.1598,0.4667,0,5.0,0.56296694
test,Good Fit,1,0.0817,0.35,-1,7.0,0.48549816
test,Good Fit,1,0.0854,0.35,1,7.0,0.54004705
test,Good Fit,1,0.0845,0.25,-1,0.0,0.46659428
test,Good Fit,1,0.1143,0.4,0,0.0,0.3420506
test,Good Fit,1,0.0566,0.25,-2,-2.0,0.21479237
test,Good Fit,1,0.1118,0.25,0,2.0,0.4157548
test,Good Fit,1,0.03,0.1,-2,-2.0,0.2500094
test,Good Fit,1,0.0662,0.35,0,6.0,0.36794293
test,Good Fit,1,0.0573,0.35,0,0.0,0.3823532
test,Good Fit,1,0.0537,0.2,-2,0.0,0.35305935
test,Good Fit,1,0.0781,0.25,-2,0.0,0.27689993
test,Good Fit,1,0.169,0.45,0,6.0,0.6025964
test,Good Fit,1,0.2163,0.3,0,0.0,0.5870513
test,Good Fit,1,0.1968,0.4667,1,7.0,0.5804632
test,Good Fit,1,0.0729,0.45,0,11.0,0.32141125
test,Good Fit,1,0.0869,0.45,-1,11.0,0.29163516
test,Good Fit,1,0.149,0.4,2,0.0,0.6503699
test,Good Fit,1,0.0906,0.3,0,0.0,0.42978537
test,Good Fit,1,0.2178,0.55,2,0.0,0.72181153
test,Good Fit,1,0.0554,0.05,0,3.0,0.24186492
test,Good Fit,1,0.0616,0.25,-2,14.0,0.41265565
test,Good Fit,1,0.0704,0.1,-1,-10.0,0.4179908
test,Good Fit,1,0.113,0.35,0,21.0,0.39915347
test,Good Fit,1,0.1092,0.2,1,-5.0,0.4449216
test,Good Fit,1,0.127,0.5,0,5.0,0.3258365
test,Good Fit,1,0.4249,0.4,1,-3.0,0.58753026
test,Good Fit,1,0.3209,0.45,1,0.0,0.5101049
test,Good Fit,1,0.094,0.25,-1,0.0,0.3286246
test,Good Fit,1,0.1513,0.55,0,5.0,0.54409826
test,Good Fit,1,0.0936,0.35,0,9.0,0.61175066
test,Good Fit,1,0.2342,0.45,0,0.0,0.5196294
test,Good Fit,1,0.0977,0.35,1,6.0,0.41482013
test,Good Fit,1,0.0808,0.4,-2,8.0,0.3782022
test,Good Fit,1,0.138,0.65,1,9.0,0.37032652
test,Good Fit,1,0.0861,0.2,-2,9.0,0.21180974
test,Good Fit,1,0.183,0.45,0,0.0,0.593283
test,Good Fit,1,0.0969,0.3,-4,12.0,0.39000684
test,Good Fit,1,0.1701,0.15,-1,-10.0,0.3968103
test,Good Fit,1,0.1521,0.35,-1,6.0,0.43227834
test,Good Fit,1,0.037,0.1,0,0.0,0.29981628
test,Good Fit,1,0.0928,0.3,-4,14.0,0.5646154
test,Good Fit,1,0.0955,0.45,1,5.0,0.5954264
test,Good Fit,1,0.1994,0.6,0,8.0,0.47538126
test,Good Fit,1,0.045,0.1,-2,21.0,0.37403092
test,Good Fit,1,0.0837,0.3,-2,2.0,0.26003093
test,Good Fit,1,0.0542,0.25,0,0.0,0.39515597
test,Good Fit,1,0.1046,0.35,-1,12.0,0.38290572
test,Good Fit,1,0.0842,0.2,-1,-5.0,0.32028162
test,Good Fit,1,0.2548,0.1,-2,10.0,0.4913854
test,Good Fit,1,0.1227,0.4,0,0.0,0.50090766
test,Good Fit,1,0.1356,0.45,0,0.0,0.31021377
test,Good Fit,1,0.1116,0.5,0,-2.0,0.37283358
test,Good Fit,1,0.206,0.45,1,2.0,0.59144247
test,Good Fit,1,0.0454,0.2,0,0.0,0.35744417
test,Good Fit,1,0.0659,0.35,-1,9.0,0.34210244
test,Good Fit,1,0.1945,0.55,0,4.0,0.5066961
test,Good Fit,1,0.0987,0.25,0,5.0,0.7777573
test,Good Fit,1,0.1861,0.4,2,0.0,0.6834123
test,Good Fit,1,0.092,0.3,-2,0.0,0.43629473
test,Good Fit,1,0.0329,0.1,-2,-2.0,0.24768385
test,Good Fit,1,0.2547,0.45,1,1.0,0.5953078
test,Good Fit,1,0.1165,0.45,0,9.0,0.3239481
test,Good Fit,1,0.2087,0.55,0,9.0,0.4120812
test,Good Fit,1,0.0686,0.15,0,4.0,0.4815934
test,Good Fit,1,0.0658,0.05,-2,11.0,0.3311525
test,Good Fit,1,0.083,0.2,-2,12.0,0.33637014
test,Good Fit,1,0.1441,0.25,0,5.0,0.5008488
test,Good Fit,1,0.0623,0.3,0,12.0,0.34019578
test,Good Fit,1,0.0962,0.5,2,0.0,0.5339639
test,Good Fit,1,0.0735,0.45,0,8.0,0.3383842
test,Good Fit,1,0.0275,0.1,-2,0.0,0.2949006
test,Good Fit,1,0.0711,0.2,-2,4.0,0.51501083
test,Good Fit,1,0.1252,0.3,0,11.0,0.5790616
test,Good Fit,1,0.2448,0.2,0,0.0,0.41738018
test,Good Fit,1,0.099,0.35,-2,5.0,0.28931987
test,Good Fit,1,0.1003,0.2,-3,5.0,0.44555536
test,Good Fit,1,0.0802,0.2,-2,3.0,0.18309301
test,Good Fit,1,0.1606,0.3,2,13.0,0.6303294
test,Good Fit,1,0.3165,0.25,0,1.0,0.45493546
test,Good Fit,1,0.1939,0.3,2,3.0,0.64731556
test,Good Fit,1,0.1911,0.15,-3,0.0,0.43904424
test,Good Fit,1,0.1326,0.55,-2,9.0,0.3292141
test,Good Fit,1,0.0616,0.25,-2,0.0,0.35359874
test,Good Fit,1,0.2097,0.55,2,0.0,0.6847232
test,Good Fit,1,0.1019,0.35,1,6.0,0.52923554
test,Good Fit,1,0.0859,0.35,2,9.0,0.5775848
test,Good Fit,1,0.2895,0.85,2,0.0,0.7055283
test,Good Fit,1,0.2011,0.4,0,2.0,0.5600534
test,Good Fit,1,0.1303,0.4,0,8.0,0.24028036
test,Good Fit,1,0.0744,0.25,0,11.0,0.42386323
test,Good Fit,1,0.0529,0.35,0,8.0,0.3699406
test,Good Fit,1,0.1388,0.45,0,21.0,0.5566505
test,Good Fit,1,0.0665,0.2,-2,0.0,0.38088715
test,Good Fit,1,0.2406,0.35,1,-10.0,0.5379628
test,Good Fit,1,0.1363,0.55,1,5.0,0.3778816
test,Good Fit,1,0.1361,0.3,-1,-10.0,0.43005952
test,Good Fit,1,0.0806,0.35,-1,0.0,0.33787704
test,Good Fit,1,0.0612,0.3,0,14.0,0.5969993
test,Good Fit,1,0.2434,0.75,1,6.0,0.5543595
test,Good Fit,1,0.3651,0.4,-2,5.0,0.6963198
test,Good Fit,1,0.1716,0.25,2,3.0,0.18805704
test,Good Fit,1,0.0758,0.3,-1,-10.0,0.21440464
test,Good Fit,1,0.0748,0.25,0,8.0,0.283283
test,Good Fit,1,0.4756,0.45,-1,5.0,0.67552227
test,Good Fit,1,0.0556,0.35,1,0.0,0.3789306
test,Good Fit,1,0.2112,0.55,0,9.0,0.40164608
test,Good Fit,1,0.2253,0.4,0,-5.0,0.4174478
test,Good Fit,1,0.0238,0.2,0,11.0,0.37067538
test,Good Fit,1,0.0497,0.0,0,10.0,0.4154557
test,Good Fit,1,0.094,0.3,1,-5.0,0.36424425
test,Good Fit,1,0.0857,0.15,-2,14.0,0.43682265
test,Good Fit,1,0.1082,0.25,-2,7.0,0.39683884
test,Good Fit,1,0.0255,0.15,-1,14.0,0.29617357
test,Good Fit,1,0.1706,0.2,-1,1.0,0.35918063
test,Good Fit,1,0.3939,0.5,-2,5.0,0.59877115
test,Good Fit,1,0.0538,0.25,0,8.0,0.4148341
test,Good Fit,1,0.3143,0.3,0,0.0,0.43084124
test,Good Fit,1,0.0815,0.25,0,-5.0,0.35415393
test,Good Fit,1,0.0744,0.05,1,-7.0,0.2268035
test,Good Fit,1,0.0805,0.4,-2,11.0,0.2958766
test,Good Fit,1,0.0729,0.3,-1,2.0,0.31202614
test,Good Fit,1,0.0792,0.3,0,13.0,0.3228269
test,Good Fit,1,0.1408,0.3,1,5.0,0.3945325
test,Good Fit,1,0.0638,0.3,-1,7.0,0.19329138
test,Good Fit,1,0.064,0.3,0,14.0,0.21900748
test,Good Fit,1,0.0937,0.25,-1,9.0,0.34316185
test,Good Fit,1,0.0567,0.05,-1,6.0,0.29493058
test,Good Fit,1,0.1168,0.25,-1,1.0,0.34295964
test,Good Fit,1,0.0464,0.25,1,9.0,0.35783535
test,Good Fit,1,0.0972,0.25,-2,6.0,0.39749235
test,Good Fit,1,0.1143,0.25,-2,11.0,0.4833519
test,Good Fit,1,0.1771,0.6,0,6.0,0.37956905
test,Good Fit,1,0.1633,0.5,-1,2.0,0.50799775
test,Good Fit,1,0.0967,0.25,1,-3.0,0.27659667
test,Good Fit,1,0.0848,0.3,-2,11.0,0.52061415
test,Good Fit,1,0.124,0.4,-1,5.0,0.31951365
test,Good Fit,1,0.1461,0.5,-1,0.0,0.46117452
test,Good Fit,1,0.1003,0.25,0,0.0,0.3754542
test,Good Fit,1,0.0883,0.25,-2,-2.0,0.23750198
test,Good Fit,1,0.0322,0.2,0,12.0,0.3275777
test,Good Fit,1,0.1296,0.2,-2,10.0,0.38008103
test,Good Fit,1,0.0857,0.3,0,-3.0,0.5109591
test,Good Fit,1,0.1747,0.45,1,8.0,0.4565048
test,Good Fit,1,0.1836,0.3,0,10.0,0.396568
test,Good Fit,1,0.1908,0.45,0,4.0,0.5181494
test,Good Fit,1,0.1079,0.4,0,-5.0,0.3734127
test,Good Fit,1,0.0842,0.15,0,-10.0,0.38808784
test,Good Fit,1,0.1068,0.4,0,2.0,0.44725925
test,Good Fit,1,0.05,0.1,0,13.0,0.3508184
test,Good Fit,1,0.0279,0.1,2,11.0,0.4993296
test,Good Fit,1,0.2754,0.2,1,-5.0,0.38647467
test,Good Fit,1,0.2057,0.2,-3,6.0,0.5386291
