resume_path,jd_path,category,tfidf_similarity,keyword_overlap_ratio,education_level_score,experience_gap,sentence_level_match,sbert_score,label
resumes/data\ACCOUNTANT\10554236.pdf,jds\ARTS\ARTS_entry.txt,ACCOUNTANT,0.033,0.0,0,2.0,0.1911290138959884,0.0894,0
resumes/data\ACCOUNTANT\10554236.pdf,jds\ARTS\ARTS_mid.txt,ACCOUNTANT,0.0177,0.05,-1,2.0,0.2515929341316223,0.1479,0
resumes/data\ACCOUNTANT\10554236.pdf,jds\ARTS\ARTS_senior.txt,ACCOUNTANT,0.0284,0.2,-2,2.0,0.2672469615936279,0.1456,0
resumes/data\ACCOUNTANT\10674770.pdf,jds\BUSINESS-DEVELOPMENT\BUSINESS-DEVELOPMENT_entry.txt,ACCOUNTANT,0.0626,0.15,0,0.0,0.3913582861423492,0.3071,0
resumes/data\ACCOUNTANT\10674770.pdf,jds\BUSINESS-DEVELOPMENT\BUSINESS-DEVELOPMENT_mid.txt,ACCOUNTANT,0.0643,0.15,-1,-6.0,0.3819423913955688,0.322,0
resumes/data\ACCOUNTANT\11759079.pdf,jds\APPAREL\APPAREL_entry.txt,ACCOUNTANT,0.0261,0.05,0,17.0,0.2217165529727935,0.0946,0
resumes/data\ACCOUNTANT\11759079.pdf,jds\APPAREL\APPAREL_senior.txt,ACCOUNTANT,0.0262,0.0,-1,19.0,0.2412578463554382,0.13,0
resumes/data\ACCOUNTANT\11759079.pdf,jds\APPAREL\APPAREL_mid.txt,ACCOUNTANT,0.0375,0.0,-1,19.0,0.2694964706897735,0.1231,0
resumes/data\ACCOUNTANT\12065211.pdf,jds\ACCOUNTANT\ACCOUNTANT_mid.txt,ACCOUNTANT,0.2684,0.4,0,21.0,0.4521044492721557,0.5893,1
resumes/data\ACCOUNTANT\12065211.pdf,jds\PUBLIC-RELATIONS\PUBLIC-RELATIONS_entry.txt,ACCOUNTANT,0.0352,0.05,1,19.0,0.2856507897377014,0.2949,0
resumes/data\ACCOUNTANT\12065211.pdf,jds\PUBLIC-RELATIONS\PUBLIC-RELATIONS_mid.txt,ACCOUNTANT,0.0509,0.1,0,21.0,0.3797821402549743,0.3013,0
resumes/data\ACCOUNTANT\12065211.pdf,jds\PUBLIC-RELATIONS\PUBLIC-RELATIONS_senior.txt,ACCOUNTANT,0.0344,0.05,0,21.0,0.2663168609142303,0.2412,0
resumes/data\ACCOUNTANT\12202337.pdf,jds\HEALTHCARE\HEALTHCARE_senior.txt,ACCOUNTANT,0.0848,0.35,0,0.0,0.500926673412323,0.3112,0
resumes/data\ACCOUNTANT\12202337.pdf,jds\HEALTHCARE\HEALTHCARE_mid.txt,ACCOUNTANT,0.0872,0.2,0,0.0,0.4587107300758362,0.2817,0
resumes/data\ACCOUNTANT\12202337.pdf,jds\HEALTHCARE\HEALTHCARE_entry.txt,ACCOUNTANT,0.0628,0.2,1,-2.0,0.436738520860672,0.3011,0
resumes/data\ACCOUNTANT\12338274.pdf,jds\ACCOUNTANT\ACCOUNTANT_mid.txt,ACCOUNTANT,0.2265,0.3,0,6.0,0.4977703988552093,0.5461,1
resumes/data\ACCOUNTANT\12338274.pdf,jds\AVIATION\AVIATION_senior.txt,ACCOUNTANT,0.0889,0.1,1,6.0,0.3646023571491241,0.3564,0
resumes/data\ACCOUNTANT\12338274.pdf,jds\AVIATION\AVIATION_mid.txt,ACCOUNTANT,0.0645,0.0,1,-2.0,0.3610666990280151,0.2939,0
resumes/data\ACCOUNTANT\12338274.pdf,jds\AVIATION\AVIATION_entry.txt,ACCOUNTANT,0.0509,0.0,1,4.0,0.4395475387573242,0.2674,0
resumes/data\ACCOUNTANT\12442909.pdf,jds\CHEF\CHEF_entry.txt,ACCOUNTANT,0.0796,0.2,1,49.0,0.3769387602806091,0.331,0
resumes/data\ACCOUNTANT\12780508.pdf,jds\ARTS\ARTS_entry.txt,ACCOUNTANT,0.0253,0.05,0,9.0,0.2750988304615021,0.1322,0
resumes/data\ACCOUNTANT\12780508.pdf,jds\ARTS\ARTS_mid.txt,ACCOUNTANT,0.023,0.05,-1,9.0,0.3334389925003052,0.207,0
resumes/data\ACCOUNTANT\12780508.pdf,jds\ARTS\ARTS_senior.txt,ACCOUNTANT,0.014,0.0,-2,9.0,0.2484717369079589,0.1435,0
resumes/data\ACCOUNTANT\12802330.pdf,jds\ACCOUNTANT\ACCOUNTANT_mid.txt,ACCOUNTANT,0.3515,0.4,-1,14.0,0.4977966547012329,0.5893,1
resumes/data\ACCOUNTANT\12802330.pdf,jds\ACCOUNTANT\ACCOUNTANT_senior.txt,ACCOUNTANT,0.2653,0.3,-1,14.0,0.5259717702865601,0.593,1
resumes/data\ACCOUNTANT\12802330.pdf,jds\DIGITAL-MEDIA\DIGITAL-MEDIA_senior.txt,ACCOUNTANT,0.0362,0.0,-1,14.0,0.4137435853481293,0.3846,0
resumes/data\ACCOUNTANT\12802330.pdf,jds\DIGITAL-MEDIA\DIGITAL-MEDIA_entry.txt,ACCOUNTANT,0.0408,0.0,0,12.0,0.405788242816925,0.3992,0
resumes/data\ACCOUNTANT\13072019.pdf,jds\HEALTHCARE\HEALTHCARE_senior.txt,ACCOUNTANT,0.0251,0.05,-3,28.0,0.3584675192832947,0.3407,0
resumes/data\ACCOUNTANT\13072019.pdf,jds\HEALTHCARE\HEALTHCARE_entry.txt,ACCOUNTANT,0.0503,0.1,-2,26.0,0.3781623244285583,0.3532,0
resumes/data\ACCOUNTANT\13072019.pdf,jds\HEALTHCARE\HEALTHCARE_mid.txt,ACCOUNTANT,0.053,0.1,-3,28.0,0.3244008123874664,0.2967,0
resumes/data\ACCOUNTANT\13130984.pdf,jds\ACCOUNTANT\ACCOUNTANT_mid.txt,ACCOUNTANT,0.2805,0.25,0,31.0,0.4227688312530517,0.5551,1
resumes/data\ACCOUNTANT\13130984.pdf,jds\ACCOUNTANT\ACCOUNTANT_senior.txt,ACCOUNTANT,0.2169,0.35,0,31.0,0.4395190179347992,0.6389,1
resumes/data\ACCOUNTANT\13130984.pdf,jds\APPAREL\APPAREL_senior.txt,ACCOUNTANT,0.0423,0.05,0,31.0,0.2615542411804199,0.2828,0
resumes/data\ACCOUNTANT\13130984.pdf,jds\APPAREL\APPAREL_mid.txt,ACCOUNTANT,0.0557,0.15,0,31.0,0.3332862854003906,0.3274,0
resumes/data\ACCOUNTANT\13130984.pdf,jds\APPAREL\APPAREL_entry.txt,ACCOUNTANT,0.0228,0.05,1,29.0,0.2626316249370575,0.2866,0
resumes/data\ACCOUNTANT\13294301.pdf,jds\ACCOUNTANT\ACCOUNTANT_mid.txt,ACCOUNTANT,0.2225,0.3,-1,13.0,0.5491361618041992,0.5686,1
resumes/data\ACCOUNTANT\13491889.pdf,jds\ACCOUNTANT\ACCOUNTANT_mid.txt,ACCOUNTANT,0.2599,0.3,0,4.0,0.6077806949615479,0.4978,1
resumes/data\ACCOUNTANT\13491889.pdf,jds\BUSINESS-DEVELOPMENT\BUSINESS-DEVELOPMENT_mid.txt,ACCOUNTANT,0.0643,0.1,0,-4.0,0.3702708482742309,0.2278,0
resumes/data\ACCOUNTANT\13491889.pdf,jds\BUSINESS-DEVELOPMENT\BUSINESS-DEVELOPMENT_entry.txt,ACCOUNTANT,0.054,0.2,1,2.0,0.3350332379341125,0.1872,0
resumes/data\ACCOUNTANT\13491889.pdf,jds\BUSINESS-DEVELOPMENT\BUSINESS-DEVELOPMENT_senior.txt,ACCOUNTANT,0.0586,0.25,0,4.0,0.4852893948554992,0.3597,0
resumes/data\ACCOUNTANT\13701259.pdf,jds\ARTS\ARTS_mid.txt,ACCOUNTANT,0.0391,0.05,-1,0.0,0.2984613180160522,0.2729,0
resumes/data\ACCOUNTANT\13701259.pdf,jds\ARTS\ARTS_senior.txt,ACCOUNTANT,0.0357,0.15,-2,0.0,0.2306403070688247,0.161,0
resumes/data\ACCOUNTANT\13701259.pdf,jds\ARTS\ARTS_entry.txt,ACCOUNTANT,0.0382,0.05,0,0.0,0.1898190528154373,0.2322,0
resumes/data\ACCOUNTANT\14055988.pdf,jds\DIGITAL-MEDIA\DIGITAL-MEDIA_entry.txt,ACCOUNTANT,0.0531,0.05,1,20.0,0.3943168520927429,0.2914,0
resumes/data\ACCOUNTANT\14055988.pdf,jds\DIGITAL-MEDIA\DIGITAL-MEDIA_mid.txt,ACCOUNTANT,0.0383,0.0,0,22.0,0.3856996297836303,0.3167,0
resumes/data\ACCOUNTANT\14055988.pdf,jds\DIGITAL-MEDIA\DIGITAL-MEDIA_senior.txt,ACCOUNTANT,0.0303,0.0,0,22.0,0.3705751895904541,0.2578,0
resumes/data\ACCOUNTANT\14126433.pdf,jds\ACCOUNTANT\ACCOUNTANT_mid.txt,ACCOUNTANT,0.2509,0.4,0,18.0,0.4750447273254394,0.527,1
resumes/data\ACCOUNTANT\14126433.pdf,jds\BPO\BPO_entry.txt,ACCOUNTANT,0.0315,0.0,1,16.0,0.3230355381965637,0.3479,0
resumes/data\ACCOUNTANT\14224370.pdf,jds\ACCOUNTANT\ACCOUNTANT_mid.txt,ACCOUNTANT,0.2484,0.2,-1,0.0,0.4961917400360107,0.5698,1
resumes/data\ACCOUNTANT\14224370.pdf,jds\TEACHER\TEACHER_senior.txt,ACCOUNTANT,0.0236,0.1,-2,0.0,0.3784922361373901,0.2482,0
resumes/data\ACCOUNTANT\14224370.pdf,jds\TEACHER\TEACHER_entry.txt,ACCOUNTANT,0.0407,0.0,0,0.0,0.4367068707942962,0.3218,0
resumes/data\ACCOUNTANT\14224370.pdf,jds\TEACHER\TEACHER_mid.txt,ACCOUNTANT,0.0519,0.05,-1,0.0,0.4155551791191101,0.3402,0
resumes/data\ACCOUNTANT\14449423.pdf,jds\ACCOUNTANT\ACCOUNTANT_entry.txt,ACCOUNTANT,0.1907,0.35,-1,8.0,0.5784518718719482,0.6453,1
resumes/data\ACCOUNTANT\14449423.pdf,jds\ACCOUNTANT\ACCOUNTANT_mid.txt,ACCOUNTANT,0.238,0.3,-1,10.0,0.5102108716964722,0.5944,1
resumes/data\ACCOUNTANT\14449423.pdf,jds\AVIATION\AVIATION_mid.txt,ACCOUNTANT,0.0626,0.15,0,2.0,0.3115077614784241,0.3176,0
resumes/data\ACCOUNTANT\14449423.pdf,jds\AVIATION\AVIATION_senior.txt,ACCOUNTANT,0.0506,0.15,0,10.0,0.3084933161735534,0.3714,0
resumes/data\ACCOUNTANT\14449423.pdf,jds\AVIATION\AVIATION_entry.txt,ACCOUNTANT,0.0833,0.1,0,8.0,0.3709870874881744,0.319,0
resumes/data\ACCOUNTANT\14470533.pdf,jds\ACCOUNTANT\ACCOUNTANT_entry.txt,ACCOUNTANT,0.1908,0.3,-2,18.0,0.5623270273208618,0.7024,1
resumes/data\ACCOUNTANT\14470533.pdf,jds\ACCOUNTANT\ACCOUNTANT_mid.txt,ACCOUNTANT,0.2256,0.25,-2,20.0,0.5553178787231445,0.6195,1
resumes/data\ACCOUNTANT\14470533.pdf,jds\PUBLIC-RELATIONS\PUBLIC-RELATIONS_entry.txt,ACCOUNTANT,0.0461,0.05,-1,18.0,0.3567556738853454,0.3023,0
resumes/data\ACCOUNTANT\14470533.pdf,jds\PUBLIC-RELATIONS\PUBLIC-RELATIONS_mid.txt,ACCOUNTANT,0.078,0.2,-2,20.0,0.3609650731086731,0.3504,0
resumes/data\ACCOUNTANT\14470533.pdf,jds\PUBLIC-RELATIONS\PUBLIC-RELATIONS_senior.txt,ACCOUNTANT,0.041,0.05,-2,20.0,0.3129520416259765,0.2448,0
resumes/data\ACCOUNTANT\14491649.pdf,jds\ACCOUNTANT\ACCOUNTANT_mid.txt,ACCOUNTANT,0.2897,0.35,0,0.0,0.471628189086914,0.563,1
resumes/data\ACCOUNTANT\14491649.pdf,jds\ACCOUNTANT\ACCOUNTANT_senior.txt,ACCOUNTANT,0.1964,0.4,0,0.0,0.5045669078826904,0.6087,1
resumes/data\ACCOUNTANT\14491649.pdf,jds\BUSINESS-DEVELOPMENT\BUSINESS-DEVELOPMENT_entry.txt,ACCOUNTANT,0.0456,0.3,1,-2.0,0.4020770788192749,0.2745,0
resumes/data\ACCOUNTANT\14491649.pdf,jds\BUSINESS-DEVELOPMENT\BUSINESS-DEVELOPMENT_mid.txt,ACCOUNTANT,0.0645,0.1,0,-8.0,0.3876751363277435,0.2969,0
resumes/data\ACCOUNTANT\14496667.pdf,jds\CHEF\CHEF_entry.txt,ACCOUNTANT,0.0605,0.15,1,16.0,0.3018730580806732,0.2618,0
resumes/data\ACCOUNTANT\14496667.pdf,jds\CHEF\CHEF_senior.txt,ACCOUNTANT,0.0381,0.05,1,16.0,0.3581451177597046,0.2886,0
resumes/data\ACCOUNTANT\14496667.pdf,jds\CHEF\CHEF_mid.txt,ACCOUNTANT,0.0477,0.15,1,16.0,0.3385253548622131,0.2962,0
resumes/data\ACCOUNTANT\15289348.pdf,jds\ACCOUNTANT\ACCOUNTANT_mid.txt,ACCOUNTANT,0.2416,0.35,0,8.0,0.486628919839859,0.6872,1
resumes/data\ACCOUNTANT\15289348.pdf,jds\ACCOUNTANT\ACCOUNTANT_senior.txt,ACCOUNTANT,0.1639,0.35,0,8.0,0.5350555181503296,0.6582,1
resumes/data\ACCOUNTANT\15289348.pdf,jds\BPO\BPO_entry.txt,ACCOUNTANT,0.0451,0.1,1,6.0,0.3078775405883789,0.3813,0
resumes/data\ACCOUNTANT\15363277.pdf,jds\ACCOUNTANT\ACCOUNTANT_mid.txt,ACCOUNTANT,0.2282,0.35,-1,0.0,0.470251590013504,0.5614,1
resumes/data\ACCOUNTANT\15363277.pdf,jds\ACCOUNTANT\ACCOUNTANT_senior.txt,ACCOUNTANT,0.2248,0.35,-1,0.0,0.5120996236801147,0.6091,1
resumes/data\ACCOUNTANT\15363277.pdf,jds\HEALTHCARE\HEALTHCARE_entry.txt,ACCOUNTANT,0.0354,0.1,0,-2.0,0.3268038332462311,0.3068,0
resumes/data\ACCOUNTANT\15592167.pdf,jds\ACCOUNTANT\ACCOUNTANT_mid.txt,ACCOUNTANT,0.2641,0.3,0,0.0,0.5069618225097656,0.4789,1
resumes/data\ACCOUNTANT\15592167.pdf,jds\ACCOUNTANT\ACCOUNTANT_senior.txt,ACCOUNTANT,0.2335,0.5,0,0.0,0.5665585994720459,0.5526,1
resumes/data\ACCOUNTANT\15592167.pdf,jds\BUSINESS-DEVELOPMENT\BUSINESS-DEVELOPMENT_mid.txt,ACCOUNTANT,0.0836,0.15,0,-8.0,0.3956212401390075,0.2838,0
resumes/data\ACCOUNTANT\15592167.pdf,jds\BUSINESS-DEVELOPMENT\BUSINESS-DEVELOPMENT_entry.txt,ACCOUNTANT,0.0672,0.1,1,-2.0,0.3477205634117126,0.23,0
resumes/data\ACCOUNTANT\15821633.pdf,jds\SALES\SALES_mid.txt,ACCOUNTANT,0.0313,0.15,-1,10.0,0.3699307441711426,0.2465,0
resumes/data\ACCOUNTANT\15821633.pdf,jds\SALES\SALES_senior.txt,ACCOUNTANT,0.0358,0.15,-1,10.0,0.287914901971817,0.2751,0
resumes/data\ACCOUNTANT\15821633.pdf,jds\SALES\SALES_entry.txt,ACCOUNTANT,0.0253,0.0,0,10.0,0.2890724539756775,0.215,0
resumes/data\ACCOUNTANT\15906625.pdf,jds\ACCOUNTANT\ACCOUNTANT_entry.txt,ACCOUNTANT,0.2409,0.3,-1,13.0,0.6032149195671082,0.5521,1
resumes/data\ACCOUNTANT\15906625.pdf,jds\ACCOUNTANT\ACCOUNTANT_mid.txt,ACCOUNTANT,0.2874,0.35,-1,15.0,0.5164241790771484,0.563,1
resumes/data\ACCOUNTANT\15906625.pdf,jds\AUTOMOBILE\AUTOMOBILE_senior.txt,ACCOUNTANT,0.026,0.05,-1,15.0,0.265567421913147,0.255,0
resumes/data\ACCOUNTANT\15906625.pdf,jds\AUTOMOBILE\AUTOMOBILE_mid.txt,ACCOUNTANT,0.0319,0.0,0,7.0,0.3204982280731201,0.2947,0
resumes/data\ACCOUNTANT\15906625.pdf,jds\AUTOMOBILE\AUTOMOBILE_entry.txt,ACCOUNTANT,0.0241,0.05,0,13.0,0.2998939752578735,0.276,0
resumes/data\ACCOUNTANT\16237710.pdf,jds\AGRICULTURE\AGRICULTURE_entry.txt,ACCOUNTANT,0.0505,0.0,0,3.0,0.3039261996746063,0.2651,0
resumes/data\ACCOUNTANT\16237710.pdf,jds\AGRICULTURE\AGRICULTURE_senior.txt,ACCOUNTANT,0.056,0.1,-2,3.0,0.342253565788269,0.3085,0
resumes/data\ACCOUNTANT\16237710.pdf,jds\AGRICULTURE\AGRICULTURE_mid.txt,ACCOUNTANT,0.0776,0.05,-1,-4.0,0.278633177280426,0.2439,0
resumes/data\ACCOUNTANT\17306905.pdf,jds\ACCOUNTANT\ACCOUNTANT_mid.txt,ACCOUNTANT,0.2647,0.4,-1,7.0,0.4946768581867218,0.621,1
resumes/data\ACCOUNTANT\17306905.pdf,jds\ACCOUNTANT\ACCOUNTANT_senior.txt,ACCOUNTANT,0.2123,0.45,-1,7.0,0.5033615827560425,0.5715,1
resumes/data\ACCOUNTANT\17306905.pdf,jds\FITNESS\FITNESS_senior.txt,ACCOUNTANT,0.0393,0.1,-2,7.0,0.3329136967658996,0.1691,0
resumes/data\ACCOUNTANT\17306905.pdf,jds\FITNESS\FITNESS_entry.txt,ACCOUNTANT,0.0262,0.0,1,5.0,0.2350255697965622,0.1951,0
resumes/data\ACCOUNTANT\17306905.pdf,jds\FITNESS\FITNESS_mid.txt,ACCOUNTANT,0.038,0.15,0,0.0,0.2767749428749084,0.2015,0
resumes/data\ACCOUNTANT\17407184.pdf,jds\ENGINEERING\ENGINEERING_entry.txt,ACCOUNTANT,0.0466,0.0,1,29.0,0.4106091260910034,0.437,0
resumes/data\ACCOUNTANT\17556527.pdf,jds\ACCOUNTANT\ACCOUNTANT_mid.txt,ACCOUNTANT,0.2334,0.35,0,4.0,0.4459897875785827,0.5615,1
resumes/data\ACCOUNTANT\17556527.pdf,jds\PUBLIC-RELATIONS\PUBLIC-RELATIONS_entry.txt,ACCOUNTANT,0.0419,0.05,1,2.0,0.3601295351982116,0.2832,0
resumes/data\ACCOUNTANT\17556527.pdf,jds\PUBLIC-RELATIONS\PUBLIC-RELATIONS_senior.txt,ACCOUNTANT,0.0343,0.05,0,4.0,0.3558975458145141,0.244,0
resumes/data\ACCOUNTANT\17556527.pdf,jds\PUBLIC-RELATIONS\PUBLIC-RELATIONS_mid.txt,ACCOUNTANT,0.0729,0.15,0,4.0,0.3602200746536255,0.3726,0
resumes/data\ACCOUNTANT\18132924.pdf,jds\ACCOUNTANT\ACCOUNTANT_mid.txt,ACCOUNTANT,0.2405,0.3,0,19.0,0.5283927917480469,0.5896,1
resumes/data\ACCOUNTANT\18132924.pdf,jds\DESIGNER\DESIGNER_entry.txt,ACCOUNTANT,0.0527,0.2,1,17.0,0.3635241389274597,0.2461,0
resumes/data\ACCOUNTANT\18132924.pdf,jds\DESIGNER\DESIGNER_mid.txt,ACCOUNTANT,0.0468,0.1,0,19.0,0.3594366014003753,0.2785,0
resumes/data\ACCOUNTANT\18132924.pdf,jds\DESIGNER\DESIGNER_senior.txt,ACCOUNTANT,0.0225,0.05,0,19.0,0.3446333110332489,0.2676,0
resumes/data\ACCOUNTANT\18365791.pdf,jds\AVIATION\AVIATION_mid.txt,ACCOUNTANT,0.0398,0.05,0,8.0,0.3919122219085693,0.2878,0
resumes/data\ACCOUNTANT\18365791.pdf,jds\AVIATION\AVIATION_entry.txt,ACCOUNTANT,0.0601,0.05,0,14.0,0.4287216663360595,0.2615,0
resumes/data\ACCOUNTANT\18365791.pdf,jds\AVIATION\AVIATION_senior.txt,ACCOUNTANT,0.0152,0.0,0,16.0,0.349242091178894,0.3172,0
resumes/data\ACCOUNTANT\18569929.pdf,jds\INFORMATION-TECHNOLOGY\INFORMATION-TECHNOLOGY_entry.txt,ACCOUNTANT,0.0386,0.0,1,14.0,0.4417802691459656,0.2729,0
resumes/data\ACCOUNTANT\18569929.pdf,jds\INFORMATION-TECHNOLOGY\INFORMATION-TECHNOLOGY_senior.txt,ACCOUNTANT,0.0312,0.05,0,16.0,0.3544372022151947,0.1655,0
resumes/data\ACCOUNTANT\18569929.pdf,jds\INFORMATION-TECHNOLOGY\INFORMATION-TECHNOLOGY_mid.txt,ACCOUNTANT,0.0347,0.0,0,16.0,0.4142439067363739,0.2467,0
resumes/data\ACCOUNTANT\18635654.pdf,jds\INFORMATION-TECHNOLOGY\INFORMATION-TECHNOLOGY_senior.txt,ACCOUNTANT,0.0205,0.0,-1,6.0,0.2450223863124847,0.1773,0
resumes/data\ACCOUNTANT\18635654.pdf,jds\INFORMATION-TECHNOLOGY\INFORMATION-TECHNOLOGY_entry.txt,ACCOUNTANT,0.0384,0.0,0,4.0,0.2584755718708038,0.2791,0
resumes/data\ACCOUNTANT\18635654.pdf,jds\INFORMATION-TECHNOLOGY\INFORMATION-TECHNOLOGY_mid.txt,ACCOUNTANT,0.0291,0.0,-1,6.0,0.2609302401542663,0.2756,0
resumes/data\ACCOUNTANT\18669563.pdf,jds\DIGITAL-MEDIA\DIGITAL-MEDIA_entry.txt,ACCOUNTANT,0.0216,0.0,0,5.0,0.4562207460403442,0.3264,0
resumes/data\ACCOUNTANT\18669563.pdf,jds\DIGITAL-MEDIA\DIGITAL-MEDIA_senior.txt,ACCOUNTANT,0.029,0.0,-1,7.0,0.4029615223407745,0.2952,0
resumes/data\ACCOUNTANT\18669563.pdf,jds\DIGITAL-MEDIA\DIGITAL-MEDIA_mid.txt,ACCOUNTANT,0.0333,0.05,-1,7.0,0.44610595703125,0.3683,0
resumes/data\ACCOUNTANT\19446337.pdf,jds\ACCOUNTANT\ACCOUNTANT_mid.txt,ACCOUNTANT,0.3564,0.4,0,27.0,0.5527675151824951,0.609,1
resumes/data\ACCOUNTANT\19446337.pdf,jds\ACCOUNTANT\ACCOUNTANT_senior.txt,ACCOUNTANT,0.2871,0.4,0,27.0,0.625417172908783,0.6231,1
resumes/data\ACCOUNTANT\19446337.pdf,jds\HR\HR_entry.txt,ACCOUNTANT,0.0543,0.0,0,27.0,0.3819678425788879,0.4068,0
resumes/data\ACCOUNTANT\19545827.pdf,jds\CONSTRUCTION\CONSTRUCTION_entry.txt,ACCOUNTANT,0.0396,0.2,1,11.0,0.3085397481918335,0.2189,0
resumes/data\ACCOUNTANT\19545827.pdf,jds\CONSTRUCTION\CONSTRUCTION_senior.txt,ACCOUNTANT,0.0579,0.15,0,13.0,0.3690583705902099,0.3121,0
resumes/data\ACCOUNTANT\19545827.pdf,jds\CONSTRUCTION\CONSTRUCTION_mid.txt,ACCOUNTANT,0.0765,0.4,0,13.0,0.3946385681629181,0.2751,0
resumes/data\ACCOUNTANT\20082776.pdf,jds\ACCOUNTANT\ACCOUNTANT_mid.txt,ACCOUNTANT,0.2493,0.4,-1,30.0,0.5693935751914978,0.6354,1
resumes/data\ACCOUNTANT\20253563.pdf,jds\ACCOUNTANT\ACCOUNTANT_entry.txt,ACCOUNTANT,0.2331,0.3,-1,13.0,0.4818989038467407,0.6195,1
resumes/data\ACCOUNTANT\20253563.pdf,jds\ACCOUNTANT\ACCOUNTANT_mid.txt,ACCOUNTANT,0.2409,0.2,-1,15.0,0.4495512545108795,0.6154,1
resumes/data\ACCOUNTANT\20253563.pdf,jds\ACCOUNTANT\ACCOUNTANT_senior.txt,ACCOUNTANT,0.1785,0.15,-1,15.0,0.4327512979507446,0.6187,1
resumes/data\ACCOUNTANT\20253563.pdf,jds\APPAREL\APPAREL_senior.txt,ACCOUNTANT,0.0681,0.05,-1,15.0,0.3744632005691528,0.3328,0
resumes/data\ACCOUNTANT\20253563.pdf,jds\APPAREL\APPAREL_entry.txt,ACCOUNTANT,0.0752,0.0,0,13.0,0.3236986100673675,0.3262,0
resumes/data\ACCOUNTANT\20253563.pdf,jds\APPAREL\APPAREL_mid.txt,ACCOUNTANT,0.0878,0.05,-1,15.0,0.3988633453845978,0.3407,0
resumes/data\ACCOUNTANT\20345168.pdf,jds\ACCOUNTANT\ACCOUNTANT_mid.txt,ACCOUNTANT,0.2443,0.3,-1,14.0,0.5428038239479065,0.5865,1
resumes/data\ACCOUNTANT\20345168.pdf,jds\HR\HR_senior.txt,ACCOUNTANT,0.0547,0.1,-1,14.0,0.4214130938053131,0.3852,0
resumes/data\ACCOUNTANT\20393721.pdf,jds\ACCOUNTANT\ACCOUNTANT_mid.txt,ACCOUNTANT,0.261,0.3,0,12.0,0.5916295647621155,0.555,1
resumes/data\ACCOUNTANT\20393721.pdf,jds\INFORMATION-TECHNOLOGY\INFORMATION-TECHNOLOGY_senior.txt,ACCOUNTANT,0.0237,0.05,0,12.0,0.2991266250610351,0.1217,0
resumes/data\ACCOUNTANT\20393721.pdf,jds\INFORMATION-TECHNOLOGY\INFORMATION-TECHNOLOGY_mid.txt,ACCOUNTANT,0.0197,0.05,0,12.0,0.3095324635505676,0.1896,0
resumes/data\ACCOUNTANT\20393721.pdf,jds\INFORMATION-TECHNOLOGY\INFORMATION-TECHNOLOGY_entry.txt,ACCOUNTANT,0.0286,0.0,1,10.0,0.3402109146118164,0.2036,0
resumes/data\ACCOUNTANT\20624984.pdf,jds\ACCOUNTANT\ACCOUNTANT_mid.txt,ACCOUNTANT,0.2416,0.35,0,0.0,0.507142961025238,0.5931,1
resumes/data\ACCOUNTANT\20624984.pdf,jds\PUBLIC-RELATIONS\PUBLIC-RELATIONS_senior.txt,ACCOUNTANT,0.0343,0.1,0,0.0,0.2799810469150543,0.237,0
resumes/data\ACCOUNTANT\20624984.pdf,jds\PUBLIC-RELATIONS\PUBLIC-RELATIONS_entry.txt,ACCOUNTANT,0.0351,0.05,1,-2.0,0.2718532681465149,0.2695,0
resumes/data\ACCOUNTANT\20624984.pdf,jds\PUBLIC-RELATIONS\PUBLIC-RELATIONS_mid.txt,ACCOUNTANT,0.055,0.1,0,0.0,0.3109421730041504,0.3429,0
resumes/data\ACCOUNTANT\21031285.pdf,jds\ACCOUNTANT\ACCOUNTANT_mid.txt,ACCOUNTANT,0.3021,0.35,-1,12.0,0.4827716946601867,0.531,1
resumes/data\ACCOUNTANT\21031285.pdf,jds\ENGINEERING\ENGINEERING_senior.txt,ACCOUNTANT,0.0377,0.05,-2,12.0,0.2505149841308594,0.2068,0
resumes/data\ACCOUNTANT\21031285.pdf,jds\ENGINEERING\ENGINEERING_mid.txt,ACCOUNTANT,0.0269,0.0,-1,12.0,0.2818590998649597,0.2925,0
resumes/data\ACCOUNTANT\21031285.pdf,jds\ENGINEERING\ENGINEERING_entry.txt,ACCOUNTANT,0.0396,0.1,0,10.0,0.274875670671463,0.2556,0
resumes/data\ACCOUNTANT\21338490.pdf,jds\ACCOUNTANT\ACCOUNTANT_entry.txt,ACCOUNTANT,0.3274,0.35,0,16.0,0.6036413311958313,0.6614,1
resumes/data\ACCOUNTANT\21338490.pdf,jds\ACCOUNTANT\ACCOUNTANT_mid.txt,ACCOUNTANT,0.3405,0.4,0,18.0,0.5134703516960144,0.6056,1
resumes/data\ACCOUNTANT\21338490.pdf,jds\ACCOUNTANT\ACCOUNTANT_senior.txt,ACCOUNTANT,0.2226,0.35,0,18.0,0.5412052869796753,0.6339,1
resumes/data\ACCOUNTANT\21338490.pdf,jds\INFORMATION-TECHNOLOGY\INFORMATION-TECHNOLOGY_mid.txt,ACCOUNTANT,0.0554,0.1,0,18.0,0.3827687501907348,0.3592,0
resumes/data\ACCOUNTANT\21338490.pdf,jds\INFORMATION-TECHNOLOGY\INFORMATION-TECHNOLOGY_entry.txt,ACCOUNTANT,0.0387,0.05,1,16.0,0.3912169337272644,0.3894,0
resumes/data\ACCOUNTANT\21338490.pdf,jds\INFORMATION-TECHNOLOGY\INFORMATION-TECHNOLOGY_senior.txt,ACCOUNTANT,0.0301,0.1,0,18.0,0.2834087014198303,0.2814,0
resumes/data\ACCOUNTANT\21763056.pdf,jds\ACCOUNTANT\ACCOUNTANT_mid.txt,ACCOUNTANT,0.199,0.3,0,34.0,0.4175625443458557,0.5948,1
resumes/data\ACCOUNTANT\21763056.pdf,jds\BUSINESS-DEVELOPMENT\BUSINESS-DEVELOPMENT_entry.txt,ACCOUNTANT,0.0438,0.1,1,32.0,0.2605927288532257,0.3281,0
resumes/data\ACCOUNTANT\21763056.pdf,jds\BUSINESS-DEVELOPMENT\BUSINESS-DEVELOPMENT_mid.txt,ACCOUNTANT,0.0654,0.1,0,26.0,0.3060750961303711,0.3773,0
resumes/data\ACCOUNTANT\21794875.pdf,jds\ACCOUNTANT\ACCOUNTANT_mid.txt,ACCOUNTANT,0.2197,0.4,-1,53.0,0.5281264781951904,0.5667,1
resumes/data\ACCOUNTANT\21794875.pdf,jds\SALES\SALES_senior.txt,ACCOUNTANT,0.0437,0.1,-1,53.0,0.3565819859504699,0.3786,0
resumes/data\ACCOUNTANT\21794875.pdf,jds\SALES\SALES_entry.txt,ACCOUNTANT,0.0287,0.0,0,53.0,0.3422824740409851,0.3702,0
resumes/data\ACCOUNTANT\21853199.pdf,jds\ACCOUNTANT\ACCOUNTANT_mid.txt,ACCOUNTANT,0.3071,0.4,-1,13.0,0.4685260951519012,0.5627,1
resumes/data\ACCOUNTANT\21853199.pdf,jds\ACCOUNTANT\ACCOUNTANT_senior.txt,ACCOUNTANT,0.2254,0.25,-1,13.0,0.5048279166221619,0.6205,1
resumes/data\ACCOUNTANT\21853199.pdf,jds\ADVOCATE\ADVOCATE_entry.txt,ACCOUNTANT,0.0804,0.15,-1,11.0,0.342430979013443,0.3997,0
resumes/data\ACCOUNTANT\21853199.pdf,jds\ADVOCATE\ADVOCATE_senior.txt,ACCOUNTANT,0.045,0.05,-1,13.0,0.270251989364624,0.3435,0
resumes/data\ACCOUNTANT\21853199.pdf,jds\ADVOCATE\ADVOCATE_mid.txt,ACCOUNTANT,0.067,0.1,-1,13.0,0.2683426439762115,0.3448,0
resumes/data\ACCOUNTANT\22465498.pdf,jds\ACCOUNTANT\ACCOUNTANT_mid.txt,ACCOUNTANT,0.2826,0.35,-2,21.0,0.4171292185783386,0.4848,1
resumes/data\ACCOUNTANT\22465498.pdf,jds\APPAREL\APPAREL_entry.txt,ACCOUNTANT,0.0298,0.1,-1,19.0,0.3705005943775177,0.2677,0
resumes/data\ACCOUNTANT\22465498.pdf,jds\APPAREL\APPAREL_mid.txt,ACCOUNTANT,0.054,0.1,-2,21.0,0.4134238362312317,0.2939,0
resumes/data\ACCOUNTANT\22465498.pdf,jds\APPAREL\APPAREL_senior.txt,ACCOUNTANT,0.0431,0.2,-2,21.0,0.3660248517990112,0.2853,0
resumes/data\ACCOUNTANT\22925443.pdf,jds\INFORMATION-TECHNOLOGY\INFORMATION-TECHNOLOGY_entry.txt,ACCOUNTANT,0.0596,0.05,0,17.0,0.285627156496048,0.2773,0
resumes/data\ACCOUNTANT\22925443.pdf,jds\INFORMATION-TECHNOLOGY\INFORMATION-TECHNOLOGY_mid.txt,ACCOUNTANT,0.0591,0.1,-1,19.0,0.2656232714653015,0.2624,0
resumes/data\ACCOUNTANT\22925443.pdf,jds\INFORMATION-TECHNOLOGY\INFORMATION-TECHNOLOGY_senior.txt,ACCOUNTANT,0.0299,0.15,-1,19.0,0.2383016049861908,0.1488,0
resumes/data\ACCOUNTANT\23139819.pdf,jds\ACCOUNTANT\ACCOUNTANT_mid.txt,ACCOUNTANT,0.2669,0.35,0,0.0,0.5209254026412964,0.596,1
resumes/data\ACCOUNTANT\23139819.pdf,jds\ACCOUNTANT\ACCOUNTANT_senior.txt,ACCOUNTANT,0.2024,0.3,0,0.0,0.5789217948913574,0.6661,1
resumes/data\ACCOUNTANT\23139819.pdf,jds\BPO\BPO_entry.txt,ACCOUNTANT,0.0819,0.15,1,-2.0,0.3235051035881042,0.3581,0
resumes/data\ACCOUNTANT\23246831.pdf,jds\BUSINESS-DEVELOPMENT\BUSINESS-DEVELOPMENT_mid.txt,ACCOUNTANT,0.1031,0.25,-1,3.0,0.38019460439682,0.3028,0
resumes/data\ACCOUNTANT\23387174.pdf,jds\ACCOUNTANT\ACCOUNTANT_entry.txt,ACCOUNTANT,0.3021,0.35,-1,14.0,0.6579593420028687,0.6957,1
resumes/data\ACCOUNTANT\23387174.pdf,jds\ACCOUNTANT\ACCOUNTANT_mid.txt,ACCOUNTANT,0.3315,0.35,-1,16.0,0.5647000074386597,0.6391,1
resumes/data\ACCOUNTANT\23387174.pdf,jds\ACCOUNTANT\ACCOUNTANT_senior.txt,ACCOUNTANT,0.2071,0.45,-1,16.0,0.5613387823104858,0.6297,1
resumes/data\ACCOUNTANT\23387174.pdf,jds\ARTS\ARTS_entry.txt,ACCOUNTANT,0.0307,0.0,0,16.0,0.2364934235811233,0.2183,0
resumes/data\ACCOUNTANT\23387174.pdf,jds\ARTS\ARTS_mid.txt,ACCOUNTANT,0.0256,0.0,-1,16.0,0.251991331577301,0.2876,0
resumes/data\ACCOUNTANT\23387174.pdf,jds\ARTS\ARTS_senior.txt,ACCOUNTANT,0.0234,0.1,-2,16.0,0.2284744828939438,0.2194,0
resumes/data\ACCOUNTANT\23416654.pdf,jds\FITNESS\FITNESS_mid.txt,ACCOUNTANT,0.058,0.1,1,16.0,0.3192818760871887,0.2801,0
resumes/data\ACCOUNTANT\23416654.pdf,jds\FITNESS\FITNESS_senior.txt,ACCOUNTANT,0.0422,0.0,-1,23.0,0.3267970979213714,0.2447,0
resumes/data\ACCOUNTANT\23416654.pdf,jds\FITNESS\FITNESS_entry.txt,ACCOUNTANT,0.0382,0.1,2,21.0,0.3378772139549255,0.2355,0
resumes/data\ACCOUNTANT\23438112.pdf,jds\ACCOUNTANT\ACCOUNTANT_mid.txt,ACCOUNTANT,0.238,0.3,0,15.0,0.4628080725669861,0.588,1
resumes/data\ACCOUNTANT\23438112.pdf,jds\ARTS\ARTS_entry.txt,ACCOUNTANT,0.0342,0.1,1,15.0,0.3764292597770691,0.3019,0
resumes/data\ACCOUNTANT\23438112.pdf,jds\ARTS\ARTS_mid.txt,ACCOUNTANT,0.0267,0.05,0,15.0,0.4239223003387451,0.3582,0
resumes/data\ACCOUNTANT\23438112.pdf,jds\ARTS\ARTS_senior.txt,ACCOUNTANT,0.0648,0.15,-1,15.0,0.5220838189125061,0.2892,0
resumes/data\ACCOUNTANT\23513618.pdf,jds\ACCOUNTANT\ACCOUNTANT_mid.txt,ACCOUNTANT,0.3814,0.35,0,40.0,0.6061780452728271,0.6056,1
resumes/data\ACCOUNTANT\23513618.pdf,jds\ACCOUNTANT\ACCOUNTANT_senior.txt,ACCOUNTANT,0.2782,0.35,0,40.0,0.5948271751403809,0.6558,1
resumes/data\ACCOUNTANT\23513618.pdf,jds\ARTS\ARTS_entry.txt,ACCOUNTANT,0.0417,0.15,1,40.0,0.3209947347640991,0.1641,0
resumes/data\ACCOUNTANT\23513618.pdf,jds\ARTS\ARTS_senior.txt,ACCOUNTANT,0.0467,0.1,-1,40.0,0.3048736453056335,0.2024,0
resumes/data\ACCOUNTANT\23513618.pdf,jds\ARTS\ARTS_mid.txt,ACCOUNTANT,0.0349,0.1,0,40.0,0.4011783301830292,0.2449,0
resumes/data\ACCOUNTANT\23636277.pdf,jds\ACCOUNTANT\ACCOUNTANT_mid.txt,ACCOUNTANT,0.272,0.35,0,12.0,0.4863386154174804,0.5156,1
resumes/data\ACCOUNTANT\23636277.pdf,jds\PUBLIC-RELATIONS\PUBLIC-RELATIONS_mid.txt,ACCOUNTANT,0.0744,0.15,0,12.0,0.3938504755496979,0.2794,0
resumes/data\ACCOUNTANT\23636277.pdf,jds\PUBLIC-RELATIONS\PUBLIC-RELATIONS_entry.txt,ACCOUNTANT,0.0463,0.15,1,10.0,0.3472438752651214,0.2114,0
resumes/data\ACCOUNTANT\23636277.pdf,jds\PUBLIC-RELATIONS\PUBLIC-RELATIONS_senior.txt,ACCOUNTANT,0.0576,0.2,0,12.0,0.384919673204422,0.1726,0
resumes/data\ACCOUNTANT\23734441.pdf,jds\ACCOUNTANT\ACCOUNTANT_mid.txt,ACCOUNTANT,0.247,0.35,-3,14.0,0.4834839999675751,0.536,1
resumes/data\ACCOUNTANT\23734441.pdf,jds\AVIATION\AVIATION_mid.txt,ACCOUNTANT,0.0268,0.05,-2,6.0,0.3065447807312011,0.3284,0
resumes/data\ACCOUNTANT\23734441.pdf,jds\AVIATION\AVIATION_senior.txt,ACCOUNTANT,0.0215,0.15,-2,14.0,0.3816359937191009,0.3647,0
resumes/data\ACCOUNTANT\23734441.pdf,jds\AVIATION\AVIATION_entry.txt,ACCOUNTANT,0.0321,0.05,-2,12.0,0.3058240711688995,0.3028,0
resumes/data\ACCOUNTANT\24103168.pdf,jds\ACCOUNTANT\ACCOUNTANT_entry.txt,ACCOUNTANT,0.1893,0.3,-1,6.0,0.5196720957756042,0.6241,1
resumes/data\ACCOUNTANT\24103168.pdf,jds\ACCOUNTANT\ACCOUNTANT_mid.txt,ACCOUNTANT,0.2795,0.3,-1,8.0,0.4795606136322021,0.5898,1
resumes/data\ACCOUNTANT\24103168.pdf,jds\ACCOUNTANT\ACCOUNTANT_senior.txt,ACCOUNTANT,0.2493,0.5,-1,8.0,0.528903603553772,0.6315,1
resumes/data\ACCOUNTANT\24103168.pdf,jds\APPAREL\APPAREL_mid.txt,ACCOUNTANT,0.0588,0.15,-1,8.0,0.3756568729877472,0.3357,0
resumes/data\ACCOUNTANT\24103168.pdf,jds\APPAREL\APPAREL_entry.txt,ACCOUNTANT,0.0254,0.0,0,6.0,0.3033158183097839,0.2357,0
resumes/data\ACCOUNTANT\24103168.pdf,jds\APPAREL\APPAREL_senior.txt,ACCOUNTANT,0.0527,0.1,-1,8.0,0.353775680065155,0.3082,0
resumes/data\ACCOUNTANT\24294778.pdf,jds\ACCOUNTANT\ACCOUNTANT_mid.txt,ACCOUNTANT,0.2187,0.3,-1,16.0,0.5475389957427979,0.6044,1
resumes/data\ACCOUNTANT\24294778.pdf,jds\PUBLIC-RELATIONS\PUBLIC-RELATIONS_entry.txt,ACCOUNTANT,0.0447,0.15,0,14.0,0.3393913507461548,0.2801,0
resumes/data\ACCOUNTANT\24294778.pdf,jds\PUBLIC-RELATIONS\PUBLIC-RELATIONS_senior.txt,ACCOUNTANT,0.0416,0.1,-1,16.0,0.3373770713806152,0.2631,0
resumes/data\ACCOUNTANT\24294778.pdf,jds\PUBLIC-RELATIONS\PUBLIC-RELATIONS_mid.txt,ACCOUNTANT,0.0649,0.15,-1,16.0,0.3600391447544098,0.3679,0
resumes/data\ACCOUNTANT\24703009.pdf,jds\AVIATION\AVIATION_mid.txt,ACCOUNTANT,0.0526,0.1,0,9.0,0.3884183168411255,0.1681,0
resumes/data\ACCOUNTANT\24703009.pdf,jds\AVIATION\AVIATION_senior.txt,ACCOUNTANT,0.0325,0.15,0,17.0,0.3987104892730713,0.2919,0
resumes/data\ACCOUNTANT\24703009.pdf,jds\AVIATION\AVIATION_entry.txt,ACCOUNTANT,0.0582,0.05,0,15.0,0.3953800201416015,0.166,0
resumes/data\ACCOUNTANT\24799301.pdf,jds\BPO\BPO_mid.txt,ACCOUNTANT,0.0314,0.05,0,17.0,0.2161968052387237,0.2787,0
resumes/data\ACCOUNTANT\24799301.pdf,jds\BPO\BPO_entry.txt,ACCOUNTANT,0.0366,0.05,0,15.0,0.2180251032114029,0.2247,0
resumes/data\ACCOUNTANT\24799301.pdf,jds\BPO\BPO_senior.txt,ACCOUNTANT,0.0263,0.0,-1,17.0,0.2538374662399292,0.351,0
resumes/data\ACCOUNTANT\24817041.pdf,jds\ENGINEERING\ENGINEERING_entry.txt,ACCOUNTANT,0.0364,0.0,0,-2.0,0.3380303978919983,0.3598,0
resumes/data\ACCOUNTANT\24817041.pdf,jds\ENGINEERING\ENGINEERING_mid.txt,ACCOUNTANT,0.019,0.0,-1,0.0,0.3285845518112182,0.3678,0
resumes/data\ACCOUNTANT\24817041.pdf,jds\ENGINEERING\ENGINEERING_senior.txt,ACCOUNTANT,0.0203,0.0,-2,0.0,0.3163120746612549,0.2825,0
resumes/data\ACCOUNTANT\25067742.pdf,jds\HEALTHCARE\HEALTHCARE_mid.txt,ACCOUNTANT,0.0205,0.0,-1,17.0,0.3709418773651123,0.2949,0
resumes/data\ACCOUNTANT\25067742.pdf,jds\HEALTHCARE\HEALTHCARE_senior.txt,ACCOUNTANT,0.018,0.05,-1,17.0,0.3656336963176727,0.2599,0
resumes/data\ACCOUNTANT\25067742.pdf,jds\HEALTHCARE\HEALTHCARE_entry.txt,ACCOUNTANT,0.0284,0.0,0,15.0,0.3685494065284729,0.3485,0
resumes/data\ACCOUNTANT\25127518.pdf,jds\AUTOMOBILE\AUTOMOBILE_entry.txt,ACCOUNTANT,0.0298,0.0,0,25.0,0.219138503074646,0.2185,0
resumes/data\ACCOUNTANT\25127518.pdf,jds\AUTOMOBILE\AUTOMOBILE_mid.txt,ACCOUNTANT,0.0365,0.0,0,19.0,0.2452675700187683,0.218,0
resumes/data\ACCOUNTANT\25127518.pdf,jds\AUTOMOBILE\AUTOMOBILE_senior.txt,ACCOUNTANT,0.0287,0.0,-1,27.0,0.2531599700450897,0.2296,0
resumes/data\ACCOUNTANT\25462793.pdf,jds\ACCOUNTANT\ACCOUNTANT_mid.txt,ACCOUNTANT,0.2336,0.3,0,35.0,0.4593164920806885,0.557,1
resumes/data\ACCOUNTANT\25462793.pdf,jds\AGRICULTURE\AGRICULTURE_senior.txt,ACCOUNTANT,0.0385,0.05,-1,35.0,0.3163239359855652,0.257,0
resumes/data\ACCOUNTANT\25462793.pdf,jds\AGRICULTURE\AGRICULTURE_entry.txt,ACCOUNTANT,0.0288,0.05,1,35.0,0.2330516129732132,0.1669,0
resumes/data\ACCOUNTANT\25462793.pdf,jds\AGRICULTURE\AGRICULTURE_mid.txt,ACCOUNTANT,0.0393,0.0,0,28.0,0.2396346926689148,0.2452,0
resumes/data\ACCOUNTANT\25547145.pdf,jds\AGRICULTURE\AGRICULTURE_entry.txt,ACCOUNTANT,0.0393,0.1,-1,5.0,0.3215821981430053,0.3065,0
resumes/data\ACCOUNTANT\25547145.pdf,jds\AGRICULTURE\AGRICULTURE_mid.txt,ACCOUNTANT,0.0813,0.1,-2,-2.0,0.320610910654068,0.3556,0
resumes/data\ACCOUNTANT\25749150.pdf,jds\AGRICULTURE\AGRICULTURE_senior.txt,ACCOUNTANT,0.0392,0.05,-2,4.0,0.2695990800857544,0.1908,0
resumes/data\ACCOUNTANT\25749150.pdf,jds\AGRICULTURE\AGRICULTURE_entry.txt,ACCOUNTANT,0.0399,0.05,0,4.0,0.2583573162555694,0.1432,0
resumes/data\ACCOUNTANT\25749150.pdf,jds\AGRICULTURE\AGRICULTURE_mid.txt,ACCOUNTANT,0.0501,0.05,-1,-3.0,0.2514033317565918,0.1746,0
resumes/data\ACCOUNTANT\25846894.pdf,jds\ACCOUNTANT\ACCOUNTANT_mid.txt,ACCOUNTANT,0.3363,0.45,-1,12.0,0.4950715005397796,0.4668,1
resumes/data\ACCOUNTANT\25846894.pdf,jds\ACCOUNTANT\ACCOUNTANT_senior.txt,ACCOUNTANT,0.2311,0.35,-1,12.0,0.5214511156082153,0.6155,1
resumes/data\ACCOUNTANT\25846894.pdf,jds\APPAREL\APPAREL_senior.txt,ACCOUNTANT,0.065,0.1,-1,12.0,0.3207918703556061,0.2443,0
resumes/data\ACCOUNTANT\25846894.pdf,jds\APPAREL\APPAREL_entry.txt,ACCOUNTANT,0.0302,0.1,0,10.0,0.3039389252662658,0.2113,0
resumes/data\ACCOUNTANT\25846894.pdf,jds\APPAREL\APPAREL_mid.txt,ACCOUNTANT,0.0761,0.1,-1,12.0,0.3576126396656036,0.3311,0
resumes/data\ACCOUNTANT\25862026.pdf,jds\ACCOUNTANT\ACCOUNTANT_mid.txt,ACCOUNTANT,0.3173,0.4,-1,11.0,0.5303138494491577,0.6237,1
resumes/data\ACCOUNTANT\25862026.pdf,jds\ACCOUNTANT\ACCOUNTANT_senior.txt,ACCOUNTANT,0.2162,0.25,-1,11.0,0.5020056962966919,0.5595,1
resumes/data\ACCOUNTANT\25862026.pdf,jds\ENGINEERING\ENGINEERING_entry.txt,ACCOUNTANT,0.0392,0.05,0,9.0,0.3442463278770447,0.2956,0
resumes/data\ACCOUNTANT\25862026.pdf,jds\ENGINEERING\ENGINEERING_senior.txt,ACCOUNTANT,0.0366,0.05,-2,11.0,0.3335689306259155,0.2743,0
resumes/data\ACCOUNTANT\25862026.pdf,jds\ENGINEERING\ENGINEERING_mid.txt,ACCOUNTANT,0.0342,0.05,-1,11.0,0.2901375293731689,0.375,0
resumes/data\ACCOUNTANT\25867805.pdf,jds\ACCOUNTANT\ACCOUNTANT_mid.txt,ACCOUNTANT,0.3013,0.4,0,7.0,0.4763593971729278,0.4378,1
resumes/data\ACCOUNTANT\25867805.pdf,jds\TEACHER\TEACHER_entry.txt,ACCOUNTANT,0.0427,0.05,1,7.0,0.3729943037033081,0.1794,0
resumes/data\ACCOUNTANT\25867805.pdf,jds\TEACHER\TEACHER_mid.txt,ACCOUNTANT,0.0381,0.05,0,7.0,0.3840084671974182,0.2048,0
resumes/data\ACCOUNTANT\25867805.pdf,jds\TEACHER\TEACHER_senior.txt,ACCOUNTANT,0.0374,0.15,-1,7.0,0.413719117641449,0.1485,0
resumes/data\ACCOUNTANT\25935030.pdf,jds\CHEF\CHEF_entry.txt,ACCOUNTANT,0.0697,0.15,1,0.0,0.2608326077461242,0.2404,0
resumes/data\ACCOUNTANT\25935030.pdf,jds\CHEF\CHEF_mid.txt,ACCOUNTANT,0.061,0.1,1,0.0,0.277374267578125,0.2658,0
resumes/data\ACCOUNTANT\25935030.pdf,jds\CHEF\CHEF_senior.txt,ACCOUNTANT,0.0586,0.05,1,0.0,0.282361090183258,0.3083,0
resumes/data\ACCOUNTANT\26065877.pdf,jds\ACCOUNTANT\ACCOUNTANT_mid.txt,ACCOUNTANT,0.2156,0.4,-1,10.0,0.5369635820388794,0.6336,1
resumes/data\ACCOUNTANT\26065877.pdf,jds\CHEF\CHEF_mid.txt,ACCOUNTANT,0.0185,0.1,1,10.0,0.2837165594100952,0.3021,0
resumes/data\ACCOUNTANT\26065877.pdf,jds\CHEF\CHEF_entry.txt,ACCOUNTANT,0.0247,0.15,1,10.0,0.2686404883861542,0.2496,0
resumes/data\ACCOUNTANT\26065877.pdf,jds\CHEF\CHEF_senior.txt,ACCOUNTANT,0.0139,0.0,1,10.0,0.351252019405365,0.3,0
resumes/data\ACCOUNTANT\26975573.pdf,jds\ACCOUNTANT\ACCOUNTANT_mid.txt,ACCOUNTANT,0.3163,0.35,0,0.0,0.6173186302185059,0.6368,1
resumes/data\ACCOUNTANT\26975573.pdf,jds\ACCOUNTANT\ACCOUNTANT_senior.txt,ACCOUNTANT,0.2233,0.4,0,0.0,0.5883787274360657,0.6407,1
resumes/data\ACCOUNTANT\26975573.pdf,jds\HEALTHCARE\HEALTHCARE_entry.txt,ACCOUNTANT,0.0516,0.2,1,-2.0,0.401414692401886,0.3993,0
resumes/data\ACCOUNTANT\27558837.pdf,jds\HEALTHCARE\HEALTHCARE_entry.txt,ACCOUNTANT,0.0286,0.05,0,20.0,0.4235221147537231,0.4357,0
resumes/data\ACCOUNTANT\27558837.pdf,jds\HEALTHCARE\HEALTHCARE_mid.txt,ACCOUNTANT,0.0593,0.2,-1,22.0,0.380289614200592,0.3995,0
resumes/data\ACCOUNTANT\27573855.pdf,jds\ACCOUNTANT\ACCOUNTANT_mid.txt,ACCOUNTANT,0.2348,0.4,0,8.0,0.4955040216445923,0.6305,1
resumes/data\ACCOUNTANT\27573855.pdf,jds\ACCOUNTANT\ACCOUNTANT_senior.txt,ACCOUNTANT,0.1687,0.4,0,8.0,0.4828026294708252,0.6843,1
resumes/data\ACCOUNTANT\27573855.pdf,jds\PUBLIC-RELATIONS\PUBLIC-RELATIONS_entry.txt,ACCOUNTANT,0.0623,0.15,1,6.0,0.2944636642932892,0.3621,0
resumes/data\ACCOUNTANT\27573855.pdf,jds\PUBLIC-RELATIONS\PUBLIC-RELATIONS_senior.txt,ACCOUNTANT,0.0692,0.1,0,8.0,0.3557349443435669,0.3732,0
resumes/data\ACCOUNTANT\27637576.pdf,jds\ACCOUNTANT\ACCOUNTANT_mid.txt,ACCOUNTANT,0.2777,0.35,-2,34.0,0.4369871318340301,0.497,1
resumes/data\ACCOUNTANT\27637576.pdf,jds\ACCOUNTANT\ACCOUNTANT_senior.txt,ACCOUNTANT,0.2355,0.35,-2,34.0,0.5426203012466431,0.5906,1
resumes/data\ACCOUNTANT\27637576.pdf,jds\DIGITAL-MEDIA\DIGITAL-MEDIA_entry.txt,ACCOUNTANT,0.0202,0.05,-1,32.0,0.357438325881958,0.3205,0
resumes/data\ACCOUNTANT\27637576.pdf,jds\DIGITAL-MEDIA\DIGITAL-MEDIA_senior.txt,ACCOUNTANT,0.0226,0.05,-2,34.0,0.3269948959350586,0.2697,0
resumes/data\ACCOUNTANT\27637576.pdf,jds\DIGITAL-MEDIA\DIGITAL-MEDIA_mid.txt,ACCOUNTANT,0.0326,0.05,-2,34.0,0.3791928887367248,0.3754,0
resumes/data\ACCOUNTANT\27980446.pdf,jds\ACCOUNTANT\ACCOUNTANT_mid.txt,ACCOUNTANT,0.191,0.25,-1,20.0,0.5205520391464233,0.625,1
resumes/data\ACCOUNTANT\27980446.pdf,jds\CONSTRUCTION\CONSTRUCTION_entry.txt,ACCOUNTANT,0.041,0.15,0,18.0,0.2962749302387237,0.3602,0
resumes/data\ACCOUNTANT\27980446.pdf,jds\CONSTRUCTION\CONSTRUCTION_mid.txt,ACCOUNTANT,0.0508,0.2,-1,20.0,0.3991216123104095,0.3969,0
resumes/data\ACCOUNTANT\27980446.pdf,jds\CONSTRUCTION\CONSTRUCTION_senior.txt,ACCOUNTANT,0.0462,0.15,-1,20.0,0.3474944829940796,0.3766,0
resumes/data\ACCOUNTANT\28298773.pdf,jds\ACCOUNTANT\ACCOUNTANT_entry.txt,ACCOUNTANT,0.2533,0.3,-1,10.0,0.4031319618225097,0.6192,1
resumes/data\ACCOUNTANT\28298773.pdf,jds\ACCOUNTANT\ACCOUNTANT_mid.txt,ACCOUNTANT,0.2887,0.35,-1,12.0,0.393462598323822,0.5582,1
resumes/data\ACCOUNTANT\28298773.pdf,jds\TEACHER\TEACHER_senior.txt,ACCOUNTANT,0.0339,0.05,-2,12.0,0.2923312783241272,0.2559,0
resumes/data\ACCOUNTANT\28298773.pdf,jds\TEACHER\TEACHER_entry.txt,ACCOUNTANT,0.0328,0.0,0,12.0,0.2221370786428451,0.3106,0
resumes/data\ACCOUNTANT\28298773.pdf,jds\TEACHER\TEACHER_mid.txt,ACCOUNTANT,0.0401,0.0,-1,12.0,0.2344019412994384,0.3143,0
resumes/data\ACCOUNTANT\28359817.pdf,jds\ARTS\ARTS_entry.txt,ACCOUNTANT,0.0309,0.0,0,0.0,0.2410625517368316,0.2159,0
resumes/data\ACCOUNTANT\28359817.pdf,jds\ARTS\ARTS_mid.txt,ACCOUNTANT,0.0156,0.0,-1,0.0,0.2232248485088348,0.2505,0
resumes/data\ACCOUNTANT\28359817.pdf,jds\ARTS\ARTS_senior.txt,ACCOUNTANT,0.0207,0.15,-2,0.0,0.2546171844005584,0.241,0
resumes/data\ACCOUNTANT\28614791.pdf,jds\ARTS\ARTS_senior.txt,ACCOUNTANT,0.0226,0.05,-4,10.0,0.2690386176109314,0.2548,0
resumes/data\ACCOUNTANT\28614791.pdf,jds\ARTS\ARTS_entry.txt,ACCOUNTANT,0.0285,0.05,-2,10.0,0.2699046730995178,0.2818,0
resumes/data\ACCOUNTANT\28614791.pdf,jds\ARTS\ARTS_mid.txt,ACCOUNTANT,0.0224,0.0,-3,10.0,0.3046590387821197,0.3203,0
resumes/data\ACCOUNTANT\28939941.pdf,jds\CONSTRUCTION\CONSTRUCTION_senior.txt,ACCOUNTANT,0.0588,0.1,0,3.0,0.4450786113739013,0.4033,0
resumes/data\ACCOUNTANT\28939941.pdf,jds\CONSTRUCTION\CONSTRUCTION_entry.txt,ACCOUNTANT,0.0637,0.05,1,1.0,0.391436368227005,0.3513,0
resumes/data\ACCOUNTANT\28939941.pdf,jds\CONSTRUCTION\CONSTRUCTION_mid.txt,ACCOUNTANT,0.0685,0.05,0,3.0,0.4037917256355285,0.3467,0
resumes/data\ACCOUNTANT\28969385.pdf,jds\ACCOUNTANT\ACCOUNTANT_mid.txt,ACCOUNTANT,0.3543,0.35,-1,0.0,0.5352315902709961,0.6056,1
resumes/data\ACCOUNTANT\28969385.pdf,jds\ACCOUNTANT\ACCOUNTANT_senior.txt,ACCOUNTANT,0.2501,0.5,-1,0.0,0.5902916193008423,0.6231,1
resumes/data\ACCOUNTANT\28969385.pdf,jds\BPO\BPO_entry.txt,ACCOUNTANT,0.0561,0.05,0,-2.0,0.3983216285705566,0.406,0
resumes/data\ACCOUNTANT\29050809.pdf,jds\ACCOUNTANT\ACCOUNTANT_mid.txt,ACCOUNTANT,0.3809,0.4,-1,10.0,0.5208949446678162,0.6139,1
resumes/data\ACCOUNTANT\29050809.pdf,jds\ACCOUNTANT\ACCOUNTANT_senior.txt,ACCOUNTANT,0.2451,0.35,-1,10.0,0.5133978128433228,0.6444,1
resumes/data\ACCOUNTANT\29050809.pdf,jds\CHEF\CHEF_entry.txt,ACCOUNTANT,0.0621,0.15,1,10.0,0.3073293268680572,0.2985,0
resumes/data\ACCOUNTANT\29050809.pdf,jds\CHEF\CHEF_senior.txt,ACCOUNTANT,0.047,0.0,1,10.0,0.3557905554771423,0.3837,0
resumes/data\ACCOUNTANT\29050809.pdf,jds\CHEF\CHEF_mid.txt,ACCOUNTANT,0.0474,0.1,1,10.0,0.3334418535232544,0.3815,0
resumes/data\ACCOUNTANT\29456173.pdf,jds\ACCOUNTANT\ACCOUNTANT_mid.txt,ACCOUNTANT,0.2966,0.35,-1,15.0,0.4656707048416137,0.4795,1
resumes/data\ACCOUNTANT\29456173.pdf,jds\CHEF\CHEF_entry.txt,ACCOUNTANT,0.026,0.0,1,15.0,0.2994752526283264,0.1533,0
resumes/data\ACCOUNTANT\29456173.pdf,jds\CHEF\CHEF_senior.txt,ACCOUNTANT,0.0272,0.05,1,15.0,0.3539246916770935,0.1747,0
resumes/data\ACCOUNTANT\29456173.pdf,jds\CHEF\CHEF_mid.txt,ACCOUNTANT,0.0377,0.05,1,15.0,0.3413228392601013,0.1847,0
resumes/data\ACCOUNTANT\29821051.pdf,jds\ACCOUNTANT\ACCOUNTANT_entry.txt,ACCOUNTANT,0.238,0.35,-1,6.0,0.6530518531799316,0.6956,1
resumes/data\ACCOUNTANT\29821051.pdf,jds\ACCOUNTANT\ACCOUNTANT_mid.txt,ACCOUNTANT,0.319,0.35,-1,8.0,0.5709192156791687,0.6621,1
resumes/data\ACCOUNTANT\29821051.pdf,jds\ACCOUNTANT\ACCOUNTANT_senior.txt,ACCOUNTANT,0.2597,0.4,-1,8.0,0.6101574897766113,0.6865,1
resumes/data\ACCOUNTANT\29821051.pdf,jds\AUTOMOBILE\AUTOMOBILE_senior.txt,ACCOUNTANT,0.0542,0.1,-1,8.0,0.331006646156311,0.3472,0
resumes/data\ACCOUNTANT\29821051.pdf,jds\AUTOMOBILE\AUTOMOBILE_mid.txt,ACCOUNTANT,0.0769,0.05,0,0.0,0.3365252315998077,0.3684,0
resumes/data\ACCOUNTANT\29821051.pdf,jds\AUTOMOBILE\AUTOMOBILE_entry.txt,ACCOUNTANT,0.0483,0.1,0,6.0,0.3301784992218017,0.364,0
resumes/data\ACCOUNTANT\29999135.pdf,jds\HEALTHCARE\HEALTHCARE_senior.txt,ACCOUNTANT,0.0155,0.05,-1,21.0,0.2939355969429016,0.3041,0
resumes/data\ACCOUNTANT\29999135.pdf,jds\HEALTHCARE\HEALTHCARE_mid.txt,ACCOUNTANT,0.038,0.05,-1,21.0,0.3559675216674804,0.29,0
resumes/data\ACCOUNTANT\29999135.pdf,jds\HEALTHCARE\HEALTHCARE_entry.txt,ACCOUNTANT,0.0372,0.0,0,19.0,0.379286915063858,0.3919,0
resumes/data\ACCOUNTANT\30304575.pdf,jds\ACCOUNTANT\ACCOUNTANT_mid.txt,ACCOUNTANT,0.2955,0.4,0,0.0,0.4105339348316192,0.6005,1
resumes/data\ACCOUNTANT\30304575.pdf,jds\ACCOUNTANT\ACCOUNTANT_senior.txt,ACCOUNTANT,0.2087,0.3,0,0.0,0.4249327778816223,0.6408,1
resumes/data\ACCOUNTANT\30304575.pdf,jds\ARTS\ARTS_entry.txt,ACCOUNTANT,0.0347,0.05,1,0.0,0.1980354487895965,0.3108,0
resumes/data\ACCOUNTANT\30304575.pdf,jds\ARTS\ARTS_senior.txt,ACCOUNTANT,0.036,0.25,-1,0.0,0.2325459867715835,0.2674,0
resumes/data\ACCOUNTANT\30304575.pdf,jds\ARTS\ARTS_mid.txt,ACCOUNTANT,0.0398,0.05,0,0.0,0.2670467495918274,0.3218,0
resumes/data\ACCOUNTANT\30361788.pdf,jds\DIGITAL-MEDIA\DIGITAL-MEDIA_senior.txt,ACCOUNTANT,0.0296,0.0,-1,19.0,0.3162268102169037,0.2256,0
resumes/data\ACCOUNTANT\30361788.pdf,jds\DIGITAL-MEDIA\DIGITAL-MEDIA_entry.txt,ACCOUNTANT,0.0431,0.0,0,17.0,0.3445971012115478,0.27,0
resumes/data\ACCOUNTANT\30361788.pdf,jds\DIGITAL-MEDIA\DIGITAL-MEDIA_mid.txt,ACCOUNTANT,0.0419,0.05,-1,19.0,0.3538606166839599,0.2776,0
resumes/data\ACCOUNTANT\30813919.pdf,jds\ACCOUNTANT\ACCOUNTANT_mid.txt,ACCOUNTANT,0.2222,0.3,-1,10.0,0.5070315003395081,0.5867,1
resumes/data\ACCOUNTANT\30813919.pdf,jds\ACCOUNTANT\ACCOUNTANT_senior.txt,ACCOUNTANT,0.2127,0.35,-1,10.0,0.4963374435901642,0.5922,1
resumes/data\ACCOUNTANT\30813919.pdf,jds\AUTOMOBILE\AUTOMOBILE_entry.txt,ACCOUNTANT,0.0437,0.15,0,8.0,0.3027442693710327,0.2958,0
resumes/data\ACCOUNTANT\30813919.pdf,jds\AUTOMOBILE\AUTOMOBILE_mid.txt,ACCOUNTANT,0.1142,0.15,0,2.0,0.342909038066864,0.2798,0
resumes/data\ACCOUNTANT\30813919.pdf,jds\AUTOMOBILE\AUTOMOBILE_senior.txt,ACCOUNTANT,0.074,0.2,-1,10.0,0.3296272158622741,0.2883,0
resumes/data\ACCOUNTANT\31602598.pdf,jds\ACCOUNTANT\ACCOUNTANT_entry.txt,ACCOUNTANT,0.2211,0.3,-1,33.0,0.5464169979095459,0.6485,1
resumes/data\ACCOUNTANT\31602598.pdf,jds\ACCOUNTANT\ACCOUNTANT_mid.txt,ACCOUNTANT,0.2569,0.35,-1,35.0,0.5186283588409424,0.6253,1
resumes/data\ACCOUNTANT\31602598.pdf,jds\ACCOUNTANT\ACCOUNTANT_senior.txt,ACCOUNTANT,0.1907,0.2,-1,35.0,0.5680943727493286,0.6706,1
resumes/data\ACCOUNTANT\31602598.pdf,jds\AGRICULTURE\AGRICULTURE_mid.txt,ACCOUNTANT,0.0543,0.1,-1,28.0,0.2653984427452087,0.3104,0
resumes/data\ACCOUNTANT\31602598.pdf,jds\AGRICULTURE\AGRICULTURE_entry.txt,ACCOUNTANT,0.0409,0.05,0,35.0,0.2250966578722,0.255,0
resumes/data\ACCOUNTANT\31602598.pdf,jds\AGRICULTURE\AGRICULTURE_senior.txt,ACCOUNTANT,0.0554,0.1,-2,35.0,0.3434763848781585,0.3185,0
resumes/data\ACCOUNTANT\33527446.pdf,jds\ARTS\ARTS_mid.txt,ACCOUNTANT,0.0354,0.05,-1,33.0,0.2938253283500671,0.208,0
resumes/data\ACCOUNTANT\33527446.pdf,jds\ARTS\ARTS_senior.txt,ACCOUNTANT,0.0489,0.1,-2,33.0,0.2441975623369217,0.1772,0
resumes/data\ACCOUNTANT\33527446.pdf,jds\ARTS\ARTS_entry.txt,ACCOUNTANT,0.0563,0.15,0,33.0,0.2311858236789703,0.1841,0
resumes/data\ACCOUNTANT\34198885.pdf,jds\ACCOUNTANT\ACCOUNTANT_mid.txt,ACCOUNTANT,0.1988,0.25,0,12.0,0.4851168990135193,0.603,1
resumes/data\ACCOUNTANT\34198885.pdf,jds\BUSINESS-DEVELOPMENT\BUSINESS-DEVELOPMENT_entry.txt,ACCOUNTANT,0.0532,0.15,1,10.0,0.325216680765152,0.2886,0
resumes/data\ACCOUNTANT\34198885.pdf,jds\BUSINESS-DEVELOPMENT\BUSINESS-DEVELOPMENT_mid.txt,ACCOUNTANT,0.0518,0.15,0,4.0,0.3423799574375152,0.3269,0
resumes/data\ACCOUNTANT\34816637.pdf,jds\ADVOCATE\ADVOCATE_entry.txt,ACCOUNTANT,0.0324,0.1,-1,-2.0,0.3061378002166748,0.214,0
resumes/data\ACCOUNTANT\34816637.pdf,jds\ADVOCATE\ADVOCATE_mid.txt,ACCOUNTANT,0.0289,0.05,-1,0.0,0.2685659825801849,0.1892,0
resumes/data\ACCOUNTANT\34816637.pdf,jds\ADVOCATE\ADVOCATE_senior.txt,ACCOUNTANT,0.0189,0.0,-1,0.0,0.2963290512561798,0.1783,0
resumes/data\ACCOUNTANT\35554162.pdf,jds\ACCOUNTANT\ACCOUNTANT_mid.txt,ACCOUNTANT,0.2437,0.3,0,19.0,0.5265995264053345,0.6068,1
resumes/data\ACCOUNTANT\35554162.pdf,jds\BUSINESS-DEVELOPMENT\BUSINESS-DEVELOPMENT_mid.txt,ACCOUNTANT,0.0654,0.05,0,11.0,0.3932356834411621,0.3432,0
resumes/data\ACCOUNTANT\35554162.pdf,jds\BUSINESS-DEVELOPMENT\BUSINESS-DEVELOPMENT_entry.txt,ACCOUNTANT,0.0429,0.05,1,17.0,0.3975217342376709,0.3384,0
resumes/data\ACCOUNTANT\36024962.pdf,jds\ENGINEERING\ENGINEERING_entry.txt,ACCOUNTANT,0.0284,0.1,0,-2.0,0.311638206243515,0.3403,0
resumes/data\ACCOUNTANT\36024962.pdf,jds\ENGINEERING\ENGINEERING_mid.txt,ACCOUNTANT,0.0341,0.0,-1,0.0,0.2290061861276626,0.3038,0
resumes/data\ACCOUNTANT\36024962.pdf,jds\ENGINEERING\ENGINEERING_senior.txt,ACCOUNTANT,0.0267,0.0,-2,0.0,0.2566145062446594,0.26,0
resumes/data\ACCOUNTANT\36425270.pdf,jds\BPO\BPO_mid.txt,ACCOUNTANT,0.0494,0.05,0,13.0,0.3937139511108398,0.3203,0
resumes/data\ACCOUNTANT\36425270.pdf,jds\BPO\BPO_senior.txt,ACCOUNTANT,0.0652,0.15,-1,13.0,0.4344185888767242,0.3318,0
resumes/data\ACCOUNTANT\36425270.pdf,jds\BPO\BPO_entry.txt,ACCOUNTANT,0.0337,0.15,0,11.0,0.433774471282959,0.2575,0
resumes/data\ACCOUNTANT\37370455.pdf,jds\ACCOUNTANT\ACCOUNTANT_entry.txt,ACCOUNTANT,0.278,0.35,0,1.0,0.6222503185272217,0.7281,1
resumes/data\ACCOUNTANT\37370455.pdf,jds\ACCOUNTANT\ACCOUNTANT_mid.txt,ACCOUNTANT,0.3414,0.3,0,3.0,0.5306699275970459,0.61,1
resumes/data\ACCOUNTANT\37370455.pdf,jds\ACCOUNTANT\ACCOUNTANT_senior.txt,ACCOUNTANT,0.2634,0.3,0,3.0,0.5610603094100952,0.6486,1
resumes/data\ACCOUNTANT\37370455.pdf,jds\BUSINESS-DEVELOPMENT\BUSINESS-DEVELOPMENT_entry.txt,ACCOUNTANT,0.0563,0.15,1,1.0,0.3335801959037781,0.2956,0
resumes/data\ACCOUNTANT\37370455.pdf,jds\BUSINESS-DEVELOPMENT\BUSINESS-DEVELOPMENT_mid.txt,ACCOUNTANT,0.0642,0.05,0,-5.0,0.3568487167358398,0.3134,0
resumes/data\ACCOUNTANT\37997506.pdf,jds\ACCOUNTANT\ACCOUNTANT_entry.txt,ACCOUNTANT,0.2634,0.35,0,3.0,0.610558032989502,0.6844,1
resumes/data\ACCOUNTANT\37997506.pdf,jds\ACCOUNTANT\ACCOUNTANT_mid.txt,ACCOUNTANT,0.3423,0.4,0,5.0,0.5722957849502563,0.5926,1
resumes/data\ACCOUNTANT\37997506.pdf,jds\ACCOUNTANT\ACCOUNTANT_senior.txt,ACCOUNTANT,0.2281,0.35,0,5.0,0.6190539598464966,0.6177,1
resumes/data\ACCOUNTANT\37997506.pdf,jds\ENGINEERING\ENGINEERING_mid.txt,ACCOUNTANT,0.0349,0.1,0,5.0,0.3475079536437988,0.3211,0
resumes/data\ACCOUNTANT\37997506.pdf,jds\ENGINEERING\ENGINEERING_senior.txt,ACCOUNTANT,0.035,0.05,-1,5.0,0.3203114867210388,0.2436,0
resumes/data\ACCOUNTANT\37997506.pdf,jds\ENGINEERING\ENGINEERING_entry.txt,ACCOUNTANT,0.042,0.25,1,3.0,0.3640541732311249,0.3265,0
resumes/data\ACCOUNTANT\38847011.pdf,jds\CHEF\CHEF_mid.txt,ACCOUNTANT,0.0267,0.1,2,12.0,0.3615907728672027,0.2618,0
resumes/data\ACCOUNTANT\38847011.pdf,jds\CHEF\CHEF_senior.txt,ACCOUNTANT,0.0209,0.05,2,12.0,0.3983318209648132,0.2192,0
resumes/data\ACCOUNTANT\38847011.pdf,jds\CHEF\CHEF_entry.txt,ACCOUNTANT,0.0335,0.1,2,12.0,0.3390182852745056,0.2144,0
resumes/data\ACCOUNTANT\39115899.pdf,jds\ADVOCATE\ADVOCATE_entry.txt,ACCOUNTANT,0.033,0.0,0,17.0,0.343915730714798,0.3683,0
resumes/data\ACCOUNTANT\39115899.pdf,jds\ADVOCATE\ADVOCATE_mid.txt,ACCOUNTANT,0.0383,0.1,0,19.0,0.3132763504981994,0.299,0
resumes/data\ACCOUNTANT\39115899.pdf,jds\ADVOCATE\ADVOCATE_senior.txt,ACCOUNTANT,0.0525,0.1,0,19.0,0.297863095998764,0.2872,0
resumes/data\ACCOUNTANT\39674178.pdf,jds\ACCOUNTANT\ACCOUNTANT_mid.txt,ACCOUNTANT,0.2566,0.25,-1,0.0,0.5353597402572632,0.5814,1
resumes/data\ACCOUNTANT\39674178.pdf,jds\ACCOUNTANT\ACCOUNTANT_senior.txt,ACCOUNTANT,0.2161,0.3,-1,0.0,0.5391550660133362,0.6318,1
resumes/data\ACCOUNTANT\39674178.pdf,jds\SALES\SALES_mid.txt,ACCOUNTANT,0.0399,0.2,-1,0.0,0.5001242756843567,0.414,0
resumes/data\ACCOUNTANT\39674178.pdf,jds\SALES\SALES_entry.txt,ACCOUNTANT,0.0237,0.0,0,0.0,0.3886388540267944,0.3102,0
resumes/data\ACCOUNTANT\39674178.pdf,jds\SALES\SALES_senior.txt,ACCOUNTANT,0.0308,0.1,-1,0.0,0.4302859008312225,0.3971,0
resumes/data\ACCOUNTANT\42487883.pdf,jds\ACCOUNTANT\ACCOUNTANT_mid.txt,ACCOUNTANT,0.1964,0.3,-1,14.0,0.5291825532913208,0.5913,1
resumes/data\ACCOUNTANT\42487883.pdf,jds\TEACHER\TEACHER_mid.txt,ACCOUNTANT,0.0302,0.05,-1,14.0,0.3597730696201324,0.3817,0
resumes/data\ACCOUNTANT\42487883.pdf,jds\TEACHER\TEACHER_senior.txt,ACCOUNTANT,0.0248,0.15,-2,14.0,0.3261934518814087,0.329,0
resumes/data\ACCOUNTANT\42487883.pdf,jds\TEACHER\TEACHER_entry.txt,ACCOUNTANT,0.0434,0.0,0,14.0,0.3731510043144226,0.3845,0
resumes/data\ACCOUNTANT\43685045.pdf,jds\FITNESS\FITNESS_senior.txt,ACCOUNTANT,0.0232,0.1,-2,21.0,0.1907566040754318,0.1908,0
resumes/data\ACCOUNTANT\43685045.pdf,jds\FITNESS\FITNESS_entry.txt,ACCOUNTANT,0.0435,0.05,1,19.0,0.229120522737503,0.2061,0
resumes/data\ACCOUNTANT\43685045.pdf,jds\FITNESS\FITNESS_mid.txt,ACCOUNTANT,0.0264,0.05,0,14.0,0.209295704960823,0.2093,0
resumes/data\ACCOUNTANT\49204385.pdf,jds\ACCOUNTANT\ACCOUNTANT_mid.txt,ACCOUNTANT,0.3375,0.4,0,0.0,0.5573281645774841,0.5774,1
resumes/data\ACCOUNTANT\49204385.pdf,jds\ACCOUNTANT\ACCOUNTANT_senior.txt,ACCOUNTANT,0.1901,0.35,0,0.0,0.5244879722595215,0.6188,1
resumes/data\ACCOUNTANT\49997097.pdf,jds\ACCOUNTANT\ACCOUNTANT_mid.txt,ACCOUNTANT,0.2936,0.35,-1,14.0,0.5354347229003906,0.5437,1
resumes/data\ACCOUNTANT\49997097.pdf,jds\ACCOUNTANT\ACCOUNTANT_senior.txt,ACCOUNTANT,0.2073,0.3,-1,14.0,0.5831544399261475,0.5711,1
resumes/data\ACCOUNTANT\49997097.pdf,jds\FITNESS\FITNESS_entry.txt,ACCOUNTANT,0.0426,0.1,1,12.0,0.2624025642871856,0.2162,0
resumes/data\ACCOUNTANT\49997097.pdf,jds\FITNESS\FITNESS_senior.txt,ACCOUNTANT,0.0578,0.2,-2,14.0,0.2496899366378784,0.1945,0
resumes/data\ACCOUNTANT\49997097.pdf,jds\FITNESS\FITNESS_mid.txt,ACCOUNTANT,0.0544,0.1,0,7.0,0.3053000271320343,0.2937,0
resumes/data\ACCOUNTANT\50222417.pdf,jds\ACCOUNTANT\ACCOUNTANT_mid.txt,ACCOUNTANT,0.2686,0.35,0,0.0,0.4412800669670105,0.6613,1
resumes/data\ACCOUNTANT\50222417.pdf,jds\ACCOUNTANT\ACCOUNTANT_senior.txt,ACCOUNTANT,0.1949,0.3,0,0.0,0.5530906319618225,0.7117,1
resumes/data\ACCOUNTANT\50222417.pdf,jds\FITNESS\FITNESS_entry.txt,ACCOUNTANT,0.0145,0.05,2,-2.0,0.2490171939134597,0.3381,0
resumes/data\ACCOUNTANT\50222417.pdf,jds\FITNESS\FITNESS_mid.txt,ACCOUNTANT,0.0212,0.2,1,-7.0,0.2700160145759582,0.372,0
resumes/data\ACCOUNTANT\50222417.pdf,jds\FITNESS\FITNESS_senior.txt,ACCOUNTANT,0.0258,0.2,-1,0.0,0.3050181865692138,0.2873,0
resumes/data\ACCOUNTANT\53640713.pdf,jds\ACCOUNTANT\ACCOUNTANT_entry.txt,ACCOUNTANT,0.3171,0.4,0,6.0,0.5967332124710083,0.6653,1
resumes/data\ACCOUNTANT\53640713.pdf,jds\ACCOUNTANT\ACCOUNTANT_mid.txt,ACCOUNTANT,0.3635,0.35,0,8.0,0.5420641899108887,0.6052,1
resumes/data\ACCOUNTANT\53640713.pdf,jds\ACCOUNTANT\ACCOUNTANT_senior.txt,ACCOUNTANT,0.261,0.35,0,8.0,0.4983834326267242,0.6267,1
resumes/data\ACCOUNTANT\53640713.pdf,jds\ARTS\ARTS_senior.txt,ACCOUNTANT,0.0438,0.25,-1,8.0,0.3218821585178375,0.2051,0
resumes/data\ACCOUNTANT\53640713.pdf,jds\ARTS\ARTS_mid.txt,ACCOUNTANT,0.0548,0.05,0,8.0,0.319786012172699,0.2885,0
resumes/data\ACCOUNTANT\53640713.pdf,jds\ARTS\ARTS_entry.txt,ACCOUNTANT,0.0534,0.05,1,8.0,0.2907415628433227,0.2282,0
resumes/data\ACCOUNTANT\59403481.pdf,jds\ACCOUNTANT\ACCOUNTANT_mid.txt,ACCOUNTANT,0.2434,0.35,-1,12.0,0.4679102003574371,0.5349,1
resumes/data\ACCOUNTANT\59403481.pdf,jds\FITNESS\FITNESS_mid.txt,ACCOUNTANT,0.0391,0.05,0,5.0,0.2837100923061371,0.3207,0
resumes/data\ACCOUNTANT\59403481.pdf,jds\FITNESS\FITNESS_senior.txt,ACCOUNTANT,0.041,0.1,-2,12.0,0.2923253178596496,0.3157,0
resumes/data\ACCOUNTANT\59403481.pdf,jds\FITNESS\FITNESS_entry.txt,ACCOUNTANT,0.0364,0.05,1,10.0,0.3058631718158722,0.2773,0
resumes/data\ACCOUNTANT\62809577.pdf,jds\PUBLIC-RELATIONS\PUBLIC-RELATIONS_entry.txt,ACCOUNTANT,0.0258,0.1,0,16.0,0.3522629737854004,0.2491,0
resumes/data\ACCOUNTANT\62809577.pdf,jds\PUBLIC-RELATIONS\PUBLIC-RELATIONS_senior.txt,ACCOUNTANT,0.0363,0.1,-1,18.0,0.356325626373291,0.2209,0
resumes/data\ACCOUNTANT\62809577.pdf,jds\PUBLIC-RELATIONS\PUBLIC-RELATIONS_mid.txt,ACCOUNTANT,0.055,0.05,-1,18.0,0.4085411727428436,0.281,0
resumes/data\ACCOUNTANT\63137898.pdf,jds\ENGINEERING\ENGINEERING_senior.txt,ACCOUNTANT,0.0564,0.1,-2,0.0,0.3173148334026336,0.1914,0
resumes/data\ACCOUNTANT\63137898.pdf,jds\ENGINEERING\ENGINEERING_entry.txt,ACCOUNTANT,0.08,0.15,0,-2.0,0.3807353079319,0.2305,0
resumes/data\ACCOUNTANT\63137898.pdf,jds\ENGINEERING\ENGINEERING_mid.txt,ACCOUNTANT,0.0874,0.05,-1,0.0,0.3617900013923645,0.2834,0
resumes/data\ACCOUNTANT\75286906.pdf,jds\ENGINEERING\ENGINEERING_senior.txt,ACCOUNTANT,0.0472,0.0,-2,6.0,0.2261319458484649,0.1871,0
resumes/data\ACCOUNTANT\75286906.pdf,jds\ENGINEERING\ENGINEERING_entry.txt,ACCOUNTANT,0.0347,0.05,0,4.0,0.2833279967308044,0.2593,0
resumes/data\ACCOUNTANT\75286906.pdf,jds\ENGINEERING\ENGINEERING_mid.txt,ACCOUNTANT,0.0288,0.0,-1,6.0,0.2317931801080703,0.285,0
resumes/data\ACCOUNTANT\78257294.pdf,jds\ACCOUNTANT\ACCOUNTANT_mid.txt,ACCOUNTANT,0.3222,0.4,-1,8.0,0.4897360205650329,0.624,1
resumes/data\ACCOUNTANT\78257294.pdf,jds\ACCOUNTANT\ACCOUNTANT_senior.txt,ACCOUNTANT,0.2502,0.3,-1,8.0,0.5187259912490845,0.5715,1
resumes/data\ACCOUNTANT\78257294.pdf,jds\CONSTRUCTION\CONSTRUCTION_entry.txt,ACCOUNTANT,0.0517,0.2,0,6.0,0.2501887083053589,0.2674,0
resumes/data\ACCOUNTANT\78257294.pdf,jds\CONSTRUCTION\CONSTRUCTION_mid.txt,ACCOUNTANT,0.08,0.2,-1,8.0,0.33931365609169,0.321,0
resumes/data\ACCOUNTANT\78403342.pdf,jds\HEALTHCARE\HEALTHCARE_mid.txt,ACCOUNTANT,0.0674,0.15,-1,7.0,0.2979764342308044,0.3059,0
resumes/data\ACCOUNTANT\78403342.pdf,jds\HEALTHCARE\HEALTHCARE_senior.txt,ACCOUNTANT,0.0539,0.15,-1,7.0,0.2825241088867187,0.3342,0
resumes/data\ACCOUNTANT\78403342.pdf,jds\HEALTHCARE\HEALTHCARE_entry.txt,ACCOUNTANT,0.0551,0.2,0,5.0,0.3201647400856018,0.3671,0
resumes/data\ACCOUNTANT\80053367.pdf,jds\INFORMATION-TECHNOLOGY\INFORMATION-TECHNOLOGY_mid.txt,ACCOUNTANT,0.0669,0.05,-1,55.0,0.3690823316574096,0.3771,0
resumes/data\ACCOUNTANT\80053367.pdf,jds\INFORMATION-TECHNOLOGY\INFORMATION-TECHNOLOGY_entry.txt,ACCOUNTANT,0.0448,0.0,0,53.0,0.3425712585449219,0.3801,0
resumes/data\ACCOUNTANT\80053367.pdf,jds\INFORMATION-TECHNOLOGY\INFORMATION-TECHNOLOGY_senior.txt,ACCOUNTANT,0.0354,0.05,-1,55.0,0.3126705288887024,0.2722,0
resumes/data\ACCOUNTANT\82649935.pdf,jds\ACCOUNTANT\ACCOUNTANT_mid.txt,ACCOUNTANT,0.2297,0.35,-1,11.0,0.4893555641174316,0.6534,1
resumes/data\ACCOUNTANT\82649935.pdf,jds\CONSTRUCTION\CONSTRUCTION_senior.txt,ACCOUNTANT,0.0603,0.2,-1,11.0,0.3199748992919922,0.3871,0
resumes/data\ACCOUNTANT\82649935.pdf,jds\CONSTRUCTION\CONSTRUCTION_mid.txt,ACCOUNTANT,0.0382,0.1,-1,11.0,0.3006062507629394,0.3961,0
resumes/data\ACCOUNTANT\82649935.pdf,jds\CONSTRUCTION\CONSTRUCTION_entry.txt,ACCOUNTANT,0.0392,0.1,0,9.0,0.2320040166378021,0.2651,0
resumes/data\ACCOUNTANT\87635012.pdf,jds\ACCOUNTANT\ACCOUNTANT_mid.txt,ACCOUNTANT,0.2837,0.4,0,20.0,0.4953818917274475,0.6067,1
resumes/data\ACCOUNTANT\87635012.pdf,jds\ACCOUNTANT\ACCOUNTANT_senior.txt,ACCOUNTANT,0.2052,0.3,0,20.0,0.5050591826438904,0.5983,1
resumes/data\ACCOUNTANT\87635012.pdf,jds\BUSINESS-DEVELOPMENT\BUSINESS-DEVELOPMENT_mid.txt,ACCOUNTANT,0.0871,0.25,0,12.0,0.2508726119995117,0.2957,0
resumes/data\ACCOUNTANT\87635012.pdf,jds\BUSINESS-DEVELOPMENT\BUSINESS-DEVELOPMENT_entry.txt,ACCOUNTANT,0.0585,0.15,1,18.0,0.2554634809494018,0.2635,0
resumes/data\ACCOUNTANT\98559931.pdf,jds\BPO\BPO_entry.txt,ACCOUNTANT,0.0418,0.1,0,10.0,0.3761091232299804,0.317,0
resumes/data\ACCOUNTANT\98559931.pdf,jds\BPO\BPO_mid.txt,ACCOUNTANT,0.0693,0.2,0,12.0,0.3706737160682678,0.3565,0
resumes/data\ADVOCATE\10186968.pdf,jds\BPO\BPO_mid.txt,ADVOCATE,0.1246,0.3,-2,17.0,0.3883541226387024,0.2717,0
resumes/data\ADVOCATE\10186968.pdf,jds\BPO\BPO_entry.txt,ADVOCATE,0.1545,0.1,-2,15.0,0.517674446105957,0.2761,0
resumes/data\ADVOCATE\10186968.pdf,jds\BPO\BPO_senior.txt,ADVOCATE,0.0765,0.2,-3,17.0,0.4115859866142273,0.2724,0
resumes/data\ADVOCATE\10344379.pdf,jds\ENGINEERING\ENGINEERING_senior.txt,ADVOCATE,0.0637,0.2,-3,15.0,0.4342235028743744,0.2234,0
resumes/data\ADVOCATE\10344379.pdf,jds\ENGINEERING\ENGINEERING_entry.txt,ADVOCATE,0.0696,0.2,-1,13.0,0.405166745185852,0.2692,0
resumes/data\ADVOCATE\10344379.pdf,jds\ENGINEERING\ENGINEERING_mid.txt,ADVOCATE,0.0595,0.1,-2,15.0,0.3945319056510925,0.319,0
resumes/data\ADVOCATE\10659182.pdf,jds\FITNESS\FITNESS_mid.txt,ADVOCATE,0.0513,0.15,0,24.0,0.3825372159481048,0.3879,0
resumes/data\ADVOCATE\10659182.pdf,jds\FITNESS\FITNESS_entry.txt,ADVOCATE,0.0542,0.05,1,29.0,0.3717967867851257,0.3806,0
resumes/data\ADVOCATE\10659182.pdf,jds\FITNESS\FITNESS_senior.txt,ADVOCATE,0.054,0.2,-2,31.0,0.364539623260498,0.335,0
resumes/data\ADVOCATE\11174187.pdf,jds\ENGINEERING\ENGINEERING_entry.txt,ADVOCATE,0.0287,0.1,-1,-2.0,0.2874598801136017,0.205,0
resumes/data\ADVOCATE\11174187.pdf,jds\ENGINEERING\ENGINEERING_senior.txt,ADVOCATE,0.0354,0.1,-3,0.0,0.2769980430603027,0.1449,0
resumes/data\ADVOCATE\11174187.pdf,jds\ENGINEERING\ENGINEERING_mid.txt,ADVOCATE,0.0322,0.05,-2,0.0,0.2696113884449005,0.2354,0
resumes/data\ADVOCATE\11188218.pdf,jds\AGRICULTURE\AGRICULTURE_senior.txt,ADVOCATE,0.0453,0.05,-2,8.0,0.3089120090007782,0.3657,0
resumes/data\ADVOCATE\11188218.pdf,jds\AGRICULTURE\AGRICULTURE_entry.txt,ADVOCATE,0.042,0.1,0,8.0,0.2415772825479507,0.3287,0
resumes/data\ADVOCATE\11188218.pdf,jds\AGRICULTURE\AGRICULTURE_mid.txt,ADVOCATE,0.0371,0.05,-1,1.0,0.2481073141098022,0.2975,0
resumes/data\ADVOCATE\11773767.pdf,jds\FINANCE\FINANCE_entry.txt,ADVOCATE,0.0696,0.15,-1,12.0,0.3317556381225586,0.3384,0
resumes/data\ADVOCATE\11773767.pdf,jds\FINANCE\FINANCE_mid.txt,ADVOCATE,0.0434,0.05,-1,14.0,0.3365254402160644,0.2981,0
resumes/data\ADVOCATE\11773767.pdf,jds\FINANCE\FINANCE_senior.txt,ADVOCATE,0.0622,0.05,-1,14.0,0.2964539229869842,0.2539,0
resumes/data\ADVOCATE\11963737.pdf,jds\FINANCE\FINANCE_senior.txt,ADVOCATE,0.0592,0.1,-1,0.0,0.3119032382965088,0.3083,0
resumes/data\ADVOCATE\11963737.pdf,jds\FINANCE\FINANCE_mid.txt,ADVOCATE,0.0612,0.1,-1,0.0,0.3697305619716644,0.3252,0
resumes/data\ADVOCATE\11963737.pdf,jds\FINANCE\FINANCE_entry.txt,ADVOCATE,0.0653,0.2,-1,-2.0,0.385098397731781,0.3989,0
resumes/data\ADVOCATE\12171093.pdf,jds\AVIATION\AVIATION_senior.txt,ADVOCATE,0.0464,0.1,-1,14.0,0.2798473536968231,0.26,0
resumes/data\ADVOCATE\12171093.pdf,jds\AVIATION\AVIATION_mid.txt,ADVOCATE,0.0822,0.1,-1,6.0,0.3124439418315887,0.2229,0
resumes/data\ADVOCATE\12171093.pdf,jds\AVIATION\AVIATION_entry.txt,ADVOCATE,0.0479,0.1,-1,12.0,0.2359192818403244,0.1892,0
resumes/data\ADVOCATE\12544735.pdf,jds\BUSINESS-DEVELOPMENT\BUSINESS-DEVELOPMENT_entry.txt,ADVOCATE,0.0643,0.1,1,5.0,0.302915871143341,0.2033,0
resumes/data\ADVOCATE\12544735.pdf,jds\BUSINESS-DEVELOPMENT\BUSINESS-DEVELOPMENT_mid.txt,ADVOCATE,0.0492,0.05,0,-1.0,0.2824673950672149,0.2161,0
resumes/data\ADVOCATE\12544735.pdf,jds\BUSINESS-DEVELOPMENT\BUSINESS-DEVELOPMENT_senior.txt,ADVOCATE,0.0689,0.15,0,7.0,0.3415622413158417,0.1624,0
resumes/data\ADVOCATE\13072354.pdf,jds\SALES\SALES_entry.txt,ADVOCATE,0.0546,0.1,0,16.0,0.3866624534130096,0.1856,0
resumes/data\ADVOCATE\13072354.pdf,jds\SALES\SALES_mid.txt,ADVOCATE,0.0428,0.0,-1,16.0,0.3707547783851623,0.1379,0
resumes/data\ADVOCATE\13072354.pdf,jds\SALES\SALES_senior.txt,ADVOCATE,0.0466,0.05,-1,16.0,0.3423857986927032,0.1426,0
resumes/data\ADVOCATE\13115648.pdf,jds\APPAREL\APPAREL_senior.txt,ADVOCATE,0.0506,0.1,-1,22.0,0.2717642486095428,0.3216,0
resumes/data\ADVOCATE\13115648.pdf,jds\APPAREL\APPAREL_mid.txt,ADVOCATE,0.0471,0.05,-1,22.0,0.2978954017162323,0.3469,0
resumes/data\ADVOCATE\13115648.pdf,jds\APPAREL\APPAREL_entry.txt,ADVOCATE,0.0309,0.0,0,20.0,0.2867198288440704,0.3126,0
resumes/data\ADVOCATE\13342150.pdf,jds\BUSINESS-DEVELOPMENT\BUSINESS-DEVELOPMENT_mid.txt,ADVOCATE,0.11,0.15,-1,3.0,0.3082069456577301,0.2263,0
resumes/data\ADVOCATE\13342150.pdf,jds\BUSINESS-DEVELOPMENT\BUSINESS-DEVELOPMENT_senior.txt,ADVOCATE,0.0921,0.3,-1,11.0,0.3032189309597015,0.249,0
resumes/data\ADVOCATE\13342150.pdf,jds\BUSINESS-DEVELOPMENT\BUSINESS-DEVELOPMENT_entry.txt,ADVOCATE,0.1051,0.2,0,9.0,0.3489896357059479,0.2813,0
resumes/data\ADVOCATE\13593241.pdf,jds\AUTOMOBILE\AUTOMOBILE_entry.txt,ADVOCATE,0.039,0.05,0,9.0,0.2841653823852539,0.2,0
resumes/data\ADVOCATE\13593241.pdf,jds\AUTOMOBILE\AUTOMOBILE_senior.txt,ADVOCATE,0.0251,0.05,-1,11.0,0.2580136954784393,0.1911,0
resumes/data\ADVOCATE\13593241.pdf,jds\AUTOMOBILE\AUTOMOBILE_mid.txt,ADVOCATE,0.0521,0.1,0,3.0,0.2858310639858246,0.1858,0
resumes/data\ADVOCATE\13809698.pdf,jds\AUTOMOBILE\AUTOMOBILE_senior.txt,ADVOCATE,0.0293,0.1,0,13.0,0.2388329803943634,0.2128,0
resumes/data\ADVOCATE\13809698.pdf,jds\AUTOMOBILE\AUTOMOBILE_entry.txt,ADVOCATE,0.0731,0.2,1,11.0,0.3013727068901062,0.2461,0
resumes/data\ADVOCATE\13809698.pdf,jds\AUTOMOBILE\AUTOMOBILE_mid.txt,ADVOCATE,0.0868,0.15,1,5.0,0.2275488376617431,0.2226,0
resumes/data\ADVOCATE\13909762.pdf,jds\ENGINEERING\ENGINEERING_mid.txt,ADVOCATE,0.0378,0.0,-2,11.0,0.2807958722114563,0.3258,0
resumes/data\ADVOCATE\13909762.pdf,jds\ENGINEERING\ENGINEERING_senior.txt,ADVOCATE,0.0344,0.05,-3,11.0,0.259790688753128,0.2416,0
resumes/data\ADVOCATE\13909762.pdf,jds\ENGINEERING\ENGINEERING_entry.txt,ADVOCATE,0.0537,0.1,-1,9.0,0.2666865885257721,0.2781,0
resumes/data\ADVOCATE\13967854.pdf,jds\ENGINEERING\ENGINEERING_entry.txt,ADVOCATE,0.02,0.05,0,2.0,0.2615310251712799,0.1377,0
resumes/data\ADVOCATE\13967854.pdf,jds\ENGINEERING\ENGINEERING_senior.txt,ADVOCATE,0.029,0.05,-2,4.0,0.353342592716217,0.2104,0
resumes/data\ADVOCATE\13967854.pdf,jds\ENGINEERING\ENGINEERING_mid.txt,ADVOCATE,0.0221,0.0,-1,4.0,0.2975396513938904,0.1692,0
resumes/data\ADVOCATE\14064815.pdf,jds\DIGITAL-MEDIA\DIGITAL-MEDIA_senior.txt,ADVOCATE,0.0402,0.05,0,12.0,0.3672458529472351,0.3298,0
resumes/data\ADVOCATE\14064815.pdf,jds\DIGITAL-MEDIA\DIGITAL-MEDIA_entry.txt,ADVOCATE,0.047,0.05,1,10.0,0.4260892868041992,0.4022,0
resumes/data\ADVOCATE\14064815.pdf,jds\DIGITAL-MEDIA\DIGITAL-MEDIA_mid.txt,ADVOCATE,0.0355,0.1,0,12.0,0.4248623251914978,0.3624,0
resumes/data\ADVOCATE\14146106.pdf,jds\FITNESS\FITNESS_entry.txt,ADVOCATE,0.0508,0.05,0,14.0,0.2632599472999573,0.2959,0
resumes/data\ADVOCATE\14146106.pdf,jds\FITNESS\FITNESS_mid.txt,ADVOCATE,0.0575,0.2,-1,9.0,0.2916589975357055,0.2973,0
resumes/data\ADVOCATE\14146106.pdf,jds\FITNESS\FITNESS_senior.txt,ADVOCATE,0.0439,0.05,-3,16.0,0.2550371587276459,0.2574,0
resumes/data\ADVOCATE\14176254.pdf,jds\DIGITAL-MEDIA\DIGITAL-MEDIA_mid.txt,ADVOCATE,0.0486,0.1,0,4.0,0.3166888058185577,0.3467,0
resumes/data\ADVOCATE\14176254.pdf,jds\DIGITAL-MEDIA\DIGITAL-MEDIA_entry.txt,ADVOCATE,0.0411,0.05,1,2.0,0.3211728930473327,0.3123,0
resumes/data\ADVOCATE\14176254.pdf,jds\DIGITAL-MEDIA\DIGITAL-MEDIA_senior.txt,ADVOCATE,0.0684,0.05,0,4.0,0.3219974339008331,0.3437,0
resumes/data\ADVOCATE\14445309.pdf,jds\BPO\BPO_mid.txt,ADVOCATE,0.034,0.05,0,0.0,0.2291551530361175,0.2121,0
resumes/data\ADVOCATE\14445309.pdf,jds\BPO\BPO_senior.txt,ADVOCATE,0.0342,0.05,-1,0.0,0.253715306520462,0.2755,0
resumes/data\ADVOCATE\14445309.pdf,jds\BPO\BPO_entry.txt,ADVOCATE,0.0433,0.05,0,-2.0,0.2698854804039001,0.2037,0
resumes/data\ADVOCATE\14708590.pdf,jds\ACCOUNTANT\ACCOUNTANT_senior.txt,ADVOCATE,0.1,0.1,-1,11.0,0.3476407527923584,0.3358,0
resumes/data\ADVOCATE\14708590.pdf,jds\ACCOUNTANT\ACCOUNTANT_entry.txt,ADVOCATE,0.0909,0.15,-1,9.0,0.3249874114990234,0.3469,0
resumes/data\ADVOCATE\15313140.pdf,jds\AVIATION\AVIATION_mid.txt,ADVOCATE,0.0603,0.1,1,4.0,0.374078631401062,0.2687,0
resumes/data\ADVOCATE\15313140.pdf,jds\AVIATION\AVIATION_entry.txt,ADVOCATE,0.0513,0.1,1,10.0,0.3333491086959839,0.2087,0
resumes/data\ADVOCATE\15313140.pdf,jds\AVIATION\AVIATION_senior.txt,ADVOCATE,0.0281,0.15,1,12.0,0.3612291514873504,0.2809,0
resumes/data\ADVOCATE\15337481.pdf,jds\DIGITAL-MEDIA\DIGITAL-MEDIA_senior.txt,ADVOCATE,0.0437,0.1,-1,0.0,0.3140608668327331,0.2916,0
resumes/data\ADVOCATE\15337481.pdf,jds\DIGITAL-MEDIA\DIGITAL-MEDIA_entry.txt,ADVOCATE,0.0454,0.05,0,-2.0,0.3663396537303924,0.2801,0
resumes/data\ADVOCATE\15337481.pdf,jds\DIGITAL-MEDIA\DIGITAL-MEDIA_mid.txt,ADVOCATE,0.0284,0.15,-1,0.0,0.310785710811615,0.2959,0
resumes/data\ADVOCATE\15727656.pdf,jds\SALES\SALES_mid.txt,ADVOCATE,0.0598,0.05,-2,0.0,0.3092891871929168,0.1913,0
resumes/data\ADVOCATE\15727656.pdf,jds\SALES\SALES_entry.txt,ADVOCATE,0.0458,0.05,-1,0.0,0.3660080432891845,0.2688,0
resumes/data\ADVOCATE\15727656.pdf,jds\SALES\SALES_senior.txt,ADVOCATE,0.0351,0.0,-2,0.0,0.3255079984664917,0.1708,0
resumes/data\ADVOCATE\15958967.pdf,jds\AVIATION\AVIATION_entry.txt,ADVOCATE,0.039,0.0,2,24.0,0.2422910928726196,0.2352,0
resumes/data\ADVOCATE\15958967.pdf,jds\AVIATION\AVIATION_mid.txt,ADVOCATE,0.0517,0.05,2,18.0,0.2746889591217041,0.2633,0
resumes/data\ADVOCATE\15958967.pdf,jds\AVIATION\AVIATION_senior.txt,ADVOCATE,0.0399,0.1,2,26.0,0.3199223577976227,0.2617,0
resumes/data\ADVOCATE\16332348.pdf,jds\CONSTRUCTION\CONSTRUCTION_entry.txt,ADVOCATE,0.0556,0.1,0,10.0,0.2421986311674118,0.249,0
resumes/data\ADVOCATE\16332348.pdf,jds\CONSTRUCTION\CONSTRUCTION_mid.txt,ADVOCATE,0.0944,0.25,-1,12.0,0.3229946494102478,0.288,0
resumes/data\ADVOCATE\16332348.pdf,jds\CONSTRUCTION\CONSTRUCTION_senior.txt,ADVOCATE,0.1028,0.15,-1,12.0,0.3031476736068725,0.3163,0
resumes/data\ADVOCATE\17021141.pdf,jds\CONSTRUCTION\CONSTRUCTION_mid.txt,ADVOCATE,0.0577,0.15,0,2.0,0.2974244058132171,0.1884,0
resumes/data\ADVOCATE\17021141.pdf,jds\CONSTRUCTION\CONSTRUCTION_senior.txt,ADVOCATE,0.0466,0.15,0,2.0,0.3355686962604522,0.1994,0
resumes/data\ADVOCATE\17021141.pdf,jds\CONSTRUCTION\CONSTRUCTION_entry.txt,ADVOCATE,0.0375,0.1,1,0.0,0.2745606005191803,0.1738,0
resumes/data\ADVOCATE\17165107.pdf,jds\BUSINESS-DEVELOPMENT\BUSINESS-DEVELOPMENT_entry.txt,ADVOCATE,0.0392,0.15,1,6.0,0.2968652248382568,0.1889,0
resumes/data\ADVOCATE\17165107.pdf,jds\BUSINESS-DEVELOPMENT\BUSINESS-DEVELOPMENT_mid.txt,ADVOCATE,0.0317,0.0,0,0.0,0.2850177586078644,0.1875,0
resumes/data\ADVOCATE\17165107.pdf,jds\BUSINESS-DEVELOPMENT\BUSINESS-DEVELOPMENT_senior.txt,ADVOCATE,0.0345,0.0,0,8.0,0.3001092076301574,0.157,0
resumes/data\ADVOCATE\17254634.pdf,jds\HR\HR_entry.txt,ADVOCATE,0.0309,0.0,-1,12.0,0.3300518989562988,0.2138,0
resumes/data\ADVOCATE\17254634.pdf,jds\HR\HR_mid.txt,ADVOCATE,0.033,0.1,-1,12.0,0.2752920687198639,0.1553,0
resumes/data\ADVOCATE\17254634.pdf,jds\HR\HR_senior.txt,ADVOCATE,0.0318,0.05,-1,12.0,0.2936777472496032,0.1569,0
resumes/data\ADVOCATE\17847636.pdf,jds\SALES\SALES_entry.txt,ADVOCATE,0.0283,0.05,0,20.0,0.2989251613616943,0.368,0
resumes/data\ADVOCATE\17847636.pdf,jds\SALES\SALES_senior.txt,ADVOCATE,0.035,0.2,-1,20.0,0.2362730652093887,0.3516,0
resumes/data\ADVOCATE\17847636.pdf,jds\SALES\SALES_mid.txt,ADVOCATE,0.0382,0.1,-1,20.0,0.2549085915088653,0.2902,0
resumes/data\ADVOCATE\17911230.pdf,jds\BPO\BPO_entry.txt,ADVOCATE,0.0478,0.0,0,28.0,0.3653030395507812,0.3478,0
resumes/data\ADVOCATE\18090899.pdf,jds\BPO\BPO_entry.txt,ADVOCATE,0.0268,0.05,0,3.0,0.365492045879364,0.2554,0
resumes/data\ADVOCATE\18090899.pdf,jds\BPO\BPO_mid.txt,ADVOCATE,0.0432,0.15,0,5.0,0.3713484406471252,0.3117,0
resumes/data\ADVOCATE\18090899.pdf,jds\BPO\BPO_senior.txt,ADVOCATE,0.0439,0.15,-1,5.0,0.3505043089389801,0.3345,0
resumes/data\ADVOCATE\18725071.pdf,jds\INFORMATION-TECHNOLOGY\INFORMATION-TECHNOLOGY_entry.txt,ADVOCATE,0.0509,0.0,1,-2.0,0.2965584397315979,0.2348,0
resumes/data\ADVOCATE\18725071.pdf,jds\INFORMATION-TECHNOLOGY\INFORMATION-TECHNOLOGY_mid.txt,ADVOCATE,0.0446,0.0,0,0.0,0.3352507352828979,0.2471,0
resumes/data\ADVOCATE\18725071.pdf,jds\INFORMATION-TECHNOLOGY\INFORMATION-TECHNOLOGY_senior.txt,ADVOCATE,0.0313,0.1,0,0.0,0.2687826752662658,0.2054,0
resumes/data\ADVOCATE\18997135.pdf,jds\DESIGNER\DESIGNER_entry.txt,ADVOCATE,0.0226,0.0,0,13.0,0.2453044205904007,0.231,0
resumes/data\ADVOCATE\18997135.pdf,jds\DESIGNER\DESIGNER_senior.txt,ADVOCATE,0.0334,0.1,-1,15.0,0.3042764067649841,0.2117,0
resumes/data\ADVOCATE\18997135.pdf,jds\DESIGNER\DESIGNER_mid.txt,ADVOCATE,0.0249,0.0,-1,15.0,0.3234771490097046,0.2478,0
resumes/data\ADVOCATE\19063156.pdf,jds\CHEF\CHEF_entry.txt,ADVOCATE,0.049,0.2,1,34.0,0.277626484632492,0.2456,0
resumes/data\ADVOCATE\19063156.pdf,jds\CHEF\CHEF_senior.txt,ADVOCATE,0.0206,0.0,1,34.0,0.2719653844833374,0.2299,0
resumes/data\ADVOCATE\19063156.pdf,jds\CHEF\CHEF_mid.txt,ADVOCATE,0.0339,0.1,1,34.0,0.2752054929733276,0.241,0
resumes/data\ADVOCATE\19108760.pdf,jds\INFORMATION-TECHNOLOGY\INFORMATION-TECHNOLOGY_senior.txt,ADVOCATE,0.0662,0.2,0,19.0,0.3562532663345337,0.2859,0
resumes/data\ADVOCATE\19108760.pdf,jds\INFORMATION-TECHNOLOGY\INFORMATION-TECHNOLOGY_mid.txt,ADVOCATE,0.0735,0.1,0,19.0,0.3781316876411438,0.3123,0
resumes/data\ADVOCATE\19108760.pdf,jds\INFORMATION-TECHNOLOGY\INFORMATION-TECHNOLOGY_entry.txt,ADVOCATE,0.0615,0.05,1,17.0,0.3648994863033294,0.3159,0
resumes/data\ADVOCATE\19234823.pdf,jds\BANKING\BANKING_entry.txt,ADVOCATE,0.1049,0.3,0,12.0,0.485550194978714,0.5136,0
resumes/data\ADVOCATE\19518606.pdf,jds\CHEF\CHEF_senior.txt,ADVOCATE,0.119,0.2,1,13.0,0.3874284029006958,0.2907,0
resumes/data\ADVOCATE\19518606.pdf,jds\CHEF\CHEF_entry.txt,ADVOCATE,0.11,0.15,1,13.0,0.3541879653930664,0.1849,0
resumes/data\ADVOCATE\19518606.pdf,jds\CHEF\CHEF_mid.txt,ADVOCATE,0.1486,0.2,1,13.0,0.4338780343532562,0.246,0
resumes/data\ADVOCATE\19926135.pdf,jds\DESIGNER\DESIGNER_senior.txt,ADVOCATE,0.0523,0.15,-1,1.0,0.3074502050876617,0.3831,0
resumes/data\ADVOCATE\19926135.pdf,jds\DESIGNER\DESIGNER_mid.txt,ADVOCATE,0.0589,0.1,-1,1.0,0.3080060482025146,0.3789,0
resumes/data\ADVOCATE\19926135.pdf,jds\DESIGNER\DESIGNER_entry.txt,ADVOCATE,0.0588,0.05,0,-1.0,0.2933464646339416,0.3697,0
resumes/data\ADVOCATE\20138606.pdf,jds\APPAREL\APPAREL_senior.txt,ADVOCATE,0.0508,0.15,0,1.0,0.2890859246253967,0.1582,0
resumes/data\ADVOCATE\20138606.pdf,jds\APPAREL\APPAREL_mid.txt,ADVOCATE,0.0642,0.1,0,1.0,0.3450533747673034,0.1732,0
resumes/data\ADVOCATE\20138606.pdf,jds\APPAREL\APPAREL_entry.txt,ADVOCATE,0.0425,0.05,1,-1.0,0.3326927125453949,0.1814,0
resumes/data\ADVOCATE\20272792.pdf,jds\ENGINEERING\ENGINEERING_mid.txt,ADVOCATE,0.031,0.0,-1,39.0,0.2425058782100677,0.1857,0
resumes/data\ADVOCATE\20272792.pdf,jds\ENGINEERING\ENGINEERING_entry.txt,ADVOCATE,0.0429,0.0,0,37.0,0.2213750034570694,0.1833,0
resumes/data\ADVOCATE\20272792.pdf,jds\ENGINEERING\ENGINEERING_senior.txt,ADVOCATE,0.0469,0.25,-2,39.0,0.2290644347667694,0.1048,0
resumes/data\ADVOCATE\20324037.pdf,jds\DESIGNER\DESIGNER_senior.txt,ADVOCATE,0.0231,0.1,-1,8.0,0.3647144436836242,0.3992,0
resumes/data\ADVOCATE\20324037.pdf,jds\DESIGNER\DESIGNER_entry.txt,ADVOCATE,0.0235,0.05,0,6.0,0.3297709822654724,0.3897,0
resumes/data\ADVOCATE\20400279.pdf,jds\ENGINEERING\ENGINEERING_entry.txt,ADVOCATE,0.0285,0.1,-1,27.0,0.3407849371433258,0.2792,0
resumes/data\ADVOCATE\20400279.pdf,jds\ENGINEERING\ENGINEERING_mid.txt,ADVOCATE,0.0441,0.05,-2,29.0,0.3692962825298309,0.3371,0
resumes/data\ADVOCATE\20400279.pdf,jds\ENGINEERING\ENGINEERING_senior.txt,ADVOCATE,0.0437,0.25,-3,29.0,0.3415697813034057,0.2284,0
resumes/data\ADVOCATE\20544228.pdf,jds\FINANCE\FINANCE_mid.txt,ADVOCATE,0.0467,0.0,-1,24.0,0.2861506342887878,0.2375,0
resumes/data\ADVOCATE\20544228.pdf,jds\FINANCE\FINANCE_senior.txt,ADVOCATE,0.0488,0.05,-1,24.0,0.3023598790168762,0.2182,0
resumes/data\ADVOCATE\20544228.pdf,jds\FINANCE\FINANCE_entry.txt,ADVOCATE,0.0497,0.05,-1,22.0,0.3502076268196106,0.238,0
resumes/data\ADVOCATE\20604208.pdf,jds\BPO\BPO_entry.txt,ADVOCATE,0.0926,0.05,-1,4.0,0.3461672663688659,0.3418,0
resumes/data\ADVOCATE\20604208.pdf,jds\BPO\BPO_mid.txt,ADVOCATE,0.0756,0.2,-1,6.0,0.3143157660961151,0.3148,0
resumes/data\ADVOCATE\20765795.pdf,jds\BPO\BPO_mid.txt,ADVOCATE,0.0892,0.25,0,20.0,0.4757561981678009,0.3124,0
resumes/data\ADVOCATE\20765795.pdf,jds\BPO\BPO_senior.txt,ADVOCATE,0.095,0.25,-1,20.0,0.4812069833278656,0.3437,0
resumes/data\ADVOCATE\20765795.pdf,jds\BPO\BPO_entry.txt,ADVOCATE,0.0646,0.1,0,18.0,0.3819908499717712,0.3712,0
resumes/data\ADVOCATE\21614256.pdf,jds\ACCOUNTANT\ACCOUNTANT_mid.txt,ADVOCATE,0.0415,0.1,0,3.0,0.1610502898693084,0.1698,0
resumes/data\ADVOCATE\21614256.pdf,jds\ACCOUNTANT\ACCOUNTANT_senior.txt,ADVOCATE,0.0259,0.05,0,3.0,0.1693553030490875,0.1967,0
resumes/data\ADVOCATE\21614256.pdf,jds\ACCOUNTANT\ACCOUNTANT_entry.txt,ADVOCATE,0.0318,0.1,0,1.0,0.1783937811851501,0.219,0
resumes/data\ADVOCATE\22042181.pdf,jds\FITNESS\FITNESS_entry.txt,ADVOCATE,0.061,0.15,0,11.0,0.2637789249420166,0.2414,0
resumes/data\ADVOCATE\22042181.pdf,jds\FITNESS\FITNESS_mid.txt,ADVOCATE,0.0651,0.1,-1,6.0,0.253125250339508,0.2211,0
resumes/data\ADVOCATE\22042181.pdf,jds\FITNESS\FITNESS_senior.txt,ADVOCATE,0.0452,0.05,-3,13.0,0.2264264523983001,0.224,0
resumes/data\ADVOCATE\22259475.pdf,jds\CONSTRUCTION\CONSTRUCTION_mid.txt,ADVOCATE,0.0561,0.05,-2,16.0,0.2893656492233276,0.2098,0
resumes/data\ADVOCATE\22259475.pdf,jds\CONSTRUCTION\CONSTRUCTION_senior.txt,ADVOCATE,0.0587,0.05,-2,16.0,0.2490108758211136,0.2018,0
resumes/data\ADVOCATE\22259475.pdf,jds\CONSTRUCTION\CONSTRUCTION_entry.txt,ADVOCATE,0.0607,0.05,-1,14.0,0.2738447785377502,0.2103,0
resumes/data\ADVOCATE\22391901.pdf,jds\HEALTHCARE\HEALTHCARE_entry.txt,ADVOCATE,0.0678,0.0,1,3.0,0.467586874961853,0.3583,0
resumes/data\ADVOCATE\22391901.pdf,jds\HEALTHCARE\HEALTHCARE_senior.txt,ADVOCATE,0.0423,0.1,0,5.0,0.4686900973320007,0.2741,0
resumes/data\ADVOCATE\22391901.pdf,jds\HEALTHCARE\HEALTHCARE_mid.txt,ADVOCATE,0.0899,0.3,0,5.0,0.4340534806251526,0.2871,0
resumes/data\ADVOCATE\23427369.pdf,jds\ENGINEERING\ENGINEERING_mid.txt,ADVOCATE,0.0463,0.05,-1,18.0,0.3601354956626892,0.2013,0
resumes/data\ADVOCATE\23427369.pdf,jds\ENGINEERING\ENGINEERING_entry.txt,ADVOCATE,0.0416,0.05,0,16.0,0.4344071447849273,0.1434,0
resumes/data\ADVOCATE\23427369.pdf,jds\ENGINEERING\ENGINEERING_senior.txt,ADVOCATE,0.0364,0.1,-2,18.0,0.3287826776504516,0.1353,0
resumes/data\ADVOCATE\23577836.pdf,jds\SALES\SALES_senior.txt,ADVOCATE,0.085,0.15,-1,6.0,0.484548270702362,0.1963,0
resumes/data\ADVOCATE\23577836.pdf,jds\SALES\SALES_mid.txt,ADVOCATE,0.0735,0.1,-1,6.0,0.4420498311519623,0.1855,0
resumes/data\ADVOCATE\23577836.pdf,jds\SALES\SALES_entry.txt,ADVOCATE,0.0911,0.1,0,6.0,0.5517024993896484,0.2293,0
resumes/data\ADVOCATE\23804341.pdf,jds\ACCOUNTANT\ACCOUNTANT_entry.txt,ADVOCATE,0.0439,0.05,-1,8.0,0.3408189415931701,0.331,0
resumes/data\ADVOCATE\23804341.pdf,jds\ACCOUNTANT\ACCOUNTANT_mid.txt,ADVOCATE,0.0506,0.05,-1,10.0,0.3410488963127136,0.3787,0
resumes/data\ADVOCATE\23804341.pdf,jds\ACCOUNTANT\ACCOUNTANT_senior.txt,ADVOCATE,0.0369,0.0,-1,10.0,0.3233051896095276,0.3226,0
resumes/data\ADVOCATE\24124250.pdf,jds\DIGITAL-MEDIA\DIGITAL-MEDIA_senior.txt,ADVOCATE,0.0384,0.05,-2,8.0,0.3544932603836059,0.3475,0
resumes/data\ADVOCATE\24124250.pdf,jds\DIGITAL-MEDIA\DIGITAL-MEDIA_entry.txt,ADVOCATE,0.0507,0.0,-1,6.0,0.3878161311149597,0.3473,0
resumes/data\ADVOCATE\24124250.pdf,jds\DIGITAL-MEDIA\DIGITAL-MEDIA_mid.txt,ADVOCATE,0.0429,0.15,-2,8.0,0.4122958779335022,0.424,0
resumes/data\ADVOCATE\24410405.pdf,jds\TEACHER\TEACHER_senior.txt,ADVOCATE,0.0355,0.1,-1,15.0,0.2855973243713379,0.2218,0
resumes/data\ADVOCATE\24410405.pdf,jds\TEACHER\TEACHER_mid.txt,ADVOCATE,0.0504,0.1,0,15.0,0.3049211204051971,0.2593,0
resumes/data\ADVOCATE\24410405.pdf,jds\TEACHER\TEACHER_entry.txt,ADVOCATE,0.0498,0.1,1,15.0,0.2263217866420745,0.1873,0
resumes/data\ADVOCATE\24695561.pdf,jds\HR\HR_mid.txt,ADVOCATE,0.0562,0.1,-1,11.0,0.3531351685523987,0.3882,0
resumes/data\ADVOCATE\24695561.pdf,jds\HR\HR_entry.txt,ADVOCATE,0.0348,0.15,-1,11.0,0.3711220622062683,0.3836,0
resumes/data\ADVOCATE\24754689.pdf,jds\BUSINESS-DEVELOPMENT\BUSINESS-DEVELOPMENT_mid.txt,ADVOCATE,0.1221,0.2,0,4.0,0.3756588101387024,0.3878,0
resumes/data\ADVOCATE\24754689.pdf,jds\BUSINESS-DEVELOPMENT\BUSINESS-DEVELOPMENT_entry.txt,ADVOCATE,0.0965,0.2,1,10.0,0.3968857228755951,0.4056,0
resumes/data\ADVOCATE\24763208.pdf,jds\ARTS\ARTS_senior.txt,ADVOCATE,0.0534,0.1,-2,14.0,0.2974232733249664,0.3353,0
resumes/data\ADVOCATE\24763208.pdf,jds\ARTS\ARTS_entry.txt,ADVOCATE,0.0533,0.15,0,14.0,0.2920305132865906,0.2877,0
resumes/data\ADVOCATE\24763208.pdf,jds\ARTS\ARTS_mid.txt,ADVOCATE,0.0666,0.2,-1,14.0,0.370459645986557,0.3657,0
resumes/data\ADVOCATE\24946537.pdf,jds\ARTS\ARTS_senior.txt,ADVOCATE,0.025,0.15,-2,0.0,0.2957803010940552,0.3353,0
resumes/data\ADVOCATE\24946537.pdf,jds\ARTS\ARTS_entry.txt,ADVOCATE,0.0361,0.15,0,0.0,0.3385177254676819,0.4018,0
resumes/data\ADVOCATE\25873425.pdf,jds\BANKING\BANKING_senior.txt,ADVOCATE,0.0322,0.1,-1,17.0,0.32498699426651,0.2396,0
resumes/data\ADVOCATE\25873425.pdf,jds\BANKING\BANKING_mid.txt,ADVOCATE,0.0579,0.05,-1,17.0,0.2972660064697265,0.241,0
resumes/data\ADVOCATE\25873425.pdf,jds\BANKING\BANKING_entry.txt,ADVOCATE,0.0751,0.3,0,15.0,0.3375468254089355,0.2476,0
resumes/data\ADVOCATE\26071861.pdf,jds\INFORMATION-TECHNOLOGY\INFORMATION-TECHNOLOGY_senior.txt,ADVOCATE,0.0378,0.15,-1,11.0,0.3708017468452453,0.3075,0
resumes/data\ADVOCATE\26071861.pdf,jds\INFORMATION-TECHNOLOGY\INFORMATION-TECHNOLOGY_entry.txt,ADVOCATE,0.0947,0.05,0,9.0,0.400745689868927,0.4234,0
resumes/data\ADVOCATE\26456474.pdf,jds\BANKING\BANKING_mid.txt,ADVOCATE,0.062,0.05,-1,6.0,0.2304174304008484,0.2349,0
resumes/data\ADVOCATE\26456474.pdf,jds\BANKING\BANKING_entry.txt,ADVOCATE,0.0463,0.2,0,4.0,0.2420405149459839,0.2762,0
resumes/data\ADVOCATE\26456474.pdf,jds\BANKING\BANKING_senior.txt,ADVOCATE,0.0256,0.0,-1,6.0,0.2700317502021789,0.3051,0
resumes/data\ADVOCATE\27182111.pdf,jds\AVIATION\AVIATION_mid.txt,ADVOCATE,0.0647,0.1,1,22.0,0.3457239866256714,0.3158,0
resumes/data\ADVOCATE\27182111.pdf,jds\AVIATION\AVIATION_entry.txt,ADVOCATE,0.0542,0.05,1,28.0,0.3290730714797973,0.2497,0
resumes/data\ADVOCATE\27182111.pdf,jds\AVIATION\AVIATION_senior.txt,ADVOCATE,0.0377,0.2,1,30.0,0.3400097489356994,0.2847,0
resumes/data\ADVOCATE\28111403.pdf,jds\BUSINESS-DEVELOPMENT\BUSINESS-DEVELOPMENT_entry.txt,ADVOCATE,0.0407,0.1,0,15.0,0.4123089909553528,0.2405,0
resumes/data\ADVOCATE\28111403.pdf,jds\BUSINESS-DEVELOPMENT\BUSINESS-DEVELOPMENT_senior.txt,ADVOCATE,0.0665,0.25,-1,17.0,0.3829882144927978,0.2781,0
resumes/data\ADVOCATE\28111403.pdf,jds\BUSINESS-DEVELOPMENT\BUSINESS-DEVELOPMENT_mid.txt,ADVOCATE,0.0418,0.05,-1,9.0,0.3248060941696167,0.157,0
resumes/data\ADVOCATE\28206098.pdf,jds\AUTOMOBILE\AUTOMOBILE_senior.txt,ADVOCATE,0.0413,0.05,-1,15.0,0.264443576335907,0.3358,0
resumes/data\ADVOCATE\28635795.pdf,jds\ACCOUNTANT\ACCOUNTANT_senior.txt,ADVOCATE,0.0622,0.05,-1,5.0,0.3185424208641052,0.3742,0
resumes/data\ADVOCATE\28635795.pdf,jds\ACCOUNTANT\ACCOUNTANT_mid.txt,ADVOCATE,0.0813,0.15,-1,5.0,0.2890290021896362,0.3416,0
resumes/data\ADVOCATE\28635795.pdf,jds\ACCOUNTANT\ACCOUNTANT_entry.txt,ADVOCATE,0.0493,0.05,-1,3.0,0.2886902689933777,0.4277,0
resumes/data\ADVOCATE\28871170.pdf,jds\FITNESS\FITNESS_mid.txt,ADVOCATE,0.0826,0.15,0,4.0,0.2863962650299072,0.3501,0
resumes/data\ADVOCATE\28871170.pdf,jds\FITNESS\FITNESS_senior.txt,ADVOCATE,0.0323,0.15,-2,11.0,0.3047862648963928,0.3091,0
resumes/data\ADVOCATE\28871170.pdf,jds\FITNESS\FITNESS_entry.txt,ADVOCATE,0.0585,0.1,1,9.0,0.3001454472541809,0.3249,0
resumes/data\ADVOCATE\28974459.pdf,jds\AGRICULTURE\AGRICULTURE_mid.txt,ADVOCATE,0.0272,0.0,-1,-7.0,0.2314578890800476,0.2441,0
resumes/data\ADVOCATE\28974459.pdf,jds\AGRICULTURE\AGRICULTURE_senior.txt,ADVOCATE,0.0359,0.1,-2,0.0,0.2765553593635559,0.2516,0
resumes/data\ADVOCATE\28974459.pdf,jds\AGRICULTURE\AGRICULTURE_entry.txt,ADVOCATE,0.0285,0.05,0,0.0,0.2620123326778412,0.2334,0
resumes/data\ADVOCATE\29173771.pdf,jds\APPAREL\APPAREL_mid.txt,ADVOCATE,0.0642,0.05,-2,6.0,0.3433334231376648,0.1857,0
resumes/data\ADVOCATE\29173771.pdf,jds\APPAREL\APPAREL_senior.txt,ADVOCATE,0.0456,0.3,-2,6.0,0.3132492005825043,0.2077,0
resumes/data\ADVOCATE\29173771.pdf,jds\APPAREL\APPAREL_entry.txt,ADVOCATE,0.0525,0.1,-1,4.0,0.3143625855445862,0.243,0
resumes/data\ADVOCATE\29177904.pdf,jds\INFORMATION-TECHNOLOGY\INFORMATION-TECHNOLOGY_senior.txt,ADVOCATE,0.0392,0.05,0,13.0,0.3387107253074646,0.3142,0
resumes/data\ADVOCATE\29177904.pdf,jds\INFORMATION-TECHNOLOGY\INFORMATION-TECHNOLOGY_entry.txt,ADVOCATE,0.0332,0.0,1,11.0,0.3337107300758362,0.3131,0
resumes/data\ADVOCATE\29177904.pdf,jds\INFORMATION-TECHNOLOGY\INFORMATION-TECHNOLOGY_mid.txt,ADVOCATE,0.0414,0.05,0,13.0,0.3358460664749145,0.367,0
resumes/data\ADVOCATE\29415426.pdf,jds\AUTOMOBILE\AUTOMOBILE_senior.txt,ADVOCATE,0.0407,0.0,-1,12.0,0.2552232444286346,0.2562,0
resumes/data\ADVOCATE\29415426.pdf,jds\AUTOMOBILE\AUTOMOBILE_mid.txt,ADVOCATE,0.1197,0.1,0,4.0,0.2972118258476257,0.307,0
resumes/data\ADVOCATE\29415426.pdf,jds\AUTOMOBILE\AUTOMOBILE_entry.txt,ADVOCATE,0.0712,0.05,0,10.0,0.269085168838501,0.2639,0
resumes/data\ADVOCATE\29926588.pdf,jds\BPO\BPO_entry.txt,ADVOCATE,0.0855,0.15,0,8.0,0.3987866640090942,0.3483,0
resumes/data\ADVOCATE\30741799.pdf,jds\HEALTHCARE\HEALTHCARE_mid.txt,ADVOCATE,0.0411,0.05,0,7.0,0.3892719149589538,0.2531,0
resumes/data\ADVOCATE\30741799.pdf,jds\HEALTHCARE\HEALTHCARE_senior.txt,ADVOCATE,0.0283,0.1,0,7.0,0.4055947065353393,0.2869,0
resumes/data\ADVOCATE\31040875.pdf,jds\CHEF\CHEF_senior.txt,ADVOCATE,0.023,0.0,1,15.0,0.2705786824226379,0.0663,0
resumes/data\ADVOCATE\31040875.pdf,jds\CHEF\CHEF_mid.txt,ADVOCATE,0.0162,0.05,1,15.0,0.2604215741157532,0.0894,0
resumes/data\ADVOCATE\31040875.pdf,jds\CHEF\CHEF_entry.txt,ADVOCATE,0.0472,0.1,1,15.0,0.2099233865737915,0.0787,0
resumes/data\ADVOCATE\31242382.pdf,jds\INFORMATION-TECHNOLOGY\INFORMATION-TECHNOLOGY_senior.txt,ADVOCATE,0.0382,0.15,-2,2.0,0.2443972527980804,0.2913,0
resumes/data\ADVOCATE\31242382.pdf,jds\INFORMATION-TECHNOLOGY\INFORMATION-TECHNOLOGY_entry.txt,ADVOCATE,0.0426,0.05,-1,0.0,0.2442663609981537,0.2945,0
resumes/data\ADVOCATE\31242382.pdf,jds\INFORMATION-TECHNOLOGY\INFORMATION-TECHNOLOGY_mid.txt,ADVOCATE,0.0438,0.05,-2,2.0,0.2436100840568542,0.2933,0
resumes/data\ADVOCATE\32965335.pdf,jds\BANKING\BANKING_senior.txt,ADVOCATE,0.0556,0.1,-1,3.0,0.3570413589477539,0.2569,0
resumes/data\ADVOCATE\32965335.pdf,jds\BANKING\BANKING_entry.txt,ADVOCATE,0.1193,0.25,0,1.0,0.3840932846069336,0.2842,0
resumes/data\ADVOCATE\32965335.pdf,jds\BANKING\BANKING_mid.txt,ADVOCATE,0.1192,0.1,-1,3.0,0.3627398014068603,0.3056,0
resumes/data\ADVOCATE\34327438.pdf,jds\TEACHER\TEACHER_entry.txt,ADVOCATE,0.0617,0.2,0,2.0,0.491553246974945,0.3805,0
resumes/data\ADVOCATE\34970271.pdf,jds\AVIATION\AVIATION_senior.txt,ADVOCATE,0.0326,0.15,1,14.0,0.4309111535549164,0.1769,0
resumes/data\ADVOCATE\34970271.pdf,jds\AVIATION\AVIATION_entry.txt,ADVOCATE,0.0498,0.0,1,12.0,0.3359510898590088,0.1622,0
resumes/data\ADVOCATE\34970271.pdf,jds\AVIATION\AVIATION_mid.txt,ADVOCATE,0.0415,0.1,1,6.0,0.3464296758174896,0.1849,0
resumes/data\ADVOCATE\35344611.pdf,jds\ACCOUNTANT\ACCOUNTANT_mid.txt,ADVOCATE,0.072,0.1,-1,0.0,0.3812946677207947,0.364,0
resumes/data\ADVOCATE\35344611.pdf,jds\ACCOUNTANT\ACCOUNTANT_senior.txt,ADVOCATE,0.0854,0.1,-1,0.0,0.3493115901947021,0.3032,0
resumes/data\ADVOCATE\35344611.pdf,jds\ACCOUNTANT\ACCOUNTANT_entry.txt,ADVOCATE,0.0425,0.05,-1,-2.0,0.3117434084415436,0.2803,0
resumes/data\ADVOCATE\35474904.pdf,jds\CHEF\CHEF_entry.txt,ADVOCATE,0.0792,0.15,0,10.0,0.2948925197124481,0.1605,0
resumes/data\ADVOCATE\35474904.pdf,jds\CHEF\CHEF_senior.txt,ADVOCATE,0.0443,0.0,0,10.0,0.3311282694339752,0.1886,0
resumes/data\ADVOCATE\35474904.pdf,jds\CHEF\CHEF_mid.txt,ADVOCATE,0.0627,0.1,0,10.0,0.3466003239154815,0.1835,0
resumes/data\ADVOCATE\36392131.pdf,jds\CHEF\CHEF_senior.txt,ADVOCATE,0.0491,0.1,1,20.0,0.2454313933849334,0.1828,0
resumes/data\ADVOCATE\36392131.pdf,jds\CHEF\CHEF_mid.txt,ADVOCATE,0.0568,0.2,1,20.0,0.2316772043704986,0.1691,0
resumes/data\ADVOCATE\36392131.pdf,jds\CHEF\CHEF_entry.txt,ADVOCATE,0.0806,0.15,1,20.0,0.2285918295383453,0.1381,0
resumes/data\ADVOCATE\36694627.pdf,jds\TEACHER\TEACHER_entry.txt,ADVOCATE,0.0391,0.05,-1,2.0,0.1967448592185974,0.2162,0
resumes/data\ADVOCATE\36694627.pdf,jds\TEACHER\TEACHER_mid.txt,ADVOCATE,0.0403,0.05,-2,2.0,0.2018162161111831,0.2397,0
resumes/data\ADVOCATE\36694627.pdf,jds\TEACHER\TEACHER_senior.txt,ADVOCATE,0.0477,0.1,-3,2.0,0.2325879037380218,0.1765,0
resumes/data\ADVOCATE\37333719.pdf,jds\ENGINEERING\ENGINEERING_entry.txt,ADVOCATE,0.0321,0.0,1,11.0,0.2356750816106796,0.1596,0
resumes/data\ADVOCATE\37333719.pdf,jds\ENGINEERING\ENGINEERING_senior.txt,ADVOCATE,0.0283,0.05,-1,13.0,0.229077011346817,0.1501,0
resumes/data\ADVOCATE\37333719.pdf,jds\ENGINEERING\ENGINEERING_mid.txt,ADVOCATE,0.0235,0.0,0,13.0,0.2219322472810745,0.1495,0
resumes/data\ADVOCATE\37348041.pdf,jds\BUSINESS-DEVELOPMENT\BUSINESS-DEVELOPMENT_entry.txt,ADVOCATE,0.0875,0.2,0,12.0,0.4917612671852112,0.4461,0
resumes/data\ADVOCATE\37348041.pdf,jds\BUSINESS-DEVELOPMENT\BUSINESS-DEVELOPMENT_mid.txt,ADVOCATE,0.0854,0.1,-1,6.0,0.480531096458435,0.4321,0
resumes/data\ADVOCATE\37560528.pdf,jds\AVIATION\AVIATION_mid.txt,ADVOCATE,0.0751,0.15,-1,3.0,0.3418240845203399,0.2163,0
resumes/data\ADVOCATE\37560528.pdf,jds\AVIATION\AVIATION_senior.txt,ADVOCATE,0.0462,0.2,-1,11.0,0.3602425158023834,0.1886,0
resumes/data\ADVOCATE\37560528.pdf,jds\AVIATION\AVIATION_entry.txt,ADVOCATE,0.0843,0.15,-1,9.0,0.3160170912742615,0.1882,0
resumes/data\ADVOCATE\37640804.pdf,jds\ARTS\ARTS_mid.txt,ADVOCATE,0.0461,0.05,-1,4.0,0.3197864890098572,0.1817,0
resumes/data\ADVOCATE\37640804.pdf,jds\ARTS\ARTS_senior.txt,ADVOCATE,0.0332,0.1,-2,4.0,0.2839671671390533,0.204,0
resumes/data\ADVOCATE\37640804.pdf,jds\ARTS\ARTS_entry.txt,ADVOCATE,0.0363,0.05,0,4.0,0.2795770466327667,0.1237,0
resumes/data\ADVOCATE\38059130.pdf,jds\BUSINESS-DEVELOPMENT\BUSINESS-DEVELOPMENT_mid.txt,ADVOCATE,0.1271,0.2,-1,-8.0,0.422400027513504,0.4048,0
resumes/data\ADVOCATE\38059130.pdf,jds\BUSINESS-DEVELOPMENT\BUSINESS-DEVELOPMENT_entry.txt,ADVOCATE,0.0812,0.2,0,-2.0,0.4334067702293396,0.4406,0
resumes/data\ADVOCATE\38291889.pdf,jds\APPAREL\APPAREL_senior.txt,ADVOCATE,0.0516,0.0,0,9.0,0.2807937860488891,0.1981,0
resumes/data\ADVOCATE\38291889.pdf,jds\APPAREL\APPAREL_entry.txt,ADVOCATE,0.0362,0.0,1,7.0,0.2922297716140747,0.1849,0
resumes/data\ADVOCATE\38291889.pdf,jds\APPAREL\APPAREL_mid.txt,ADVOCATE,0.0559,0.1,0,9.0,0.3037061095237732,0.2171,0
resumes/data\ADVOCATE\38698573.pdf,jds\CONSTRUCTION\CONSTRUCTION_senior.txt,ADVOCATE,0.0559,0.1,-2,0.0,0.3668932914733886,0.3112,0
resumes/data\ADVOCATE\38698573.pdf,jds\CONSTRUCTION\CONSTRUCTION_mid.txt,ADVOCATE,0.0407,0.1,-2,0.0,0.3752212822437286,0.3259,0
resumes/data\ADVOCATE\38698573.pdf,jds\CONSTRUCTION\CONSTRUCTION_entry.txt,ADVOCATE,0.0312,0.15,-1,-2.0,0.4275493323802948,0.4041,0
resumes/data\ADVOCATE\38860712.pdf,jds\APPAREL\APPAREL_entry.txt,ADVOCATE,0.0354,0.0,0,9.0,0.2512171268463135,0.1583,0
resumes/data\ADVOCATE\38860712.pdf,jds\APPAREL\APPAREL_senior.txt,ADVOCATE,0.0368,0.0,-1,11.0,0.1835027933120727,0.175,0
resumes/data\ADVOCATE\38860712.pdf,jds\APPAREL\APPAREL_mid.txt,ADVOCATE,0.0424,0.05,-1,11.0,0.2496130168437957,0.2205,0
resumes/data\ADVOCATE\40088790.pdf,jds\INFORMATION-TECHNOLOGY\INFORMATION-TECHNOLOGY_entry.txt,ADVOCATE,0.0409,0.0,0,2.0,0.3935058712959289,0.2171,0
resumes/data\ADVOCATE\40088790.pdf,jds\INFORMATION-TECHNOLOGY\INFORMATION-TECHNOLOGY_senior.txt,ADVOCATE,0.0373,0.15,-1,4.0,0.406588464975357,0.2462,0
resumes/data\ADVOCATE\40088790.pdf,jds\INFORMATION-TECHNOLOGY\INFORMATION-TECHNOLOGY_mid.txt,ADVOCATE,0.0434,0.05,-1,4.0,0.4055957198143005,0.2493,0
resumes/data\ADVOCATE\42164460.pdf,jds\HEALTHCARE\HEALTHCARE_senior.txt,ADVOCATE,0.0201,0.15,-1,10.0,0.2656623721122741,0.3017,0
resumes/data\ADVOCATE\42164460.pdf,jds\HEALTHCARE\HEALTHCARE_mid.txt,ADVOCATE,0.0383,0.1,-1,10.0,0.3070327937602997,0.2882,0
resumes/data\ADVOCATE\42164460.pdf,jds\HEALTHCARE\HEALTHCARE_entry.txt,ADVOCATE,0.0384,0.1,0,8.0,0.3426226377487182,0.481,0
resumes/data\ADVOCATE\44115326.pdf,jds\AVIATION\AVIATION_senior.txt,ADVOCATE,0.0637,0.1,1,0.0,0.3417011499404907,0.248,0
resumes/data\ADVOCATE\44115326.pdf,jds\AVIATION\AVIATION_mid.txt,ADVOCATE,0.0824,0.1,1,-8.0,0.4311053156852722,0.2799,0
resumes/data\ADVOCATE\44115326.pdf,jds\AVIATION\AVIATION_entry.txt,ADVOCATE,0.0683,0.1,1,-2.0,0.3967236578464508,0.271,0
resumes/data\ADVOCATE\46772262.pdf,jds\APPAREL\APPAREL_mid.txt,ADVOCATE,0.0354,0.0,0,18.0,0.2230283617973327,0.2075,0
resumes/data\ADVOCATE\46772262.pdf,jds\APPAREL\APPAREL_senior.txt,ADVOCATE,0.032,0.0,0,18.0,0.2436438351869583,0.2154,0
resumes/data\ADVOCATE\46772262.pdf,jds\APPAREL\APPAREL_entry.txt,ADVOCATE,0.0318,0.05,1,16.0,0.2653599381446838,0.2483,0
resumes/data\ADVOCATE\47133747.pdf,jds\CONSTRUCTION\CONSTRUCTION_entry.txt,ADVOCATE,0.0721,0.3,0,22.0,0.382656067609787,0.2147,0
resumes/data\ADVOCATE\47133747.pdf,jds\CONSTRUCTION\CONSTRUCTION_senior.txt,ADVOCATE,0.1285,0.35,-1,24.0,0.5287149548530579,0.2895,0
resumes/data\ADVOCATE\49475708.pdf,jds\CONSTRUCTION\CONSTRUCTION_mid.txt,ADVOCATE,0.0338,0.0,-2,1.0,0.3379021286964416,0.2638,0
resumes/data\ADVOCATE\49475708.pdf,jds\CONSTRUCTION\CONSTRUCTION_senior.txt,ADVOCATE,0.0335,0.05,-2,1.0,0.3379154205322265,0.2723,0
resumes/data\ADVOCATE\49475708.pdf,jds\CONSTRUCTION\CONSTRUCTION_entry.txt,ADVOCATE,0.0411,0.0,-1,-1.0,0.3185403347015381,0.194,0
resumes/data\ADVOCATE\49486820.pdf,jds\TEACHER\TEACHER_mid.txt,ADVOCATE,0.0417,0.05,-1,11.0,0.2759658694267273,0.2605,0
resumes/data\ADVOCATE\49486820.pdf,jds\TEACHER\TEACHER_entry.txt,ADVOCATE,0.0614,0.05,0,11.0,0.3686035871505737,0.2884,0
resumes/data\ADVOCATE\49486820.pdf,jds\TEACHER\TEACHER_senior.txt,ADVOCATE,0.0264,0.1,-2,11.0,0.2739086747169494,0.2206,0
resumes/data\ADVOCATE\53169257.pdf,jds\APPAREL\APPAREL_mid.txt,ADVOCATE,0.0317,0.1,1,0.0,0.2780153453350067,0.0794,0
resumes/data\ADVOCATE\53169257.pdf,jds\APPAREL\APPAREL_senior.txt,ADVOCATE,0.0337,0.1,1,0.0,0.302665501832962,0.1358,0
resumes/data\ADVOCATE\53169257.pdf,jds\APPAREL\APPAREL_entry.txt,ADVOCATE,0.0259,0.05,2,-2.0,0.1993791460990905,0.1763,0
resumes/data\ADVOCATE\54067174.pdf,jds\ARTS\ARTS_mid.txt,ADVOCATE,0.0493,0.1,-2,4.0,0.3357798457145691,0.2305,0
resumes/data\ADVOCATE\54067174.pdf,jds\ARTS\ARTS_entry.txt,ADVOCATE,0.0408,0.05,-1,4.0,0.2975179851055145,0.1612,0
resumes/data\ADVOCATE\54067174.pdf,jds\ARTS\ARTS_senior.txt,ADVOCATE,0.0226,0.0,-3,4.0,0.2539278268814087,0.1252,0
resumes/data\ADVOCATE\72652441.pdf,jds\ENGINEERING\ENGINEERING_entry.txt,ADVOCATE,0.044,0.05,-1,5.0,0.3142277598381042,0.2154,0
resumes/data\ADVOCATE\72652441.pdf,jds\ENGINEERING\ENGINEERING_senior.txt,ADVOCATE,0.0559,0.2,-3,7.0,0.3152461349964142,0.1883,0
resumes/data\ADVOCATE\72652441.pdf,jds\ENGINEERING\ENGINEERING_mid.txt,ADVOCATE,0.0601,0.05,-2,7.0,0.3284563422203064,0.2591,0
resumes/data\ADVOCATE\73448369.pdf,jds\PUBLIC-RELATIONS\PUBLIC-RELATIONS_mid.txt,ADVOCATE,0.0415,0.1,-2,7.0,0.2833675146102905,0.2914,0
resumes/data\ADVOCATE\73448369.pdf,jds\PUBLIC-RELATIONS\PUBLIC-RELATIONS_senior.txt,ADVOCATE,0.0329,0.1,-2,7.0,0.2799597680568695,0.2042,0
resumes/data\ADVOCATE\73448369.pdf,jds\PUBLIC-RELATIONS\PUBLIC-RELATIONS_entry.txt,ADVOCATE,0.0359,0.05,-1,5.0,0.3278707265853882,0.2878,0
resumes/data\ADVOCATE\74126637.pdf,jds\BANKING\BANKING_mid.txt,ADVOCATE,0.0627,0.1,-1,0.0,0.3343597054481506,0.2674,0
resumes/data\ADVOCATE\74126637.pdf,jds\BANKING\BANKING_entry.txt,ADVOCATE,0.0682,0.25,0,-2.0,0.3340849280357361,0.314,0
resumes/data\ADVOCATE\74126637.pdf,jds\BANKING\BANKING_senior.txt,ADVOCATE,0.0351,0.05,-1,0.0,0.3438534736633301,0.2826,0
resumes/data\ADVOCATE\74191424.pdf,jds\FINANCE\FINANCE_senior.txt,ADVOCATE,0.0474,0.0,0,11.0,0.2295304536819458,0.2352,0
resumes/data\ADVOCATE\74191424.pdf,jds\FINANCE\FINANCE_mid.txt,ADVOCATE,0.0532,0.05,0,11.0,0.2825223207473755,0.275,0
resumes/data\ADVOCATE\74191424.pdf,jds\FINANCE\FINANCE_entry.txt,ADVOCATE,0.0454,0.1,0,9.0,0.2540616691112518,0.2685,0
resumes/data\ADVOCATE\75057933.pdf,jds\ACCOUNTANT\ACCOUNTANT_senior.txt,ADVOCATE,0.0578,0.1,-1,0.0,0.4323447346687317,0.2946,0
resumes/data\ADVOCATE\75057933.pdf,jds\ACCOUNTANT\ACCOUNTANT_entry.txt,ADVOCATE,0.0404,0.05,-1,-2.0,0.4115859568119049,0.3368,0
resumes/data\ADVOCATE\75057933.pdf,jds\ACCOUNTANT\ACCOUNTANT_mid.txt,ADVOCATE,0.0758,0.1,-1,0.0,0.4149270057678222,0.2659,0
resumes/data\ADVOCATE\75435017.pdf,jds\CHEF\CHEF_senior.txt,ADVOCATE,0.0283,0.0,0,10.0,0.302301287651062,0.2521,0
resumes/data\ADVOCATE\75435017.pdf,jds\CHEF\CHEF_entry.txt,ADVOCATE,0.0537,0.2,0,10.0,0.2810283303260803,0.2435,0
resumes/data\ADVOCATE\75435017.pdf,jds\CHEF\CHEF_mid.txt,ADVOCATE,0.0375,0.15,0,10.0,0.2897586524486542,0.2328,0
resumes/data\ADVOCATE\75950464.pdf,jds\APPAREL\APPAREL_entry.txt,ADVOCATE,0.0542,0.05,1,4.0,0.2419168949127197,0.2878,0
resumes/data\ADVOCATE\75950464.pdf,jds\APPAREL\APPAREL_senior.txt,ADVOCATE,0.0425,0.2,0,6.0,0.2822768092155456,0.2427,0
resumes/data\ADVOCATE\75950464.pdf,jds\APPAREL\APPAREL_mid.txt,ADVOCATE,0.0557,0.05,0,6.0,0.3663033246994018,0.3442,0
resumes/data\ADVOCATE\77439230.pdf,jds\ARTS\ARTS_senior.txt,ADVOCATE,0.0433,0.15,-2,12.0,0.3780106902122497,0.2973,0
resumes/data\ADVOCATE\77439230.pdf,jds\ARTS\ARTS_entry.txt,ADVOCATE,0.0277,0.05,0,12.0,0.268876850605011,0.2537,0
resumes/data\ADVOCATE\77439230.pdf,jds\ARTS\ARTS_mid.txt,ADVOCATE,0.0394,0.1,-1,12.0,0.348597764968872,0.342,0
resumes/data\ADVOCATE\78538268.pdf,jds\CHEF\CHEF_senior.txt,ADVOCATE,0.0711,0.15,1,14.0,0.3221422135829925,0.2297,0
resumes/data\ADVOCATE\78538268.pdf,jds\CHEF\CHEF_mid.txt,ADVOCATE,0.0677,0.15,1,14.0,0.3230675458908081,0.2372,0
resumes/data\ADVOCATE\78538268.pdf,jds\CHEF\CHEF_entry.txt,ADVOCATE,0.0658,0.1,1,14.0,0.2903757095336914,0.1861,0
resumes/data\ADVOCATE\80503242.pdf,jds\FITNESS\FITNESS_mid.txt,ADVOCATE,0.0746,0.1,0,12.0,0.2971518933773041,0.3658,0
resumes/data\ADVOCATE\80503242.pdf,jds\FITNESS\FITNESS_entry.txt,ADVOCATE,0.0424,0.1,1,17.0,0.2551420331001282,0.2852,0
resumes/data\ADVOCATE\89508407.pdf,jds\HR\HR_entry.txt,ADVOCATE,0.0399,0.0,-1,0.0,0.1947138905525207,0.2748,0
resumes/data\ADVOCATE\89508407.pdf,jds\HR\HR_mid.txt,ADVOCATE,0.0421,0.0,-1,0.0,0.2152492702007293,0.2979,0
resumes/data\ADVOCATE\89508407.pdf,jds\HR\HR_senior.txt,ADVOCATE,0.0628,0.1,-1,0.0,0.2542167603969574,0.3353,0
resumes/data\ADVOCATE\90468982.pdf,jds\PUBLIC-RELATIONS\PUBLIC-RELATIONS_senior.txt,ADVOCATE,0.0542,0.15,-2,11.0,0.3882703781127929,0.3449,0
resumes/data\ADVOCATE\90468982.pdf,jds\PUBLIC-RELATIONS\PUBLIC-RELATIONS_entry.txt,ADVOCATE,0.0398,0.15,-1,9.0,0.2850477695465088,0.2798,0
resumes/data\ADVOCATE\90468982.pdf,jds\PUBLIC-RELATIONS\PUBLIC-RELATIONS_mid.txt,ADVOCATE,0.039,0.05,-2,11.0,0.3139752745628357,0.3695,0
resumes/data\ADVOCATE\93512385.pdf,jds\ACCOUNTANT\ACCOUNTANT_entry.txt,ADVOCATE,0.0693,0.15,-3,7.0,0.4150422215461731,0.3776,0
resumes/data\ADVOCATE\95714702.pdf,jds\AUTOMOBILE\AUTOMOBILE_mid.txt,ADVOCATE,0.1744,0.15,1,6.0,0.3131521344184875,0.3536,0
resumes/data\ADVOCATE\95714702.pdf,jds\AUTOMOBILE\AUTOMOBILE_senior.txt,ADVOCATE,0.0791,0.1,0,14.0,0.3561037182807922,0.3348,0
resumes/data\ADVOCATE\95714702.pdf,jds\AUTOMOBILE\AUTOMOBILE_entry.txt,ADVOCATE,0.129,0.2,1,12.0,0.3364446759223938,0.2924,0
resumes/data\ADVOCATE\95970987.pdf,jds\CONSTRUCTION\CONSTRUCTION_senior.txt,ADVOCATE,0.0447,0.1,0,20.0,0.3090964555740356,0.2811,0
resumes/data\ADVOCATE\95970987.pdf,jds\CONSTRUCTION\CONSTRUCTION_mid.txt,ADVOCATE,0.0322,0.05,0,20.0,0.3258245587348938,0.1846,0
resumes/data\ADVOCATE\95970987.pdf,jds\CONSTRUCTION\CONSTRUCTION_entry.txt,ADVOCATE,0.0396,0.05,1,18.0,0.292610228061676,0.2204,0
resumes/data\ADVOCATE\97405769.pdf,jds\CONSTRUCTION\CONSTRUCTION_entry.txt,ADVOCATE,0.0229,0.05,-1,-2.0,0.2514591515064239,0.1631,0
resumes/data\ADVOCATE\97405769.pdf,jds\CONSTRUCTION\CONSTRUCTION_senior.txt,ADVOCATE,0.0541,0.2,-2,0.0,0.3162946105003357,0.2571,0
resumes/data\ADVOCATE\97405769.pdf,jds\CONSTRUCTION\CONSTRUCTION_mid.txt,ADVOCATE,0.0556,0.2,-2,0.0,0.3364009261131286,0.2323,0
resumes/data\AGRICULTURE\10953078.pdf,jds\BPO\BPO_entry.txt,AGRICULTURE,0.0555,0.05,0,17.0,0.3615460395812988,0.3211,0
resumes/data\AGRICULTURE\10953078.pdf,jds\BPO\BPO_senior.txt,AGRICULTURE,0.0587,0.1,-1,19.0,0.3845426440238952,0.3585,0
resumes/data\AGRICULTURE\11197262.pdf,jds\FINANCE\FINANCE_senior.txt,AGRICULTURE,0.0319,0.05,-1,1.0,0.1936747580766677,-0.0067,0
resumes/data\AGRICULTURE\11197262.pdf,jds\FINANCE\FINANCE_mid.txt,AGRICULTURE,0.0372,0.1,-1,1.0,0.1827962100505828,0.0824,0
resumes/data\AGRICULTURE\11197262.pdf,jds\FINANCE\FINANCE_entry.txt,AGRICULTURE,0.0426,0.1,-1,-1.0,0.2167995870113372,0.049,0
resumes/data\AGRICULTURE\11676151.pdf,jds\SALES\SALES_senior.txt,AGRICULTURE,0.0552,0.15,-1,11.0,0.3452930748462677,0.2008,0
resumes/data\AGRICULTURE\11676151.pdf,jds\SALES\SALES_entry.txt,AGRICULTURE,0.0747,0.05,0,11.0,0.4104636013507843,0.2283,0
resumes/data\AGRICULTURE\11676151.pdf,jds\SALES\SALES_mid.txt,AGRICULTURE,0.0691,0.1,-1,11.0,0.4052848219871521,0.1838,0
resumes/data\AGRICULTURE\11813872.pdf,jds\ADVOCATE\ADVOCATE_mid.txt,AGRICULTURE,0.043,0.1,0,20.0,0.3519083857536316,0.4249,0
resumes/data\AGRICULTURE\12341902.pdf,jds\ENGINEERING\ENGINEERING_entry.txt,AGRICULTURE,0.0277,0.1,1,35.0,0.3812011480331421,0.1502,0
resumes/data\AGRICULTURE\12341902.pdf,jds\ENGINEERING\ENGINEERING_mid.txt,AGRICULTURE,0.0343,0.0,0,37.0,0.3647502362728119,0.2115,0
resumes/data\AGRICULTURE\12341902.pdf,jds\ENGINEERING\ENGINEERING_senior.txt,AGRICULTURE,0.0292,0.05,-1,37.0,0.3301562964916229,0.1939,0
resumes/data\AGRICULTURE\12674256.pdf,jds\AUTOMOBILE\AUTOMOBILE_mid.txt,AGRICULTURE,0.1003,0.15,0,-8.0,0.344290167093277,0.3435,0
resumes/data\AGRICULTURE\12674256.pdf,jds\AUTOMOBILE\AUTOMOBILE_entry.txt,AGRICULTURE,0.0741,0.2,0,-2.0,0.2931153178215027,0.3016,0
resumes/data\AGRICULTURE\12674256.pdf,jds\AUTOMOBILE\AUTOMOBILE_senior.txt,AGRICULTURE,0.0281,0.05,-1,0.0,0.3261532187461853,0.373,0
resumes/data\AGRICULTURE\14140903.pdf,jds\FINANCE\FINANCE_mid.txt,AGRICULTURE,0.0179,0.05,1,13.0,0.1965382248163223,0.2323,0
resumes/data\AGRICULTURE\14140903.pdf,jds\FINANCE\FINANCE_senior.txt,AGRICULTURE,0.0204,0.05,1,13.0,0.2319299429655075,0.2327,0
resumes/data\AGRICULTURE\14140903.pdf,jds\FINANCE\FINANCE_entry.txt,AGRICULTURE,0.0314,0.05,1,11.0,0.2261348962783813,0.2937,0
resumes/data\AGRICULTURE\15053703.pdf,jds\PUBLIC-RELATIONS\PUBLIC-RELATIONS_entry.txt,AGRICULTURE,0.0454,0.1,0,2.0,0.3600408434867859,0.3542,0
resumes/data\AGRICULTURE\15053703.pdf,jds\PUBLIC-RELATIONS\PUBLIC-RELATIONS_mid.txt,AGRICULTURE,0.0252,0.05,-1,4.0,0.3371654450893402,0.3271,0
resumes/data\AGRICULTURE\15053703.pdf,jds\PUBLIC-RELATIONS\PUBLIC-RELATIONS_senior.txt,AGRICULTURE,0.0519,0.15,-1,4.0,0.3870583772659302,0.3392,0
resumes/data\AGRICULTURE\15546686.pdf,jds\CONSTRUCTION\CONSTRUCTION_senior.txt,AGRICULTURE,0.0439,0.05,-1,0.0,0.3021106123924255,0.1721,0
resumes/data\AGRICULTURE\15546686.pdf,jds\CONSTRUCTION\CONSTRUCTION_mid.txt,AGRICULTURE,0.0282,0.1,-1,0.0,0.3050900101661682,0.1661,0
resumes/data\AGRICULTURE\15546686.pdf,jds\CONSTRUCTION\CONSTRUCTION_entry.txt,AGRICULTURE,0.0431,0.05,0,-2.0,0.3468319475650787,0.1825,0
resumes/data\AGRICULTURE\15603319.pdf,jds\INFORMATION-TECHNOLOGY\INFORMATION-TECHNOLOGY_entry.txt,AGRICULTURE,0.0573,0.0,1,8.0,0.2497304081916809,0.1978,0
resumes/data\AGRICULTURE\15603319.pdf,jds\INFORMATION-TECHNOLOGY\INFORMATION-TECHNOLOGY_senior.txt,AGRICULTURE,0.0513,0.2,0,10.0,0.2395966798067093,0.1073,0
resumes/data\AGRICULTURE\15603319.pdf,jds\INFORMATION-TECHNOLOGY\INFORMATION-TECHNOLOGY_mid.txt,AGRICULTURE,0.0552,0.1,0,10.0,0.2801328897476196,0.1868,0
resumes/data\AGRICULTURE\16172429.pdf,jds\BPO\BPO_senior.txt,AGRICULTURE,0.1121,0.25,-1,5.0,0.4421612024307251,0.2695,0
resumes/data\AGRICULTURE\16172429.pdf,jds\BPO\BPO_entry.txt,AGRICULTURE,0.0466,0.0,0,3.0,0.3745346069335937,0.223,0
resumes/data\AGRICULTURE\16172429.pdf,jds\BPO\BPO_mid.txt,AGRICULTURE,0.0997,0.2,0,5.0,0.4090133607387543,0.2822,0
resumes/data\AGRICULTURE\16507693.pdf,jds\ARTS\ARTS_senior.txt,AGRICULTURE,0.0395,0.2,-3,19.0,0.2723480463027954,0.2438,0
resumes/data\AGRICULTURE\16507693.pdf,jds\ARTS\ARTS_entry.txt,AGRICULTURE,0.0371,0.05,-1,19.0,0.2682261168956756,0.1723,0
resumes/data\AGRICULTURE\16507693.pdf,jds\ARTS\ARTS_mid.txt,AGRICULTURE,0.0386,0.1,-2,19.0,0.2872405052185058,0.2407,0
resumes/data\AGRICULTURE\16653657.pdf,jds\AVIATION\AVIATION_mid.txt,AGRICULTURE,0.0342,0.0,1,7.0,0.4582371413707733,0.4376,0
resumes/data\AGRICULTURE\16653657.pdf,jds\AVIATION\AVIATION_entry.txt,AGRICULTURE,0.0399,0.05,1,13.0,0.3859449028968811,0.3793,0
resumes/data\AGRICULTURE\16661264.pdf,jds\ADVOCATE\ADVOCATE_mid.txt,AGRICULTURE,0.045,0.3,-1,20.0,0.3524613380432129,0.3825,0
resumes/data\AGRICULTURE\16661264.pdf,jds\ADVOCATE\ADVOCATE_entry.txt,AGRICULTURE,0.0601,0.25,-1,18.0,0.3630659580230713,0.3761,0
resumes/data\AGRICULTURE\16661264.pdf,jds\ADVOCATE\ADVOCATE_senior.txt,AGRICULTURE,0.0384,0.25,-1,20.0,0.3105528056621551,0.3519,0
resumes/data\AGRICULTURE\16849128.pdf,jds\CONSULTANT\CONSULTANT_mid.txt,AGRICULTURE,0.0591,0.0,-2,11.0,0.2923824489116668,0.1328,0
resumes/data\AGRICULTURE\16849128.pdf,jds\CONSULTANT\CONSULTANT_senior.txt,AGRICULTURE,0.0453,0.0,-2,11.0,0.2505077123641968,0.0934,0
resumes/data\AGRICULTURE\16849128.pdf,jds\CONSULTANT\CONSULTANT_entry.txt,AGRICULTURE,0.0495,0.15,-2,11.0,0.3524221181869507,0.2333,0
resumes/data\AGRICULTURE\17312146.pdf,jds\BPO\BPO_mid.txt,AGRICULTURE,0.0857,0.25,0,0.0,0.4132807850837707,0.2784,0
resumes/data\AGRICULTURE\17312146.pdf,jds\BPO\BPO_entry.txt,AGRICULTURE,0.0982,0.15,0,-2.0,0.5043010115623474,0.2918,0
resumes/data\AGRICULTURE\17499196.pdf,jds\AVIATION\AVIATION_entry.txt,AGRICULTURE,0.0393,0.1,0,13.0,0.2750879824161529,0.3,0
resumes/data\AGRICULTURE\17499196.pdf,jds\AVIATION\AVIATION_senior.txt,AGRICULTURE,0.0322,0.15,0,15.0,0.3515450060367584,0.3474,0
resumes/data\AGRICULTURE\17499196.pdf,jds\AVIATION\AVIATION_mid.txt,AGRICULTURE,0.0516,0.1,0,7.0,0.3654367327690124,0.3835,0
resumes/data\AGRICULTURE\17640785.pdf,jds\INFORMATION-TECHNOLOGY\INFORMATION-TECHNOLOGY_senior.txt,AGRICULTURE,0.0452,0.15,0,12.0,0.2791895866394043,0.1896,0
resumes/data\AGRICULTURE\17640785.pdf,jds\INFORMATION-TECHNOLOGY\INFORMATION-TECHNOLOGY_entry.txt,AGRICULTURE,0.0246,0.0,1,10.0,0.2797355055809021,0.2389,0
resumes/data\AGRICULTURE\17640785.pdf,jds\INFORMATION-TECHNOLOGY\INFORMATION-TECHNOLOGY_mid.txt,AGRICULTURE,0.0224,0.0,0,12.0,0.3053082525730133,0.2523,0
resumes/data\AGRICULTURE\18242317.pdf,jds\HR\HR_entry.txt,AGRICULTURE,0.0455,0.0,0,10.0,0.2911682724952698,0.1475,0
resumes/data\AGRICULTURE\18242317.pdf,jds\HR\HR_senior.txt,AGRICULTURE,0.0417,0.05,0,10.0,0.3145849108695984,0.1616,0
resumes/data\AGRICULTURE\18242317.pdf,jds\HR\HR_mid.txt,AGRICULTURE,0.0472,0.0,0,10.0,0.2816164791584015,0.1672,0
resumes/data\AGRICULTURE\18264694.pdf,jds\PUBLIC-RELATIONS\PUBLIC-RELATIONS_entry.txt,AGRICULTURE,0.0622,0.2,1,0.0,0.4790470600128174,0.403,0
resumes/data\AGRICULTURE\19532392.pdf,jds\SALES\SALES_entry.txt,AGRICULTURE,0.0414,0.05,0,5.0,0.3658806085586548,0.2853,0
resumes/data\AGRICULTURE\19532392.pdf,jds\SALES\SALES_mid.txt,AGRICULTURE,0.0851,0.15,-1,5.0,0.4079346060752868,0.2759,0
resumes/data\AGRICULTURE\19532392.pdf,jds\SALES\SALES_senior.txt,AGRICULTURE,0.0431,0.05,-1,5.0,0.3786622881889343,0.2723,0
resumes/data\AGRICULTURE\19851252.pdf,jds\SALES\SALES_senior.txt,AGRICULTURE,0.0226,0.0,-1,0.0,0.2012960612773895,0.2329,0
resumes/data\AGRICULTURE\19851252.pdf,jds\SALES\SALES_entry.txt,AGRICULTURE,0.0245,0.05,0,0.0,0.2842815220355987,0.2892,0
resumes/data\AGRICULTURE\19851252.pdf,jds\SALES\SALES_mid.txt,AGRICULTURE,0.0259,0.0,-1,0.0,0.2675789594650268,0.2453,0
resumes/data\AGRICULTURE\20006992.pdf,jds\ENGINEERING\ENGINEERING_mid.txt,AGRICULTURE,0.0256,0.05,0,4.0,0.2804419994354248,0.2991,0
resumes/data\AGRICULTURE\20006992.pdf,jds\ENGINEERING\ENGINEERING_senior.txt,AGRICULTURE,0.0347,0.05,-1,4.0,0.2763247787952423,0.1654,0
resumes/data\AGRICULTURE\20006992.pdf,jds\ENGINEERING\ENGINEERING_entry.txt,AGRICULTURE,0.0286,0.05,1,2.0,0.270055204629898,0.2077,0
resumes/data\AGRICULTURE\20969119.pdf,jds\TEACHER\TEACHER_entry.txt,AGRICULTURE,0.0609,0.1,1,14.0,0.3642391860485077,0.3955,0
resumes/data\AGRICULTURE\21134923.pdf,jds\BANKING\BANKING_mid.txt,AGRICULTURE,0.0803,0.2,-1,0.0,0.2765419483184814,0.2859,0
resumes/data\AGRICULTURE\21134923.pdf,jds\BANKING\BANKING_senior.txt,AGRICULTURE,0.0673,0.1,-1,0.0,0.3028048872947693,0.3083,0
resumes/data\AGRICULTURE\21134923.pdf,jds\BANKING\BANKING_entry.txt,AGRICULTURE,0.0542,0.15,0,-2.0,0.2764479219913482,0.2635,0
resumes/data\AGRICULTURE\21868149.pdf,jds\BPO\BPO_mid.txt,AGRICULTURE,0.0684,0.25,0,7.0,0.4591275751590729,0.2988,0
resumes/data\AGRICULTURE\21868149.pdf,jds\BPO\BPO_entry.txt,AGRICULTURE,0.0456,0.1,0,5.0,0.4594540894031524,0.3659,0
resumes/data\AGRICULTURE\23631188.pdf,jds\TEACHER\TEACHER_mid.txt,AGRICULTURE,0.0467,0.1,-2,6.0,0.2905566394329071,0.2189,0
resumes/data\AGRICULTURE\23631188.pdf,jds\TEACHER\TEACHER_entry.txt,AGRICULTURE,0.0498,0.05,-1,6.0,0.2924407124519348,0.2559,0
resumes/data\AGRICULTURE\23631188.pdf,jds\TEACHER\TEACHER_senior.txt,AGRICULTURE,0.0448,0.15,-3,6.0,0.2800938189029693,0.2036,0
resumes/data\AGRICULTURE\24001783.pdf,jds\BUSINESS-DEVELOPMENT\BUSINESS-DEVELOPMENT_entry.txt,AGRICULTURE,0.0295,0.1,2,10.0,0.2150778919458389,0.0905,0
resumes/data\AGRICULTURE\24001783.pdf,jds\BUSINESS-DEVELOPMENT\BUSINESS-DEVELOPMENT_senior.txt,AGRICULTURE,0.0335,0.1,1,12.0,0.2277924716472625,0.054,0
resumes/data\AGRICULTURE\24001783.pdf,jds\BUSINESS-DEVELOPMENT\BUSINESS-DEVELOPMENT_mid.txt,AGRICULTURE,0.0308,0.05,1,4.0,0.2637866735458374,0.0888,0
resumes/data\AGRICULTURE\24068423.pdf,jds\AGRICULTURE\AGRICULTURE_entry.txt,AGRICULTURE,0.2256,0.4,2,16.0,0.5932931900024414,0.6625,1
resumes/data\AGRICULTURE\24068423.pdf,jds\AGRICULTURE\AGRICULTURE_mid.txt,AGRICULTURE,0.2504,0.3,1,9.0,0.6068949103355408,0.7191,1
resumes/data\AGRICULTURE\24068423.pdf,jds\CHEF\CHEF_entry.txt,AGRICULTURE,0.0577,0.05,3,16.0,0.3242276310920715,0.2934,0
resumes/data\AGRICULTURE\24068423.pdf,jds\CHEF\CHEF_mid.txt,AGRICULTURE,0.0483,0.0,3,16.0,0.2874923348426819,0.294,0
resumes/data\AGRICULTURE\24068423.pdf,jds\CHEF\CHEF_senior.txt,AGRICULTURE,0.0545,0.0,3,16.0,0.2366536855697631,0.2879,0
resumes/data\AGRICULTURE\24397882.pdf,jds\PUBLIC-RELATIONS\PUBLIC-RELATIONS_entry.txt,AGRICULTURE,0.0259,0.1,0,26.0,0.3151846528053283,0.2926,0
resumes/data\AGRICULTURE\24397882.pdf,jds\PUBLIC-RELATIONS\PUBLIC-RELATIONS_mid.txt,AGRICULTURE,0.0598,0.1,-1,28.0,0.3351171612739563,0.3687,0
resumes/data\AGRICULTURE\24397882.pdf,jds\PUBLIC-RELATIONS\PUBLIC-RELATIONS_senior.txt,AGRICULTURE,0.0488,0.15,-1,28.0,0.2962057590484619,0.3262,0
resumes/data\AGRICULTURE\24416961.pdf,jds\PUBLIC-RELATIONS\PUBLIC-RELATIONS_entry.txt,AGRICULTURE,0.0327,0.15,1,14.0,0.3958619236946106,0.329,0
resumes/data\AGRICULTURE\24416961.pdf,jds\PUBLIC-RELATIONS\PUBLIC-RELATIONS_senior.txt,AGRICULTURE,0.0806,0.15,0,16.0,0.4246155023574829,0.3648,0
resumes/data\AGRICULTURE\26070334.pdf,jds\ENGINEERING\ENGINEERING_entry.txt,AGRICULTURE,0.1719,0.3,1,9.0,0.4266932904720306,0.2845,0
resumes/data\AGRICULTURE\26070334.pdf,jds\ENGINEERING\ENGINEERING_mid.txt,AGRICULTURE,0.1211,0.2,0,11.0,0.3881695568561554,0.2843,0
resumes/data\AGRICULTURE\26070334.pdf,jds\ENGINEERING\ENGINEERING_senior.txt,AGRICULTURE,0.1175,0.3,-1,11.0,0.3373501300811767,0.2223,0
resumes/data\AGRICULTURE\26835781.pdf,jds\APPAREL\APPAREL_mid.txt,AGRICULTURE,0.0626,0.05,0,35.0,0.3586660027503967,0.1917,0
resumes/data\AGRICULTURE\26835781.pdf,jds\APPAREL\APPAREL_senior.txt,AGRICULTURE,0.0407,0.05,0,35.0,0.2971519231796264,0.2263,0
resumes/data\AGRICULTURE\26835781.pdf,jds\APPAREL\APPAREL_entry.txt,AGRICULTURE,0.0452,0.1,1,33.0,0.3240448236465454,0.2685,0
resumes/data\AGRICULTURE\26921245.pdf,jds\AVIATION\AVIATION_entry.txt,AGRICULTURE,0.0491,0.1,1,9.0,0.2591846585273742,0.2783,0
resumes/data\AGRICULTURE\26921245.pdf,jds\AVIATION\AVIATION_senior.txt,AGRICULTURE,0.0466,0.15,1,11.0,0.257702112197876,0.2896,0
resumes/data\AGRICULTURE\26921245.pdf,jds\AVIATION\AVIATION_mid.txt,AGRICULTURE,0.0499,0.05,1,3.0,0.3156078159809112,0.3881,0
resumes/data\AGRICULTURE\27689009.pdf,jds\FITNESS\FITNESS_senior.txt,AGRICULTURE,0.0402,0.2,-2,24.0,0.2435465157032013,0.201,0
resumes/data\AGRICULTURE\27689009.pdf,jds\FITNESS\FITNESS_mid.txt,AGRICULTURE,0.0435,0.15,0,17.0,0.2628893852233886,0.1802,0
resumes/data\AGRICULTURE\27689009.pdf,jds\FITNESS\FITNESS_entry.txt,AGRICULTURE,0.0438,0.1,1,22.0,0.3635526299476623,0.1863,0
resumes/data\AGRICULTURE\27888251.pdf,jds\BUSINESS-DEVELOPMENT\BUSINESS-DEVELOPMENT_mid.txt,AGRICULTURE,0.0498,0.0,-1,11.0,0.3484830856323242,0.3645,0
resumes/data\AGRICULTURE\27888251.pdf,jds\BUSINESS-DEVELOPMENT\BUSINESS-DEVELOPMENT_senior.txt,AGRICULTURE,0.0666,0.1,-1,19.0,0.2908405661582947,0.304,0
resumes/data\AGRICULTURE\27888251.pdf,jds\BUSINESS-DEVELOPMENT\BUSINESS-DEVELOPMENT_entry.txt,AGRICULTURE,0.068,0.2,0,17.0,0.3125340938568115,0.3309,0
resumes/data\AGRICULTURE\28165687.pdf,jds\ARTS\ARTS_mid.txt,AGRICULTURE,0.0488,0.2,0,11.0,0.2734219431877136,0.2895,0
resumes/data\AGRICULTURE\28165687.pdf,jds\ARTS\ARTS_entry.txt,AGRICULTURE,0.0479,0.1,1,11.0,0.2590206861495971,0.2534,0
resumes/data\AGRICULTURE\28165687.pdf,jds\ARTS\ARTS_senior.txt,AGRICULTURE,0.0423,0.1,-1,11.0,0.3314748406410217,0.2727,0
resumes/data\AGRICULTURE\28247753.pdf,jds\BPO\BPO_entry.txt,AGRICULTURE,0.0622,0.15,1,23.0,0.4114240407943725,0.4069,0
resumes/data\AGRICULTURE\28733974.pdf,jds\APPAREL\APPAREL_entry.txt,AGRICULTURE,0.0342,0.05,0,3.0,0.2814582586288452,0.2933,0
resumes/data\AGRICULTURE\28733974.pdf,jds\APPAREL\APPAREL_senior.txt,AGRICULTURE,0.0618,0.0,-1,5.0,0.3495584726333618,0.3319,0
resumes/data\AGRICULTURE\29510501.pdf,jds\SALES\SALES_senior.txt,AGRICULTURE,0.0385,0.0,-1,0.0,0.3762141466140747,0.3029,0
resumes/data\AGRICULTURE\29510501.pdf,jds\SALES\SALES_mid.txt,AGRICULTURE,0.0483,0.1,-1,0.0,0.3499784171581268,0.266,0
resumes/data\AGRICULTURE\29510501.pdf,jds\SALES\SALES_entry.txt,AGRICULTURE,0.0629,0.05,0,0.0,0.3883747160434723,0.3783,0
resumes/data\AGRICULTURE\29746235.pdf,jds\PUBLIC-RELATIONS\PUBLIC-RELATIONS_mid.txt,AGRICULTURE,0.0536,0.1,-1,9.0,0.3774676322937011,0.294,0
resumes/data\AGRICULTURE\29746235.pdf,jds\PUBLIC-RELATIONS\PUBLIC-RELATIONS_entry.txt,AGRICULTURE,0.055,0.1,0,7.0,0.3226542472839355,0.3203,0
resumes/data\AGRICULTURE\29746235.pdf,jds\PUBLIC-RELATIONS\PUBLIC-RELATIONS_senior.txt,AGRICULTURE,0.0506,0.05,-1,9.0,0.3212575018405914,0.2147,0
resumes/data\AGRICULTURE\29897742.pdf,jds\FINANCE\FINANCE_entry.txt,AGRICULTURE,0.0392,0.05,-1,18.0,0.3627791404724121,0.2805,0
resumes/data\AGRICULTURE\29897742.pdf,jds\FINANCE\FINANCE_mid.txt,AGRICULTURE,0.0309,0.05,-1,20.0,0.3383456468582153,0.2719,0
resumes/data\AGRICULTURE\29897742.pdf,jds\FINANCE\FINANCE_senior.txt,AGRICULTURE,0.0469,0.05,-1,20.0,0.3533024787902832,0.2906,0
resumes/data\AGRICULTURE\29968330.pdf,jds\PUBLIC-RELATIONS\PUBLIC-RELATIONS_entry.txt,AGRICULTURE,0.0397,0.0,0,-2.0,0.4356236457824707,0.369,0
resumes/data\AGRICULTURE\29968330.pdf,jds\PUBLIC-RELATIONS\PUBLIC-RELATIONS_mid.txt,AGRICULTURE,0.0317,0.0,-1,0.0,0.3678582608699798,0.3483,0
resumes/data\AGRICULTURE\29968330.pdf,jds\PUBLIC-RELATIONS\PUBLIC-RELATIONS_senior.txt,AGRICULTURE,0.0398,0.05,-1,0.0,0.3908087313175201,0.354,0
resumes/data\AGRICULTURE\30437583.pdf,jds\PUBLIC-RELATIONS\PUBLIC-RELATIONS_mid.txt,AGRICULTURE,0.051,0.1,-1,14.0,0.3429338335990906,0.3306,0
resumes/data\AGRICULTURE\30437583.pdf,jds\PUBLIC-RELATIONS\PUBLIC-RELATIONS_entry.txt,AGRICULTURE,0.0745,0.3,0,12.0,0.347708523273468,0.3206,0
resumes/data\AGRICULTURE\30437583.pdf,jds\PUBLIC-RELATIONS\PUBLIC-RELATIONS_senior.txt,AGRICULTURE,0.1005,0.25,-1,14.0,0.3760429620742798,0.2875,0
resumes/data\AGRICULTURE\34141299.pdf,jds\ADVOCATE\ADVOCATE_entry.txt,AGRICULTURE,0.0436,0.05,-2,11.0,0.29805988073349,0.3217,0
resumes/data\AGRICULTURE\34141299.pdf,jds\ADVOCATE\ADVOCATE_mid.txt,AGRICULTURE,0.0502,0.2,-2,13.0,0.3077156543731689,0.2795,0
resumes/data\AGRICULTURE\34141299.pdf,jds\ADVOCATE\ADVOCATE_senior.txt,AGRICULTURE,0.0392,0.2,-2,13.0,0.2956275641918182,0.2413,0
resumes/data\AGRICULTURE\36102323.pdf,jds\ARTS\ARTS_entry.txt,AGRICULTURE,0.0638,0.1,0,4.0,0.1278005242347717,0.196,0
resumes/data\AGRICULTURE\36102323.pdf,jds\ARTS\ARTS_senior.txt,AGRICULTURE,0.0326,0.1,-2,4.0,0.2255633771419525,0.213,0
resumes/data\AGRICULTURE\36102323.pdf,jds\ARTS\ARTS_mid.txt,AGRICULTURE,0.0425,0.15,-1,4.0,0.2242818176746368,0.2365,0
resumes/data\AGRICULTURE\37201447.pdf,jds\DESIGNER\DESIGNER_mid.txt,AGRICULTURE,0.0268,0.0,-1,20.0,0.3015854358673095,0.2519,0
resumes/data\AGRICULTURE\37201447.pdf,jds\DESIGNER\DESIGNER_senior.txt,AGRICULTURE,0.0253,0.0,-1,20.0,0.282720685005188,0.1988,0
resumes/data\AGRICULTURE\37201447.pdf,jds\DESIGNER\DESIGNER_entry.txt,AGRICULTURE,0.0397,0.0,0,18.0,0.3287249803543091,0.3078,0
resumes/data\AGRICULTURE\37292350.pdf,jds\HR\HR_senior.txt,AGRICULTURE,0.0475,0.15,0,6.0,0.3489291667938232,0.1807,0
resumes/data\AGRICULTURE\37292350.pdf,jds\HR\HR_entry.txt,AGRICULTURE,0.0432,0.1,0,6.0,0.3165719211101532,0.2447,0
resumes/data\AGRICULTURE\37292350.pdf,jds\HR\HR_mid.txt,AGRICULTURE,0.0535,0.15,0,6.0,0.2974615097045898,0.1922,0
resumes/data\AGRICULTURE\38216888.pdf,jds\PUBLIC-RELATIONS\PUBLIC-RELATIONS_entry.txt,AGRICULTURE,0.0486,0.0,0,2.0,0.3993322849273681,0.2421,0
resumes/data\AGRICULTURE\38216888.pdf,jds\PUBLIC-RELATIONS\PUBLIC-RELATIONS_mid.txt,AGRICULTURE,0.0453,0.0,-1,4.0,0.305545836687088,0.2148,0
resumes/data\AGRICULTURE\38216888.pdf,jds\PUBLIC-RELATIONS\PUBLIC-RELATIONS_senior.txt,AGRICULTURE,0.0482,0.0,-1,4.0,0.3514405488967895,0.2089,0
resumes/data\AGRICULTURE\40882926.pdf,jds\BUSINESS-DEVELOPMENT\BUSINESS-DEVELOPMENT_entry.txt,AGRICULTURE,0.0399,0.2,-1,15.0,0.3368202447891235,0.2384,0
resumes/data\AGRICULTURE\40882926.pdf,jds\BUSINESS-DEVELOPMENT\BUSINESS-DEVELOPMENT_mid.txt,AGRICULTURE,0.0294,0.05,-2,9.0,0.2959434986114502,0.1852,0
resumes/data\AGRICULTURE\40882926.pdf,jds\BUSINESS-DEVELOPMENT\BUSINESS-DEVELOPMENT_senior.txt,AGRICULTURE,0.0352,0.1,-2,17.0,0.3036753535270691,0.1452,0
resumes/data\AGRICULTURE\54246169.pdf,jds\AGRICULTURE\AGRICULTURE_entry.txt,AGRICULTURE,0.228,0.35,0,0.0,0.6089687347412109,0.5739,1
resumes/data\AGRICULTURE\54246169.pdf,jds\AGRICULTURE\AGRICULTURE_senior.txt,AGRICULTURE,0.2498,0.15,-2,0.0,0.6332765817642212,0.5669,1
resumes/data\AGRICULTURE\54246169.pdf,jds\ENGINEERING\ENGINEERING_mid.txt,AGRICULTURE,0.0399,0.05,-1,0.0,0.4083554148674011,0.26,0
resumes/data\AGRICULTURE\54246169.pdf,jds\ENGINEERING\ENGINEERING_entry.txt,AGRICULTURE,0.0485,0.15,0,-2.0,0.4445832967758178,0.3086,0
resumes/data\AGRICULTURE\54246169.pdf,jds\ENGINEERING\ENGINEERING_senior.txt,AGRICULTURE,0.0664,0.25,-2,0.0,0.3991000652313232,0.2266,0
resumes/data\AGRICULTURE\55500538.pdf,jds\ARTS\ARTS_senior.txt,AGRICULTURE,0.0376,0.2,-2,0.0,0.3127772212028503,0.1723,0
resumes/data\AGRICULTURE\55500538.pdf,jds\ARTS\ARTS_mid.txt,AGRICULTURE,0.035,0.05,-1,0.0,0.2567823827266693,0.1807,0
resumes/data\AGRICULTURE\55500538.pdf,jds\ARTS\ARTS_entry.txt,AGRICULTURE,0.0372,0.05,0,0.0,0.2449685782194137,0.2015,0
resumes/data\AGRICULTURE\55712978.pdf,jds\ADVOCATE\ADVOCATE_mid.txt,AGRICULTURE,0.0193,0.0,1,16.0,0.2027186900377273,0.1875,0
resumes/data\AGRICULTURE\55712978.pdf,jds\ADVOCATE\ADVOCATE_senior.txt,AGRICULTURE,0.0218,0.05,1,16.0,0.2453022748231887,0.2004,0
resumes/data\AGRICULTURE\55712978.pdf,jds\ADVOCATE\ADVOCATE_entry.txt,AGRICULTURE,0.0557,0.1,1,14.0,0.2514938712120056,0.1751,0
resumes/data\AGRICULTURE\56068028.pdf,jds\ARTS\ARTS_mid.txt,AGRICULTURE,0.0567,0.15,0,12.0,0.2781351208686828,0.3218,0
resumes/data\AGRICULTURE\56068028.pdf,jds\ARTS\ARTS_entry.txt,AGRICULTURE,0.0495,0.1,1,12.0,0.2637275755405426,0.2102,0
resumes/data\AGRICULTURE\56068028.pdf,jds\ARTS\ARTS_senior.txt,AGRICULTURE,0.0397,0.05,-1,12.0,0.2800925374031067,0.2768,0
resumes/data\AGRICULTURE\62994611.pdf,jds\PUBLIC-RELATIONS\PUBLIC-RELATIONS_senior.txt,AGRICULTURE,0.0525,0.0,0,5.0,0.3080848455429077,0.3002,0
resumes/data\AGRICULTURE\62994611.pdf,jds\PUBLIC-RELATIONS\PUBLIC-RELATIONS_entry.txt,AGRICULTURE,0.0518,0.05,1,3.0,0.3337391912937164,0.3684,0
resumes/data\AGRICULTURE\62994611.pdf,jds\PUBLIC-RELATIONS\PUBLIC-RELATIONS_mid.txt,AGRICULTURE,0.0496,0.05,0,5.0,0.3409583270549774,0.3494,0
resumes/data\AGRICULTURE\69336473.pdf,jds\CONSTRUCTION\CONSTRUCTION_entry.txt,AGRICULTURE,0.0354,0.1,1,15.0,0.3791981935501098,0.119,0
resumes/data\AGRICULTURE\69336473.pdf,jds\CONSTRUCTION\CONSTRUCTION_senior.txt,AGRICULTURE,0.0483,0.2,0,17.0,0.3515107035636902,0.0757,0
resumes/data\AGRICULTURE\69336473.pdf,jds\CONSTRUCTION\CONSTRUCTION_mid.txt,AGRICULTURE,0.0624,0.1,0,17.0,0.3346370756626129,0.1381,0
resumes/data\AGRICULTURE\69360287.pdf,jds\APPAREL\APPAREL_senior.txt,AGRICULTURE,0.0463,0.05,0,27.0,0.2936818599700928,0.3493,0
resumes/data\AGRICULTURE\69360287.pdf,jds\APPAREL\APPAREL_entry.txt,AGRICULTURE,0.0207,0.0,1,25.0,0.309638112783432,0.3186,0
resumes/data\AGRICULTURE\69360287.pdf,jds\APPAREL\APPAREL_mid.txt,AGRICULTURE,0.0475,0.0,0,27.0,0.3632758855819702,0.3425,0
resumes/data\AGRICULTURE\69859102.pdf,jds\BPO\BPO_entry.txt,AGRICULTURE,0.1687,0.15,-1,6.0,0.3926446437835693,0.4284,0
resumes/data\AGRICULTURE\79536879.pdf,jds\BUSINESS-DEVELOPMENT\BUSINESS-DEVELOPMENT_entry.txt,AGRICULTURE,0.0696,0.3,0,3.0,0.3193281888961792,0.4047,0
resumes/data\AGRICULTURE\79536879.pdf,jds\BUSINESS-DEVELOPMENT\BUSINESS-DEVELOPMENT_senior.txt,AGRICULTURE,0.0638,0.3,-1,5.0,0.2782931923866272,0.3442,0
resumes/data\AGRICULTURE\79536879.pdf,jds\BUSINESS-DEVELOPMENT\BUSINESS-DEVELOPMENT_mid.txt,AGRICULTURE,0.0537,0.15,-1,-3.0,0.3079052269458771,0.3447,0
resumes/data\AGRICULTURE\81042872.pdf,jds\AVIATION\AVIATION_entry.txt,AGRICULTURE,0.0251,0.0,0,11.0,0.3395690321922302,0.1293,0
resumes/data\AGRICULTURE\81042872.pdf,jds\AVIATION\AVIATION_senior.txt,AGRICULTURE,0.0239,0.1,0,13.0,0.3789399266242981,0.1632,0
resumes/data\AGRICULTURE\81042872.pdf,jds\AVIATION\AVIATION_mid.txt,AGRICULTURE,0.0295,0.0,0,5.0,0.3457176089286804,0.1628,0
resumes/data\AGRICULTURE\84512719.pdf,jds\ACCOUNTANT\ACCOUNTANT_mid.txt,AGRICULTURE,0.0837,0.0,-3,11.0,0.3568909764289856,0.3271,0
resumes/data\AGRICULTURE\84512719.pdf,jds\ACCOUNTANT\ACCOUNTANT_entry.txt,AGRICULTURE,0.0527,0.0,-3,9.0,0.4034767746925354,0.3821,0
resumes/data\AGRICULTURE\89740812.pdf,jds\ACCOUNTANT\ACCOUNTANT_entry.txt,AGRICULTURE,0.03,0.05,0,11.0,0.3509047627449035,0.3718,0
resumes/data\AGRICULTURE\89740812.pdf,jds\ACCOUNTANT\ACCOUNTANT_mid.txt,AGRICULTURE,0.0535,0.15,0,13.0,0.3438758254051208,0.3954,0
resumes/data\APPAREL\10182582.pdf,jds\AVIATION\AVIATION_senior.txt,APPAREL,0.0205,0.05,0,14.0,0.3154157698154449,0.3233,0
resumes/data\APPAREL\10182582.pdf,jds\AVIATION\AVIATION_mid.txt,APPAREL,0.0592,0.05,0,6.0,0.3396481573581695,0.3184,0
resumes/data\APPAREL\10182582.pdf,jds\AVIATION\AVIATION_entry.txt,APPAREL,0.0469,0.05,0,12.0,0.315059095621109,0.1729,0
resumes/data\APPAREL\10562768.pdf,jds\AGRICULTURE\AGRICULTURE_mid.txt,APPAREL,0.0686,0.05,-1,3.0,0.2747489213943481,0.3336,0
resumes/data\APPAREL\10562768.pdf,jds\AGRICULTURE\AGRICULTURE_senior.txt,APPAREL,0.0691,0.25,-2,10.0,0.3313428461551666,0.3762,0
resumes/data\APPAREL\10562768.pdf,jds\AGRICULTURE\AGRICULTURE_entry.txt,APPAREL,0.0612,0.1,0,10.0,0.2603744864463806,0.2984,0
resumes/data\APPAREL\10738095.pdf,jds\HR\HR_senior.txt,APPAREL,0.0384,0.05,-3,0.0,0.3561871647834778,0.2849,0
resumes/data\APPAREL\10738095.pdf,jds\HR\HR_entry.txt,APPAREL,0.0364,0.0,-3,0.0,0.4491807818412781,0.3826,0
resumes/data\APPAREL\10738095.pdf,jds\HR\HR_mid.txt,APPAREL,0.0559,0.25,-3,0.0,0.3815869092941284,0.3606,0
resumes/data\APPAREL\10876132.pdf,jds\HR\HR_entry.txt,APPAREL,0.0418,0.0,-1,4.0,0.3645205497741699,0.2693,0
resumes/data\APPAREL\10876132.pdf,jds\HR\HR_senior.txt,APPAREL,0.0338,0.0,-1,4.0,0.3373229801654815,0.2156,0
resumes/data\APPAREL\10876132.pdf,jds\HR\HR_mid.txt,APPAREL,0.0408,0.15,-1,4.0,0.3639158010482788,0.235,0
resumes/data\APPAREL\11232471.pdf,jds\FITNESS\FITNESS_senior.txt,APPAREL,0.0298,0.05,-1,21.0,0.2994454503059387,0.2613,0
resumes/data\APPAREL\11232471.pdf,jds\FITNESS\FITNESS_entry.txt,APPAREL,0.0589,0.05,2,19.0,0.2804921567440033,0.2602,0
resumes/data\APPAREL\11232471.pdf,jds\FITNESS\FITNESS_mid.txt,APPAREL,0.0403,0.05,1,14.0,0.2753134369850158,0.2547,0
resumes/data\APPAREL\11409460.pdf,jds\HEALTHCARE\HEALTHCARE_mid.txt,APPAREL,0.0588,0.2,-1,15.0,0.2527526617050171,0.2723,0
resumes/data\APPAREL\11409460.pdf,jds\HEALTHCARE\HEALTHCARE_senior.txt,APPAREL,0.0327,0.1,-1,15.0,0.3248393535614013,0.2712,0
resumes/data\APPAREL\11409460.pdf,jds\HEALTHCARE\HEALTHCARE_entry.txt,APPAREL,0.0488,0.0,0,13.0,0.2877667248249054,0.3092,0
resumes/data\APPAREL\11677077.pdf,jds\HEALTHCARE\HEALTHCARE_senior.txt,APPAREL,0.0119,0.0,-2,12.0,0.368552565574646,0.2318,0
resumes/data\APPAREL\11677077.pdf,jds\HEALTHCARE\HEALTHCARE_mid.txt,APPAREL,0.0232,0.1,-2,12.0,0.343342125415802,0.2556,0
resumes/data\APPAREL\11677077.pdf,jds\HEALTHCARE\HEALTHCARE_entry.txt,APPAREL,0.0339,0.05,-1,10.0,0.4535499215126037,0.3578,0
resumes/data\APPAREL\12059610.pdf,jds\AGRICULTURE\AGRICULTURE_mid.txt,APPAREL,0.0921,0.15,-1,-7.0,0.3409518301486969,0.1143,0
resumes/data\APPAREL\12059610.pdf,jds\AGRICULTURE\AGRICULTURE_entry.txt,APPAREL,0.038,0.05,0,0.0,0.2552348375320434,0.0488,0
resumes/data\APPAREL\12059610.pdf,jds\AGRICULTURE\AGRICULTURE_senior.txt,APPAREL,0.0446,0.1,-2,0.0,0.3237753212451935,0.095,0
resumes/data\APPAREL\12122372.pdf,jds\AVIATION\AVIATION_mid.txt,APPAREL,0.0533,0.05,0,-8.0,0.3373117446899414,0.2929,0
resumes/data\APPAREL\12122372.pdf,jds\AVIATION\AVIATION_senior.txt,APPAREL,0.0357,0.05,0,0.0,0.3804301023483276,0.3227,0
resumes/data\APPAREL\12122372.pdf,jds\AVIATION\AVIATION_entry.txt,APPAREL,0.0367,0.0,0,-2.0,0.3403629064559936,0.2347,0
resumes/data\APPAREL\12668625.pdf,jds\SALES\SALES_senior.txt,APPAREL,0.0888,0.1,-2,23.0,0.3768117725849151,0.3043,0
resumes/data\APPAREL\12668625.pdf,jds\SALES\SALES_mid.txt,APPAREL,0.0874,0.1,-2,23.0,0.3569037318229675,0.3024,0
resumes/data\APPAREL\12860543.pdf,jds\APPAREL\APPAREL_senior.txt,APPAREL,0.2082,0.35,-1,12.0,0.5703551173210144,0.5676,1
resumes/data\APPAREL\12860543.pdf,jds\AUTOMOBILE\AUTOMOBILE_senior.txt,APPAREL,0.0904,0.2,-1,12.0,0.3780180215835571,0.3022,0
resumes/data\APPAREL\12860543.pdf,jds\AUTOMOBILE\AUTOMOBILE_entry.txt,APPAREL,0.0348,0.15,0,10.0,0.3051043748855591,0.2303,0
resumes/data\APPAREL\12860543.pdf,jds\AUTOMOBILE\AUTOMOBILE_mid.txt,APPAREL,0.0561,0.15,0,4.0,0.3050659894943237,0.2141,0
resumes/data\APPAREL\13386301.pdf,jds\FITNESS\FITNESS_entry.txt,APPAREL,0.0864,0.1,1,11.0,0.3104590475559234,0.2873,0
resumes/data\APPAREL\13386301.pdf,jds\FITNESS\FITNESS_mid.txt,APPAREL,0.0992,0.15,0,6.0,0.3036485314369201,0.3103,0
resumes/data\APPAREL\13386301.pdf,jds\FITNESS\FITNESS_senior.txt,APPAREL,0.06,0.05,-2,13.0,0.350374698638916,0.3075,0
resumes/data\APPAREL\13418452.pdf,jds\FITNESS\FITNESS_mid.txt,APPAREL,0.0479,0.15,-1,-2.0,0.2661886811256408,0.288,0
resumes/data\APPAREL\13418452.pdf,jds\FITNESS\FITNESS_senior.txt,APPAREL,0.046,0.1,-3,5.0,0.2086469829082489,0.2403,0
resumes/data\APPAREL\13418452.pdf,jds\FITNESS\FITNESS_entry.txt,APPAREL,0.0387,0.1,0,3.0,0.3396488428115845,0.3482,0
resumes/data\APPAREL\13764840.pdf,jds\APPAREL\APPAREL_senior.txt,APPAREL,0.146,0.3,-1,11.0,0.6572856903076172,0.7172,1
resumes/data\APPAREL\13764840.pdf,jds\CONSULTANT\CONSULTANT_senior.txt,APPAREL,0.0951,0.2,-1,11.0,0.3062410056591034,0.322,0
resumes/data\APPAREL\13764840.pdf,jds\CONSULTANT\CONSULTANT_entry.txt,APPAREL,0.072,0.2,-1,11.0,0.3588297963142395,0.3453,0
resumes/data\APPAREL\13807808.pdf,jds\DIGITAL-MEDIA\DIGITAL-MEDIA_entry.txt,APPAREL,0.0375,0.05,0,5.0,0.4303061664104461,0.3585,0
resumes/data\APPAREL\13807808.pdf,jds\DIGITAL-MEDIA\DIGITAL-MEDIA_mid.txt,APPAREL,0.0482,0.05,-1,7.0,0.4035943150520324,0.3688,0
resumes/data\APPAREL\13807808.pdf,jds\DIGITAL-MEDIA\DIGITAL-MEDIA_senior.txt,APPAREL,0.0493,0.05,-1,7.0,0.3609898686408996,0.3797,0
resumes/data\APPAREL\13858219.pdf,jds\AGRICULTURE\AGRICULTURE_entry.txt,APPAREL,0.0259,0.0,0,18.0,0.2558745145797729,0.146,0
resumes/data\APPAREL\13858219.pdf,jds\AGRICULTURE\AGRICULTURE_senior.txt,APPAREL,0.046,0.05,-2,18.0,0.3031248450279236,0.1991,0
resumes/data\APPAREL\13858219.pdf,jds\AGRICULTURE\AGRICULTURE_mid.txt,APPAREL,0.0365,0.0,-1,11.0,0.2488051950931549,0.1924,0
resumes/data\APPAREL\14304010.pdf,jds\AUTOMOBILE\AUTOMOBILE_senior.txt,APPAREL,0.0441,0.15,-1,34.0,0.3243374824523926,0.2418,0
resumes/data\APPAREL\14304010.pdf,jds\AUTOMOBILE\AUTOMOBILE_mid.txt,APPAREL,0.0593,0.1,0,26.0,0.3008186221122741,0.2056,0
resumes/data\APPAREL\14304010.pdf,jds\AUTOMOBILE\AUTOMOBILE_entry.txt,APPAREL,0.0317,0.05,0,32.0,0.2764131724834442,0.1541,0
resumes/data\APPAREL\14413257.pdf,jds\INFORMATION-TECHNOLOGY\INFORMATION-TECHNOLOGY_entry.txt,APPAREL,0.0411,0.1,0,14.0,0.5053635835647583,0.3796,0
resumes/data\APPAREL\14413257.pdf,jds\INFORMATION-TECHNOLOGY\INFORMATION-TECHNOLOGY_mid.txt,APPAREL,0.0657,0.05,-1,16.0,0.5018002986907959,0.3759,0
resumes/data\APPAREL\14413257.pdf,jds\INFORMATION-TECHNOLOGY\INFORMATION-TECHNOLOGY_senior.txt,APPAREL,0.0198,0.1,-1,16.0,0.4236932694911957,0.3727,0
resumes/data\APPAREL\14698557.pdf,jds\FINANCE\FINANCE_mid.txt,APPAREL,0.0509,0.05,-1,0.0,0.325938880443573,0.2722,0
resumes/data\APPAREL\14698557.pdf,jds\FINANCE\FINANCE_senior.txt,APPAREL,0.0379,0.05,-1,0.0,0.257964551448822,0.2614,0
resumes/data\APPAREL\14698557.pdf,jds\FINANCE\FINANCE_entry.txt,APPAREL,0.0244,0.0,-1,-2.0,0.3390585780143738,0.2236,0
resumes/data\APPAREL\14937492.pdf,jds\CONSTRUCTION\CONSTRUCTION_mid.txt,APPAREL,0.0764,0.2,-1,0.0,0.3072488903999328,0.3504,0
resumes/data\APPAREL\14937492.pdf,jds\CONSTRUCTION\CONSTRUCTION_entry.txt,APPAREL,0.0543,0.25,0,-2.0,0.3505162298679352,0.2372,0
resumes/data\APPAREL\15154822.pdf,jds\APPAREL\APPAREL_entry.txt,APPAREL,0.3325,0.35,0,13.0,0.5404888391494751,0.646,1
resumes/data\APPAREL\15154822.pdf,jds\APPAREL\APPAREL_senior.txt,APPAREL,0.2258,0.55,-1,15.0,0.6112683415412903,0.6945,1
resumes/data\APPAREL\15154822.pdf,jds\AUTOMOBILE\AUTOMOBILE_senior.txt,APPAREL,0.0715,0.25,-1,15.0,0.2937864363193512,0.311,0
resumes/data\APPAREL\15154822.pdf,jds\AUTOMOBILE\AUTOMOBILE_entry.txt,APPAREL,0.0407,0.05,0,13.0,0.3070530295372009,0.2474,0
resumes/data\APPAREL\15154822.pdf,jds\AUTOMOBILE\AUTOMOBILE_mid.txt,APPAREL,0.0606,0.05,0,7.0,0.2961012721061706,0.2693,0
resumes/data\APPAREL\15479281.pdf,jds\HEALTHCARE\HEALTHCARE_entry.txt,APPAREL,0.0203,0.05,0,23.0,0.2445409893989563,0.2804,0
resumes/data\APPAREL\15479281.pdf,jds\HEALTHCARE\HEALTHCARE_senior.txt,APPAREL,0.0208,0.05,-1,25.0,0.2408645749092102,0.2653,0
resumes/data\APPAREL\15479281.pdf,jds\HEALTHCARE\HEALTHCARE_mid.txt,APPAREL,0.0451,0.2,-1,25.0,0.2066266536712646,0.2414,0
resumes/data\APPAREL\15535408.pdf,jds\INFORMATION-TECHNOLOGY\INFORMATION-TECHNOLOGY_mid.txt,APPAREL,0.0501,0.1,-2,4.0,0.3406221270561218,0.2353,0
resumes/data\APPAREL\15535408.pdf,jds\INFORMATION-TECHNOLOGY\INFORMATION-TECHNOLOGY_entry.txt,APPAREL,0.0422,0.05,-1,2.0,0.3609206080436706,0.2486,0
resumes/data\APPAREL\15535408.pdf,jds\INFORMATION-TECHNOLOGY\INFORMATION-TECHNOLOGY_senior.txt,APPAREL,0.0281,0.1,-2,4.0,0.2846452593803406,0.249,0
resumes/data\APPAREL\15746146.pdf,jds\APPAREL\APPAREL_mid.txt,APPAREL,0.2779,0.45,-1,19.0,0.6524825096130371,0.5686,1
resumes/data\APPAREL\15746146.pdf,jds\APPAREL\APPAREL_senior.txt,APPAREL,0.225,0.6,-1,19.0,0.5946245789527893,0.6774,1
resumes/data\APPAREL\15746146.pdf,jds\PUBLIC-RELATIONS\PUBLIC-RELATIONS_entry.txt,APPAREL,0.0547,0.15,0,17.0,0.3430733978748321,0.3051,0
resumes/data\APPAREL\15746146.pdf,jds\PUBLIC-RELATIONS\PUBLIC-RELATIONS_mid.txt,APPAREL,0.0378,0.15,-1,19.0,0.328596830368042,0.291,0
resumes/data\APPAREL\15746146.pdf,jds\PUBLIC-RELATIONS\PUBLIC-RELATIONS_senior.txt,APPAREL,0.048,0.15,-1,19.0,0.3692317903041839,0.3191,0
resumes/data\APPAREL\16391949.pdf,jds\SALES\SALES_senior.txt,APPAREL,0.1004,0.3,-2,0.0,0.3953016400337219,0.3056,0
resumes/data\APPAREL\16391949.pdf,jds\SALES\SALES_mid.txt,APPAREL,0.0913,0.15,-2,0.0,0.4311554431915283,0.2867,0
resumes/data\APPAREL\16500168.pdf,jds\BANKING\BANKING_mid.txt,APPAREL,0.0337,0.2,-1,0.0,0.3553211390972137,0.3803,0
resumes/data\APPAREL\16500168.pdf,jds\BANKING\BANKING_senior.txt,APPAREL,0.0298,0.2,-1,0.0,0.3767510652542114,0.3785,0
resumes/data\APPAREL\16500168.pdf,jds\BANKING\BANKING_entry.txt,APPAREL,0.0383,0.2,0,-2.0,0.3238716721534729,0.3215,0
resumes/data\APPAREL\16605640.pdf,jds\DIGITAL-MEDIA\DIGITAL-MEDIA_entry.txt,APPAREL,0.0387,0.0,1,11.0,0.3412032723426819,0.2968,0
resumes/data\APPAREL\16605640.pdf,jds\DIGITAL-MEDIA\DIGITAL-MEDIA_senior.txt,APPAREL,0.021,0.0,0,13.0,0.3388588726520538,0.3023,0
resumes/data\APPAREL\16605640.pdf,jds\DIGITAL-MEDIA\DIGITAL-MEDIA_mid.txt,APPAREL,0.0184,0.05,0,13.0,0.3719253242015838,0.3353,0
resumes/data\APPAREL\16723524.pdf,jds\APPAREL\APPAREL_mid.txt,APPAREL,0.1937,0.35,-1,5.0,0.5467438697814941,0.6658,1
resumes/data\APPAREL\16723524.pdf,jds\PUBLIC-RELATIONS\PUBLIC-RELATIONS_senior.txt,APPAREL,0.0335,0.0,-1,5.0,0.3289288282394409,0.4022,0
resumes/data\APPAREL\16723524.pdf,jds\PUBLIC-RELATIONS\PUBLIC-RELATIONS_mid.txt,APPAREL,0.0451,0.1,-1,5.0,0.3320635259151459,0.4084,0
resumes/data\APPAREL\16723524.pdf,jds\PUBLIC-RELATIONS\PUBLIC-RELATIONS_entry.txt,APPAREL,0.0337,0.0,0,3.0,0.320059984922409,0.4353,0
resumes/data\APPAREL\16915389.pdf,jds\AVIATION\AVIATION_senior.txt,APPAREL,0.0533,0.1,0,21.0,0.1898869276046753,0.2028,0
resumes/data\APPAREL\16915389.pdf,jds\AVIATION\AVIATION_entry.txt,APPAREL,0.0613,0.15,0,19.0,0.2874943614006042,0.211,0
resumes/data\APPAREL\16915389.pdf,jds\AVIATION\AVIATION_mid.txt,APPAREL,0.0676,0.1,0,13.0,0.220836192369461,0.2599,0
resumes/data\APPAREL\16985289.pdf,jds\HR\HR_entry.txt,APPAREL,0.0305,0.05,0,10.0,0.3161197304725647,0.3458,0
resumes/data\APPAREL\16985289.pdf,jds\HR\HR_senior.txt,APPAREL,0.0459,0.05,0,10.0,0.2922093570232391,0.3535,0
resumes/data\APPAREL\17659053.pdf,jds\FITNESS\FITNESS_mid.txt,APPAREL,0.0495,0.1,1,71.0,0.3093291819095611,0.3532,0
resumes/data\APPAREL\17659053.pdf,jds\FITNESS\FITNESS_entry.txt,APPAREL,0.0449,0.1,2,76.0,0.3576651811599731,0.3961,0
resumes/data\APPAREL\17659053.pdf,jds\FITNESS\FITNESS_senior.txt,APPAREL,0.0381,0.05,-1,78.0,0.2876325845718384,0.2836,0
resumes/data\APPAREL\17714174.pdf,jds\CONSTRUCTION\CONSTRUCTION_senior.txt,APPAREL,0.0623,0.15,0,0.0,0.3601575195789337,0.2901,0
resumes/data\APPAREL\17714174.pdf,jds\CONSTRUCTION\CONSTRUCTION_mid.txt,APPAREL,0.0595,0.25,0,0.0,0.3712926506996155,0.2839,0
resumes/data\APPAREL\17714174.pdf,jds\CONSTRUCTION\CONSTRUCTION_entry.txt,APPAREL,0.0395,0.05,1,-2.0,0.2733207941055298,0.2206,0
resumes/data\APPAREL\18509268.pdf,jds\ADVOCATE\ADVOCATE_entry.txt,APPAREL,0.0447,0.05,-1,10.0,0.294890284538269,0.2164,0
resumes/data\APPAREL\18509268.pdf,jds\ADVOCATE\ADVOCATE_senior.txt,APPAREL,0.0484,0.15,-1,12.0,0.2788403928279876,0.1739,0
resumes/data\APPAREL\18509268.pdf,jds\ADVOCATE\ADVOCATE_mid.txt,APPAREL,0.0433,0.15,-1,12.0,0.2674106657505035,0.2131,0
resumes/data\APPAREL\19070271.pdf,jds\AGRICULTURE\AGRICULTURE_mid.txt,APPAREL,0.0353,0.05,-1,0.0,0.326242446899414,0.2914,0
resumes/data\APPAREL\19070271.pdf,jds\AGRICULTURE\AGRICULTURE_senior.txt,APPAREL,0.0487,0.1,-2,7.0,0.3170468211174011,0.3103,0
resumes/data\APPAREL\19070271.pdf,jds\AGRICULTURE\AGRICULTURE_entry.txt,APPAREL,0.032,0.0,0,7.0,0.2923486828804016,0.2216,0
resumes/data\APPAREL\19402977.pdf,jds\HEALTHCARE\HEALTHCARE_senior.txt,APPAREL,0.022,0.0,-1,14.0,0.283629298210144,0.2916,0
resumes/data\APPAREL\19402977.pdf,jds\HEALTHCARE\HEALTHCARE_mid.txt,APPAREL,0.065,0.15,-1,14.0,0.3526737093925476,0.2603,0
resumes/data\APPAREL\19402977.pdf,jds\HEALTHCARE\HEALTHCARE_entry.txt,APPAREL,0.0324,0.05,0,12.0,0.3685015738010406,0.2975,0
resumes/data\APPAREL\19714635.pdf,jds\CHEF\CHEF_entry.txt,APPAREL,0.0291,0.0,1,31.0,0.2947837114334106,0.2467,0
resumes/data\APPAREL\19714635.pdf,jds\CHEF\CHEF_mid.txt,APPAREL,0.0445,0.15,1,31.0,0.3350600004196167,0.3452,0
resumes/data\APPAREL\20504094.pdf,jds\FINANCE\FINANCE_entry.txt,APPAREL,0.0573,0.15,0,1.0,0.2509831488132477,0.2719,0
resumes/data\APPAREL\20504094.pdf,jds\FINANCE\FINANCE_mid.txt,APPAREL,0.0528,0.05,0,3.0,0.2784810662269592,0.2687,0
resumes/data\APPAREL\20504094.pdf,jds\FINANCE\FINANCE_senior.txt,APPAREL,0.0576,0.2,0,3.0,0.2528354525566101,0.2638,0
resumes/data\APPAREL\20905088.pdf,jds\HR\HR_entry.txt,APPAREL,0.0563,0.0,0,1.0,0.3905890583992004,0.392,0
resumes/data\APPAREL\21007083.pdf,jds\BUSINESS-DEVELOPMENT\BUSINESS-DEVELOPMENT_mid.txt,APPAREL,0.0493,0.0,-2,5.0,0.2553524672985077,0.2707,0
resumes/data\APPAREL\21007083.pdf,jds\BUSINESS-DEVELOPMENT\BUSINESS-DEVELOPMENT_entry.txt,APPAREL,0.0362,0.0,-1,11.0,0.2480621039867401,0.2804,0
resumes/data\APPAREL\21007083.pdf,jds\BUSINESS-DEVELOPMENT\BUSINESS-DEVELOPMENT_senior.txt,APPAREL,0.041,0.05,-2,13.0,0.2201856970787048,0.2455,0
resumes/data\APPAREL\21570485.pdf,jds\BPO\BPO_entry.txt,APPAREL,0.0726,0.05,0,11.0,0.4656029939651489,0.4312,0
resumes/data\APPAREL\21807211.pdf,jds\CHEF\CHEF_mid.txt,APPAREL,0.0456,0.05,0,9.0,0.3281406462192535,0.2868,0
resumes/data\APPAREL\21807211.pdf,jds\CHEF\CHEF_senior.txt,APPAREL,0.0379,0.05,0,9.0,0.3296267986297607,0.2593,0
resumes/data\APPAREL\21807211.pdf,jds\CHEF\CHEF_entry.txt,APPAREL,0.0541,0.05,0,9.0,0.2977109849452972,0.2056,0
resumes/data\APPAREL\22249155.pdf,jds\ACCOUNTANT\ACCOUNTANT_mid.txt,APPAREL,0.0309,0.05,-2,12.0,0.3511143326759338,0.2878,0
resumes/data\APPAREL\22249155.pdf,jds\ACCOUNTANT\ACCOUNTANT_senior.txt,APPAREL,0.0271,0.0,-2,12.0,0.304320752620697,0.2453,0
resumes/data\APPAREL\22249155.pdf,jds\ACCOUNTANT\ACCOUNTANT_entry.txt,APPAREL,0.0236,0.0,-2,10.0,0.3744025230407715,0.3102,0
resumes/data\APPAREL\22852364.pdf,jds\AVIATION\AVIATION_mid.txt,APPAREL,0.0554,0.05,1,6.0,0.4194517731666565,0.3434,0
resumes/data\APPAREL\22852364.pdf,jds\AVIATION\AVIATION_entry.txt,APPAREL,0.0343,0.05,1,12.0,0.3479189574718475,0.2855,0
resumes/data\APPAREL\23190306.pdf,jds\AGRICULTURE\AGRICULTURE_mid.txt,APPAREL,0.1028,0.05,-2,7.0,0.2489241063594818,0.1958,0
resumes/data\APPAREL\23190306.pdf,jds\AGRICULTURE\AGRICULTURE_entry.txt,APPAREL,0.0561,0.05,-1,14.0,0.2843429446220398,0.1154,0
resumes/data\APPAREL\23190306.pdf,jds\AGRICULTURE\AGRICULTURE_senior.txt,APPAREL,0.0884,0.2,-3,14.0,0.3187813758850097,0.2172,0
resumes/data\APPAREL\23719943.pdf,jds\APPAREL\APPAREL_mid.txt,APPAREL,0.3387,0.6,-1,14.0,0.5882304906845093,0.6874,1
resumes/data\APPAREL\23719943.pdf,jds\APPAREL\APPAREL_senior.txt,APPAREL,0.2043,0.6,-1,14.0,0.5680333971977234,0.6369,1
resumes/data\APPAREL\23719943.pdf,jds\ACCOUNTANT\ACCOUNTANT_mid.txt,APPAREL,0.0533,0.05,-1,14.0,0.2818239331245422,0.288,0
resumes/data\APPAREL\23719943.pdf,jds\ACCOUNTANT\ACCOUNTANT_entry.txt,APPAREL,0.0494,0.05,-1,12.0,0.2648559212684631,0.3032,0
resumes/data\APPAREL\23719943.pdf,jds\ACCOUNTANT\ACCOUNTANT_senior.txt,APPAREL,0.0445,0.0,-1,14.0,0.3160257935523987,0.321,0
resumes/data\APPAREL\24516163.pdf,jds\PUBLIC-RELATIONS\PUBLIC-RELATIONS_mid.txt,APPAREL,0.06,0.15,-1,16.0,0.4443652033805847,0.3181,0
resumes/data\APPAREL\24516163.pdf,jds\PUBLIC-RELATIONS\PUBLIC-RELATIONS_senior.txt,APPAREL,0.0299,0.05,-1,16.0,0.4539747238159179,0.2565,0
resumes/data\APPAREL\24516163.pdf,jds\PUBLIC-RELATIONS\PUBLIC-RELATIONS_entry.txt,APPAREL,0.0381,0.1,0,14.0,0.3709844946861267,0.2431,0
resumes/data\APPAREL\24533931.pdf,jds\CONSTRUCTION\CONSTRUCTION_entry.txt,APPAREL,0.0332,0.05,-2,12.0,0.2710075974464416,0.2858,0
resumes/data\APPAREL\24533931.pdf,jds\CONSTRUCTION\CONSTRUCTION_mid.txt,APPAREL,0.0369,0.0,-3,14.0,0.2033649682998657,0.2098,0
resumes/data\APPAREL\24533931.pdf,jds\CONSTRUCTION\CONSTRUCTION_senior.txt,APPAREL,0.0491,0.05,-3,14.0,0.2322450280189514,0.2058,0
resumes/data\APPAREL\25142074.pdf,jds\AGRICULTURE\AGRICULTURE_mid.txt,APPAREL,0.0263,0.05,-1,-7.0,0.3179986774921417,0.1576,0
resumes/data\APPAREL\25142074.pdf,jds\AGRICULTURE\AGRICULTURE_entry.txt,APPAREL,0.0182,0.0,0,0.0,0.289027065038681,0.1206,0
resumes/data\APPAREL\25142074.pdf,jds\AGRICULTURE\AGRICULTURE_senior.txt,APPAREL,0.0248,0.05,-2,0.0,0.3769066333770752,0.1858,0
resumes/data\APPAREL\25543217.pdf,jds\FINANCE\FINANCE_senior.txt,APPAREL,0.064,0.15,-2,15.0,0.3526821732521057,0.298,0
resumes/data\APPAREL\25543217.pdf,jds\FINANCE\FINANCE_mid.txt,APPAREL,0.0583,0.05,-2,15.0,0.4477840662002563,0.3407,0
resumes/data\APPAREL\25543217.pdf,jds\FINANCE\FINANCE_entry.txt,APPAREL,0.0472,0.2,-2,13.0,0.3806741833686828,0.3207,0
resumes/data\APPAREL\26046878.pdf,jds\ENGINEERING\ENGINEERING_mid.txt,APPAREL,0.0241,0.0,-1,15.0,0.3326768577098846,0.316,0
resumes/data\APPAREL\26046878.pdf,jds\ENGINEERING\ENGINEERING_senior.txt,APPAREL,0.0285,0.15,-2,15.0,0.2768101990222931,0.2364,0
resumes/data\APPAREL\26046878.pdf,jds\ENGINEERING\ENGINEERING_entry.txt,APPAREL,0.0164,0.0,0,13.0,0.3173508942127228,0.2595,0
resumes/data\APPAREL\26098594.pdf,jds\CONSULTANT\CONSULTANT_entry.txt,APPAREL,0.06,0.2,-2,27.0,0.3515534698963165,0.3131,0
resumes/data\APPAREL\26098594.pdf,jds\CONSULTANT\CONSULTANT_senior.txt,APPAREL,0.0344,0.05,-2,27.0,0.3244151473045349,0.2534,0
resumes/data\APPAREL\26098594.pdf,jds\CONSULTANT\CONSULTANT_mid.txt,APPAREL,0.04,0.0,-2,27.0,0.3544503152370453,0.2903,0
resumes/data\APPAREL\26586477.pdf,jds\HR\HR_senior.txt,APPAREL,0.0415,0.2,-1,11.0,0.364839494228363,0.2725,0
resumes/data\APPAREL\26586477.pdf,jds\HR\HR_entry.txt,APPAREL,0.046,0.1,-1,11.0,0.3376860618591308,0.3222,0
resumes/data\APPAREL\26586477.pdf,jds\HR\HR_mid.txt,APPAREL,0.0457,0.05,-1,11.0,0.3382232785224914,0.3586,0
resumes/data\APPAREL\26691587.pdf,jds\DIGITAL-MEDIA\DIGITAL-MEDIA_senior.txt,APPAREL,0.0491,0.1,-2,8.0,0.3214142024517059,0.2827,0
resumes/data\APPAREL\26691587.pdf,jds\DIGITAL-MEDIA\DIGITAL-MEDIA_entry.txt,APPAREL,0.0458,0.1,-1,6.0,0.3576954007148742,0.3385,0
resumes/data\APPAREL\26691587.pdf,jds\DIGITAL-MEDIA\DIGITAL-MEDIA_mid.txt,APPAREL,0.043,0.0,-2,8.0,0.3483479022979736,0.2897,0
resumes/data\APPAREL\26829561.pdf,jds\AUTOMOBILE\AUTOMOBILE_entry.txt,APPAREL,0.0845,0.25,1,-2.0,0.4798226952552795,0.3088,0
resumes/data\APPAREL\26829561.pdf,jds\AUTOMOBILE\AUTOMOBILE_mid.txt,APPAREL,0.1126,0.2,1,-8.0,0.4051330685615539,0.2813,0
resumes/data\APPAREL\26829561.pdf,jds\AUTOMOBILE\AUTOMOBILE_senior.txt,APPAREL,0.0456,0.1,0,0.0,0.3837926387786865,0.264,0
resumes/data\APPAREL\27091280.pdf,jds\BANKING\BANKING_senior.txt,APPAREL,0.035,0.1,-1,20.0,0.3767741918563843,0.2682,0
resumes/data\APPAREL\27091280.pdf,jds\BANKING\BANKING_entry.txt,APPAREL,0.0482,0.2,0,18.0,0.3879934251308441,0.214,0
resumes/data\APPAREL\27091280.pdf,jds\BANKING\BANKING_mid.txt,APPAREL,0.0551,0.2,-1,20.0,0.3927934765815735,0.3439,0
resumes/data\APPAREL\27099856.pdf,jds\APPAREL\APPAREL_mid.txt,APPAREL,0.2943,0.4,-1,13.0,0.747451663017273,0.756,1
resumes/data\APPAREL\27099856.pdf,jds\BANKING\BANKING_senior.txt,APPAREL,0.0654,0.1,-1,13.0,0.3641688227653503,0.2773,0
resumes/data\APPAREL\27099856.pdf,jds\BANKING\BANKING_entry.txt,APPAREL,0.0543,0.25,0,11.0,0.3944672346115112,0.2449,0
resumes/data\APPAREL\27176039.pdf,jds\PUBLIC-RELATIONS\PUBLIC-RELATIONS_entry.txt,APPAREL,0.0587,0.05,0,18.0,0.2856871485710144,0.3137,0
resumes/data\APPAREL\27549075.pdf,jds\TEACHER\TEACHER_mid.txt,APPAREL,0.0385,0.1,-1,27.0,0.323647141456604,0.3381,0
resumes/data\APPAREL\27549075.pdf,jds\TEACHER\TEACHER_entry.txt,APPAREL,0.0248,0.05,0,27.0,0.2818303108215332,0.3729,0
resumes/data\APPAREL\27549075.pdf,jds\TEACHER\TEACHER_senior.txt,APPAREL,0.0287,0.05,-2,27.0,0.3630722761154175,0.3504,0
resumes/data\APPAREL\27694040.pdf,jds\APPAREL\APPAREL_mid.txt,APPAREL,0.2664,0.35,-1,21.0,0.5455591678619385,0.6421,1
resumes/data\APPAREL\27694040.pdf,jds\AGRICULTURE\AGRICULTURE_mid.txt,APPAREL,0.1011,0.1,-1,14.0,0.2488628774881363,0.2411,0
resumes/data\APPAREL\27694040.pdf,jds\AGRICULTURE\AGRICULTURE_senior.txt,APPAREL,0.0413,0.0,-2,21.0,0.279716432094574,0.2251,0
resumes/data\APPAREL\27694040.pdf,jds\AGRICULTURE\AGRICULTURE_entry.txt,APPAREL,0.0317,0.0,0,21.0,0.2631347477436065,0.1305,0
resumes/data\APPAREL\28998957.pdf,jds\CHEF\CHEF_senior.txt,APPAREL,0.0579,0.05,2,0.0,0.2917452752590179,0.3356,0
resumes/data\APPAREL\28998957.pdf,jds\CHEF\CHEF_entry.txt,APPAREL,0.0381,0.05,2,0.0,0.2859385311603546,0.2982,0
resumes/data\APPAREL\28998957.pdf,jds\CHEF\CHEF_mid.txt,APPAREL,0.0496,0.1,2,0.0,0.2762832641601562,0.3047,0
resumes/data\APPAREL\29028935.pdf,jds\HR\HR_senior.txt,APPAREL,0.0938,0.15,-1,11.0,0.5733587741851807,0.3295,0
resumes/data\APPAREL\29521434.pdf,jds\FITNESS\FITNESS_entry.txt,APPAREL,0.0498,0.05,-1,1.0,0.3408814966678619,0.2156,0
resumes/data\APPAREL\29521434.pdf,jds\FITNESS\FITNESS_senior.txt,APPAREL,0.0239,0.0,-4,3.0,0.3376384675502777,0.1845,0
resumes/data\APPAREL\29521434.pdf,jds\FITNESS\FITNESS_mid.txt,APPAREL,0.0348,0.0,-2,-4.0,0.3458875715732574,0.2116,0
resumes/data\APPAREL\29640922.pdf,jds\CONSTRUCTION\CONSTRUCTION_entry.txt,APPAREL,0.0307,0.1,-1,-2.0,0.2787466049194336,0.1798,0
resumes/data\APPAREL\29640922.pdf,jds\CONSTRUCTION\CONSTRUCTION_senior.txt,APPAREL,0.041,0.2,-2,0.0,0.3091801106929779,0.1894,0
resumes/data\APPAREL\29640922.pdf,jds\CONSTRUCTION\CONSTRUCTION_mid.txt,APPAREL,0.045,0.1,-2,0.0,0.3184214234352112,0.2082,0
resumes/data\APPAREL\29764492.pdf,jds\APPAREL\APPAREL_senior.txt,APPAREL,0.242,0.65,-1,10.0,0.6877123117446899,0.6777,1
resumes/data\APPAREL\29764492.pdf,jds\FITNESS\FITNESS_senior.txt,APPAREL,0.0313,0.1,-2,10.0,0.2694977521896362,0.3045,0
resumes/data\APPAREL\29764492.pdf,jds\FITNESS\FITNESS_entry.txt,APPAREL,0.0408,0.05,1,8.0,0.2651774287223816,0.3066,0
resumes/data\APPAREL\29764492.pdf,jds\FITNESS\FITNESS_mid.txt,APPAREL,0.0672,0.05,0,3.0,0.2557992339134216,0.3026,0
resumes/data\APPAREL\30344127.pdf,jds\PUBLIC-RELATIONS\PUBLIC-RELATIONS_entry.txt,APPAREL,0.0721,0.05,0,50.0,0.3271583914756775,0.4393,0
resumes/data\APPAREL\30344127.pdf,jds\PUBLIC-RELATIONS\PUBLIC-RELATIONS_mid.txt,APPAREL,0.059,0.1,-1,52.0,0.3226819038391113,0.4012,0
resumes/data\APPAREL\30430249.pdf,jds\SALES\SALES_mid.txt,APPAREL,0.0922,0.3,-2,0.0,0.3643793761730194,0.3293,0
resumes/data\APPAREL\31225895.pdf,jds\FITNESS\FITNESS_entry.txt,APPAREL,0.0812,0.05,0,14.0,0.355797678232193,0.2629,0
resumes/data\APPAREL\31225895.pdf,jds\FITNESS\FITNESS_mid.txt,APPAREL,0.0872,0.1,-1,9.0,0.3431509137153625,0.2224,0
resumes/data\APPAREL\31225895.pdf,jds\FITNESS\FITNESS_senior.txt,APPAREL,0.0587,0.1,-3,16.0,0.3456620573997497,0.175,0
resumes/data\APPAREL\33665485.pdf,jds\APPAREL\APPAREL_mid.txt,APPAREL,0.2248,0.5,-1,25.0,0.6090866327285767,0.5683,1
resumes/data\APPAREL\33665485.pdf,jds\HR\HR_entry.txt,APPAREL,0.0536,0.0,-1,25.0,0.4574148654937744,0.3599,0
resumes/data\APPAREL\35121930.pdf,jds\DIGITAL-MEDIA\DIGITAL-MEDIA_mid.txt,APPAREL,0.0458,0.05,0,0.0,0.2408335655927658,0.1809,0
resumes/data\APPAREL\35121930.pdf,jds\DIGITAL-MEDIA\DIGITAL-MEDIA_senior.txt,APPAREL,0.0229,0.05,0,0.0,0.2396807372570037,0.0624,0
resumes/data\APPAREL\35121930.pdf,jds\DIGITAL-MEDIA\DIGITAL-MEDIA_entry.txt,APPAREL,0.0428,0.05,1,-2.0,0.2469183355569839,0.2001,0
resumes/data\APPAREL\35571205.pdf,jds\CONSULTANT\CONSULTANT_senior.txt,APPAREL,0.0554,0.15,-2,0.0,0.3406214714050293,0.1115,0
resumes/data\APPAREL\35571205.pdf,jds\CONSULTANT\CONSULTANT_entry.txt,APPAREL,0.0538,0.1,-2,0.0,0.2731211483478546,0.1976,0
resumes/data\APPAREL\35571205.pdf,jds\CONSULTANT\CONSULTANT_mid.txt,APPAREL,0.0615,0.05,-2,0.0,0.3404082357883453,0.1713,0
resumes/data\APPAREL\35603950.pdf,jds\AGRICULTURE\AGRICULTURE_mid.txt,APPAREL,0.0823,0.1,-1,19.0,0.2880107164382934,0.2949,0
resumes/data\APPAREL\35603950.pdf,jds\AGRICULTURE\AGRICULTURE_entry.txt,APPAREL,0.046,0.0,0,26.0,0.2516307532787323,0.2027,0
resumes/data\APPAREL\35603950.pdf,jds\AGRICULTURE\AGRICULTURE_senior.txt,APPAREL,0.0902,0.05,-2,26.0,0.313616544008255,0.2359,0
resumes/data\APPAREL\35985133.pdf,jds\CONSTRUCTION\CONSTRUCTION_mid.txt,APPAREL,0.04,0.25,0,21.0,0.4360496699810028,0.298,0
resumes/data\APPAREL\35985133.pdf,jds\CONSTRUCTION\CONSTRUCTION_entry.txt,APPAREL,0.056,0.15,1,19.0,0.3758074641227722,0.2654,0
resumes/data\APPAREL\35985133.pdf,jds\CONSTRUCTION\CONSTRUCTION_senior.txt,APPAREL,0.0435,0.2,0,21.0,0.3926474153995514,0.3215,0
resumes/data\APPAREL\36094883.pdf,jds\AGRICULTURE\AGRICULTURE_senior.txt,APPAREL,0.0609,0.0,-1,38.0,0.3332605957984924,0.3658,0
resumes/data\APPAREL\36094883.pdf,jds\AGRICULTURE\AGRICULTURE_entry.txt,APPAREL,0.029,0.0,1,38.0,0.2846494913101196,0.2946,0
resumes/data\APPAREL\36094883.pdf,jds\AGRICULTURE\AGRICULTURE_mid.txt,APPAREL,0.0391,0.0,0,31.0,0.262608140707016,0.2802,0
resumes/data\APPAREL\36136569.pdf,jds\CONSTRUCTION\CONSTRUCTION_entry.txt,APPAREL,0.0855,0.1,0,16.0,0.3612106442451477,0.3685,0
resumes/data\APPAREL\41586420.pdf,jds\INFORMATION-TECHNOLOGY\INFORMATION-TECHNOLOGY_mid.txt,APPAREL,0.0536,0.05,-1,12.0,0.3383393287658691,0.2498,0
resumes/data\APPAREL\41586420.pdf,jds\INFORMATION-TECHNOLOGY\INFORMATION-TECHNOLOGY_senior.txt,APPAREL,0.0505,0.2,-1,12.0,0.2909671068191528,0.2439,0
resumes/data\APPAREL\41586420.pdf,jds\INFORMATION-TECHNOLOGY\INFORMATION-TECHNOLOGY_entry.txt,APPAREL,0.0791,0.1,0,10.0,0.3662320673465729,0.2409,0
resumes/data\APPAREL\46514339.pdf,jds\ACCOUNTANT\ACCOUNTANT_mid.txt,APPAREL,0.0898,0.15,-1,21.0,0.3435642719268799,0.2543,0
resumes/data\APPAREL\46514339.pdf,jds\ACCOUNTANT\ACCOUNTANT_senior.txt,APPAREL,0.0708,0.1,-1,21.0,0.3233784139156341,0.2762,0
resumes/data\APPAREL\46514339.pdf,jds\ACCOUNTANT\ACCOUNTANT_entry.txt,APPAREL,0.0606,0.1,-1,19.0,0.3207026720046997,0.3083,0
resumes/data\APPAREL\50324968.pdf,jds\BPO\BPO_senior.txt,APPAREL,0.0648,0.1,-1,12.0,0.417235791683197,0.3723,0
resumes/data\APPAREL\50324968.pdf,jds\BPO\BPO_entry.txt,APPAREL,0.1163,0.1,0,10.0,0.3593582212924957,0.3309,0
resumes/data\APPAREL\52252936.pdf,jds\BUSINESS-DEVELOPMENT\BUSINESS-DEVELOPMENT_entry.txt,APPAREL,0.0759,0.2,-1,2.0,0.4466670155525207,0.4395,0
resumes/data\APPAREL\52252936.pdf,jds\BUSINESS-DEVELOPMENT\BUSINESS-DEVELOPMENT_mid.txt,APPAREL,0.0904,0.1,-2,-4.0,0.407035231590271,0.4351,0
resumes/data\APPAREL\54308684.pdf,jds\CONSTRUCTION\CONSTRUCTION_entry.txt,APPAREL,0.05,0.15,0,11.0,0.3599098920822143,0.3608,0
resumes/data\APPAREL\56025640.pdf,jds\SALES\SALES_mid.txt,APPAREL,0.1606,0.2,-2,16.0,0.5804135799407959,0.2188,0
resumes/data\APPAREL\56151548.pdf,jds\BANKING\BANKING_entry.txt,APPAREL,0.0565,0.2,0,2.0,0.3852670192718506,0.2836,0
resumes/data\APPAREL\56151548.pdf,jds\BANKING\BANKING_senior.txt,APPAREL,0.0505,0.05,-1,4.0,0.3095787167549133,0.2554,0
resumes/data\APPAREL\56151548.pdf,jds\BANKING\BANKING_mid.txt,APPAREL,0.0781,0.05,-1,4.0,0.3070480525493622,0.2353,0
resumes/data\APPAREL\58208591.pdf,jds\ADVOCATE\ADVOCATE_mid.txt,APPAREL,0.0454,0.15,-1,14.0,0.3292687833309173,0.2872,0
resumes/data\APPAREL\58208591.pdf,jds\ADVOCATE\ADVOCATE_senior.txt,APPAREL,0.0376,0.1,-1,14.0,0.3587836027145386,0.348,0
resumes/data\APPAREL\58208591.pdf,jds\ADVOCATE\ADVOCATE_entry.txt,APPAREL,0.0392,0.1,-1,12.0,0.331448495388031,0.3655,0
resumes/data\APPAREL\70750649.pdf,jds\FITNESS\FITNESS_senior.txt,APPAREL,0.0719,0.2,-1,7.0,0.3379064798355102,0.3546,0
resumes/data\APPAREL\70750649.pdf,jds\FITNESS\FITNESS_mid.txt,APPAREL,0.038,0.15,1,0.0,0.2388915419578552,0.2214,0
resumes/data\APPAREL\70750649.pdf,jds\FITNESS\FITNESS_entry.txt,APPAREL,0.0212,0.05,2,5.0,0.2613552510738373,0.2008,0
resumes/data\APPAREL\71499299.pdf,jds\BUSINESS-DEVELOPMENT\BUSINESS-DEVELOPMENT_senior.txt,APPAREL,0.0586,0.1,-1,1.0,0.3653261661529541,0.3985,0
resumes/data\APPAREL\71499299.pdf,jds\BUSINESS-DEVELOPMENT\BUSINESS-DEVELOPMENT_entry.txt,APPAREL,0.0708,0.2,0,-1.0,0.3659672737121582,0.3598,0
resumes/data\APPAREL\71499299.pdf,jds\BUSINESS-DEVELOPMENT\BUSINESS-DEVELOPMENT_mid.txt,APPAREL,0.0815,0.2,-1,-7.0,0.3083744049072265,0.3442,0
resumes/data\APPAREL\71767359.pdf,jds\APPAREL\APPAREL_mid.txt,APPAREL,0.2232,0.35,-1,20.0,0.6124635338783264,0.7355,1
resumes/data\APPAREL\71767359.pdf,jds\APPAREL\APPAREL_senior.txt,APPAREL,0.1795,0.55,-1,20.0,0.5207818746566772,0.7012,1
resumes/data\APPAREL\71767359.pdf,jds\HEALTHCARE\HEALTHCARE_entry.txt,APPAREL,0.0408,0.1,0,18.0,0.2797939777374267,0.2399,0
resumes/data\APPAREL\71767359.pdf,jds\HEALTHCARE\HEALTHCARE_mid.txt,APPAREL,0.0595,0.25,-1,20.0,0.2856989502906799,0.2259,0
resumes/data\APPAREL\71767359.pdf,jds\HEALTHCARE\HEALTHCARE_senior.txt,APPAREL,0.0449,0.1,-1,20.0,0.3240184783935547,0.2357,0
resumes/data\APPAREL\72807293.pdf,jds\FITNESS\FITNESS_mid.txt,APPAREL,0.1107,0.3,0,-7.0,0.3973367214202881,0.2598,0
resumes/data\APPAREL\72807293.pdf,jds\FITNESS\FITNESS_senior.txt,APPAREL,0.0576,0.05,-2,0.0,0.3203805088996887,0.1963,0
resumes/data\APPAREL\72807293.pdf,jds\FITNESS\FITNESS_entry.txt,APPAREL,0.0823,0.1,1,-2.0,0.4219646453857422,0.2542,0
resumes/data\APPAREL\78273826.pdf,jds\APPAREL\APPAREL_mid.txt,APPAREL,0.2756,0.4,-1,7.0,0.5223798751831055,0.6892,1
resumes/data\APPAREL\78273826.pdf,jds\BANKING\BANKING_entry.txt,APPAREL,0.0317,0.05,0,5.0,0.1899885833263397,0.182,0
resumes/data\APPAREL\78273826.pdf,jds\BANKING\BANKING_senior.txt,APPAREL,0.047,0.05,-1,7.0,0.2597116231918335,0.2067,0
resumes/data\APPAREL\78273826.pdf,jds\BANKING\BANKING_mid.txt,APPAREL,0.0682,0.15,-1,7.0,0.256443589925766,0.2525,0
resumes/data\APPAREL\83566455.pdf,jds\ADVOCATE\ADVOCATE_senior.txt,APPAREL,0.0314,0.05,0,12.0,0.2439728826284408,0.2905,0
resumes/data\APPAREL\83566455.pdf,jds\ADVOCATE\ADVOCATE_mid.txt,APPAREL,0.0169,0.0,0,12.0,0.268269419670105,0.2701,0
resumes/data\APPAREL\83566455.pdf,jds\ADVOCATE\ADVOCATE_entry.txt,APPAREL,0.0262,0.1,0,10.0,0.2813726365566253,0.2986,0
resumes/data\APPAREL\91026230.pdf,jds\INFORMATION-TECHNOLOGY\INFORMATION-TECHNOLOGY_entry.txt,APPAREL,0.0403,0.0,1,10.0,0.2869877219200134,0.3315,0
resumes/data\APPAREL\91026230.pdf,jds\INFORMATION-TECHNOLOGY\INFORMATION-TECHNOLOGY_senior.txt,APPAREL,0.034,0.0,0,12.0,0.2492670714855194,0.3446,0
resumes/data\APPAREL\91026230.pdf,jds\INFORMATION-TECHNOLOGY\INFORMATION-TECHNOLOGY_mid.txt,APPAREL,0.0328,0.05,0,12.0,0.2884653806686401,0.3645,0
resumes/data\APPAREL\91533580.pdf,jds\AGRICULTURE\AGRICULTURE_entry.txt,APPAREL,0.039,0.0,0,22.0,0.3073832392692566,0.1763,0
resumes/data\APPAREL\91533580.pdf,jds\AGRICULTURE\AGRICULTURE_mid.txt,APPAREL,0.0774,0.1,-1,15.0,0.2737661600112915,0.259,0
resumes/data\APPAREL\91533580.pdf,jds\AGRICULTURE\AGRICULTURE_senior.txt,APPAREL,0.0589,0.15,-2,22.0,0.325688898563385,0.2059,0
resumes/data\APPAREL\99806115.pdf,jds\HR\HR_senior.txt,APPAREL,0.0415,0.0,-2,5.0,0.370410144329071,0.3569,0
resumes/data\ARTS\10830646.pdf,jds\BUSINESS-DEVELOPMENT\BUSINESS-DEVELOPMENT_mid.txt,ARTS,0.0576,0.1,0,22.0,0.3825528025627136,0.3455,0
resumes/data\ARTS\10830646.pdf,jds\BUSINESS-DEVELOPMENT\BUSINESS-DEVELOPMENT_senior.txt,ARTS,0.0551,0.2,0,30.0,0.3398709595203399,0.3683,0
resumes/data\ARTS\10830646.pdf,jds\BUSINESS-DEVELOPMENT\BUSINESS-DEVELOPMENT_entry.txt,ARTS,0.0399,0.15,1,28.0,0.422412633895874,0.4161,0
resumes/data\ARTS\11187796.pdf,jds\FITNESS\FITNESS_entry.txt,ARTS,0.0591,0.1,1,9.0,0.3583378195762634,0.3297,0
resumes/data\ARTS\11187796.pdf,jds\FITNESS\FITNESS_mid.txt,ARTS,0.067,0.05,0,4.0,0.3295746743679046,0.2904,0
resumes/data\ARTS\11187796.pdf,jds\FITNESS\FITNESS_senior.txt,ARTS,0.0562,0.15,-2,11.0,0.2610508799552917,0.2332,0
resumes/data\ARTS\11360471.pdf,jds\BUSINESS-DEVELOPMENT\BUSINESS-DEVELOPMENT_mid.txt,ARTS,0.0547,0.05,-2,6.0,0.3024575710296631,0.3212,0
resumes/data\ARTS\11360471.pdf,jds\BUSINESS-DEVELOPMENT\BUSINESS-DEVELOPMENT_entry.txt,ARTS,0.0448,0.0,-1,12.0,0.3686813414096832,0.3627,0
resumes/data\ARTS\11360471.pdf,jds\BUSINESS-DEVELOPMENT\BUSINESS-DEVELOPMENT_senior.txt,ARTS,0.0501,0.05,-2,14.0,0.3076292872428894,0.2962,0
resumes/data\ARTS\11555549.pdf,jds\BUSINESS-DEVELOPMENT\BUSINESS-DEVELOPMENT_entry.txt,ARTS,0.0088,0.0,0,9.0,0.2130770087242126,0.1469,0
resumes/data\ARTS\11555549.pdf,jds\BUSINESS-DEVELOPMENT\BUSINESS-DEVELOPMENT_mid.txt,ARTS,0.0143,0.0,-1,3.0,0.1967245787382125,0.1868,0
resumes/data\ARTS\11555549.pdf,jds\BUSINESS-DEVELOPMENT\BUSINESS-DEVELOPMENT_senior.txt,ARTS,0.0149,0.05,-1,11.0,0.1964932531118393,0.1424,0
resumes/data\ARTS\11995013.pdf,jds\CONSULTANT\CONSULTANT_entry.txt,ARTS,0.0605,0.15,-2,6.0,0.3340017795562744,0.3901,0
resumes/data\ARTS\11995013.pdf,jds\CONSULTANT\CONSULTANT_senior.txt,ARTS,0.0521,0.2,-2,6.0,0.2928757965564728,0.3516,0
resumes/data\ARTS\11995013.pdf,jds\CONSULTANT\CONSULTANT_mid.txt,ARTS,0.045,0.0,-2,6.0,0.2926714718341827,0.368,0
resumes/data\ARTS\12334650.pdf,jds\CONSTRUCTION\CONSTRUCTION_mid.txt,ARTS,0.0536,0.05,-1,16.0,0.2361061871051788,0.2093,0
resumes/data\ARTS\12334650.pdf,jds\CONSTRUCTION\CONSTRUCTION_entry.txt,ARTS,0.0241,0.0,0,14.0,0.2701281309127807,0.1767,0
resumes/data\ARTS\12334650.pdf,jds\CONSTRUCTION\CONSTRUCTION_senior.txt,ARTS,0.0589,0.05,-1,16.0,0.2164291143417358,0.1837,0
resumes/data\ARTS\12386670.pdf,jds\HEALTHCARE\HEALTHCARE_senior.txt,ARTS,0.025,0.1,-1,0.0,0.3151623010635376,0.148,0
resumes/data\ARTS\12386670.pdf,jds\HEALTHCARE\HEALTHCARE_entry.txt,ARTS,0.018,0.0,0,-2.0,0.320657730102539,0.2511,0
resumes/data\ARTS\12386670.pdf,jds\HEALTHCARE\HEALTHCARE_mid.txt,ARTS,0.0246,0.1,-1,0.0,0.2519731521606445,0.2063,0
resumes/data\ARTS\12413512.pdf,jds\ACCOUNTANT\ACCOUNTANT_mid.txt,ARTS,0.046,0.05,0,38.0,0.2834751009941101,0.2467,0
resumes/data\ARTS\12413512.pdf,jds\ACCOUNTANT\ACCOUNTANT_entry.txt,ARTS,0.0439,0.1,0,36.0,0.3046914041042328,0.2696,0
resumes/data\ARTS\12413512.pdf,jds\ACCOUNTANT\ACCOUNTANT_senior.txt,ARTS,0.0571,0.1,0,38.0,0.2964529991149902,0.2461,0
resumes/data\ARTS\12777487.pdf,jds\PUBLIC-RELATIONS\PUBLIC-RELATIONS_senior.txt,ARTS,0.0341,0.0,0,14.0,0.2691468298435211,0.2639,0
resumes/data\ARTS\12777487.pdf,jds\PUBLIC-RELATIONS\PUBLIC-RELATIONS_mid.txt,ARTS,0.0368,0.05,0,14.0,0.306832492351532,0.3483,0
resumes/data\ARTS\12777487.pdf,jds\PUBLIC-RELATIONS\PUBLIC-RELATIONS_entry.txt,ARTS,0.0196,0.0,1,12.0,0.332475483417511,0.331,0
resumes/data\ARTS\13272204.pdf,jds\CONSTRUCTION\CONSTRUCTION_entry.txt,ARTS,0.0748,0.15,0,7.0,0.372220516204834,0.2957,0
resumes/data\ARTS\13272204.pdf,jds\CONSTRUCTION\CONSTRUCTION_mid.txt,ARTS,0.0878,0.3,-1,9.0,0.4368692934513092,0.3449,0
resumes/data\ARTS\13272204.pdf,jds\CONSTRUCTION\CONSTRUCTION_senior.txt,ARTS,0.0662,0.2,-1,9.0,0.3446206152439117,0.3333,0
resumes/data\ARTS\14150896.pdf,jds\ADVOCATE\ADVOCATE_entry.txt,ARTS,0.0632,0.1,-1,1.0,0.3029754757881164,0.3929,0
resumes/data\ARTS\14150896.pdf,jds\ADVOCATE\ADVOCATE_mid.txt,ARTS,0.0297,0.1,-1,3.0,0.2528745830059051,0.3621,0
resumes/data\ARTS\14150896.pdf,jds\ADVOCATE\ADVOCATE_senior.txt,ARTS,0.0311,0.05,-1,3.0,0.3035707175731659,0.3996,0
resumes/data\ARTS\14248724.pdf,jds\AGRICULTURE\AGRICULTURE_entry.txt,ARTS,0.029,0.0,1,16.0,0.2646499574184418,0.2004,0
resumes/data\ARTS\14248724.pdf,jds\AGRICULTURE\AGRICULTURE_mid.txt,ARTS,0.0389,0.05,0,9.0,0.2104905545711517,0.1951,0
resumes/data\ARTS\14248724.pdf,jds\AGRICULTURE\AGRICULTURE_senior.txt,ARTS,0.0357,0.0,-1,16.0,0.2682247161865234,0.1929,0
resumes/data\ARTS\14879257.pdf,jds\INFORMATION-TECHNOLOGY\INFORMATION-TECHNOLOGY_senior.txt,ARTS,0.0284,0.0,-1,12.0,0.2845537662506103,0.197,0
resumes/data\ARTS\14879257.pdf,jds\INFORMATION-TECHNOLOGY\INFORMATION-TECHNOLOGY_entry.txt,ARTS,0.0418,0.0,0,10.0,0.319374144077301,0.1994,0
resumes/data\ARTS\14879257.pdf,jds\INFORMATION-TECHNOLOGY\INFORMATION-TECHNOLOGY_mid.txt,ARTS,0.0345,0.05,-1,12.0,0.3504317104816437,0.2523,0
resumes/data\ARTS\15265464.pdf,jds\CONSTRUCTION\CONSTRUCTION_mid.txt,ARTS,0.0336,0.1,-1,1.0,0.335218608379364,0.2091,0
resumes/data\ARTS\15265464.pdf,jds\CONSTRUCTION\CONSTRUCTION_entry.txt,ARTS,0.0263,0.1,0,-1.0,0.3614460229873657,0.1911,0
resumes/data\ARTS\15265464.pdf,jds\CONSTRUCTION\CONSTRUCTION_senior.txt,ARTS,0.037,0.15,-1,1.0,0.3423004150390625,0.2013,0
resumes/data\ARTS\15306049.pdf,jds\BUSINESS-DEVELOPMENT\BUSINESS-DEVELOPMENT_senior.txt,ARTS,0.0279,0.05,-1,34.0,0.19507697224617,0.2017,0
resumes/data\ARTS\15306049.pdf,jds\BUSINESS-DEVELOPMENT\BUSINESS-DEVELOPMENT_mid.txt,ARTS,0.014,0.0,-1,26.0,0.188061773777008,0.1864,0
resumes/data\ARTS\15306049.pdf,jds\BUSINESS-DEVELOPMENT\BUSINESS-DEVELOPMENT_entry.txt,ARTS,0.0135,0.0,0,32.0,0.1799761205911636,0.1963,0
resumes/data\ARTS\16244633.pdf,jds\AGRICULTURE\AGRICULTURE_senior.txt,ARTS,0.0665,0.15,-1,10.0,0.3515574336051941,0.3399,0
resumes/data\ARTS\16244633.pdf,jds\AGRICULTURE\AGRICULTURE_mid.txt,ARTS,0.1126,0.05,0,3.0,0.3048364520072937,0.3013,0
resumes/data\ARTS\16244633.pdf,jds\AGRICULTURE\AGRICULTURE_entry.txt,ARTS,0.0757,0.1,1,10.0,0.2763546705245971,0.2746,0
resumes/data\ARTS\16887936.pdf,jds\INFORMATION-TECHNOLOGY\INFORMATION-TECHNOLOGY_senior.txt,ARTS,0.0556,0.2,-1,13.0,0.3453347682952881,0.3635,0
resumes/data\ARTS\16887936.pdf,jds\INFORMATION-TECHNOLOGY\INFORMATION-TECHNOLOGY_entry.txt,ARTS,0.089,0.05,0,11.0,0.4605010151863098,0.3373,0
resumes/data\ARTS\16962067.pdf,jds\HR\HR_entry.txt,ARTS,0.0453,0.05,0,10.0,0.3011345863342285,0.2262,0
resumes/data\ARTS\16962067.pdf,jds\HR\HR_mid.txt,ARTS,0.0379,0.15,0,10.0,0.2783127427101135,0.2404,0
resumes/data\ARTS\16962067.pdf,jds\HR\HR_senior.txt,ARTS,0.0421,0.1,0,10.0,0.310084581375122,0.2589,0
resumes/data\ARTS\17033567.pdf,jds\CHEF\CHEF_senior.txt,ARTS,0.0573,0.0,1,11.0,0.352955162525177,0.3197,0
resumes/data\ARTS\17033567.pdf,jds\CHEF\CHEF_entry.txt,ARTS,0.0678,0.1,1,11.0,0.2757433354854584,0.22,0
resumes/data\ARTS\17033567.pdf,jds\CHEF\CHEF_mid.txt,ARTS,0.0426,0.0,1,11.0,0.3344991207122803,0.3002,0
resumes/data\ARTS\17325147.pdf,jds\AGRICULTURE\AGRICULTURE_mid.txt,ARTS,0.0298,0.1,0,33.0,0.2192679941654205,0.1466,0
resumes/data\ARTS\17325147.pdf,jds\AGRICULTURE\AGRICULTURE_entry.txt,ARTS,0.0304,0.05,1,40.0,0.2057339698076248,0.1026,0
resumes/data\ARTS\17325147.pdf,jds\AGRICULTURE\AGRICULTURE_senior.txt,ARTS,0.038,0.05,-1,40.0,0.2635594308376312,0.1739,0
resumes/data\ARTS\17857644.pdf,jds\ADVOCATE\ADVOCATE_mid.txt,ARTS,0.082,0.3,-2,13.0,0.3206149935722351,0.3202,0
resumes/data\ARTS\17857644.pdf,jds\ADVOCATE\ADVOCATE_senior.txt,ARTS,0.0525,0.25,-2,13.0,0.345861554145813,0.3059,0
resumes/data\ARTS\17857644.pdf,jds\ADVOCATE\ADVOCATE_entry.txt,ARTS,0.0653,0.2,-2,11.0,0.3701864182949066,0.2992,0
resumes/data\ARTS\18029935.pdf,jds\HEALTHCARE\HEALTHCARE_senior.txt,ARTS,0.0714,0.1,-1,5.0,0.3730475008487701,0.3621,0
resumes/data\ARTS\18029935.pdf,jds\HEALTHCARE\HEALTHCARE_mid.txt,ARTS,0.0881,0.25,-1,5.0,0.3784813284873962,0.298,0
resumes/data\ARTS\18029935.pdf,jds\HEALTHCARE\HEALTHCARE_entry.txt,ARTS,0.0366,0.0,0,3.0,0.3513882756233215,0.2448,0
resumes/data\ARTS\18106533.pdf,jds\AVIATION\AVIATION_entry.txt,ARTS,0.0726,0.1,0,19.0,0.3937318921089172,0.1818,0
resumes/data\ARTS\18106533.pdf,jds\AVIATION\AVIATION_mid.txt,ARTS,0.0549,0.15,0,13.0,0.3831652998924255,0.2307,0
resumes/data\ARTS\18106533.pdf,jds\AVIATION\AVIATION_senior.txt,ARTS,0.0485,0.15,0,21.0,0.3886394500732422,0.3091,0
resumes/data\ARTS\18319061.pdf,jds\CONSTRUCTION\CONSTRUCTION_entry.txt,ARTS,0.0469,0.2,1,3.0,0.2881823480129242,0.3279,0
resumes/data\ARTS\18319061.pdf,jds\CONSTRUCTION\CONSTRUCTION_senior.txt,ARTS,0.0741,0.25,0,5.0,0.4979349672794342,0.3532,0
resumes/data\ARTS\18319061.pdf,jds\CONSTRUCTION\CONSTRUCTION_mid.txt,ARTS,0.0819,0.25,0,5.0,0.4854735732078552,0.3608,0
resumes/data\ARTS\18586076.pdf,jds\ADVOCATE\ADVOCATE_mid.txt,ARTS,0.0437,0.05,0,28.0,0.2923497557640075,0.2096,0
resumes/data\ARTS\18586076.pdf,jds\ADVOCATE\ADVOCATE_senior.txt,ARTS,0.0358,0.15,0,28.0,0.2619082629680633,0.2226,0
resumes/data\ARTS\18586076.pdf,jds\ADVOCATE\ADVOCATE_entry.txt,ARTS,0.0421,0.05,0,26.0,0.3236550390720367,0.2352,0
resumes/data\ARTS\18885767.pdf,jds\PUBLIC-RELATIONS\PUBLIC-RELATIONS_mid.txt,ARTS,0.0232,0.05,0,18.0,0.4289036393165588,0.3834,0
resumes/data\ARTS\18885767.pdf,jds\PUBLIC-RELATIONS\PUBLIC-RELATIONS_senior.txt,ARTS,0.0538,0.05,0,18.0,0.4007748365402221,0.4024,0
resumes/data\ARTS\18885767.pdf,jds\PUBLIC-RELATIONS\PUBLIC-RELATIONS_entry.txt,ARTS,0.022,0.05,1,16.0,0.470318078994751,0.4177,0
resumes/data\ARTS\19508520.pdf,jds\BPO\BPO_mid.txt,ARTS,0.0846,0.35,1,24.0,0.3440536558628082,0.3177,0
resumes/data\ARTS\19508520.pdf,jds\BPO\BPO_entry.txt,ARTS,0.0807,0.15,1,22.0,0.3916073441505432,0.2633,0
resumes/data\ARTS\19671909.pdf,jds\CONSULTANT\CONSULTANT_mid.txt,ARTS,0.0488,0.05,0,0.0,0.3994324207305908,0.3404,0
resumes/data\ARTS\19671909.pdf,jds\CONSULTANT\CONSULTANT_entry.txt,ARTS,0.0709,0.15,0,0.0,0.4095423817634582,0.3108,0
resumes/data\ARTS\19671909.pdf,jds\CONSULTANT\CONSULTANT_senior.txt,ARTS,0.0683,0.1,0,0.0,0.4724877774715423,0.3727,0
resumes/data\ARTS\19724031.pdf,jds\FITNESS\FITNESS_mid.txt,ARTS,0.0419,0.1,1,9.0,0.3483936786651611,0.2467,0
resumes/data\ARTS\19724031.pdf,jds\FITNESS\FITNESS_senior.txt,ARTS,0.0291,0.15,-1,16.0,0.3565716743469238,0.2464,0
resumes/data\ARTS\19724031.pdf,jds\FITNESS\FITNESS_entry.txt,ARTS,0.0677,0.15,2,14.0,0.4188721477985382,0.3116,0
resumes/data\ARTS\20149476.pdf,jds\ENGINEERING\ENGINEERING_senior.txt,ARTS,0.0335,0.2,-1,15.0,0.2824209928512573,0.2269,0
resumes/data\ARTS\20149476.pdf,jds\ENGINEERING\ENGINEERING_mid.txt,ARTS,0.0336,0.1,0,15.0,0.2713680863380432,0.2799,0
resumes/data\ARTS\20149476.pdf,jds\ENGINEERING\ENGINEERING_entry.txt,ARTS,0.0229,0.0,1,13.0,0.289522111415863,0.2741,0
resumes/data\ARTS\20356750.pdf,jds\FITNESS\FITNESS_entry.txt,ARTS,0.0288,0.0,1,25.0,0.2603797614574432,0.2087,0
resumes/data\ARTS\20356750.pdf,jds\FITNESS\FITNESS_mid.txt,ARTS,0.0289,0.05,0,20.0,0.3000718653202057,0.1683,0
resumes/data\ARTS\20356750.pdf,jds\FITNESS\FITNESS_senior.txt,ARTS,0.0294,0.05,-2,27.0,0.2908146977424621,0.1651,0
resumes/data\ARTS\20488267.pdf,jds\PUBLIC-RELATIONS\PUBLIC-RELATIONS_mid.txt,ARTS,0.0439,0.05,0,5.0,0.3098228871822357,0.2534,0
resumes/data\ARTS\20488267.pdf,jds\PUBLIC-RELATIONS\PUBLIC-RELATIONS_senior.txt,ARTS,0.0291,0.05,0,5.0,0.3301639258861542,0.2385,0
resumes/data\ARTS\20488267.pdf,jds\PUBLIC-RELATIONS\PUBLIC-RELATIONS_entry.txt,ARTS,0.0202,0.0,1,3.0,0.3708924651145935,0.1961,0
resumes/data\ARTS\20698469.pdf,jds\AGRICULTURE\AGRICULTURE_mid.txt,ARTS,0.0314,0.1,-1,-4.0,0.2869364023208618,0.1406,0
resumes/data\ARTS\20698469.pdf,jds\AGRICULTURE\AGRICULTURE_senior.txt,ARTS,0.0404,0.2,-2,3.0,0.2835345864295959,0.1475,0
resumes/data\ARTS\20698469.pdf,jds\AGRICULTURE\AGRICULTURE_entry.txt,ARTS,0.0296,0.05,0,3.0,0.2238211929798126,0.1386,0
resumes/data\ARTS\21060367.pdf,jds\HEALTHCARE\HEALTHCARE_senior.txt,ARTS,0.055,0.15,0,24.0,0.3603181838989258,0.3229,0
resumes/data\ARTS\21060367.pdf,jds\HEALTHCARE\HEALTHCARE_mid.txt,ARTS,0.0811,0.35,0,24.0,0.2890369892120361,0.3208,0
resumes/data\ARTS\21060367.pdf,jds\HEALTHCARE\HEALTHCARE_entry.txt,ARTS,0.0503,0.05,1,22.0,0.3124628067016601,0.3245,0
resumes/data\ARTS\21809601.pdf,jds\HEALTHCARE\HEALTHCARE_mid.txt,ARTS,0.0576,0.15,-1,12.0,0.3733846247196197,0.3548,0
resumes/data\ARTS\21809601.pdf,jds\HEALTHCARE\HEALTHCARE_senior.txt,ARTS,0.0288,0.05,-1,12.0,0.3254648447036743,0.3584,0
resumes/data\ARTS\21809601.pdf,jds\HEALTHCARE\HEALTHCARE_entry.txt,ARTS,0.0726,0.15,0,10.0,0.4051669836044311,0.4405,0
resumes/data\ARTS\21867728.pdf,jds\ENGINEERING\ENGINEERING_entry.txt,ARTS,0.0569,0.15,0,10.0,0.382633626461029,0.3187,0
resumes/data\ARTS\22182279.pdf,jds\ADVOCATE\ADVOCATE_entry.txt,ARTS,0.024,0.0,-2,17.0,0.364448606967926,0.3748,0
resumes/data\ARTS\22182279.pdf,jds\ADVOCATE\ADVOCATE_mid.txt,ARTS,0.0317,0.05,-2,19.0,0.2841278612613678,0.3063,0
resumes/data\ARTS\22182279.pdf,jds\ADVOCATE\ADVOCATE_senior.txt,ARTS,0.0232,0.05,-2,19.0,0.3107464909553528,0.3188,0
resumes/data\ARTS\22593054.pdf,jds\INFORMATION-TECHNOLOGY\INFORMATION-TECHNOLOGY_senior.txt,ARTS,0.0551,0.1,-1,50.0,0.3241814970970154,0.3253,0
resumes/data\ARTS\22593054.pdf,jds\INFORMATION-TECHNOLOGY\INFORMATION-TECHNOLOGY_entry.txt,ARTS,0.0629,0.05,0,48.0,0.3338728547096252,0.3439,0
resumes/data\ARTS\22593054.pdf,jds\INFORMATION-TECHNOLOGY\INFORMATION-TECHNOLOGY_mid.txt,ARTS,0.0663,0.1,-1,50.0,0.3575209975242615,0.3288,0
resumes/data\ARTS\22800977.pdf,jds\AVIATION\AVIATION_senior.txt,ARTS,0.0589,0.2,0,10.0,0.2886545062065124,0.3,0
resumes/data\ARTS\22800977.pdf,jds\AVIATION\AVIATION_mid.txt,ARTS,0.0592,0.05,0,2.0,0.3413646221160888,0.3431,0
resumes/data\ARTS\22800977.pdf,jds\AVIATION\AVIATION_entry.txt,ARTS,0.063,0.1,0,8.0,0.3541598320007324,0.3215,0
resumes/data\ARTS\22848179.pdf,jds\AVIATION\AVIATION_entry.txt,ARTS,0.0671,0.1,0,15.0,0.3255372047424316,0.2626,0
resumes/data\ARTS\22848179.pdf,jds\AVIATION\AVIATION_senior.txt,ARTS,0.0778,0.2,0,17.0,0.3717424273490906,0.2486,0
resumes/data\ARTS\22848179.pdf,jds\AVIATION\AVIATION_mid.txt,ARTS,0.0756,0.1,0,9.0,0.3446138501167297,0.2898,0
resumes/data\ARTS\23139437.pdf,jds\ENGINEERING\ENGINEERING_mid.txt,ARTS,0.0237,0.0,-3,17.0,0.2956294417381286,0.2116,0
resumes/data\ARTS\23139437.pdf,jds\ENGINEERING\ENGINEERING_entry.txt,ARTS,0.0249,0.0,-2,15.0,0.2115879952907562,0.1567,0
resumes/data\ARTS\23139437.pdf,jds\ENGINEERING\ENGINEERING_senior.txt,ARTS,0.0316,0.0,-4,17.0,0.1866118758916854,0.1161,0
resumes/data\ARTS\23752500.pdf,jds\HEALTHCARE\HEALTHCARE_mid.txt,ARTS,0.0344,0.15,0,37.0,0.2201682031154632,0.1436,0
resumes/data\ARTS\23752500.pdf,jds\HEALTHCARE\HEALTHCARE_senior.txt,ARTS,0.0303,0.2,0,37.0,0.2545785307884216,0.1479,0
resumes/data\ARTS\23752500.pdf,jds\HEALTHCARE\HEALTHCARE_entry.txt,ARTS,0.066,0.15,1,35.0,0.3167551159858703,0.2598,0
resumes/data\ARTS\23917826.pdf,jds\AGRICULTURE\AGRICULTURE_senior.txt,ARTS,0.0673,0.1,-3,23.0,0.3505920767784118,0.3477,0
resumes/data\ARTS\23917826.pdf,jds\AGRICULTURE\AGRICULTURE_entry.txt,ARTS,0.047,0.0,-1,23.0,0.2873841524124145,0.2737,0
resumes/data\ARTS\23917826.pdf,jds\AGRICULTURE\AGRICULTURE_mid.txt,ARTS,0.0813,0.1,-2,16.0,0.2266878336668014,0.2924,0
resumes/data\ARTS\24061629.pdf,jds\FINANCE\FINANCE_mid.txt,ARTS,0.0345,0.05,-2,0.0,0.334137499332428,0.2243,0
resumes/data\ARTS\24061629.pdf,jds\FINANCE\FINANCE_senior.txt,ARTS,0.0324,0.0,-2,0.0,0.2777820229530334,0.2364,0
resumes/data\ARTS\24061629.pdf,jds\FINANCE\FINANCE_entry.txt,ARTS,0.0365,0.1,-2,-2.0,0.2448211759328842,0.2919,0
resumes/data\ARTS\24349611.pdf,jds\AUTOMOBILE\AUTOMOBILE_entry.txt,ARTS,0.0736,0.2,0,21.0,0.3591287136077881,0.3163,0
resumes/data\ARTS\24349611.pdf,jds\AUTOMOBILE\AUTOMOBILE_senior.txt,ARTS,0.0712,0.25,-1,23.0,0.3598934412002563,0.259,0
resumes/data\ARTS\24349611.pdf,jds\AUTOMOBILE\AUTOMOBILE_mid.txt,ARTS,0.0851,0.15,0,15.0,0.3453812599182129,0.3001,0
resumes/data\ARTS\24983760.pdf,jds\INFORMATION-TECHNOLOGY\INFORMATION-TECHNOLOGY_mid.txt,ARTS,0.0714,0.0,0,4.0,0.2369016408920288,0.3277,0
resumes/data\ARTS\24983760.pdf,jds\INFORMATION-TECHNOLOGY\INFORMATION-TECHNOLOGY_entry.txt,ARTS,0.0494,0.0,1,2.0,0.2306296527385711,0.3042,0
resumes/data\ARTS\24983760.pdf,jds\INFORMATION-TECHNOLOGY\INFORMATION-TECHNOLOGY_senior.txt,ARTS,0.048,0.1,0,4.0,0.2272108793258667,0.2835,0
resumes/data\ARTS\25157655.pdf,jds\CHEF\CHEF_senior.txt,ARTS,0.0781,0.0,1,8.0,0.3380794525146484,0.3283,0
resumes/data\ARTS\25157655.pdf,jds\CHEF\CHEF_mid.txt,ARTS,0.0729,0.05,1,8.0,0.2938778102397918,0.297,0
resumes/data\ARTS\25157655.pdf,jds\CHEF\CHEF_entry.txt,ARTS,0.0824,0.05,1,8.0,0.2819508016109466,0.2365,0
resumes/data\ARTS\25561640.pdf,jds\TEACHER\TEACHER_senior.txt,ARTS,0.0509,0.25,-2,6.0,0.4095535576343536,0.4086,0
resumes/data\ARTS\25923361.pdf,jds\AUTOMOBILE\AUTOMOBILE_entry.txt,ARTS,0.0229,0.05,2,28.0,0.2331253588199615,0.2119,0
resumes/data\ARTS\25923361.pdf,jds\AUTOMOBILE\AUTOMOBILE_senior.txt,ARTS,0.0441,0.15,1,30.0,0.2080578804016113,0.1946,0
resumes/data\ARTS\25923361.pdf,jds\AUTOMOBILE\AUTOMOBILE_mid.txt,ARTS,0.0256,0.05,2,22.0,0.2147739827632904,0.188,0
resumes/data\ARTS\25926667.pdf,jds\BANKING\BANKING_entry.txt,ARTS,0.0685,0.3,1,-2.0,0.3945448994636535,0.4009,0
resumes/data\ARTS\26069113.pdf,jds\CONSULTANT\CONSULTANT_senior.txt,ARTS,0.0454,0.1,-1,16.0,0.260701060295105,0.161,0
resumes/data\ARTS\26069113.pdf,jds\CONSULTANT\CONSULTANT_mid.txt,ARTS,0.0601,0.15,-1,16.0,0.3234595060348511,0.2168,0
resumes/data\ARTS\26069113.pdf,jds\CONSULTANT\CONSULTANT_entry.txt,ARTS,0.0638,0.15,-1,16.0,0.3702718019485473,0.2309,0
resumes/data\ARTS\26079779.pdf,jds\PUBLIC-RELATIONS\PUBLIC-RELATIONS_senior.txt,ARTS,0.0443,0.05,-3,0.0,0.3453130722045898,0.3306,0
resumes/data\ARTS\26079779.pdf,jds\PUBLIC-RELATIONS\PUBLIC-RELATIONS_mid.txt,ARTS,0.0355,0.15,-3,0.0,0.305459976196289,0.3594,0
resumes/data\ARTS\26079779.pdf,jds\PUBLIC-RELATIONS\PUBLIC-RELATIONS_entry.txt,ARTS,0.0261,0.05,-2,-2.0,0.3438429832458496,0.3266,0
resumes/data\ARTS\26410763.pdf,jds\BANKING\BANKING_senior.txt,ARTS,0.0373,0.05,-1,22.0,0.3148804903030395,0.2828,0
resumes/data\ARTS\26410763.pdf,jds\BANKING\BANKING_entry.txt,ARTS,0.0764,0.3,0,20.0,0.3375546336174011,0.2586,0
resumes/data\ARTS\26410763.pdf,jds\BANKING\BANKING_mid.txt,ARTS,0.067,0.15,-1,22.0,0.2818068861961365,0.2344,0
resumes/data\ARTS\27024099.pdf,jds\INFORMATION-TECHNOLOGY\INFORMATION-TECHNOLOGY_entry.txt,ARTS,0.0576,0.0,0,18.0,0.3806043863296509,0.324,0
resumes/data\ARTS\27024099.pdf,jds\INFORMATION-TECHNOLOGY\INFORMATION-TECHNOLOGY_senior.txt,ARTS,0.072,0.15,-1,20.0,0.3618013262748718,0.3208,0
resumes/data\ARTS\27024099.pdf,jds\INFORMATION-TECHNOLOGY\INFORMATION-TECHNOLOGY_mid.txt,ARTS,0.0732,0.05,-1,20.0,0.4418396055698395,0.3777,0
resumes/data\ARTS\27096796.pdf,jds\AVIATION\AVIATION_entry.txt,ARTS,0.016,0.0,0,38.0,0.3029795289039612,0.1466,0
resumes/data\ARTS\27096796.pdf,jds\AVIATION\AVIATION_mid.txt,ARTS,0.0176,0.0,0,32.0,0.3056692481040954,0.1515,0
resumes/data\ARTS\27096796.pdf,jds\AVIATION\AVIATION_senior.txt,ARTS,0.01,0.0,0,40.0,0.2181970179080963,0.1252,0
resumes/data\ARTS\27164756.pdf,jds\ENGINEERING\ENGINEERING_senior.txt,ARTS,0.0334,0.25,0,1.0,0.2259591966867447,0.2248,0
resumes/data\ARTS\27164756.pdf,jds\ENGINEERING\ENGINEERING_mid.txt,ARTS,0.0277,0.05,1,1.0,0.2231311500072479,0.2435,0
resumes/data\ARTS\27164756.pdf,jds\ENGINEERING\ENGINEERING_entry.txt,ARTS,0.027,0.05,2,-1.0,0.2447264492511749,0.2815,0
resumes/data\ARTS\27715131.pdf,jds\PUBLIC-RELATIONS\PUBLIC-RELATIONS_entry.txt,ARTS,0.0354,0.1,0,28.0,0.3468768894672394,0.2894,0
resumes/data\ARTS\27715131.pdf,jds\PUBLIC-RELATIONS\PUBLIC-RELATIONS_senior.txt,ARTS,0.049,0.05,-1,30.0,0.4102039933204651,0.3419,0
resumes/data\ARTS\27715131.pdf,jds\PUBLIC-RELATIONS\PUBLIC-RELATIONS_mid.txt,ARTS,0.0418,0.15,-1,30.0,0.3742544054985046,0.3709,0
resumes/data\ARTS\27936502.pdf,jds\CONSTRUCTION\CONSTRUCTION_entry.txt,ARTS,0.065,0.25,1,11.0,0.3009820878505707,0.381,0
resumes/data\ARTS\28325193.pdf,jds\FITNESS\FITNESS_senior.txt,ARTS,0.0372,0.15,-2,22.0,0.3437047600746155,0.1754,0
resumes/data\ARTS\28325193.pdf,jds\FITNESS\FITNESS_entry.txt,ARTS,0.0313,0.15,1,20.0,0.2948750257492065,0.2056,0
resumes/data\ARTS\28325193.pdf,jds\FITNESS\FITNESS_mid.txt,ARTS,0.0674,0.2,0,15.0,0.2850256264209747,0.2319,0
resumes/data\ARTS\28629430.pdf,jds\ARTS\ARTS_mid.txt,ARTS,0.1669,0.4,0,13.0,0.5612190365791321,0.6513,1
resumes/data\ARTS\28629430.pdf,jds\HEALTHCARE\HEALTHCARE_senior.txt,ARTS,0.0574,0.2,0,13.0,0.3630073666572571,0.3056,0
resumes/data\ARTS\28629430.pdf,jds\HEALTHCARE\HEALTHCARE_mid.txt,ARTS,0.0428,0.15,0,13.0,0.3493070602416992,0.2503,0
resumes/data\ARTS\28629430.pdf,jds\HEALTHCARE\HEALTHCARE_entry.txt,ARTS,0.083,0.4,1,11.0,0.3813233375549316,0.3753,0
resumes/data\ARTS\28711616.pdf,jds\ARTS\ARTS_senior.txt,ARTS,0.1933,0.1,-1,13.0,0.5055352449417114,0.6001,1
resumes/data\ARTS\29148871.pdf,jds\FITNESS\FITNESS_senior.txt,ARTS,0.0347,0.15,-1,8.0,0.3344995379447937,0.1717,0
resumes/data\ARTS\29148871.pdf,jds\FITNESS\FITNESS_entry.txt,ARTS,0.052,0.25,2,6.0,0.3604511618614197,0.2508,0
resumes/data\ARTS\29148871.pdf,jds\FITNESS\FITNESS_mid.txt,ARTS,0.0663,0.2,1,1.0,0.3693554699420929,0.2496,0
resumes/data\ARTS\30594821.pdf,jds\INFORMATION-TECHNOLOGY\INFORMATION-TECHNOLOGY_entry.txt,ARTS,0.0238,0.0,-1,9.0,0.3402081131935119,0.3249,0
resumes/data\ARTS\30594821.pdf,jds\INFORMATION-TECHNOLOGY\INFORMATION-TECHNOLOGY_mid.txt,ARTS,0.0504,0.05,-2,11.0,0.3452508747577667,0.3411,0
resumes/data\ARTS\30594821.pdf,jds\INFORMATION-TECHNOLOGY\INFORMATION-TECHNOLOGY_senior.txt,ARTS,0.0301,0.05,-2,11.0,0.3306860327720642,0.3182,0
resumes/data\ARTS\31114531.pdf,jds\BANKING\BANKING_mid.txt,ARTS,0.0655,0.15,-1,12.0,0.4395341873168945,0.2382,0
resumes/data\ARTS\31114531.pdf,jds\BANKING\BANKING_entry.txt,ARTS,0.0344,0.1,0,10.0,0.4243623316287994,0.245,0
resumes/data\ARTS\31114531.pdf,jds\BANKING\BANKING_senior.txt,ARTS,0.0539,0.05,-1,12.0,0.4635955095291137,0.2825,0
resumes/data\ARTS\31273413.pdf,jds\INFORMATION-TECHNOLOGY\INFORMATION-TECHNOLOGY_mid.txt,ARTS,0.044,0.05,0,43.0,0.2779558002948761,0.214,0
resumes/data\ARTS\31273413.pdf,jds\INFORMATION-TECHNOLOGY\INFORMATION-TECHNOLOGY_entry.txt,ARTS,0.0476,0.0,1,41.0,0.2553055882453918,0.1888,0
resumes/data\ARTS\31273413.pdf,jds\INFORMATION-TECHNOLOGY\INFORMATION-TECHNOLOGY_senior.txt,ARTS,0.0385,0.2,0,43.0,0.3429076373577118,0.1657,0
resumes/data\ARTS\32318506.pdf,jds\BPO\BPO_senior.txt,ARTS,0.021,0.0,-1,0.0,0.389496237039566,0.3602,0
resumes/data\ARTS\32318506.pdf,jds\BPO\BPO_mid.txt,ARTS,0.033,0.1,0,0.0,0.3982252478599548,0.3532,0
resumes/data\ARTS\32318506.pdf,jds\BPO\BPO_entry.txt,ARTS,0.0208,0.05,0,-2.0,0.4222344160079956,0.3551,0
resumes/data\ARTS\32794700.pdf,jds\CONSTRUCTION\CONSTRUCTION_senior.txt,ARTS,0.0446,0.0,-2,5.0,0.3121586441993713,0.2012,0
resumes/data\ARTS\32794700.pdf,jds\CONSTRUCTION\CONSTRUCTION_entry.txt,ARTS,0.0795,0.15,-1,3.0,0.4242523312568664,0.2165,0
resumes/data\ARTS\32794700.pdf,jds\CONSTRUCTION\CONSTRUCTION_mid.txt,ARTS,0.0554,0.2,-2,5.0,0.3371926248073578,0.2212,0
resumes/data\ARTS\33344933.pdf,jds\SALES\SALES_senior.txt,ARTS,0.0326,0.1,-1,12.0,0.2375220656394958,0.1929,0
resumes/data\ARTS\33344933.pdf,jds\SALES\SALES_entry.txt,ARTS,0.0272,0.0,0,12.0,0.2657262980937958,0.2085,0
resumes/data\ARTS\33344933.pdf,jds\SALES\SALES_mid.txt,ARTS,0.0326,0.05,-1,12.0,0.2954878211021423,0.2476,0
resumes/data\ARTS\34146825.pdf,jds\TEACHER\TEACHER_senior.txt,ARTS,0.0434,0.15,-3,0.0,0.2608409225940704,0.2228,0
resumes/data\ARTS\34146825.pdf,jds\TEACHER\TEACHER_mid.txt,ARTS,0.0571,0.15,-2,0.0,0.2926724553108215,0.3373,0
resumes/data\ARTS\34146825.pdf,jds\TEACHER\TEACHER_entry.txt,ARTS,0.0573,0.1,-1,0.0,0.2786358296871185,0.3057,0
resumes/data\ARTS\34304175.pdf,jds\ACCOUNTANT\ACCOUNTANT_entry.txt,ARTS,0.0684,0.0,-1,-2.0,0.3522851765155792,0.3279,0
resumes/data\ARTS\36019469.pdf,jds\BPO\BPO_mid.txt,ARTS,0.0619,0.15,0,12.0,0.4098200798034668,0.3775,0
resumes/data\ARTS\36019469.pdf,jds\BPO\BPO_entry.txt,ARTS,0.0463,0.15,0,10.0,0.3464479446411133,0.3467,0
resumes/data\ARTS\36379931.pdf,jds\HR\HR_senior.txt,ARTS,0.0543,0.1,0,12.0,0.3254320919513702,0.412,0
resumes/data\ARTS\36379931.pdf,jds\HR\HR_mid.txt,ARTS,0.048,0.1,0,12.0,0.2507847249507904,0.4107,0
resumes/data\ARTS\37220856.pdf,jds\HEALTHCARE\HEALTHCARE_entry.txt,ARTS,0.0499,0.1,0,-2.0,0.456459105014801,0.3115,0
resumes/data\ARTS\37220856.pdf,jds\HEALTHCARE\HEALTHCARE_senior.txt,ARTS,0.0369,0.05,-1,0.0,0.3013606667518616,0.1567,0
resumes/data\ARTS\37220856.pdf,jds\HEALTHCARE\HEALTHCARE_mid.txt,ARTS,0.0514,0.25,-1,0.0,0.3436609506607055,0.1858,0
resumes/data\ARTS\37472265.pdf,jds\HEALTHCARE\HEALTHCARE_mid.txt,ARTS,0.0546,0.2,-1,17.0,0.3208293914794922,0.2542,0
resumes/data\ARTS\37472265.pdf,jds\HEALTHCARE\HEALTHCARE_senior.txt,ARTS,0.0416,0.1,-1,17.0,0.3126752376556396,0.2316,0
resumes/data\ARTS\37472265.pdf,jds\HEALTHCARE\HEALTHCARE_entry.txt,ARTS,0.0356,0.05,0,15.0,0.3478517234325409,0.2551,0
resumes/data\ARTS\37751611.pdf,jds\BPO\BPO_mid.txt,ARTS,0.0516,0.2,1,12.0,0.2969005703926086,0.2438,0
resumes/data\ARTS\37751611.pdf,jds\BPO\BPO_entry.txt,ARTS,0.0351,0.05,1,10.0,0.2628249228000641,0.2049,0
resumes/data\ARTS\37751611.pdf,jds\BPO\BPO_senior.txt,ARTS,0.0508,0.2,0,12.0,0.3472162187099457,0.3187,0
resumes/data\ARTS\38115035.pdf,jds\CONSULTANT\CONSULTANT_senior.txt,ARTS,0.0471,0.1,-2,3.0,0.3192421197891235,0.2523,0
resumes/data\ARTS\38115035.pdf,jds\CONSULTANT\CONSULTANT_mid.txt,ARTS,0.0685,0.05,-2,3.0,0.3106683194637298,0.2546,0
resumes/data\ARTS\38115035.pdf,jds\CONSULTANT\CONSULTANT_entry.txt,ARTS,0.0699,0.25,-2,3.0,0.4199186563491821,0.229,0
resumes/data\ARTS\39064638.pdf,jds\AVIATION\AVIATION_mid.txt,ARTS,0.0633,0.1,-1,-5.0,0.3270354270935058,0.2521,0
resumes/data\ARTS\39064638.pdf,jds\AVIATION\AVIATION_entry.txt,ARTS,0.0515,0.1,-1,1.0,0.2560943365097046,0.1731,0
resumes/data\ARTS\39064638.pdf,jds\AVIATION\AVIATION_senior.txt,ARTS,0.0321,0.1,-1,3.0,0.2637553513050079,0.2743,0
resumes/data\ARTS\39470264.pdf,jds\BUSINESS-DEVELOPMENT\BUSINESS-DEVELOPMENT_mid.txt,ARTS,0.1159,0.1,0,-1.0,0.4973663985729217,0.2799,0
resumes/data\ARTS\39470264.pdf,jds\BUSINESS-DEVELOPMENT\BUSINESS-DEVELOPMENT_entry.txt,ARTS,0.081,0.15,1,5.0,0.5260696411132812,0.2712,0
resumes/data\ARTS\39470264.pdf,jds\BUSINESS-DEVELOPMENT\BUSINESS-DEVELOPMENT_senior.txt,ARTS,0.0892,0.2,0,7.0,0.5328738689422607,0.2197,0
resumes/data\ARTS\39608848.pdf,jds\HEALTHCARE\HEALTHCARE_entry.txt,ARTS,0.0554,0.15,-1,18.0,0.4061421751976013,0.3069,0
resumes/data\ARTS\39608848.pdf,jds\HEALTHCARE\HEALTHCARE_mid.txt,ARTS,0.077,0.25,-2,20.0,0.3207364082336426,0.3455,0
resumes/data\ARTS\41950126.pdf,jds\ADVOCATE\ADVOCATE_mid.txt,ARTS,0.0659,0.1,-1,11.0,0.4099743664264679,0.368,0
resumes/data\ARTS\41950126.pdf,jds\ADVOCATE\ADVOCATE_senior.txt,ARTS,0.0474,0.05,-1,11.0,0.4108322858810425,0.3516,0
resumes/data\ARTS\41950126.pdf,jds\ADVOCATE\ADVOCATE_entry.txt,ARTS,0.0563,0.05,-1,9.0,0.4216472208499908,0.4168,0
resumes/data\ARTS\43622023.pdf,jds\BUSINESS-DEVELOPMENT\BUSINESS-DEVELOPMENT_entry.txt,ARTS,0.083,0.15,0,0.0,0.3766860663890838,0.4367,0
resumes/data\ARTS\43622023.pdf,jds\BUSINESS-DEVELOPMENT\BUSINESS-DEVELOPMENT_mid.txt,ARTS,0.0918,0.1,-1,-6.0,0.3451605439186096,0.4259,0
resumes/data\ARTS\46055835.pdf,jds\BPO\BPO_entry.txt,ARTS,0.0374,0.05,1,-2.0,0.3212292790412903,0.2217,0
resumes/data\ARTS\46055835.pdf,jds\BPO\BPO_mid.txt,ARTS,0.0453,0.1,1,0.0,0.2942394912242889,0.3044,0
resumes/data\ARTS\46055835.pdf,jds\BPO\BPO_senior.txt,ARTS,0.0555,0.15,0,0.0,0.3736450672149658,0.2757,0
resumes/data\ARTS\50432401.pdf,jds\HR\HR_senior.txt,ARTS,0.0705,0.0,-1,13.0,0.4287632703781128,0.3279,0
resumes/data\ARTS\50432401.pdf,jds\HR\HR_entry.txt,ARTS,0.0533,0.1,-1,13.0,0.4500348567962646,0.3584,0
resumes/data\ARTS\53227466.pdf,jds\AGRICULTURE\AGRICULTURE_mid.txt,ARTS,0.0984,0.05,-1,8.0,0.2926746606826782,0.2588,0
resumes/data\ARTS\53227466.pdf,jds\AGRICULTURE\AGRICULTURE_senior.txt,ARTS,0.0808,0.1,-2,15.0,0.3564613759517669,0.3143,0
resumes/data\ARTS\53227466.pdf,jds\AGRICULTURE\AGRICULTURE_entry.txt,ARTS,0.0818,0.05,0,15.0,0.3033943176269531,0.2126,0
resumes/data\ARTS\54100393.pdf,jds\BPO\BPO_senior.txt,ARTS,0.061,0.15,0,0.0,0.3901227116584778,0.3329,0
resumes/data\ARTS\54100393.pdf,jds\BPO\BPO_mid.txt,ARTS,0.0335,0.1,1,0.0,0.3582698106765747,0.2762,0
resumes/data\ARTS\54100393.pdf,jds\BPO\BPO_entry.txt,ARTS,0.0383,0.0,1,-2.0,0.3287708163261413,0.2527,0
resumes/data\ARTS\54180474.pdf,jds\ADVOCATE\ADVOCATE_mid.txt,ARTS,0.0401,0.0,-1,24.0,0.3997684121131897,0.2589,0
resumes/data\ARTS\54180474.pdf,jds\ADVOCATE\ADVOCATE_senior.txt,ARTS,0.0456,0.05,-1,24.0,0.3804622292518616,0.2912,0
resumes/data\ARTS\54180474.pdf,jds\ADVOCATE\ADVOCATE_entry.txt,ARTS,0.0456,0.1,-1,22.0,0.3350754976272583,0.2817,0
resumes/data\ARTS\65325317.pdf,jds\CONSTRUCTION\CONSTRUCTION_senior.txt,ARTS,0.0795,0.2,0,1.0,0.2604956924915313,0.3723,0
resumes/data\ARTS\65325317.pdf,jds\CONSTRUCTION\CONSTRUCTION_entry.txt,ARTS,0.0457,0.2,1,-1.0,0.2819821834564209,0.253,0
resumes/data\ARTS\65325317.pdf,jds\CONSTRUCTION\CONSTRUCTION_mid.txt,ARTS,0.0414,0.1,0,1.0,0.2893884181976318,0.3341,0
resumes/data\ARTS\65352424.pdf,jds\FITNESS\FITNESS_entry.txt,ARTS,0.1282,0.2,1,10.0,0.436345100402832,0.4539,0
resumes/data\ARTS\65352424.pdf,jds\FITNESS\FITNESS_mid.txt,ARTS,0.117,0.2,0,5.0,0.3992229104042053,0.441,0
resumes/data\ARTS\65352424.pdf,jds\FITNESS\FITNESS_senior.txt,ARTS,0.0561,0.15,-2,12.0,0.3451591432094574,0.3694,0
resumes/data\ARTS\66226673.pdf,jds\FINANCE\FINANCE_mid.txt,ARTS,0.0277,0.0,-1,9.0,0.2458669245243072,0.1799,0
resumes/data\ARTS\66226673.pdf,jds\FINANCE\FINANCE_entry.txt,ARTS,0.0288,0.0,-1,7.0,0.2151890993118286,0.2093,0
resumes/data\ARTS\66226673.pdf,jds\FINANCE\FINANCE_senior.txt,ARTS,0.0349,0.0,-1,9.0,0.2328116595745086,0.1892,0
resumes/data\ARTS\73030450.pdf,jds\ADVOCATE\ADVOCATE_senior.txt,ARTS,0.0259,0.1,0,7.0,0.2481766939163208,0.3246,0
resumes/data\ARTS\73030450.pdf,jds\ADVOCATE\ADVOCATE_entry.txt,ARTS,0.0342,0.0,0,5.0,0.2853479087352752,0.3037,0
resumes/data\ARTS\73030450.pdf,jds\ADVOCATE\ADVOCATE_mid.txt,ARTS,0.0335,0.0,0,7.0,0.255650132894516,0.3007,0
resumes/data\ARTS\73497035.pdf,jds\PUBLIC-RELATIONS\PUBLIC-RELATIONS_mid.txt,ARTS,0.0403,0.15,0,9.0,0.3559375405311584,0.3422,0
resumes/data\ARTS\73497035.pdf,jds\PUBLIC-RELATIONS\PUBLIC-RELATIONS_entry.txt,ARTS,0.0534,0.1,1,7.0,0.3661007583141327,0.3172,0
resumes/data\ARTS\73497035.pdf,jds\PUBLIC-RELATIONS\PUBLIC-RELATIONS_senior.txt,ARTS,0.0595,0.15,0,9.0,0.3494656383991241,0.3406,0
resumes/data\ARTS\78107631.pdf,jds\INFORMATION-TECHNOLOGY\INFORMATION-TECHNOLOGY_mid.txt,ARTS,0.0087,0.05,-1,111.0,0.356137752532959,0.285,0
resumes/data\ARTS\78107631.pdf,jds\INFORMATION-TECHNOLOGY\INFORMATION-TECHNOLOGY_senior.txt,ARTS,0.0166,0.15,-1,111.0,0.2678527534008026,0.3002,0
resumes/data\ARTS\78107631.pdf,jds\INFORMATION-TECHNOLOGY\INFORMATION-TECHNOLOGY_entry.txt,ARTS,0.01,0.0,0,109.0,0.2589415907859802,0.1898,0
resumes/data\ARTS\79432080.pdf,jds\AVIATION\AVIATION_entry.txt,ARTS,0.0477,0.05,0,11.0,0.368106484413147,0.2189,0
resumes/data\ARTS\79432080.pdf,jds\AVIATION\AVIATION_mid.txt,ARTS,0.0529,0.0,0,5.0,0.3675573170185089,0.2627,0
resumes/data\ARTS\79432080.pdf,jds\AVIATION\AVIATION_senior.txt,ARTS,0.0408,0.15,0,13.0,0.3741272687911987,0.2858,0
resumes/data\ARTS\93576192.pdf,jds\ADVOCATE\ADVOCATE_entry.txt,ARTS,0.0279,0.0,0,18.0,0.1872273385524749,0.2484,0
resumes/data\ARTS\93576192.pdf,jds\ADVOCATE\ADVOCATE_senior.txt,ARTS,0.0328,0.15,0,20.0,0.1993594318628311,0.2287,0
resumes/data\ARTS\93576192.pdf,jds\ADVOCATE\ADVOCATE_mid.txt,ARTS,0.0264,0.1,0,20.0,0.158563882112503,0.2618,0
resumes/data\ARTS\94230796.pdf,jds\HR\HR_senior.txt,ARTS,0.0466,0.05,-2,17.0,0.2981092035770416,0.3166,0
resumes/data\ARTS\94230796.pdf,jds\HR\HR_mid.txt,ARTS,0.0489,0.1,-2,17.0,0.2988191843032837,0.3515,0
resumes/data\ARTS\99033098.pdf,jds\TEACHER\TEACHER_senior.txt,ARTS,0.0597,0.15,-3,0.0,0.3912346661090851,0.1926,0
resumes/data\ARTS\99033098.pdf,jds\TEACHER\TEACHER_entry.txt,ARTS,0.0663,0.1,-1,0.0,0.345471441745758,0.3161,0
resumes/data\ARTS\99033098.pdf,jds\TEACHER\TEACHER_mid.txt,ARTS,0.0534,0.15,-2,0.0,0.3844990730285644,0.2835,0
resumes/data\ARTS\99561379.pdf,jds\TEACHER\TEACHER_senior.txt,ARTS,0.0521,0.2,-1,0.0,0.4382178783416748,0.3874,0
resumes/data\AUTOMOBILE\11152490.pdf,jds\SALES\SALES_senior.txt,AUTOMOBILE,0.0863,0.25,-3,13.0,0.3785162568092346,0.3612,0
resumes/data\AUTOMOBILE\11152490.pdf,jds\SALES\SALES_mid.txt,AUTOMOBILE,0.0929,0.3,-3,13.0,0.3933566808700561,0.3366,0
resumes/data\AUTOMOBILE\11152490.pdf,jds\SALES\SALES_entry.txt,AUTOMOBILE,0.0536,0.1,-2,13.0,0.4118357300758362,0.347,0
resumes/data\AUTOMOBILE\11257723.pdf,jds\HR\HR_senior.txt,AUTOMOBILE,0.0401,0.0,-1,0.0,0.3244940042495727,0.2799,0
resumes/data\AUTOMOBILE\11257723.pdf,jds\HR\HR_mid.txt,AUTOMOBILE,0.0797,0.15,-1,0.0,0.3588738143444061,0.2955,0
resumes/data\AUTOMOBILE\11257723.pdf,jds\HR\HR_entry.txt,AUTOMOBILE,0.0546,0.05,-1,0.0,0.3036853671073913,0.2944,0
resumes/data\AUTOMOBILE\11797122.pdf,jds\HEALTHCARE\HEALTHCARE_entry.txt,AUTOMOBILE,0.0507,0.05,1,18.0,0.2728665471076965,0.3095,0
resumes/data\AUTOMOBILE\11797122.pdf,jds\HEALTHCARE\HEALTHCARE_mid.txt,AUTOMOBILE,0.0929,0.2,0,20.0,0.2819734811782837,0.2659,0
resumes/data\AUTOMOBILE\11797122.pdf,jds\HEALTHCARE\HEALTHCARE_senior.txt,AUTOMOBILE,0.0418,0.15,0,20.0,0.2533641159534454,0.2077,0
resumes/data\AUTOMOBILE\11887930.pdf,jds\APPAREL\APPAREL_mid.txt,AUTOMOBILE,0.0748,0.05,-1,18.0,0.3713225126266479,0.2783,0
resumes/data\AUTOMOBILE\11887930.pdf,jds\APPAREL\APPAREL_senior.txt,AUTOMOBILE,0.0644,0.1,-1,18.0,0.3279981017112732,0.2836,0
resumes/data\AUTOMOBILE\11887930.pdf,jds\APPAREL\APPAREL_entry.txt,AUTOMOBILE,0.0585,0.1,0,16.0,0.2823270559310913,0.2823,0
resumes/data\AUTOMOBILE\14508237.pdf,jds\ADVOCATE\ADVOCATE_senior.txt,AUTOMOBILE,0.0459,0.1,-1,25.0,0.3130350708961487,0.2463,0
resumes/data\AUTOMOBILE\14508237.pdf,jds\ADVOCATE\ADVOCATE_mid.txt,AUTOMOBILE,0.071,0.1,-1,25.0,0.3087661862373352,0.2774,0
resumes/data\AUTOMOBILE\14508237.pdf,jds\ADVOCATE\ADVOCATE_entry.txt,AUTOMOBILE,0.0779,0.1,-1,23.0,0.3574864566326141,0.2771,0
resumes/data\AUTOMOBILE\15100547.pdf,jds\HR\HR_senior.txt,AUTOMOBILE,0.053,0.15,-1,13.0,0.3695781826972961,0.3235,0
resumes/data\AUTOMOBILE\15100547.pdf,jds\HR\HR_mid.txt,AUTOMOBILE,0.0578,0.1,-1,13.0,0.3507663011550903,0.2976,0
resumes/data\AUTOMOBILE\15100547.pdf,jds\HR\HR_entry.txt,AUTOMOBILE,0.0554,0.0,-1,13.0,0.3715794682502746,0.3342,0
resumes/data\AUTOMOBILE\15484011.pdf,jds\ACCOUNTANT\ACCOUNTANT_mid.txt,AUTOMOBILE,0.0569,0.05,-1,13.0,0.1974348425865173,0.2035,0
resumes/data\AUTOMOBILE\15484011.pdf,jds\ACCOUNTANT\ACCOUNTANT_senior.txt,AUTOMOBILE,0.0515,0.05,-1,13.0,0.2337146997451782,0.1993,0
resumes/data\AUTOMOBILE\15484011.pdf,jds\ACCOUNTANT\ACCOUNTANT_entry.txt,AUTOMOBILE,0.0439,0.1,-1,11.0,0.272629976272583,0.2202,0
resumes/data\AUTOMOBILE\15790602.pdf,jds\ARTS\ARTS_mid.txt,AUTOMOBILE,0.0372,0.05,0,27.0,0.3430018424987793,0.331,0
resumes/data\AUTOMOBILE\15790602.pdf,jds\ARTS\ARTS_entry.txt,AUTOMOBILE,0.0286,0.15,1,27.0,0.3245837688446045,0.2318,0
resumes/data\AUTOMOBILE\15790602.pdf,jds\ARTS\ARTS_senior.txt,AUTOMOBILE,0.0415,0.15,-1,27.0,0.2980289459228515,0.2626,0
resumes/data\AUTOMOBILE\16332293.pdf,jds\HR\HR_senior.txt,AUTOMOBILE,0.0317,0.0,-1,13.0,0.3150920569896698,0.3207,0
resumes/data\AUTOMOBILE\16332293.pdf,jds\HR\HR_mid.txt,AUTOMOBILE,0.0773,0.1,-1,13.0,0.3067112863063812,0.3193,0
resumes/data\AUTOMOBILE\16332293.pdf,jds\HR\HR_entry.txt,AUTOMOBILE,0.0596,0.1,-1,13.0,0.3005720376968384,0.3528,0
resumes/data\AUTOMOBILE\17510973.pdf,jds\ARTS\ARTS_senior.txt,AUTOMOBILE,0.0411,0.1,-2,0.0,0.2912879586219787,0.1202,0
resumes/data\AUTOMOBILE\17510973.pdf,jds\ARTS\ARTS_entry.txt,AUTOMOBILE,0.0437,0.05,0,0.0,0.2306815981864929,0.1489,0
resumes/data\AUTOMOBILE\17510973.pdf,jds\ARTS\ARTS_mid.txt,AUTOMOBILE,0.0521,0.1,-1,0.0,0.3016557395458221,0.1864,0
resumes/data\AUTOMOBILE\17571262.pdf,jds\HEALTHCARE\HEALTHCARE_senior.txt,AUTOMOBILE,0.032,0.0,-1,7.0,0.2460511773824691,0.253,0
resumes/data\AUTOMOBILE\17571262.pdf,jds\HEALTHCARE\HEALTHCARE_mid.txt,AUTOMOBILE,0.0946,0.2,-1,7.0,0.3172716498374939,0.2853,0
resumes/data\AUTOMOBILE\17571262.pdf,jds\HEALTHCARE\HEALTHCARE_entry.txt,AUTOMOBILE,0.055,0.15,0,5.0,0.3373496532440185,0.2804,0
resumes/data\AUTOMOBILE\18448085.pdf,jds\AVIATION\AVIATION_mid.txt,AUTOMOBILE,0.0496,0.05,0,2.0,0.3817780017852783,0.3366,0
resumes/data\AUTOMOBILE\18448085.pdf,jds\AVIATION\AVIATION_senior.txt,AUTOMOBILE,0.0435,0.05,0,10.0,0.3288623094558716,0.2914,0
resumes/data\AUTOMOBILE\18448085.pdf,jds\AVIATION\AVIATION_entry.txt,AUTOMOBILE,0.0418,0.05,0,8.0,0.4011446237564087,0.3201,0
resumes/data\AUTOMOBILE\18932512.pdf,jds\TEACHER\TEACHER_senior.txt,AUTOMOBILE,0.029,0.15,-3,16.0,0.2812745571136474,0.2443,0
resumes/data\AUTOMOBILE\18932512.pdf,jds\TEACHER\TEACHER_mid.txt,AUTOMOBILE,0.0341,0.1,-2,16.0,0.3762041926383972,0.2389,0
resumes/data\AUTOMOBILE\18932512.pdf,jds\TEACHER\TEACHER_entry.txt,AUTOMOBILE,0.0367,0.05,-1,16.0,0.3923571109771728,0.2472,0
resumes/data\AUTOMOBILE\22452756.pdf,jds\BANKING\BANKING_entry.txt,AUTOMOBILE,0.0872,0.2,-1,17.0,0.4200123846530914,0.3111,0
resumes/data\AUTOMOBILE\22452756.pdf,jds\BANKING\BANKING_mid.txt,AUTOMOBILE,0.0613,0.1,-2,19.0,0.3759605586528778,0.2652,0
resumes/data\AUTOMOBILE\22452756.pdf,jds\BANKING\BANKING_senior.txt,AUTOMOBILE,0.0451,0.05,-2,19.0,0.4145627617835998,0.293,0
resumes/data\AUTOMOBILE\22946204.pdf,jds\HEALTHCARE\HEALTHCARE_mid.txt,AUTOMOBILE,0.0208,0.0,0,11.0,0.2760864496231079,0.2816,0
resumes/data\AUTOMOBILE\22946204.pdf,jds\HEALTHCARE\HEALTHCARE_senior.txt,AUTOMOBILE,0.0227,0.0,0,11.0,0.2753663659095764,0.2831,0
resumes/data\AUTOMOBILE\22946204.pdf,jds\HEALTHCARE\HEALTHCARE_entry.txt,AUTOMOBILE,0.0256,0.05,1,9.0,0.3782524466514587,0.3744,0
resumes/data\AUTOMOBILE\23009962.pdf,jds\INFORMATION-TECHNOLOGY\INFORMATION-TECHNOLOGY_senior.txt,AUTOMOBILE,0.0652,0.15,0,15.0,0.3181344866752624,0.3116,0
resumes/data\AUTOMOBILE\23009962.pdf,jds\INFORMATION-TECHNOLOGY\INFORMATION-TECHNOLOGY_mid.txt,AUTOMOBILE,0.0777,0.1,0,15.0,0.3442046642303467,0.2912,0
resumes/data\AUTOMOBILE\23009962.pdf,jds\INFORMATION-TECHNOLOGY\INFORMATION-TECHNOLOGY_entry.txt,AUTOMOBILE,0.0573,0.0,1,13.0,0.3336827754974365,0.2434,0
resumes/data\AUTOMOBILE\23522150.pdf,jds\APPAREL\APPAREL_senior.txt,AUTOMOBILE,0.0729,0.25,-2,8.0,0.4445089399814605,0.3602,0
resumes/data\AUTOMOBILE\23522150.pdf,jds\APPAREL\APPAREL_entry.txt,AUTOMOBILE,0.0665,0.1,-1,6.0,0.4212890863418579,0.3421,0
resumes/data\AUTOMOBILE\24592627.pdf,jds\DESIGNER\DESIGNER_entry.txt,AUTOMOBILE,0.0244,0.05,0,24.0,0.2551949024200439,0.2011,0
resumes/data\AUTOMOBILE\24592627.pdf,jds\DESIGNER\DESIGNER_mid.txt,AUTOMOBILE,0.0254,0.05,-1,26.0,0.306641161441803,0.288,0
resumes/data\AUTOMOBILE\24592627.pdf,jds\DESIGNER\DESIGNER_senior.txt,AUTOMOBILE,0.0174,0.15,-1,26.0,0.3130906820297241,0.2085,0
resumes/data\AUTOMOBILE\24703983.pdf,jds\CHEF\CHEF_senior.txt,AUTOMOBILE,0.0108,0.0,1,0.0,0.3326568007469177,0.2251,0
resumes/data\AUTOMOBILE\24703983.pdf,jds\CHEF\CHEF_entry.txt,AUTOMOBILE,0.0213,0.05,1,0.0,0.2779513597488403,0.1791,0
resumes/data\AUTOMOBILE\24703983.pdf,jds\CHEF\CHEF_mid.txt,AUTOMOBILE,0.0103,0.0,1,0.0,0.3026908040046692,0.2113,0
resumes/data\AUTOMOBILE\25047127.pdf,jds\FITNESS\FITNESS_senior.txt,AUTOMOBILE,0.042,0.15,-2,19.0,0.3767176866531372,0.2358,0
resumes/data\AUTOMOBILE\25047127.pdf,jds\FITNESS\FITNESS_mid.txt,AUTOMOBILE,0.0521,0.1,0,12.0,0.395439863204956,0.2638,0
resumes/data\AUTOMOBILE\25047127.pdf,jds\FITNESS\FITNESS_entry.txt,AUTOMOBILE,0.0568,0.05,1,17.0,0.3282586634159088,0.2344,0
resumes/data\AUTOMOBILE\26341645.pdf,jds\BANKING\BANKING_entry.txt,AUTOMOBILE,0.1317,0.45,0,20.0,0.3996205627918243,0.3651,0
resumes/data\AUTOMOBILE\26341645.pdf,jds\BANKING\BANKING_senior.txt,AUTOMOBILE,0.0727,0.1,-1,22.0,0.3898846507072449,0.3679,0
resumes/data\AUTOMOBILE\28790806.pdf,jds\ARTS\ARTS_entry.txt,AUTOMOBILE,0.0693,0.1,0,10.0,0.3486627340316772,0.2199,0
resumes/data\AUTOMOBILE\28790806.pdf,jds\ARTS\ARTS_senior.txt,AUTOMOBILE,0.0292,0.05,-2,10.0,0.3168208599090576,0.2205,0
resumes/data\AUTOMOBILE\28790806.pdf,jds\ARTS\ARTS_mid.txt,AUTOMOBILE,0.0561,0.1,-1,10.0,0.4324704706668854,0.2906,0
resumes/data\AUTOMOBILE\32069695.pdf,jds\ADVOCATE\ADVOCATE_senior.txt,AUTOMOBILE,0.0333,0.15,-1,32.0,0.3337164521217346,0.3702,0
resumes/data\AUTOMOBILE\32069695.pdf,jds\ADVOCATE\ADVOCATE_entry.txt,AUTOMOBILE,0.0357,0.1,-1,30.0,0.3773481547832489,0.3635,0
resumes/data\AUTOMOBILE\32069695.pdf,jds\ADVOCATE\ADVOCATE_mid.txt,AUTOMOBILE,0.0559,0.25,-1,32.0,0.31844162940979,0.3664,0
resumes/data\AUTOMOBILE\32109048.pdf,jds\ADVOCATE\ADVOCATE_entry.txt,AUTOMOBILE,0.041,0.1,0,10.0,0.4248875379562378,0.3556,0
resumes/data\AUTOMOBILE\32109048.pdf,jds\ADVOCATE\ADVOCATE_mid.txt,AUTOMOBILE,0.0504,0.2,0,12.0,0.3882681131362915,0.3418,0
resumes/data\AUTOMOBILE\32109048.pdf,jds\ADVOCATE\ADVOCATE_senior.txt,AUTOMOBILE,0.0377,0.1,0,12.0,0.387355089187622,0.2853,0
resumes/data\AUTOMOBILE\47487091.pdf,jds\HEALTHCARE\HEALTHCARE_entry.txt,AUTOMOBILE,0.0514,0.1,0,8.0,0.3232877850532532,0.3442,0
resumes/data\AUTOMOBILE\47487091.pdf,jds\HEALTHCARE\HEALTHCARE_senior.txt,AUTOMOBILE,0.0235,0.05,-1,10.0,0.221811905503273,0.1748,0
resumes/data\AUTOMOBILE\47487091.pdf,jds\HEALTHCARE\HEALTHCARE_mid.txt,AUTOMOBILE,0.0491,0.15,-1,10.0,0.2924691140651703,0.2572,0
resumes/data\AUTOMOBILE\63989974.pdf,jds\HEALTHCARE\HEALTHCARE_senior.txt,AUTOMOBILE,0.0328,0.0,-1,23.0,0.3505732417106628,0.2175,0
resumes/data\AUTOMOBILE\63989974.pdf,jds\HEALTHCARE\HEALTHCARE_entry.txt,AUTOMOBILE,0.0647,0.1,0,21.0,0.3456538915634155,0.2811,0
resumes/data\AUTOMOBILE\63989974.pdf,jds\HEALTHCARE\HEALTHCARE_mid.txt,AUTOMOBILE,0.0343,0.15,-1,23.0,0.3486630320549011,0.2944,0
resumes/data\AUTOMOBILE\82140102.pdf,jds\TEACHER\TEACHER_senior.txt,AUTOMOBILE,0.0255,0.1,-3,17.0,0.2908272743225097,0.1268,0
resumes/data\AUTOMOBILE\82140102.pdf,jds\TEACHER\TEACHER_entry.txt,AUTOMOBILE,0.0247,0.05,-1,17.0,0.2919467389583587,0.1273,0
resumes/data\AUTOMOBILE\82140102.pdf,jds\TEACHER\TEACHER_mid.txt,AUTOMOBILE,0.0244,0.05,-2,17.0,0.3680943250656128,0.1659,0
resumes/data\AUTOMOBILE\84295343.pdf,jds\AVIATION\AVIATION_mid.txt,AUTOMOBILE,0.0425,0.05,-1,-8.0,0.3326747417449951,0.2285,0
resumes/data\AUTOMOBILE\84295343.pdf,jds\AVIATION\AVIATION_entry.txt,AUTOMOBILE,0.0311,0.0,-1,-2.0,0.2860438525676727,0.1868,0
resumes/data\AUTOMOBILE\84295343.pdf,jds\AVIATION\AVIATION_senior.txt,AUTOMOBILE,0.0368,0.05,-1,0.0,0.3699820637702942,0.2537,0
resumes/data\AUTOMOBILE\91515108.pdf,jds\DIGITAL-MEDIA\DIGITAL-MEDIA_mid.txt,AUTOMOBILE,0.0644,0.15,0,6.0,0.3668037056922912,0.3641,0
resumes/data\AUTOMOBILE\91515108.pdf,jds\DIGITAL-MEDIA\DIGITAL-MEDIA_entry.txt,AUTOMOBILE,0.0576,0.05,1,4.0,0.3799156546592712,0.3455,0
resumes/data\AUTOMOBILE\91515108.pdf,jds\DIGITAL-MEDIA\DIGITAL-MEDIA_senior.txt,AUTOMOBILE,0.0718,0.25,0,6.0,0.3410706222057342,0.346,0
resumes/data\AUTOMOBILE\97449528.pdf,jds\ADVOCATE\ADVOCATE_entry.txt,AUTOMOBILE,0.0987,0.3,-1,10.0,0.3561141490936279,0.3039,0
resumes/data\AUTOMOBILE\97449528.pdf,jds\ADVOCATE\ADVOCATE_mid.txt,AUTOMOBILE,0.0762,0.3,-1,12.0,0.3323443830013275,0.29,0
resumes/data\AUTOMOBILE\97449528.pdf,jds\ADVOCATE\ADVOCATE_senior.txt,AUTOMOBILE,0.0683,0.25,-1,12.0,0.332715630531311,0.2632,0
resumes/data\AVIATION\10176815.pdf,jds\ARTS\ARTS_senior.txt,AVIATION,0.0136,0.05,-4,18.0,0.2607548236846924,0.2079,0
resumes/data\AVIATION\10176815.pdf,jds\ARTS\ARTS_mid.txt,AVIATION,0.0243,0.0,-3,18.0,0.2697095870971679,0.2385,0
resumes/data\AVIATION\10176815.pdf,jds\ARTS\ARTS_entry.txt,AVIATION,0.0469,0.15,-2,18.0,0.2868405878543854,0.2709,0
resumes/data\AVIATION\10395944.pdf,jds\FITNESS\FITNESS_senior.txt,AVIATION,0.0391,0.1,-3,9.0,0.2828583419322967,0.1669,0
resumes/data\AVIATION\10395944.pdf,jds\FITNESS\FITNESS_mid.txt,AVIATION,0.0621,0.1,-1,2.0,0.2890444993972778,0.2184,0
resumes/data\AVIATION\10395944.pdf,jds\FITNESS\FITNESS_entry.txt,AVIATION,0.0573,0.1,0,7.0,0.3665846288204193,0.2689,0
resumes/data\AVIATION\10567764.pdf,jds\ACCOUNTANT\ACCOUNTANT_senior.txt,AVIATION,0.0104,0.0,-1,23.0,0.3109335303306579,0.1952,0
resumes/data\AVIATION\10567764.pdf,jds\ACCOUNTANT\ACCOUNTANT_mid.txt,AVIATION,0.0188,0.0,-1,23.0,0.3026038110256195,0.1423,0
resumes/data\AVIATION\10567764.pdf,jds\ACCOUNTANT\ACCOUNTANT_entry.txt,AVIATION,0.0242,0.0,-1,21.0,0.2712131142616272,0.162,0
resumes/data\AVIATION\10945968.pdf,jds\PUBLIC-RELATIONS\PUBLIC-RELATIONS_senior.txt,AVIATION,0.0478,0.0,-1,20.0,0.3424689471721649,0.3142,0
resumes/data\AVIATION\10945968.pdf,jds\PUBLIC-RELATIONS\PUBLIC-RELATIONS_entry.txt,AVIATION,0.045,0.0,0,18.0,0.3228226602077484,0.3051,0
resumes/data\AVIATION\10945968.pdf,jds\PUBLIC-RELATIONS\PUBLIC-RELATIONS_mid.txt,AVIATION,0.0584,0.05,-1,20.0,0.3452073931694031,0.3079,0
resumes/data\AVIATION\11137306.pdf,jds\SALES\SALES_senior.txt,AVIATION,0.025,0.1,-2,3.0,0.2823957204818725,0.1933,0
resumes/data\AVIATION\11137306.pdf,jds\SALES\SALES_mid.txt,AVIATION,0.0238,0.1,-2,3.0,0.3217084109783172,0.1594,0
resumes/data\AVIATION\11137306.pdf,jds\SALES\SALES_entry.txt,AVIATION,0.0321,0.0,-1,3.0,0.2797706127166748,0.1976,0
resumes/data\AVIATION\11169163.pdf,jds\HR\HR_entry.txt,AVIATION,0.0731,0.1,0,11.0,0.5003198385238647,0.3773,0
resumes/data\AVIATION\11169163.pdf,jds\HR\HR_senior.txt,AVIATION,0.0615,0.05,0,11.0,0.589165210723877,0.3518,0
resumes/data\AVIATION\11333001.pdf,jds\APPAREL\APPAREL_entry.txt,AVIATION,0.0437,0.1,-1,4.0,0.2878327965736389,0.2081,0
resumes/data\AVIATION\11333001.pdf,jds\APPAREL\APPAREL_senior.txt,AVIATION,0.0408,0.05,-2,6.0,0.4368114173412323,0.1895,0
resumes/data\AVIATION\11333001.pdf,jds\APPAREL\APPAREL_mid.txt,AVIATION,0.0895,0.2,-2,6.0,0.4293383359909057,0.2697,0
resumes/data\AVIATION\11614114.pdf,jds\CONSULTANT\CONSULTANT_senior.txt,AVIATION,0.0609,0.05,-2,12.0,0.3878594636917114,0.3485,0
resumes/data\AVIATION\11752500.pdf,jds\DIGITAL-MEDIA\DIGITAL-MEDIA_entry.txt,AVIATION,0.0248,0.0,0,18.0,0.2809952199459076,0.2027,0
resumes/data\AVIATION\11752500.pdf,jds\DIGITAL-MEDIA\DIGITAL-MEDIA_mid.txt,AVIATION,0.0256,0.05,-1,20.0,0.3041223287582397,0.2264,0
resumes/data\AVIATION\11752500.pdf,jds\DIGITAL-MEDIA\DIGITAL-MEDIA_senior.txt,AVIATION,0.0257,0.1,-1,20.0,0.2695143818855285,0.1974,0
resumes/data\AVIATION\11804712.pdf,jds\CONSULTANT\CONSULTANT_mid.txt,AVIATION,0.0441,0.0,-1,16.0,0.339410126209259,0.2807,0
resumes/data\AVIATION\11804712.pdf,jds\CONSULTANT\CONSULTANT_entry.txt,AVIATION,0.067,0.25,-1,16.0,0.391825258731842,0.282,0
resumes/data\AVIATION\11804712.pdf,jds\CONSULTANT\CONSULTANT_senior.txt,AVIATION,0.044,0.1,-1,16.0,0.3341269493103027,0.2325,0
resumes/data\AVIATION\11959428.pdf,jds\TEACHER\TEACHER_mid.txt,AVIATION,0.0467,0.0,-1,9.0,0.3155194520950317,0.2562,0
resumes/data\AVIATION\11959428.pdf,jds\TEACHER\TEACHER_entry.txt,AVIATION,0.0413,0.0,0,9.0,0.2927154898643493,0.2558,0
resumes/data\AVIATION\11959428.pdf,jds\TEACHER\TEACHER_senior.txt,AVIATION,0.027,0.05,-2,9.0,0.3422712683677673,0.2472,0
resumes/data\AVIATION\12043694.pdf,jds\APPAREL\APPAREL_mid.txt,AVIATION,0.0382,0.05,-1,0.0,0.4147566556930542,0.3041,0
resumes/data\AVIATION\12043694.pdf,jds\APPAREL\APPAREL_senior.txt,AVIATION,0.0222,0.0,-1,0.0,0.3480361104011535,0.2745,0
resumes/data\AVIATION\12043694.pdf,jds\APPAREL\APPAREL_entry.txt,AVIATION,0.0221,0.0,0,-2.0,0.3487251400947571,0.3142,0
resumes/data\AVIATION\12144825.pdf,jds\DIGITAL-MEDIA\DIGITAL-MEDIA_senior.txt,AVIATION,0.0219,0.1,-1,14.0,0.3579832017421722,0.2537,0
resumes/data\AVIATION\12144825.pdf,jds\DIGITAL-MEDIA\DIGITAL-MEDIA_mid.txt,AVIATION,0.0404,0.15,-1,14.0,0.3785837888717651,0.3338,0
resumes/data\AVIATION\12144825.pdf,jds\DIGITAL-MEDIA\DIGITAL-MEDIA_entry.txt,AVIATION,0.043,0.15,0,12.0,0.3128901422023773,0.3316,0
resumes/data\AVIATION\12192507.pdf,jds\TEACHER\TEACHER_mid.txt,AVIATION,0.0291,0.0,0,0.0,0.2565712332725525,0.2741,0
resumes/data\AVIATION\12192507.pdf,jds\TEACHER\TEACHER_senior.txt,AVIATION,0.0268,0.05,-1,0.0,0.3116213679313659,0.2904,0
resumes/data\AVIATION\12192507.pdf,jds\TEACHER\TEACHER_entry.txt,AVIATION,0.0444,0.0,1,0.0,0.2303764522075653,0.2543,0
resumes/data\AVIATION\12239749.pdf,jds\BUSINESS-DEVELOPMENT\BUSINESS-DEVELOPMENT_entry.txt,AVIATION,0.046,0.05,1,3.0,0.32269087433815,0.3801,0
resumes/data\AVIATION\12239749.pdf,jds\BUSINESS-DEVELOPMENT\BUSINESS-DEVELOPMENT_mid.txt,AVIATION,0.0544,0.1,0,-3.0,0.3264761865139007,0.3891,0
resumes/data\AVIATION\12239749.pdf,jds\BUSINESS-DEVELOPMENT\BUSINESS-DEVELOPMENT_senior.txt,AVIATION,0.0528,0.15,0,5.0,0.2783409059047699,0.3577,0
resumes/data\AVIATION\12504278.pdf,jds\FITNESS\FITNESS_senior.txt,AVIATION,0.0419,0.1,-2,32.0,0.3060579001903534,0.2114,0
resumes/data\AVIATION\12504278.pdf,jds\FITNESS\FITNESS_mid.txt,AVIATION,0.0616,0.15,0,25.0,0.3254360556602478,0.236,0
resumes/data\AVIATION\12504278.pdf,jds\FITNESS\FITNESS_entry.txt,AVIATION,0.0512,0.1,1,30.0,0.3049928843975067,0.2624,0
resumes/data\AVIATION\12904972.pdf,jds\INFORMATION-TECHNOLOGY\INFORMATION-TECHNOLOGY_mid.txt,AVIATION,0.0511,0.05,0,12.0,0.4001698791980743,0.3732,0
resumes/data\AVIATION\12904972.pdf,jds\INFORMATION-TECHNOLOGY\INFORMATION-TECHNOLOGY_entry.txt,AVIATION,0.0301,0.0,1,10.0,0.3591876029968261,0.3538,0
resumes/data\AVIATION\12904972.pdf,jds\INFORMATION-TECHNOLOGY\INFORMATION-TECHNOLOGY_senior.txt,AVIATION,0.0427,0.05,0,12.0,0.3500750064849853,0.3493,0
resumes/data\AVIATION\13195436.pdf,jds\SALES\SALES_entry.txt,AVIATION,0.0249,0.0,-2,25.0,0.3173312842845917,0.2855,0
resumes/data\AVIATION\13195436.pdf,jds\SALES\SALES_mid.txt,AVIATION,0.0343,0.1,-3,25.0,0.3328970074653625,0.3011,0
resumes/data\AVIATION\13195436.pdf,jds\SALES\SALES_senior.txt,AVIATION,0.0341,0.15,-3,25.0,0.3115550279617309,0.3566,0
resumes/data\AVIATION\13234267.pdf,jds\AGRICULTURE\AGRICULTURE_senior.txt,AVIATION,0.0674,0.1,-1,73.0,0.4221165776252746,0.3385,0
resumes/data\AVIATION\13234267.pdf,jds\AGRICULTURE\AGRICULTURE_entry.txt,AVIATION,0.0634,0.05,1,73.0,0.3558585047721863,0.2506,0
resumes/data\AVIATION\13234267.pdf,jds\AGRICULTURE\AGRICULTURE_mid.txt,AVIATION,0.0648,0.05,0,66.0,0.3297281265258789,0.3136,0
resumes/data\AVIATION\13405229.pdf,jds\INFORMATION-TECHNOLOGY\INFORMATION-TECHNOLOGY_senior.txt,AVIATION,0.0162,0.0,-1,16.0,0.3046455383300781,0.129,0
resumes/data\AVIATION\13405229.pdf,jds\INFORMATION-TECHNOLOGY\INFORMATION-TECHNOLOGY_entry.txt,AVIATION,0.0177,0.0,0,14.0,0.2909581661224365,0.1243,0
resumes/data\AVIATION\13405229.pdf,jds\INFORMATION-TECHNOLOGY\INFORMATION-TECHNOLOGY_mid.txt,AVIATION,0.0382,0.1,-1,16.0,0.3136350810527801,0.1193,0
resumes/data\AVIATION\14589288.pdf,jds\BANKING\BANKING_mid.txt,AVIATION,0.0286,0.0,-2,0.0,0.3394151926040649,0.1326,0
resumes/data\AVIATION\14589288.pdf,jds\BANKING\BANKING_senior.txt,AVIATION,0.0256,0.0,-2,0.0,0.3590359985828399,0.181,0
resumes/data\AVIATION\14589288.pdf,jds\BANKING\BANKING_entry.txt,AVIATION,0.0415,0.0,-1,-2.0,0.4076094627380371,0.21,0
resumes/data\AVIATION\14874322.pdf,jds\HR\HR_mid.txt,AVIATION,0.0217,0.05,-1,0.0,0.2871044874191284,0.2186,0
resumes/data\AVIATION\14874322.pdf,jds\HR\HR_entry.txt,AVIATION,0.0181,0.0,-1,0.0,0.3241046965122223,0.2392,0
resumes/data\AVIATION\14874322.pdf,jds\HR\HR_senior.txt,AVIATION,0.0152,0.0,-1,0.0,0.2708209156990051,0.1819,0
resumes/data\AVIATION\15618327.pdf,jds\ARTS\ARTS_senior.txt,AVIATION,0.0287,0.05,-2,0.0,0.2597492933273315,0.1621,0
resumes/data\AVIATION\15618327.pdf,jds\ARTS\ARTS_mid.txt,AVIATION,0.0201,0.0,-1,0.0,0.2773336768150329,0.2033,0
resumes/data\AVIATION\15618327.pdf,jds\ARTS\ARTS_entry.txt,AVIATION,0.0337,0.0,0,0.0,0.20227812230587,0.1326,0
resumes/data\AVIATION\15684810.pdf,jds\PUBLIC-RELATIONS\PUBLIC-RELATIONS_entry.txt,AVIATION,0.0278,0.05,-1,-2.0,0.2956045866012573,0.2412,0
resumes/data\AVIATION\15684810.pdf,jds\PUBLIC-RELATIONS\PUBLIC-RELATIONS_mid.txt,AVIATION,0.0245,0.1,-2,0.0,0.2738882601261139,0.2424,0
resumes/data\AVIATION\15684810.pdf,jds\PUBLIC-RELATIONS\PUBLIC-RELATIONS_senior.txt,AVIATION,0.0255,0.05,-2,0.0,0.3092755973339081,0.1856,0
resumes/data\AVIATION\15823995.pdf,jds\ACCOUNTANT\ACCOUNTANT_mid.txt,AVIATION,0.0589,0.05,0,8.0,0.3798112273216247,0.3838,0
resumes/data\AVIATION\15823995.pdf,jds\ACCOUNTANT\ACCOUNTANT_senior.txt,AVIATION,0.0646,0.1,0,8.0,0.3684471547603607,0.3856,0
resumes/data\AVIATION\15823995.pdf,jds\ACCOUNTANT\ACCOUNTANT_entry.txt,AVIATION,0.0451,0.1,0,6.0,0.3903167843818664,0.3876,0
resumes/data\AVIATION\16279537.pdf,jds\BPO\BPO_entry.txt,AVIATION,0.0557,0.0,1,18.0,0.4515483379364013,0.2994,0
resumes/data\AVIATION\16449694.pdf,jds\FINANCE\FINANCE_entry.txt,AVIATION,0.0987,0.3,-1,14.0,0.307239294052124,0.5017,0
resumes/data\AVIATION\16833515.pdf,jds\AGRICULTURE\AGRICULTURE_mid.txt,AVIATION,0.0783,0.05,-2,-4.0,0.2576608061790466,0.248,0
resumes/data\AVIATION\16833515.pdf,jds\AGRICULTURE\AGRICULTURE_entry.txt,AVIATION,0.0635,0.15,-1,3.0,0.1997305899858474,0.2194,0
resumes/data\AVIATION\16833515.pdf,jds\AGRICULTURE\AGRICULTURE_senior.txt,AVIATION,0.0664,0.15,-3,3.0,0.2702355086803436,0.323,0
resumes/data\AVIATION\16850314.pdf,jds\FINANCE\FINANCE_entry.txt,AVIATION,0.0544,0.15,-1,14.0,0.2526755630970001,0.2608,0
resumes/data\AVIATION\16850314.pdf,jds\FINANCE\FINANCE_senior.txt,AVIATION,0.0368,0.0,-1,16.0,0.2959645092487335,0.2473,0
resumes/data\AVIATION\16850314.pdf,jds\FINANCE\FINANCE_mid.txt,AVIATION,0.0355,0.0,-1,16.0,0.2535296678543091,0.2662,0
resumes/data\AVIATION\17008356.pdf,jds\DESIGNER\DESIGNER_mid.txt,AVIATION,0.0368,0.1,0,1.0,0.3207883834838867,0.3217,0
resumes/data\AVIATION\17008356.pdf,jds\DESIGNER\DESIGNER_senior.txt,AVIATION,0.0545,0.2,0,1.0,0.3390817642211914,0.3312,0
resumes/data\AVIATION\17008356.pdf,jds\DESIGNER\DESIGNER_entry.txt,AVIATION,0.0312,0.05,1,-1.0,0.2462791800498962,0.2228,0
resumes/data\AVIATION\17152392.pdf,jds\DIGITAL-MEDIA\DIGITAL-MEDIA_entry.txt,AVIATION,0.0429,0.05,1,2.0,0.2605247795581817,0.1626,0
resumes/data\AVIATION\17152392.pdf,jds\DIGITAL-MEDIA\DIGITAL-MEDIA_senior.txt,AVIATION,0.0507,0.15,0,4.0,0.3205663561820984,0.2448,0
resumes/data\AVIATION\17152392.pdf,jds\DIGITAL-MEDIA\DIGITAL-MEDIA_mid.txt,AVIATION,0.0531,0.1,0,4.0,0.3101209104061126,0.2689,0
resumes/data\AVIATION\17274759.pdf,jds\APPAREL\APPAREL_entry.txt,AVIATION,0.033,0.0,0,12.0,0.3539184927940368,0.3352,0
resumes/data\AVIATION\17274759.pdf,jds\APPAREL\APPAREL_mid.txt,AVIATION,0.0601,0.05,-1,14.0,0.4580618143081665,0.3909,0
resumes/data\AVIATION\17274759.pdf,jds\APPAREL\APPAREL_senior.txt,AVIATION,0.0505,0.0,-1,14.0,0.3886198401451111,0.2913,0
resumes/data\AVIATION\17483843.pdf,jds\BUSINESS-DEVELOPMENT\BUSINESS-DEVELOPMENT_entry.txt,AVIATION,0.0793,0.2,-1,-2.0,0.3702522814273834,0.3109,0
resumes/data\AVIATION\17483843.pdf,jds\BUSINESS-DEVELOPMENT\BUSINESS-DEVELOPMENT_senior.txt,AVIATION,0.0563,0.2,-2,0.0,0.3815226554870605,0.2516,0
resumes/data\AVIATION\17483843.pdf,jds\BUSINESS-DEVELOPMENT\BUSINESS-DEVELOPMENT_mid.txt,AVIATION,0.064,0.2,-2,-8.0,0.3595954179763794,0.2883,0
resumes/data\AVIATION\17655479.pdf,jds\FITNESS\FITNESS_senior.txt,AVIATION,0.0275,0.0,-3,10.0,0.2437905222177505,0.2321,0
resumes/data\AVIATION\17655479.pdf,jds\FITNESS\FITNESS_mid.txt,AVIATION,0.0379,0.05,-1,3.0,0.3013454079627991,0.2751,0
resumes/data\AVIATION\17655479.pdf,jds\FITNESS\FITNESS_entry.txt,AVIATION,0.0498,0.05,0,8.0,0.3291400671005249,0.2992,0
resumes/data\AVIATION\17686472.pdf,jds\BUSINESS-DEVELOPMENT\BUSINESS-DEVELOPMENT_entry.txt,AVIATION,0.0503,0.1,0,-2.0,0.3715054988861084,0.3089,0
resumes/data\AVIATION\17686472.pdf,jds\BUSINESS-DEVELOPMENT\BUSINESS-DEVELOPMENT_mid.txt,AVIATION,0.0401,0.0,-1,-8.0,0.3855950832366943,0.3566,0
resumes/data\AVIATION\17686472.pdf,jds\BUSINESS-DEVELOPMENT\BUSINESS-DEVELOPMENT_senior.txt,AVIATION,0.0466,0.05,-1,0.0,0.3283921480178833,0.3486,0
resumes/data\AVIATION\17694572.pdf,jds\ARTS\ARTS_mid.txt,AVIATION,0.0363,0.0,0,18.0,0.2888799905776977,0.2607,0
resumes/data\AVIATION\17694572.pdf,jds\ARTS\ARTS_entry.txt,AVIATION,0.0263,0.0,1,18.0,0.2351313233375549,0.1606,0
resumes/data\AVIATION\17694572.pdf,jds\ARTS\ARTS_senior.txt,AVIATION,0.024,0.0,-1,18.0,0.2508135437965393,0.2576,0
resumes/data\AVIATION\17876954.pdf,jds\ADVOCATE\ADVOCATE_senior.txt,AVIATION,0.0637,0.2,-2,8.0,0.3185624778270721,0.2367,0
resumes/data\AVIATION\17876954.pdf,jds\ADVOCATE\ADVOCATE_mid.txt,AVIATION,0.0523,0.15,-2,8.0,0.2483860254287719,0.2193,0
resumes/data\AVIATION\17876954.pdf,jds\ADVOCATE\ADVOCATE_entry.txt,AVIATION,0.0627,0.05,-2,6.0,0.2873968780040741,0.2125,0
resumes/data\AVIATION\17983430.pdf,jds\BUSINESS-DEVELOPMENT\BUSINESS-DEVELOPMENT_entry.txt,AVIATION,0.0585,0.15,0,20.0,0.3970820009708404,0.4397,0
resumes/data\AVIATION\17983430.pdf,jds\BUSINESS-DEVELOPMENT\BUSINESS-DEVELOPMENT_mid.txt,AVIATION,0.0705,0.05,-1,14.0,0.3350855410099029,0.3854,0
resumes/data\AVIATION\18268860.pdf,jds\SALES\SALES_entry.txt,AVIATION,0.0494,0.05,0,0.0,0.2906653881072998,0.2034,0
resumes/data\AVIATION\18268860.pdf,jds\SALES\SALES_mid.txt,AVIATION,0.0532,0.05,-1,0.0,0.3188713192939758,0.216,0
resumes/data\AVIATION\18268860.pdf,jds\SALES\SALES_senior.txt,AVIATION,0.0439,0.05,-1,0.0,0.2975800037384033,0.2105,0
resumes/data\AVIATION\19284293.pdf,jds\BUSINESS-DEVELOPMENT\BUSINESS-DEVELOPMENT_senior.txt,AVIATION,0.0264,0.1,-1,20.0,0.3965033292770386,0.2752,0
resumes/data\AVIATION\19284293.pdf,jds\BUSINESS-DEVELOPMENT\BUSINESS-DEVELOPMENT_entry.txt,AVIATION,0.0228,0.05,0,18.0,0.4115622341632843,0.262,0
resumes/data\AVIATION\19284293.pdf,jds\BUSINESS-DEVELOPMENT\BUSINESS-DEVELOPMENT_mid.txt,AVIATION,0.0336,0.0,-1,12.0,0.3755009770393371,0.2715,0
resumes/data\AVIATION\19506295.pdf,jds\FITNESS\FITNESS_entry.txt,AVIATION,0.0477,0.1,2,9.0,0.3618088960647583,0.2761,0
resumes/data\AVIATION\19506295.pdf,jds\FITNESS\FITNESS_senior.txt,AVIATION,0.0326,0.05,-1,11.0,0.377050518989563,0.2448,0
resumes/data\AVIATION\19506295.pdf,jds\FITNESS\FITNESS_mid.txt,AVIATION,0.062,0.0,1,4.0,0.353241503238678,0.2401,0
resumes/data\AVIATION\19818707.pdf,jds\ARTS\ARTS_senior.txt,AVIATION,0.0323,0.05,-2,0.0,0.2426087409257888,0.1573,0
resumes/data\AVIATION\19818707.pdf,jds\ARTS\ARTS_mid.txt,AVIATION,0.0371,0.1,-1,0.0,0.2794991135597229,0.1504,0
resumes/data\AVIATION\19818707.pdf,jds\ARTS\ARTS_entry.txt,AVIATION,0.0241,0.1,0,0.0,0.2077481001615524,0.0951,0
resumes/data\AVIATION\20026169.pdf,jds\PUBLIC-RELATIONS\PUBLIC-RELATIONS_mid.txt,AVIATION,0.045,0.05,0,13.0,0.4140925407409668,0.2605,0
resumes/data\AVIATION\20026169.pdf,jds\PUBLIC-RELATIONS\PUBLIC-RELATIONS_senior.txt,AVIATION,0.0493,0.15,0,13.0,0.3717394471168518,0.3153,0
resumes/data\AVIATION\20026169.pdf,jds\PUBLIC-RELATIONS\PUBLIC-RELATIONS_entry.txt,AVIATION,0.0531,0.15,1,11.0,0.367653489112854,0.3006,0
resumes/data\AVIATION\21190805.pdf,jds\CONSTRUCTION\CONSTRUCTION_entry.txt,AVIATION,0.0435,0.05,0,15.0,0.3152353763580322,0.2939,0
resumes/data\AVIATION\21190805.pdf,jds\CONSTRUCTION\CONSTRUCTION_senior.txt,AVIATION,0.0554,0.15,-1,17.0,0.3545004725456238,0.3918,0
resumes/data\AVIATION\21190805.pdf,jds\CONSTRUCTION\CONSTRUCTION_mid.txt,AVIATION,0.0438,0.1,-1,17.0,0.3261202275753021,0.4029,0
resumes/data\AVIATION\21287405.pdf,jds\CONSTRUCTION\CONSTRUCTION_mid.txt,AVIATION,0.0421,0.1,-1,5.0,0.3778753876686096,0.3826,0
resumes/data\AVIATION\21287405.pdf,jds\CONSTRUCTION\CONSTRUCTION_entry.txt,AVIATION,0.0792,0.25,0,3.0,0.3756603002548218,0.3784,0
resumes/data\AVIATION\21287405.pdf,jds\CONSTRUCTION\CONSTRUCTION_senior.txt,AVIATION,0.0763,0.15,-1,5.0,0.3928622007369995,0.3698,0
resumes/data\AVIATION\22168194.pdf,jds\TEACHER\TEACHER_senior.txt,AVIATION,0.0329,0.1,-3,10.0,0.3545009195804596,0.1354,0
resumes/data\AVIATION\22168194.pdf,jds\TEACHER\TEACHER_mid.txt,AVIATION,0.0329,0.05,-2,10.0,0.3776331543922424,0.1684,0
resumes/data\AVIATION\22168194.pdf,jds\TEACHER\TEACHER_entry.txt,AVIATION,0.0387,0.05,-1,10.0,0.3616267442703247,0.1575,0
resumes/data\AVIATION\22232367.pdf,jds\ADVOCATE\ADVOCATE_mid.txt,AVIATION,0.0502,0.1,-2,21.0,0.320482850074768,0.2616,0
resumes/data\AVIATION\22232367.pdf,jds\ADVOCATE\ADVOCATE_senior.txt,AVIATION,0.0302,0.05,-2,21.0,0.3115094900131225,0.2683,0
resumes/data\AVIATION\22232367.pdf,jds\ADVOCATE\ADVOCATE_entry.txt,AVIATION,0.067,0.1,-2,19.0,0.3740154206752777,0.3092,0
resumes/data\AVIATION\22442947.pdf,jds\FINANCE\FINANCE_mid.txt,AVIATION,0.0369,0.0,-2,13.0,0.1713910400867462,0.1774,0
resumes/data\AVIATION\22442947.pdf,jds\FINANCE\FINANCE_entry.txt,AVIATION,0.0416,0.1,-2,11.0,0.1430944949388504,0.1517,0
resumes/data\AVIATION\22442947.pdf,jds\FINANCE\FINANCE_senior.txt,AVIATION,0.0539,0.05,-2,13.0,0.1871134340763092,0.1734,0
resumes/data\AVIATION\22650051.pdf,jds\DIGITAL-MEDIA\DIGITAL-MEDIA_entry.txt,AVIATION,0.0396,0.0,-1,9.0,0.3220272660255432,0.4092,0
resumes/data\AVIATION\22650051.pdf,jds\DIGITAL-MEDIA\DIGITAL-MEDIA_mid.txt,AVIATION,0.0322,0.05,-2,11.0,0.3233030438423157,0.419,0
resumes/data\AVIATION\22650051.pdf,jds\DIGITAL-MEDIA\DIGITAL-MEDIA_senior.txt,AVIATION,0.0405,0.05,-2,11.0,0.3184407651424408,0.4147,0
resumes/data\AVIATION\22990761.pdf,jds\BUSINESS-DEVELOPMENT\BUSINESS-DEVELOPMENT_mid.txt,AVIATION,0.0231,0.0,-1,-8.0,0.3282658457756042,0.1341,0
resumes/data\AVIATION\22990761.pdf,jds\BUSINESS-DEVELOPMENT\BUSINESS-DEVELOPMENT_entry.txt,AVIATION,0.0292,0.0,0,-2.0,0.2964423894882202,0.1287,0
resumes/data\AVIATION\22990761.pdf,jds\BUSINESS-DEVELOPMENT\BUSINESS-DEVELOPMENT_senior.txt,AVIATION,0.0278,0.15,-1,0.0,0.2664278149604797,0.0981,0
resumes/data\AVIATION\23464505.pdf,jds\ADVOCATE\ADVOCATE_senior.txt,AVIATION,0.0236,0.0,0,0.0,0.371675044298172,0.405,0
resumes/data\AVIATION\23464505.pdf,jds\ADVOCATE\ADVOCATE_mid.txt,AVIATION,0.049,0.05,0,0.0,0.361357718706131,0.3622,0
resumes/data\AVIATION\23464505.pdf,jds\ADVOCATE\ADVOCATE_entry.txt,AVIATION,0.0437,0.05,0,-2.0,0.3829368650913238,0.4233,0
resumes/data\AVIATION\23761385.pdf,jds\INFORMATION-TECHNOLOGY\INFORMATION-TECHNOLOGY_entry.txt,AVIATION,0.0601,0.0,1,10.0,0.4092640876770019,0.4265,0
resumes/data\AVIATION\23985183.pdf,jds\BUSINESS-DEVELOPMENT\BUSINESS-DEVELOPMENT_mid.txt,AVIATION,0.0905,0.1,-1,5.0,0.3603078722953796,0.3703,0
resumes/data\AVIATION\23985183.pdf,jds\BUSINESS-DEVELOPMENT\BUSINESS-DEVELOPMENT_entry.txt,AVIATION,0.08,0.15,0,11.0,0.3968374133110046,0.3835,0
resumes/data\AVIATION\24154692.pdf,jds\TEACHER\TEACHER_entry.txt,AVIATION,0.0671,0.1,-1,15.0,0.4231485724449157,0.2012,0
resumes/data\AVIATION\24154692.pdf,jds\TEACHER\TEACHER_mid.txt,AVIATION,0.0445,0.15,-2,15.0,0.474099189043045,0.287,0
resumes/data\AVIATION\24154692.pdf,jds\TEACHER\TEACHER_senior.txt,AVIATION,0.1042,0.3,-3,15.0,0.4808971881866455,0.2815,0
resumes/data\AVIATION\24544244.pdf,jds\AGRICULTURE\AGRICULTURE_senior.txt,AVIATION,0.0629,0.05,-2,0.0,0.3852459192276001,0.2453,0
resumes/data\AVIATION\24544244.pdf,jds\AGRICULTURE\AGRICULTURE_entry.txt,AVIATION,0.0734,0.05,0,0.0,0.391296923160553,0.2114,0
resumes/data\AVIATION\24544244.pdf,jds\AGRICULTURE\AGRICULTURE_mid.txt,AVIATION,0.0774,0.05,-1,-7.0,0.265445202589035,0.171,0
resumes/data\AVIATION\24589765.pdf,jds\CHEF\CHEF_mid.txt,AVIATION,0.063,0.1,1,12.0,0.2612872123718261,0.1366,0
resumes/data\AVIATION\24589765.pdf,jds\CHEF\CHEF_entry.txt,AVIATION,0.0482,0.05,1,12.0,0.2375372350215912,0.1052,0
resumes/data\AVIATION\24589765.pdf,jds\CHEF\CHEF_senior.txt,AVIATION,0.074,0.05,1,12.0,0.2312177717685699,0.162,0
resumes/data\AVIATION\24668861.pdf,jds\BPO\BPO_entry.txt,AVIATION,0.0664,0.05,2,3.0,0.3484213352203369,0.3322,0
resumes/data\AVIATION\24773845.pdf,jds\BPO\BPO_entry.txt,AVIATION,0.0466,0.0,1,12.0,0.4526599049568176,0.3326,0
resumes/data\AVIATION\25719936.pdf,jds\BUSINESS-DEVELOPMENT\BUSINESS-DEVELOPMENT_senior.txt,AVIATION,0.0514,0.15,-1,5.0,0.3046498894691467,0.326,0
resumes/data\AVIATION\25719936.pdf,jds\BUSINESS-DEVELOPMENT\BUSINESS-DEVELOPMENT_mid.txt,AVIATION,0.0515,0.15,-1,-3.0,0.3024051487445831,0.2983,0
resumes/data\AVIATION\25719936.pdf,jds\BUSINESS-DEVELOPMENT\BUSINESS-DEVELOPMENT_entry.txt,AVIATION,0.0309,0.15,0,3.0,0.3004683256149292,0.2606,0
resumes/data\AVIATION\26279402.pdf,jds\DIGITAL-MEDIA\DIGITAL-MEDIA_mid.txt,AVIATION,0.0311,0.0,-1,23.0,0.4707191884517669,0.3529,0
resumes/data\AVIATION\26279402.pdf,jds\DIGITAL-MEDIA\DIGITAL-MEDIA_senior.txt,AVIATION,0.0276,0.05,-1,23.0,0.3970444202423095,0.259,0
resumes/data\AVIATION\26279402.pdf,jds\DIGITAL-MEDIA\DIGITAL-MEDIA_entry.txt,AVIATION,0.0245,0.0,0,21.0,0.4651376008987427,0.3096,0
resumes/data\AVIATION\26819872.pdf,jds\CHEF\CHEF_mid.txt,AVIATION,0.0684,0.2,-1,1.0,0.2897283434867859,0.328,0
resumes/data\AVIATION\26819872.pdf,jds\CHEF\CHEF_senior.txt,AVIATION,0.0507,0.1,-1,1.0,0.2609496414661407,0.2966,0
resumes/data\AVIATION\26819872.pdf,jds\CHEF\CHEF_entry.txt,AVIATION,0.0603,0.15,-1,1.0,0.2991492748260498,0.2571,0
resumes/data\AVIATION\26888302.pdf,jds\APPAREL\APPAREL_senior.txt,AVIATION,0.0423,0.05,-1,18.0,0.3525090217590332,0.3212,0
resumes/data\AVIATION\26888302.pdf,jds\APPAREL\APPAREL_entry.txt,AVIATION,0.0589,0.2,0,16.0,0.3250705897808075,0.2988,0
resumes/data\AVIATION\27502951.pdf,jds\BPO\BPO_entry.txt,AVIATION,0.0857,0.15,1,14.0,0.3439759612083435,0.3529,0
resumes/data\AVIATION\27512470.pdf,jds\ADVOCATE\ADVOCATE_senior.txt,AVIATION,0.048,0.2,0,18.0,0.2764948010444641,0.297,0
resumes/data\AVIATION\27512470.pdf,jds\ADVOCATE\ADVOCATE_entry.txt,AVIATION,0.0665,0.1,0,16.0,0.333067774772644,0.3093,0
resumes/data\AVIATION\27512470.pdf,jds\ADVOCATE\ADVOCATE_mid.txt,AVIATION,0.0578,0.2,0,18.0,0.3164997696876526,0.2736,0
resumes/data\AVIATION\27902692.pdf,jds\ACCOUNTANT\ACCOUNTANT_mid.txt,AVIATION,0.0309,0.1,-1,10.0,0.3381070792675018,0.3085,0
resumes/data\AVIATION\27902692.pdf,jds\ACCOUNTANT\ACCOUNTANT_senior.txt,AVIATION,0.0315,0.1,-1,10.0,0.3382807374000549,0.3383,0
resumes/data\AVIATION\27902692.pdf,jds\ACCOUNTANT\ACCOUNTANT_entry.txt,AVIATION,0.0292,0.1,-1,8.0,0.3311080932617187,0.342,0
resumes/data\AVIATION\28020046.pdf,jds\ARTS\ARTS_entry.txt,AVIATION,0.0466,0.1,0,2.0,0.2642607688903808,0.2727,0
resumes/data\AVIATION\28020046.pdf,jds\ARTS\ARTS_mid.txt,AVIATION,0.033,0.1,-1,2.0,0.3527792096138,0.332,0
resumes/data\AVIATION\28020046.pdf,jds\ARTS\ARTS_senior.txt,AVIATION,0.0193,0.05,-2,2.0,0.2165769189596176,0.2365,0
resumes/data\AVIATION\28186635.pdf,jds\DIGITAL-MEDIA\DIGITAL-MEDIA_senior.txt,AVIATION,0.0353,0.15,-2,24.0,0.2961848974227905,0.3166,0
resumes/data\AVIATION\28186635.pdf,jds\DIGITAL-MEDIA\DIGITAL-MEDIA_entry.txt,AVIATION,0.0485,0.05,-1,22.0,0.2798927426338196,0.3039,0
resumes/data\AVIATION\28186635.pdf,jds\DIGITAL-MEDIA\DIGITAL-MEDIA_mid.txt,AVIATION,0.0538,0.1,-2,24.0,0.3336071968078613,0.3601,0
resumes/data\AVIATION\28383893.pdf,jds\INFORMATION-TECHNOLOGY\INFORMATION-TECHNOLOGY_senior.txt,AVIATION,0.0457,0.15,-1,10.0,0.4069260358810425,0.3977,0
resumes/data\AVIATION\28383893.pdf,jds\INFORMATION-TECHNOLOGY\INFORMATION-TECHNOLOGY_entry.txt,AVIATION,0.0617,0.0,0,8.0,0.4153743982315063,0.4056,0
resumes/data\AVIATION\29161565.pdf,jds\HEALTHCARE\HEALTHCARE_senior.txt,AVIATION,0.0318,0.05,-1,10.0,0.2490282505750656,0.2358,0
resumes/data\AVIATION\29161565.pdf,jds\HEALTHCARE\HEALTHCARE_mid.txt,AVIATION,0.0283,0.05,-1,10.0,0.2859071791172027,0.2801,0
resumes/data\AVIATION\29161565.pdf,jds\HEALTHCARE\HEALTHCARE_entry.txt,AVIATION,0.0376,0.05,0,8.0,0.2953847646713257,0.3305,0
resumes/data\AVIATION\29167286.pdf,jds\BANKING\BANKING_senior.txt,AVIATION,0.035,0.0,-3,15.0,0.3306084871292114,0.2029,0
resumes/data\AVIATION\29167286.pdf,jds\BANKING\BANKING_mid.txt,AVIATION,0.0348,0.0,-3,15.0,0.3196038603782654,0.1932,0
resumes/data\AVIATION\29167286.pdf,jds\BANKING\BANKING_entry.txt,AVIATION,0.0392,0.1,-2,13.0,0.3927658200263977,0.2681,0
resumes/data\AVIATION\29221006.pdf,jds\ARTS\ARTS_senior.txt,AVIATION,0.0243,0.15,-1,0.0,0.3248775601387024,0.2262,0
resumes/data\AVIATION\29221006.pdf,jds\ARTS\ARTS_mid.txt,AVIATION,0.0209,0.05,0,0.0,0.2999743819236755,0.2532,0
resumes/data\AVIATION\29221006.pdf,jds\ARTS\ARTS_entry.txt,AVIATION,0.0328,0.05,1,0.0,0.2748894691467285,0.1541,0
resumes/data\AVIATION\29534737.pdf,jds\INFORMATION-TECHNOLOGY\INFORMATION-TECHNOLOGY_entry.txt,AVIATION,0.0734,0.0,-2,19.0,0.3884547352790832,0.3478,0
resumes/data\AVIATION\29534737.pdf,jds\INFORMATION-TECHNOLOGY\INFORMATION-TECHNOLOGY_mid.txt,AVIATION,0.0766,0.1,-3,21.0,0.4170319736003876,0.3098,0
resumes/data\AVIATION\29595906.pdf,jds\AGRICULTURE\AGRICULTURE_senior.txt,AVIATION,0.043,0.0,-3,1.0,0.289096474647522,0.4019,0
resumes/data\AVIATION\29595906.pdf,jds\AGRICULTURE\AGRICULTURE_entry.txt,AVIATION,0.0179,0.0,-1,1.0,0.291900485754013,0.3352,0
resumes/data\AVIATION\29595906.pdf,jds\AGRICULTURE\AGRICULTURE_mid.txt,AVIATION,0.0235,0.0,-2,-6.0,0.2748668193817138,0.3443,0
resumes/data\AVIATION\30148777.pdf,jds\FINANCE\FINANCE_entry.txt,AVIATION,0.0368,0.15,0,4.0,0.2862750291824341,0.3136,0
resumes/data\AVIATION\30148777.pdf,jds\FINANCE\FINANCE_senior.txt,AVIATION,0.0428,0.05,0,6.0,0.2038262039422989,0.2323,0
resumes/data\AVIATION\30148777.pdf,jds\FINANCE\FINANCE_mid.txt,AVIATION,0.0382,0.05,0,6.0,0.249874547123909,0.2701,0
resumes/data\AVIATION\31536294.pdf,jds\ARTS\ARTS_entry.txt,AVIATION,0.03,0.15,0,12.0,0.2691147923469543,0.2329,0
resumes/data\AVIATION\31536294.pdf,jds\ARTS\ARTS_senior.txt,AVIATION,0.0268,0.1,-2,12.0,0.2720044255256653,0.207,0
resumes/data\AVIATION\31536294.pdf,jds\ARTS\ARTS_mid.txt,AVIATION,0.0331,0.1,-1,12.0,0.3395904302597046,0.3162,0
resumes/data\AVIATION\31605080.pdf,jds\DESIGNER\DESIGNER_entry.txt,AVIATION,0.0318,0.05,0,8.0,0.351238489151001,0.2762,0
resumes/data\AVIATION\31605080.pdf,jds\DESIGNER\DESIGNER_mid.txt,AVIATION,0.0457,0.15,-1,10.0,0.3708207607269287,0.3324,0
resumes/data\AVIATION\31605080.pdf,jds\DESIGNER\DESIGNER_senior.txt,AVIATION,0.0263,0.05,-1,10.0,0.3448428511619568,0.3168,0
resumes/data\AVIATION\32720816.pdf,jds\ACCOUNTANT\ACCOUNTANT_entry.txt,AVIATION,0.0303,0.05,-1,-1.0,0.369951069355011,0.3262,0
resumes/data\AVIATION\32720816.pdf,jds\ACCOUNTANT\ACCOUNTANT_mid.txt,AVIATION,0.0438,0.0,-1,1.0,0.3415172100067138,0.3279,0
resumes/data\AVIATION\32720816.pdf,jds\ACCOUNTANT\ACCOUNTANT_senior.txt,AVIATION,0.0503,0.1,-1,1.0,0.3521487116813659,0.3356,0
resumes/data\AVIATION\33627938.pdf,jds\ACCOUNTANT\ACCOUNTANT_senior.txt,AVIATION,0.0246,0.05,-1,12.0,0.4902757108211517,0.3912,0
resumes/data\AVIATION\33627938.pdf,jds\ACCOUNTANT\ACCOUNTANT_mid.txt,AVIATION,0.0252,0.1,-1,12.0,0.4407121539115906,0.3284,0
resumes/data\AVIATION\33627938.pdf,jds\ACCOUNTANT\ACCOUNTANT_entry.txt,AVIATION,0.0168,0.05,-1,10.0,0.4237083196640014,0.3592,0
resumes/data\AVIATION\34419403.pdf,jds\ACCOUNTANT\ACCOUNTANT_senior.txt,AVIATION,0.0494,0.05,-2,12.0,0.3138123750686645,0.242,0
resumes/data\AVIATION\34419403.pdf,jds\ACCOUNTANT\ACCOUNTANT_mid.txt,AVIATION,0.0487,0.0,-2,12.0,0.3881165385246277,0.2714,0
resumes/data\AVIATION\34419403.pdf,jds\ACCOUNTANT\ACCOUNTANT_entry.txt,AVIATION,0.0374,0.05,-2,10.0,0.3284006118774414,0.2367,0
resumes/data\AVIATION\36252245.pdf,jds\APPAREL\APPAREL_entry.txt,AVIATION,0.0406,0.05,-1,-2.0,0.3088286817073822,0.2294,0
resumes/data\AVIATION\36252245.pdf,jds\APPAREL\APPAREL_senior.txt,AVIATION,0.0586,0.05,-2,0.0,0.3548774123191833,0.2651,0
resumes/data\AVIATION\36252245.pdf,jds\APPAREL\APPAREL_mid.txt,AVIATION,0.0634,0.0,-2,0.0,0.3708730936050415,0.2796,0
resumes/data\AVIATION\36727173.pdf,jds\BPO\BPO_mid.txt,AVIATION,0.0841,0.25,-1,11.0,0.4215608537197113,0.3585,0
resumes/data\AVIATION\36727173.pdf,jds\BPO\BPO_entry.txt,AVIATION,0.0638,0.1,-1,9.0,0.4168245494365692,0.2416,0
resumes/data\AVIATION\37473139.pdf,jds\CHEF\CHEF_mid.txt,AVIATION,0.0633,0.05,1,16.0,0.3151563107967376,0.3334,0
resumes/data\AVIATION\37473139.pdf,jds\CHEF\CHEF_entry.txt,AVIATION,0.0612,0.1,1,16.0,0.2753686904907226,0.2667,0
resumes/data\AVIATION\37473139.pdf,jds\CHEF\CHEF_senior.txt,AVIATION,0.036,0.0,1,16.0,0.3194721043109894,0.282,0
resumes/data\AVIATION\38047274.pdf,jds\DIGITAL-MEDIA\DIGITAL-MEDIA_mid.txt,AVIATION,0.0316,0.15,-2,4.0,0.3534209132194519,0.3331,0
resumes/data\AVIATION\38047274.pdf,jds\DIGITAL-MEDIA\DIGITAL-MEDIA_entry.txt,AVIATION,0.0296,0.0,-1,2.0,0.3224250972270965,0.287,0
resumes/data\AVIATION\38047274.pdf,jds\DIGITAL-MEDIA\DIGITAL-MEDIA_senior.txt,AVIATION,0.0127,0.0,-2,4.0,0.3227089345455169,0.2528,0
resumes/data\AVIATION\38154903.pdf,jds\CONSTRUCTION\CONSTRUCTION_senior.txt,AVIATION,0.0329,0.05,-2,10.0,0.3304327428340912,0.3549,0
resumes/data\AVIATION\38154903.pdf,jds\CONSTRUCTION\CONSTRUCTION_entry.txt,AVIATION,0.0498,0.05,-1,8.0,0.4249587953090668,0.3529,0
resumes/data\AVIATION\38154903.pdf,jds\CONSTRUCTION\CONSTRUCTION_mid.txt,AVIATION,0.0358,0.05,-2,10.0,0.331203818321228,0.4132,0
resumes/data\AVIATION\38355831.pdf,jds\AGRICULTURE\AGRICULTURE_mid.txt,AVIATION,0.0158,0.0,-2,12.0,0.2865213453769684,0.3197,0
resumes/data\AVIATION\38355831.pdf,jds\AGRICULTURE\AGRICULTURE_senior.txt,AVIATION,0.0312,0.15,-3,19.0,0.3123632371425628,0.3294,0
resumes/data\AVIATION\38355831.pdf,jds\AGRICULTURE\AGRICULTURE_entry.txt,AVIATION,0.0305,0.05,-1,19.0,0.279507577419281,0.246,0
resumes/data\AVIATION\38663892.pdf,jds\INFORMATION-TECHNOLOGY\INFORMATION-TECHNOLOGY_mid.txt,AVIATION,0.0521,0.1,-1,0.0,0.4359624087810516,0.3634,0
resumes/data\AVIATION\38663892.pdf,jds\INFORMATION-TECHNOLOGY\INFORMATION-TECHNOLOGY_entry.txt,AVIATION,0.0584,0.05,0,-2.0,0.4439511895179748,0.3734,0
resumes/data\AVIATION\38663892.pdf,jds\INFORMATION-TECHNOLOGY\INFORMATION-TECHNOLOGY_senior.txt,AVIATION,0.0297,0.1,-1,0.0,0.3120246231555938,0.2725,0
resumes/data\AVIATION\38989376.pdf,jds\BANKING\BANKING_entry.txt,AVIATION,0.0779,0.35,1,20.0,0.3802436590194702,0.3081,0
resumes/data\AVIATION\38989376.pdf,jds\BANKING\BANKING_mid.txt,AVIATION,0.0977,0.2,0,22.0,0.3479933440685272,0.2674,0
resumes/data\AVIATION\38989376.pdf,jds\BANKING\BANKING_senior.txt,AVIATION,0.0683,0.15,0,22.0,0.3874216675758362,0.3453,0
resumes/data\AVIATION\42427521.pdf,jds\TEACHER\TEACHER_mid.txt,AVIATION,0.0217,0.05,0,27.0,0.3750200867652893,0.204,0
resumes/data\AVIATION\42427521.pdf,jds\TEACHER\TEACHER_entry.txt,AVIATION,0.0488,0.1,1,27.0,0.4000551402568817,0.1858,0
resumes/data\AVIATION\42427521.pdf,jds\TEACHER\TEACHER_senior.txt,AVIATION,0.035,0.15,-1,27.0,0.3091471791267395,0.1873,0
resumes/data\AVIATION\42546558.pdf,jds\BUSINESS-DEVELOPMENT\BUSINESS-DEVELOPMENT_entry.txt,AVIATION,0.0516,0.15,0,2.0,0.3939663767814636,0.176,0
resumes/data\AVIATION\42546558.pdf,jds\BUSINESS-DEVELOPMENT\BUSINESS-DEVELOPMENT_mid.txt,AVIATION,0.0468,0.1,-1,-4.0,0.4377809166908264,0.1931,0
resumes/data\AVIATION\42546558.pdf,jds\BUSINESS-DEVELOPMENT\BUSINESS-DEVELOPMENT_senior.txt,AVIATION,0.0411,0.15,-1,4.0,0.4123688638210296,0.222,0
resumes/data\AVIATION\42641525.pdf,jds\ADVOCATE\ADVOCATE_entry.txt,AVIATION,0.0513,0.05,-1,30.0,0.3095735311508178,0.2651,0
resumes/data\AVIATION\42641525.pdf,jds\ADVOCATE\ADVOCATE_mid.txt,AVIATION,0.065,0.1,-1,32.0,0.3111767172813415,0.2712,0
resumes/data\AVIATION\42641525.pdf,jds\ADVOCATE\ADVOCATE_senior.txt,AVIATION,0.0433,0.1,-1,32.0,0.2760525643825531,0.2015,0
resumes/data\AVIATION\43408471.pdf,jds\BANKING\BANKING_mid.txt,AVIATION,0.055,0.05,-3,17.0,0.3574323058128357,0.361,0
resumes/data\AVIATION\43408471.pdf,jds\BANKING\BANKING_entry.txt,AVIATION,0.0534,0.2,-2,15.0,0.5126078724861145,0.4166,0
resumes/data\AVIATION\43408471.pdf,jds\BANKING\BANKING_senior.txt,AVIATION,0.0446,0.0,-3,17.0,0.4162703156471252,0.3494,0
resumes/data\AVIATION\43720116.pdf,jds\PUBLIC-RELATIONS\PUBLIC-RELATIONS_entry.txt,AVIATION,0.0169,0.0,1,10.0,0.2692393064498901,0.0952,0
resumes/data\AVIATION\43720116.pdf,jds\PUBLIC-RELATIONS\PUBLIC-RELATIONS_mid.txt,AVIATION,0.0241,0.05,0,12.0,0.2303976416587829,0.08,0
resumes/data\AVIATION\43720116.pdf,jds\PUBLIC-RELATIONS\PUBLIC-RELATIONS_senior.txt,AVIATION,0.0138,0.0,0,12.0,0.278960645198822,0.1137,0
resumes/data\AVIATION\49646155.pdf,jds\CONSTRUCTION\CONSTRUCTION_entry.txt,AVIATION,0.0726,0.3,0,-2.0,0.3427833914756775,0.2561,0
resumes/data\AVIATION\50775901.pdf,jds\INFORMATION-TECHNOLOGY\INFORMATION-TECHNOLOGY_mid.txt,AVIATION,0.059,0.1,-1,24.0,0.4761745035648346,0.3904,0
resumes/data\AVIATION\50775901.pdf,jds\INFORMATION-TECHNOLOGY\INFORMATION-TECHNOLOGY_senior.txt,AVIATION,0.0473,0.15,-1,24.0,0.3853626847267151,0.3317,0
resumes/data\AVIATION\50775901.pdf,jds\INFORMATION-TECHNOLOGY\INFORMATION-TECHNOLOGY_entry.txt,AVIATION,0.047,0.05,0,22.0,0.4384581446647644,0.3564,0
resumes/data\AVIATION\54232810.pdf,jds\AGRICULTURE\AGRICULTURE_senior.txt,AVIATION,0.057,0.15,-3,27.0,0.301720380783081,0.1994,0
resumes/data\AVIATION\54232810.pdf,jds\AGRICULTURE\AGRICULTURE_mid.txt,AVIATION,0.059,0.1,-2,20.0,0.2494353950023651,0.1341,0
resumes/data\AVIATION\54232810.pdf,jds\AGRICULTURE\AGRICULTURE_entry.txt,AVIATION,0.047,0.05,-1,27.0,0.2366355508565902,0.1207,0
resumes/data\AVIATION\58048626.pdf,jds\APPAREL\APPAREL_entry.txt,AVIATION,0.0301,0.0,1,2.0,0.3017976880073547,0.3271,0
resumes/data\AVIATION\61315605.pdf,jds\CONSULTANT\CONSULTANT_senior.txt,AVIATION,0.053,0.15,-1,14.0,0.4055752754211426,0.2844,0
resumes/data\AVIATION\61315605.pdf,jds\CONSULTANT\CONSULTANT_mid.txt,AVIATION,0.065,0.05,-1,14.0,0.4468497633934021,0.3471,0
resumes/data\AVIATION\61315605.pdf,jds\CONSULTANT\CONSULTANT_entry.txt,AVIATION,0.0613,0.1,-1,14.0,0.3972194790840149,0.2889,0
resumes/data\AVIATION\65219288.pdf,jds\ACCOUNTANT\ACCOUNTANT_senior.txt,AVIATION,0.0337,0.0,-1,0.0,0.2987238764762878,0.3362,0
resumes/data\AVIATION\65219288.pdf,jds\ACCOUNTANT\ACCOUNTANT_mid.txt,AVIATION,0.0411,0.0,-1,0.0,0.2946351170539856,0.3178,0
resumes/data\AVIATION\65219288.pdf,jds\ACCOUNTANT\ACCOUNTANT_entry.txt,AVIATION,0.0339,0.0,-1,-2.0,0.3310510516166687,0.307,0
resumes/data\AVIATION\67631413.pdf,jds\HEALTHCARE\HEALTHCARE_entry.txt,AVIATION,0.0787,0.1,0,16.0,0.3680635392665863,0.3661,0
resumes/data\AVIATION\67631413.pdf,jds\HEALTHCARE\HEALTHCARE_mid.txt,AVIATION,0.0681,0.25,-1,18.0,0.3636144995689392,0.3122,0
resumes/data\AVIATION\67631413.pdf,jds\HEALTHCARE\HEALTHCARE_senior.txt,AVIATION,0.043,0.15,-1,18.0,0.3107275366783142,0.278,0
resumes/data\AVIATION\68216398.pdf,jds\FINANCE\FINANCE_entry.txt,AVIATION,0.0266,0.05,-2,-2.0,0.2142894566059112,0.1443,0
resumes/data\AVIATION\68216398.pdf,jds\FINANCE\FINANCE_mid.txt,AVIATION,0.0312,0.05,-2,0.0,0.1935110092163086,0.1506,0
resumes/data\AVIATION\68216398.pdf,jds\FINANCE\FINANCE_senior.txt,AVIATION,0.029,0.05,-2,0.0,0.2102812230587005,0.1863,0
resumes/data\AVIATION\69458502.pdf,jds\SALES\SALES_mid.txt,AVIATION,0.0645,0.15,-3,4.0,0.4099397957324981,0.2444,0
resumes/data\AVIATION\69458502.pdf,jds\SALES\SALES_entry.txt,AVIATION,0.0579,0.1,-2,4.0,0.4587124586105346,0.3039,0
resumes/data\AVIATION\69458502.pdf,jds\SALES\SALES_senior.txt,AVIATION,0.049,0.1,-3,4.0,0.4107628464698791,0.2809,0
resumes/data\AVIATION\70198580.pdf,jds\AGRICULTURE\AGRICULTURE_mid.txt,AVIATION,0.1198,0.05,0,0.0,0.3803066313266754,0.3368,0
resumes/data\AVIATION\70198580.pdf,jds\AGRICULTURE\AGRICULTURE_entry.txt,AVIATION,0.0693,0.05,1,7.0,0.3952715992927551,0.2779,0
resumes/data\AVIATION\77626587.pdf,jds\TEACHER\TEACHER_entry.txt,AVIATION,0.0792,0.05,0,18.0,0.5002008080482483,0.2806,0
resumes/data\AVIATION\77626587.pdf,jds\TEACHER\TEACHER_mid.txt,AVIATION,0.0655,0.1,-1,18.0,0.5514547824859619,0.3382,0
resumes/data\AVIATION\77626587.pdf,jds\TEACHER\TEACHER_senior.txt,AVIATION,0.0509,0.1,-2,18.0,0.5480444431304932,0.3297,0
resumes/data\AVIATION\81588968.pdf,jds\DESIGNER\DESIGNER_entry.txt,AVIATION,0.0204,0.0,-1,6.0,0.2333338856697082,0.2442,0
resumes/data\AVIATION\81588968.pdf,jds\DESIGNER\DESIGNER_senior.txt,AVIATION,0.0248,0.1,-2,8.0,0.3210813403129577,0.2353,0
resumes/data\AVIATION\81588968.pdf,jds\DESIGNER\DESIGNER_mid.txt,AVIATION,0.0236,0.0,-2,8.0,0.3089575171470642,0.2234,0
resumes/data\AVIATION\82738323.pdf,jds\CONSTRUCTION\CONSTRUCTION_mid.txt,AVIATION,0.0424,0.0,-2,5.0,0.2619140148162842,0.362,0
resumes/data\AVIATION\82738323.pdf,jds\CONSTRUCTION\CONSTRUCTION_senior.txt,AVIATION,0.0593,0.1,-2,5.0,0.268018901348114,0.3475,0
resumes/data\AVIATION\82738323.pdf,jds\CONSTRUCTION\CONSTRUCTION_entry.txt,AVIATION,0.0447,0.1,-1,3.0,0.3213232755661011,0.4166,0
resumes/data\AVIATION\87826037.pdf,jds\APPAREL\APPAREL_entry.txt,AVIATION,0.0547,0.1,0,36.0,0.3168229460716247,0.1956,0
resumes/data\AVIATION\87826037.pdf,jds\APPAREL\APPAREL_senior.txt,AVIATION,0.0484,0.05,-1,38.0,0.3361766338348388,0.1737,0
resumes/data\AVIATION\87826037.pdf,jds\APPAREL\APPAREL_mid.txt,AVIATION,0.0443,0.05,-1,38.0,0.2945529818534851,0.2183,0
resumes/data\AVIATION\90318913.pdf,jds\FINANCE\FINANCE_mid.txt,AVIATION,0.0304,0.05,-1,10.0,0.2682600617408752,0.2159,0
resumes/data\AVIATION\90318913.pdf,jds\FINANCE\FINANCE_senior.txt,AVIATION,0.0592,0.05,-1,10.0,0.2609253525733948,0.2655,0
resumes/data\AVIATION\90318913.pdf,jds\FINANCE\FINANCE_entry.txt,AVIATION,0.0274,0.0,-1,8.0,0.2465154081583023,0.2,0
resumes/data\AVIATION\91431878.pdf,jds\ACCOUNTANT\ACCOUNTANT_entry.txt,AVIATION,0.0308,0.05,-1,8.0,0.3068892359733581,0.2686,0
resumes/data\AVIATION\91431878.pdf,jds\ACCOUNTANT\ACCOUNTANT_mid.txt,AVIATION,0.0327,0.05,-1,10.0,0.3319017887115478,0.2449,0
resumes/data\AVIATION\91431878.pdf,jds\ACCOUNTANT\ACCOUNTANT_senior.txt,AVIATION,0.0448,0.05,-1,10.0,0.3062057495117187,0.2625,0
resumes/data\AVIATION\92283635.pdf,jds\SALES\SALES_senior.txt,AVIATION,0.033,0.1,-2,12.0,0.3140490055084228,0.252,0
resumes/data\AVIATION\92283635.pdf,jds\SALES\SALES_mid.txt,AVIATION,0.0251,0.05,-2,12.0,0.3400737941265106,0.1725,0
resumes/data\AVIATION\92283635.pdf,jds\SALES\SALES_entry.txt,AVIATION,0.0213,0.0,-1,12.0,0.349683403968811,0.2123,0
resumes/data\AVIATION\94137171.pdf,jds\ACCOUNTANT\ACCOUNTANT_mid.txt,AVIATION,0.0887,0.15,0,11.0,0.4519877731800079,0.2629,0
resumes/data\AVIATION\94137171.pdf,jds\ACCOUNTANT\ACCOUNTANT_senior.txt,AVIATION,0.0686,0.15,0,11.0,0.3588849008083343,0.3263,0
resumes/data\AVIATION\94137171.pdf,jds\ACCOUNTANT\ACCOUNTANT_entry.txt,AVIATION,0.04,0.1,0,9.0,0.4078613519668579,0.2537,0
resumes/data\AVIATION\96457008.pdf,jds\AGRICULTURE\AGRICULTURE_senior.txt,AVIATION,0.0284,0.0,-2,31.0,0.3776227235794067,0.3109,0
resumes/data\AVIATION\96457008.pdf,jds\AGRICULTURE\AGRICULTURE_entry.txt,AVIATION,0.0303,0.0,0,31.0,0.3025082945823669,0.205,0
resumes/data\AVIATION\96457008.pdf,jds\AGRICULTURE\AGRICULTURE_mid.txt,AVIATION,0.0303,0.05,-1,24.0,0.3215775489807129,0.2879,0
resumes/data\AVIATION\98389424.pdf,jds\DIGITAL-MEDIA\DIGITAL-MEDIA_entry.txt,AVIATION,0.055,0.1,0,15.0,0.3893727660179138,0.2121,0
resumes/data\AVIATION\98389424.pdf,jds\DIGITAL-MEDIA\DIGITAL-MEDIA_senior.txt,AVIATION,0.0348,0.05,-1,17.0,0.3369746208190918,0.2485,0
resumes/data\AVIATION\98389424.pdf,jds\DIGITAL-MEDIA\DIGITAL-MEDIA_mid.txt,AVIATION,0.0441,0.1,-1,17.0,0.3588715493679046,0.2714,0
resumes/data\AVIATION\99416532.pdf,jds\CONSTRUCTION\CONSTRUCTION_mid.txt,AVIATION,0.0384,0.05,-1,4.0,0.2893492579460144,0.3187,0
resumes/data\AVIATION\99416532.pdf,jds\CONSTRUCTION\CONSTRUCTION_senior.txt,AVIATION,0.0632,0.15,-1,4.0,0.35238778591156,0.347,0
resumes/data\AVIATION\99416532.pdf,jds\CONSTRUCTION\CONSTRUCTION_entry.txt,AVIATION,0.0419,0.1,0,2.0,0.3760933578014374,0.2447,0
resumes/data\BANKING\10329506.pdf,jds\BANKING\BANKING_mid.txt,BANKING,0.1938,0.4,-1,14.0,0.4853532612323761,0.6076,1
resumes/data\BANKING\10329506.pdf,jds\APPAREL\APPAREL_entry.txt,BANKING,0.0489,0.0,0,12.0,0.281278133392334,0.2037,0
resumes/data\BANKING\10329506.pdf,jds\APPAREL\APPAREL_mid.txt,BANKING,0.0546,0.1,-1,14.0,0.3500351011753082,0.2924,0
resumes/data\BANKING\10329506.pdf,jds\APPAREL\APPAREL_senior.txt,BANKING,0.0656,0.15,-1,14.0,0.3494727611541748,0.2693,0
resumes/data\BANKING\10909673.pdf,jds\FITNESS\FITNESS_mid.txt,BANKING,0.0542,0.2,0,8.0,0.2784554660320282,0.2425,0
resumes/data\BANKING\10909673.pdf,jds\FITNESS\FITNESS_senior.txt,BANKING,0.0475,0.15,-2,15.0,0.268836498260498,0.2685,0
resumes/data\BANKING\10909673.pdf,jds\FITNESS\FITNESS_entry.txt,BANKING,0.0277,0.05,1,13.0,0.2937620282173157,0.2438,0
resumes/data\BANKING\11065180.pdf,jds\DIGITAL-MEDIA\DIGITAL-MEDIA_entry.txt,BANKING,0.0532,0.05,0,-2.0,0.5262371897697449,0.3412,0
resumes/data\BANKING\11065180.pdf,jds\DIGITAL-MEDIA\DIGITAL-MEDIA_senior.txt,BANKING,0.0352,0.0,-1,0.0,0.4244985282421112,0.3349,0
resumes/data\BANKING\11262933.pdf,jds\TEACHER\TEACHER_senior.txt,BANKING,0.0309,0.15,-2,7.0,0.312293529510498,0.2708,0
resumes/data\BANKING\11262933.pdf,jds\TEACHER\TEACHER_entry.txt,BANKING,0.0492,0.1,0,7.0,0.3371318578720093,0.3071,0
resumes/data\BANKING\11262933.pdf,jds\TEACHER\TEACHER_mid.txt,BANKING,0.045,0.15,-1,7.0,0.3237738609313965,0.3202,0
resumes/data\BANKING\11266906.pdf,jds\ARTS\ARTS_entry.txt,BANKING,0.0279,0.0,0,20.0,0.2948946356773376,0.1785,0
resumes/data\BANKING\11266906.pdf,jds\ARTS\ARTS_mid.txt,BANKING,0.0501,0.15,-1,20.0,0.3998998999595642,0.3019,0
resumes/data\BANKING\11266906.pdf,jds\ARTS\ARTS_senior.txt,BANKING,0.0309,0.15,-2,20.0,0.2968729734420776,0.19,0
resumes/data\BANKING\11637468.pdf,jds\ENGINEERING\ENGINEERING_mid.txt,BANKING,0.0682,0.05,-1,17.0,0.3429096043109894,0.3091,0
resumes/data\BANKING\11637468.pdf,jds\ENGINEERING\ENGINEERING_senior.txt,BANKING,0.0755,0.25,-2,17.0,0.2626753449440002,0.2263,0
resumes/data\BANKING\11637468.pdf,jds\ENGINEERING\ENGINEERING_entry.txt,BANKING,0.0425,0.05,0,15.0,0.2811177968978882,0.2421,0
resumes/data\BANKING\11672279.pdf,jds\HEALTHCARE\HEALTHCARE_mid.txt,BANKING,0.0812,0.3,-1,20.0,0.3820610046386719,0.3515,0
resumes/data\BANKING\11672279.pdf,jds\HEALTHCARE\HEALTHCARE_senior.txt,BANKING,0.0366,0.15,-1,20.0,0.4423831105232239,0.3738,0
resumes/data\BANKING\11672279.pdf,jds\HEALTHCARE\HEALTHCARE_entry.txt,BANKING,0.0346,0.05,0,18.0,0.438992828130722,0.3097,0
resumes/data\BANKING\11773925.pdf,jds\CONSTRUCTION\CONSTRUCTION_entry.txt,BANKING,0.0442,0.1,1,9.0,0.3936911225318908,0.2594,0
resumes/data\BANKING\11842348.pdf,jds\DESIGNER\DESIGNER_entry.txt,BANKING,0.0431,0.05,0,20.0,0.2943419218063354,0.2471,0
resumes/data\BANKING\11842348.pdf,jds\DESIGNER\DESIGNER_mid.txt,BANKING,0.0284,0.05,-1,22.0,0.3261217474937439,0.2933,0
resumes/data\BANKING\11842348.pdf,jds\DESIGNER\DESIGNER_senior.txt,BANKING,0.0423,0.1,-1,22.0,0.3251978158950805,0.3199,0
resumes/data\BANKING\12021752.pdf,jds\CONSTRUCTION\CONSTRUCTION_mid.txt,BANKING,0.0673,0.2,-1,18.0,0.2957964539527893,0.3098,0
resumes/data\BANKING\12021752.pdf,jds\CONSTRUCTION\CONSTRUCTION_entry.txt,BANKING,0.0304,0.05,0,16.0,0.2565528750419616,0.2529,0
resumes/data\BANKING\13173522.pdf,jds\DESIGNER\DESIGNER_mid.txt,BANKING,0.0579,0.15,-1,10.0,0.409751832485199,0.3462,0
resumes/data\BANKING\13173522.pdf,jds\DESIGNER\DESIGNER_senior.txt,BANKING,0.0753,0.25,-1,10.0,0.4076657593250274,0.3695,0
resumes/data\BANKING\13173522.pdf,jds\DESIGNER\DESIGNER_entry.txt,BANKING,0.0503,0.05,0,8.0,0.4345618784427643,0.2895,0
resumes/data\BANKING\13393401.pdf,jds\DIGITAL-MEDIA\DIGITAL-MEDIA_entry.txt,BANKING,0.0694,0.05,0,10.0,0.3944317102432251,0.198,0
resumes/data\BANKING\13393401.pdf,jds\DIGITAL-MEDIA\DIGITAL-MEDIA_senior.txt,BANKING,0.108,0.2,-1,12.0,0.4163025021553039,0.2474,0
resumes/data\BANKING\13393401.pdf,jds\DIGITAL-MEDIA\DIGITAL-MEDIA_mid.txt,BANKING,0.0845,0.15,-1,12.0,0.3927958607673645,0.2503,0
resumes/data\BANKING\13982572.pdf,jds\PUBLIC-RELATIONS\PUBLIC-RELATIONS_entry.txt,BANKING,0.0493,0.1,1,11.0,0.3111028671264648,0.2962,0
resumes/data\BANKING\13982572.pdf,jds\PUBLIC-RELATIONS\PUBLIC-RELATIONS_mid.txt,BANKING,0.0828,0.15,0,13.0,0.3524529933929443,0.3593,0
resumes/data\BANKING\13982572.pdf,jds\PUBLIC-RELATIONS\PUBLIC-RELATIONS_senior.txt,BANKING,0.0708,0.1,0,13.0,0.323271095752716,0.2979,0
resumes/data\BANKING\14391434.pdf,jds\HEALTHCARE\HEALTHCARE_entry.txt,BANKING,0.0919,0.2,0,5.0,0.5036273002624512,0.4459,0
resumes/data\BANKING\14626780.pdf,jds\HR\HR_entry.txt,BANKING,0.0453,0.0,0,8.0,0.4136228561401367,0.3314,0
resumes/data\BANKING\14626780.pdf,jds\HR\HR_mid.txt,BANKING,0.0735,0.15,0,8.0,0.4301418960094452,0.2972,0
resumes/data\BANKING\14626780.pdf,jds\HR\HR_senior.txt,BANKING,0.0615,0.15,0,8.0,0.4718814492225647,0.32,0
resumes/data\BANKING\15553584.pdf,jds\CHEF\CHEF_senior.txt,BANKING,0.0495,0.05,2,1.0,0.385221391916275,0.2605,0
resumes/data\BANKING\15553584.pdf,jds\CHEF\CHEF_entry.txt,BANKING,0.0507,0.1,2,1.0,0.349601149559021,0.2375,0
resumes/data\BANKING\15553584.pdf,jds\CHEF\CHEF_mid.txt,BANKING,0.0481,0.1,2,1.0,0.3500151634216308,0.2343,0
resumes/data\BANKING\15856762.pdf,jds\BANKING\BANKING_senior.txt,BANKING,0.2029,0.35,-1,14.0,0.5136300325393677,0.6003,1
resumes/data\BANKING\15856762.pdf,jds\ENGINEERING\ENGINEERING_entry.txt,BANKING,0.0411,0.1,0,12.0,0.2786304056644439,0.3103,0
resumes/data\BANKING\15856762.pdf,jds\ENGINEERING\ENGINEERING_mid.txt,BANKING,0.0533,0.05,-1,14.0,0.274350643157959,0.2414,0
resumes/data\BANKING\15856762.pdf,jds\ENGINEERING\ENGINEERING_senior.txt,BANKING,0.0829,0.2,-2,14.0,0.2880363762378692,0.2172,0
resumes/data\BANKING\16407619.pdf,jds\DIGITAL-MEDIA\DIGITAL-MEDIA_entry.txt,BANKING,0.0852,0.2,-1,7.0,0.4485018849372864,0.4469,0
resumes/data\BANKING\17131084.pdf,jds\BUSINESS-DEVELOPMENT\BUSINESS-DEVELOPMENT_mid.txt,BANKING,0.1173,0.15,-1,3.0,0.3123136758804321,0.47,0
resumes/data\BANKING\17131084.pdf,jds\BUSINESS-DEVELOPMENT\BUSINESS-DEVELOPMENT_entry.txt,BANKING,0.0831,0.25,0,9.0,0.2887544333934784,0.4334,0
resumes/data\BANKING\17189156.pdf,jds\BANKING\BANKING_entry.txt,BANKING,0.276,0.7,-1,4.0,0.4806116223335266,0.6405,1
resumes/data\BANKING\17189156.pdf,jds\BANKING\BANKING_mid.txt,BANKING,0.2949,0.35,-2,6.0,0.5182784795761108,0.5944,1
resumes/data\BANKING\17189156.pdf,jds\BANKING\BANKING_senior.txt,BANKING,0.1963,0.3,-2,6.0,0.5372655987739563,0.7008,1
resumes/data\BANKING\17189156.pdf,jds\TEACHER\TEACHER_entry.txt,BANKING,0.0822,0.1,-1,6.0,0.3810435533523559,0.3646,0
resumes/data\BANKING\17189156.pdf,jds\TEACHER\TEACHER_mid.txt,BANKING,0.0616,0.1,-2,6.0,0.3926485180854797,0.3679,0
resumes/data\BANKING\17189156.pdf,jds\TEACHER\TEACHER_senior.txt,BANKING,0.047,0.15,-3,6.0,0.3608326315879822,0.304,0
resumes/data\BANKING\17213671.pdf,jds\FITNESS\FITNESS_entry.txt,BANKING,0.0499,0.05,1,10.0,0.2965181469917297,0.2108,0
resumes/data\BANKING\17213671.pdf,jds\FITNESS\FITNESS_senior.txt,BANKING,0.0401,0.05,-2,12.0,0.3390422463417053,0.2482,0
resumes/data\BANKING\17213671.pdf,jds\FITNESS\FITNESS_mid.txt,BANKING,0.0579,0.15,0,5.0,0.3039882183074951,0.2877,0
resumes/data\BANKING\17276884.pdf,jds\CHEF\CHEF_entry.txt,BANKING,0.0808,0.1,1,29.0,0.3246615827083587,0.2971,0
resumes/data\BANKING\17396388.pdf,jds\BANKING\BANKING_senior.txt,BANKING,0.211,0.3,-1,20.0,0.5917940139770508,0.5654,1
resumes/data\BANKING\17396388.pdf,jds\DIGITAL-MEDIA\DIGITAL-MEDIA_senior.txt,BANKING,0.09,0.2,-1,20.0,0.4873203039169311,0.3466,0
resumes/data\BANKING\17396388.pdf,jds\DIGITAL-MEDIA\DIGITAL-MEDIA_entry.txt,BANKING,0.0746,0.15,0,18.0,0.4246176183223724,0.2844,0
resumes/data\BANKING\17823436.pdf,jds\CONSTRUCTION\CONSTRUCTION_entry.txt,BANKING,0.0794,0.3,1,0.0,0.3515711426734924,0.4154,0
resumes/data\BANKING\18172739.pdf,jds\AUTOMOBILE\AUTOMOBILE_mid.txt,BANKING,0.1055,0.0,1,18.0,0.3283484578132629,0.2192,0
resumes/data\BANKING\18172739.pdf,jds\AUTOMOBILE\AUTOMOBILE_senior.txt,BANKING,0.0434,0.1,0,26.0,0.2907946109771728,0.2639,0
resumes/data\BANKING\18172739.pdf,jds\AUTOMOBILE\AUTOMOBILE_entry.txt,BANKING,0.0495,0.15,1,24.0,0.2716215252876282,0.2517,0
resumes/data\BANKING\18208580.pdf,jds\BANKING\BANKING_mid.txt,BANKING,0.2593,0.35,-1,16.0,0.5756157636642456,0.608,1
resumes/data\BANKING\18208580.pdf,jds\BANKING\BANKING_senior.txt,BANKING,0.1991,0.25,-1,16.0,0.6343487501144409,0.6367,1
resumes/data\BANKING\18208580.pdf,jds\HEALTHCARE\HEALTHCARE_entry.txt,BANKING,0.0566,0.1,0,14.0,0.4320946037769317,0.4363,0
resumes/data\BANKING\18278509.pdf,jds\HR\HR_senior.txt,BANKING,0.0815,0.05,-1,37.0,0.3087910413742065,0.316,0
resumes/data\BANKING\18369400.pdf,jds\DESIGNER\DESIGNER_entry.txt,BANKING,0.0351,0.0,1,70.0,0.2535061836242676,0.0888,0
resumes/data\BANKING\18369400.pdf,jds\DESIGNER\DESIGNER_mid.txt,BANKING,0.0294,0.0,0,72.0,0.2462629973888397,0.0364,0
resumes/data\BANKING\18369400.pdf,jds\DESIGNER\DESIGNER_senior.txt,BANKING,0.0353,0.1,0,72.0,0.218156635761261,0.0049,0
resumes/data\BANKING\18457785.pdf,jds\ARTS\ARTS_entry.txt,BANKING,0.0631,0.15,1,12.0,0.3606958389282226,0.3685,0
resumes/data\BANKING\18457785.pdf,jds\ARTS\ARTS_senior.txt,BANKING,0.0369,0.1,-1,12.0,0.3493562936782837,0.389,0
resumes/data\BANKING\18645964.pdf,jds\AVIATION\AVIATION_senior.txt,BANKING,0.0623,0.1,0,1.0,0.341940701007843,0.3143,0
resumes/data\BANKING\18645964.pdf,jds\AVIATION\AVIATION_entry.txt,BANKING,0.0922,0.1,0,-1.0,0.3916985392570495,0.2833,0
resumes/data\BANKING\18645964.pdf,jds\AVIATION\AVIATION_mid.txt,BANKING,0.0823,0.1,0,-7.0,0.3942483365535736,0.3213,0
resumes/data\BANKING\18824120.pdf,jds\BANKING\BANKING_mid.txt,BANKING,0.2467,0.5,0,0.0,0.5814648866653442,0.6055,1
resumes/data\BANKING\18824120.pdf,jds\HEALTHCARE\HEALTHCARE_entry.txt,BANKING,0.0259,0.0,1,-2.0,0.3750299215316772,0.3037,0
resumes/data\BANKING\18824120.pdf,jds\HEALTHCARE\HEALTHCARE_senior.txt,BANKING,0.033,0.1,0,0.0,0.4127108752727508,0.3761,0
resumes/data\BANKING\19149865.pdf,jds\AVIATION\AVIATION_mid.txt,BANKING,0.1432,0.2,1,11.0,0.4319003224372864,0.3913,0
resumes/data\BANKING\19149865.pdf,jds\AVIATION\AVIATION_entry.txt,BANKING,0.1214,0.15,1,17.0,0.334542840719223,0.2911,0
resumes/data\BANKING\19176318.pdf,jds\ADVOCATE\ADVOCATE_senior.txt,BANKING,0.0609,0.15,-1,14.0,0.4092690348625183,0.36,0
resumes/data\BANKING\19176318.pdf,jds\ADVOCATE\ADVOCATE_entry.txt,BANKING,0.0809,0.2,-1,12.0,0.4224023222923279,0.3926,0
resumes/data\BANKING\19176318.pdf,jds\ADVOCATE\ADVOCATE_mid.txt,BANKING,0.053,0.25,-1,14.0,0.3704828023910522,0.2883,0
resumes/data\BANKING\19374660.pdf,jds\SALES\SALES_mid.txt,BANKING,0.0433,0.1,-2,13.0,0.3204546570777893,0.3167,0
resumes/data\BANKING\19374660.pdf,jds\SALES\SALES_senior.txt,BANKING,0.0655,0.2,-2,13.0,0.3638926744461059,0.3054,0
resumes/data\BANKING\19374660.pdf,jds\SALES\SALES_entry.txt,BANKING,0.0682,0.1,-1,13.0,0.3461887836456299,0.3728,0
resumes/data\BANKING\19437318.pdf,jds\BPO\BPO_entry.txt,BANKING,0.0893,0.1,-1,9.0,0.4110111892223358,0.3574,0
resumes/data\BANKING\19920687.pdf,jds\DESIGNER\DESIGNER_entry.txt,BANKING,0.0281,0.0,0,4.0,0.2793397605419159,0.151,0
resumes/data\BANKING\19920687.pdf,jds\DESIGNER\DESIGNER_mid.txt,BANKING,0.033,0.15,-1,6.0,0.3259764313697815,0.215,0
resumes/data\BANKING\19920687.pdf,jds\DESIGNER\DESIGNER_senior.txt,BANKING,0.0303,0.15,-1,6.0,0.3187638223171234,0.2238,0
resumes/data\BANKING\20850529.pdf,jds\CHEF\CHEF_senior.txt,BANKING,0.0499,0.1,0,9.0,0.3848337531089782,0.3549,0
resumes/data\BANKING\20850529.pdf,jds\CHEF\CHEF_mid.txt,BANKING,0.0532,0.1,0,9.0,0.3643918633460998,0.2875,0
resumes/data\BANKING\20850529.pdf,jds\CHEF\CHEF_entry.txt,BANKING,0.0532,0.05,0,9.0,0.3588153123855591,0.2603,0
resumes/data\BANKING\20992320.pdf,jds\TEACHER\TEACHER_mid.txt,BANKING,0.0419,0.05,0,11.0,0.3474897742271423,0.326,0
resumes/data\BANKING\20992320.pdf,jds\TEACHER\TEACHER_senior.txt,BANKING,0.0407,0.15,-1,11.0,0.3940409421920776,0.3206,0
resumes/data\BANKING\20992320.pdf,jds\TEACHER\TEACHER_entry.txt,BANKING,0.0418,0.1,1,11.0,0.3361726403236389,0.2554,0
resumes/data\BANKING\21297521.pdf,jds\DIGITAL-MEDIA\DIGITAL-MEDIA_entry.txt,BANKING,0.0905,0.35,0,11.0,0.4358827471733093,0.3759,0
resumes/data\BANKING\21645690.pdf,jds\BANKING\BANKING_mid.txt,BANKING,0.2186,0.45,-1,22.0,0.5977718234062195,0.587,1
resumes/data\BANKING\21645690.pdf,jds\CONSTRUCTION\CONSTRUCTION_entry.txt,BANKING,0.0785,0.15,0,20.0,0.4048624634742737,0.4006,0
resumes/data\BANKING\21756639.pdf,jds\DESIGNER\DESIGNER_entry.txt,BANKING,0.0552,0.1,2,-2.0,0.2991777062416076,0.2526,0
resumes/data\BANKING\21756639.pdf,jds\DESIGNER\DESIGNER_senior.txt,BANKING,0.0337,0.15,1,0.0,0.3225576281547546,0.3073,0
resumes/data\BANKING\21756639.pdf,jds\DESIGNER\DESIGNER_mid.txt,BANKING,0.0313,0.15,1,0.0,0.3233601450920105,0.2806,0
resumes/data\BANKING\21796843.pdf,jds\ARTS\ARTS_entry.txt,BANKING,0.0464,0.05,0,13.0,0.2558358907699585,0.2238,0
resumes/data\BANKING\21796843.pdf,jds\ARTS\ARTS_mid.txt,BANKING,0.0379,0.05,-1,13.0,0.315358966588974,0.3086,0
resumes/data\BANKING\21796843.pdf,jds\ARTS\ARTS_senior.txt,BANKING,0.0595,0.2,-2,13.0,0.3548147678375244,0.2995,0
resumes/data\BANKING\21856577.pdf,jds\INFORMATION-TECHNOLOGY\INFORMATION-TECHNOLOGY_mid.txt,BANKING,0.0433,0.15,-2,20.0,0.431300938129425,0.3487,0
resumes/data\BANKING\21856577.pdf,jds\INFORMATION-TECHNOLOGY\INFORMATION-TECHNOLOGY_senior.txt,BANKING,0.0374,0.1,-2,20.0,0.3475559949874878,0.2867,0
resumes/data\BANKING\21856577.pdf,jds\INFORMATION-TECHNOLOGY\INFORMATION-TECHNOLOGY_entry.txt,BANKING,0.0552,0.05,-1,18.0,0.4700894951820373,0.3289,0
resumes/data\BANKING\22615491.pdf,jds\SALES\SALES_mid.txt,BANKING,0.0379,0.05,-1,28.0,0.3524854779243469,0.3579,0
resumes/data\BANKING\22615491.pdf,jds\SALES\SALES_senior.txt,BANKING,0.0495,0.0,-1,28.0,0.3091945946216583,0.3133,0
resumes/data\BANKING\22615491.pdf,jds\SALES\SALES_entry.txt,BANKING,0.0438,0.05,0,28.0,0.3636609315872192,0.301,0
resumes/data\BANKING\23323001.pdf,jds\HR\HR_senior.txt,BANKING,0.0516,0.15,-2,0.0,0.4848242998123169,0.4163,0
resumes/data\BANKING\24580361.pdf,jds\HR\HR_senior.txt,BANKING,0.0817,0.1,-1,0.0,0.3118773102760315,0.3216,0
resumes/data\BANKING\25080805.pdf,jds\DESIGNER\DESIGNER_mid.txt,BANKING,0.0659,0.1,0,0.0,0.3734352588653564,0.2794,0
resumes/data\BANKING\25080805.pdf,jds\DESIGNER\DESIGNER_entry.txt,BANKING,0.049,0.05,1,-2.0,0.3680003881454468,0.373,0
resumes/data\BANKING\25080805.pdf,jds\DESIGNER\DESIGNER_senior.txt,BANKING,0.0528,0.15,0,0.0,0.3827479481697082,0.22,0
resumes/data\BANKING\25162378.pdf,jds\ADVOCATE\ADVOCATE_mid.txt,BANKING,0.0733,0.15,-1,0.0,0.3207226991653442,0.2948,0
resumes/data\BANKING\25162378.pdf,jds\ADVOCATE\ADVOCATE_entry.txt,BANKING,0.0589,0.05,-1,-2.0,0.3290719985961914,0.3186,0
resumes/data\BANKING\25200253.pdf,jds\ENGINEERING\ENGINEERING_senior.txt,BANKING,0.0478,0.1,-1,16.0,0.2604145407676697,0.3237,0
resumes/data\BANKING\25200253.pdf,jds\ENGINEERING\ENGINEERING_entry.txt,BANKING,0.0579,0.15,1,14.0,0.2535440325736999,0.3357,0
resumes/data\BANKING\25624652.pdf,jds\HR\HR_mid.txt,BANKING,0.0675,0.2,0,7.0,0.4368030130863189,0.3522,0
resumes/data\BANKING\25624652.pdf,jds\HR\HR_senior.txt,BANKING,0.0473,0.05,0,7.0,0.466979444026947,0.3052,0
resumes/data\BANKING\25624652.pdf,jds\HR\HR_entry.txt,BANKING,0.0441,0.0,0,7.0,0.4382041990756988,0.3193,0
resumes/data\BANKING\25780596.pdf,jds\AVIATION\AVIATION_entry.txt,BANKING,0.087,0.15,0,13.0,0.4320038557052612,0.277,0
resumes/data\BANKING\25780596.pdf,jds\AVIATION\AVIATION_senior.txt,BANKING,0.068,0.3,0,15.0,0.3543707728385925,0.3431,0
resumes/data\BANKING\26579709.pdf,jds\CONSTRUCTION\CONSTRUCTION_entry.txt,BANKING,0.0788,0.2,0,14.0,0.3900175094604492,0.4164,0
resumes/data\BANKING\26673507.pdf,jds\BANKING\BANKING_mid.txt,BANKING,0.2357,0.45,-1,0.0,0.5045484900474548,0.5622,1
resumes/data\BANKING\26673507.pdf,jds\BANKING\BANKING_senior.txt,BANKING,0.1929,0.25,-1,0.0,0.5255118608474731,0.5999,1
resumes/data\BANKING\26673507.pdf,jds\PUBLIC-RELATIONS\PUBLIC-RELATIONS_mid.txt,BANKING,0.0519,0.25,-1,0.0,0.3583408296108246,0.3696,0
resumes/data\BANKING\26673507.pdf,jds\PUBLIC-RELATIONS\PUBLIC-RELATIONS_entry.txt,BANKING,0.0286,0.1,0,-2.0,0.2972402572631836,0.2619,0
resumes/data\BANKING\26673507.pdf,jds\PUBLIC-RELATIONS\PUBLIC-RELATIONS_senior.txt,BANKING,0.0458,0.15,-1,0.0,0.3832888901233673,0.3687,0
resumes/data\BANKING\27120528.pdf,jds\SALES\SALES_entry.txt,BANKING,0.0772,0.1,-1,25.0,0.3743684291839599,0.3702,0
resumes/data\BANKING\27120528.pdf,jds\SALES\SALES_mid.txt,BANKING,0.0766,0.2,-2,25.0,0.3681784272193908,0.3475,0
resumes/data\BANKING\27120528.pdf,jds\SALES\SALES_senior.txt,BANKING,0.08,0.25,-2,25.0,0.3850119709968567,0.3392,0
resumes/data\BANKING\27606527.pdf,jds\PUBLIC-RELATIONS\PUBLIC-RELATIONS_entry.txt,BANKING,0.0388,0.05,0,10.0,0.3176904022693634,0.335,0
resumes/data\BANKING\27606527.pdf,jds\PUBLIC-RELATIONS\PUBLIC-RELATIONS_mid.txt,BANKING,0.0432,0.2,-1,12.0,0.3547196984291076,0.3767,0
resumes/data\BANKING\27606527.pdf,jds\PUBLIC-RELATIONS\PUBLIC-RELATIONS_senior.txt,BANKING,0.0402,0.15,-1,12.0,0.3257540166378021,0.2885,0
resumes/data\BANKING\27884470.pdf,jds\FITNESS\FITNESS_entry.txt,BANKING,0.0537,0.1,2,13.0,0.3140591979026794,0.3199,0
resumes/data\BANKING\27884470.pdf,jds\FITNESS\FITNESS_senior.txt,BANKING,0.0686,0.1,-1,15.0,0.2906665802001953,0.2921,0
resumes/data\BANKING\27884470.pdf,jds\FITNESS\FITNESS_mid.txt,BANKING,0.1006,0.25,1,8.0,0.3535053730010986,0.2873,0
resumes/data\BANKING\28051330.pdf,jds\AGRICULTURE\AGRICULTURE_mid.txt,BANKING,0.0411,0.1,-2,-7.0,0.2521398365497589,0.2996,0
resumes/data\BANKING\28051330.pdf,jds\AGRICULTURE\AGRICULTURE_senior.txt,BANKING,0.0445,0.05,-3,0.0,0.2815479338169098,0.3205,0
resumes/data\BANKING\28051330.pdf,jds\AGRICULTURE\AGRICULTURE_entry.txt,BANKING,0.0466,0.0,-1,0.0,0.2771703898906708,0.265,0
resumes/data\BANKING\28419927.pdf,jds\APPAREL\APPAREL_mid.txt,BANKING,0.051,0.1,0,6.0,0.4364891648292541,0.3508,0
resumes/data\BANKING\28419927.pdf,jds\APPAREL\APPAREL_entry.txt,BANKING,0.0288,0.0,1,4.0,0.3329152464866638,0.2258,0
resumes/data\BANKING\28419927.pdf,jds\APPAREL\APPAREL_senior.txt,BANKING,0.0533,0.1,0,6.0,0.4010823369026184,0.3736,0
resumes/data\BANKING\28895997.pdf,jds\BPO\BPO_entry.txt,BANKING,0.1624,0.1,-1,20.0,0.4235434532165527,0.3908,0
resumes/data\BANKING\28989677.pdf,jds\BANKING\BANKING_entry.txt,BANKING,0.2466,0.55,0,3.0,0.6056548357009888,0.6723,1
resumes/data\BANKING\28989677.pdf,jds\BANKING\BANKING_mid.txt,BANKING,0.2291,0.4,-1,5.0,0.5765198469161987,0.6249,1
resumes/data\BANKING\28989677.pdf,jds\AVIATION\AVIATION_mid.txt,BANKING,0.0866,0.05,0,-3.0,0.3645731806755066,0.4774,0
resumes/data\BANKING\29093426.pdf,jds\BPO\BPO_entry.txt,BANKING,0.08,0.15,1,7.0,0.3871256113052368,0.2119,0
resumes/data\BANKING\29093426.pdf,jds\BPO\BPO_mid.txt,BANKING,0.0743,0.25,1,9.0,0.3310639262199402,0.2046,0
resumes/data\BANKING\29093426.pdf,jds\BPO\BPO_senior.txt,BANKING,0.0639,0.2,0,9.0,0.3803866803646087,0.1931,0
resumes/data\BANKING\29406313.pdf,jds\TEACHER\TEACHER_entry.txt,BANKING,0.033,0.05,0,20.0,0.3837005198001861,0.3701,0
resumes/data\BANKING\29406313.pdf,jds\TEACHER\TEACHER_mid.txt,BANKING,0.0425,0.15,-1,20.0,0.432112455368042,0.3801,0
resumes/data\BANKING\29552167.pdf,jds\BANKING\BANKING_mid.txt,BANKING,0.2916,0.35,-1,16.0,0.5301783680915833,0.6224,1
resumes/data\BANKING\29552167.pdf,jds\BANKING\BANKING_senior.txt,BANKING,0.1964,0.25,-1,16.0,0.5335853099822998,0.6552,1
resumes/data\BANKING\29552167.pdf,jds\CONSTRUCTION\CONSTRUCTION_entry.txt,BANKING,0.037,0.05,0,14.0,0.3187379240989685,0.283,0
resumes/data\BANKING\29839396.pdf,jds\AUTOMOBILE\AUTOMOBILE_mid.txt,BANKING,0.0673,0.2,0,-6.0,0.3279110193252563,0.2506,0
resumes/data\BANKING\29839396.pdf,jds\AUTOMOBILE\AUTOMOBILE_entry.txt,BANKING,0.0511,0.2,0,0.0,0.3800033330917358,0.2328,0
resumes/data\BANKING\29839396.pdf,jds\AUTOMOBILE\AUTOMOBILE_senior.txt,BANKING,0.0708,0.15,-1,2.0,0.3194175958633423,0.2605,0
resumes/data\BANKING\30127072.pdf,jds\BANKING\BANKING_mid.txt,BANKING,0.249,0.45,0,0.0,0.5554313063621521,0.5426,1
resumes/data\BANKING\30127072.pdf,jds\AUTOMOBILE\AUTOMOBILE_senior.txt,BANKING,0.0399,0.0,0,0.0,0.2961710691452026,0.2357,0
resumes/data\BANKING\30127072.pdf,jds\AUTOMOBILE\AUTOMOBILE_entry.txt,BANKING,0.0782,0.1,1,-2.0,0.3371244072914123,0.2619,0
resumes/data\BANKING\30127072.pdf,jds\AUTOMOBILE\AUTOMOBILE_mid.txt,BANKING,0.1219,0.15,1,-8.0,0.3094585835933685,0.2569,0
resumes/data\BANKING\30713796.pdf,jds\AUTOMOBILE\AUTOMOBILE_senior.txt,BANKING,0.0288,0.0,-2,3.0,0.2112154513597488,0.2007,0
resumes/data\BANKING\30713796.pdf,jds\AUTOMOBILE\AUTOMOBILE_mid.txt,BANKING,0.1391,0.15,-1,-5.0,0.2352274805307388,0.2331,0
resumes/data\BANKING\30713796.pdf,jds\AUTOMOBILE\AUTOMOBILE_entry.txt,BANKING,0.1026,0.1,-1,1.0,0.2687483727931976,0.2293,0
resumes/data\BANKING\31025785.pdf,jds\ENGINEERING\ENGINEERING_mid.txt,BANKING,0.0332,0.0,-1,0.0,0.3429961800575256,0.2983,0
resumes/data\BANKING\31025785.pdf,jds\ENGINEERING\ENGINEERING_entry.txt,BANKING,0.0251,0.1,0,-2.0,0.2954835891723633,0.2368,0
resumes/data\BANKING\31025785.pdf,jds\ENGINEERING\ENGINEERING_senior.txt,BANKING,0.042,0.15,-2,0.0,0.3372176885604858,0.2578,0
resumes/data\BANKING\31710562.pdf,jds\FITNESS\FITNESS_mid.txt,BANKING,0.0503,0.05,1,2.0,0.2780061364173889,0.2507,0
resumes/data\BANKING\31710562.pdf,jds\FITNESS\FITNESS_senior.txt,BANKING,0.0508,0.15,-1,9.0,0.2935880422592163,0.2314,0
resumes/data\BANKING\31710562.pdf,jds\FITNESS\FITNESS_entry.txt,BANKING,0.0277,0.05,2,7.0,0.2325687706470489,0.2398,0
resumes/data\BANKING\32980197.pdf,jds\APPAREL\APPAREL_mid.txt,BANKING,0.0701,0.1,-1,13.0,0.3998043537139892,0.3228,0
resumes/data\BANKING\32980197.pdf,jds\APPAREL\APPAREL_senior.txt,BANKING,0.0799,0.2,-1,13.0,0.3094106614589691,0.2188,0
resumes/data\BANKING\32980197.pdf,jds\APPAREL\APPAREL_entry.txt,BANKING,0.0222,0.05,0,11.0,0.3286987841129303,0.2171,0
resumes/data\BANKING\33135102.pdf,jds\HEALTHCARE\HEALTHCARE_mid.txt,BANKING,0.0624,0.2,-1,16.0,0.3148903250694275,0.2649,0
resumes/data\BANKING\33135102.pdf,jds\HEALTHCARE\HEALTHCARE_senior.txt,BANKING,0.0308,0.05,-1,16.0,0.348404049873352,0.3051,0
resumes/data\BANKING\33135102.pdf,jds\HEALTHCARE\HEALTHCARE_entry.txt,BANKING,0.0435,0.05,0,14.0,0.3704015016555786,0.3885,0
resumes/data\BANKING\33286293.pdf,jds\APPAREL\APPAREL_senior.txt,BANKING,0.0456,0.1,-1,27.0,0.2925813496112823,0.3172,0
resumes/data\BANKING\33286293.pdf,jds\APPAREL\APPAREL_mid.txt,BANKING,0.0294,0.0,-1,27.0,0.2795997262001037,0.3166,0
resumes/data\BANKING\33286293.pdf,jds\APPAREL\APPAREL_entry.txt,BANKING,0.0264,0.0,0,25.0,0.2888446450233459,0.2088,0
resumes/data\BANKING\33370664.pdf,jds\APPAREL\APPAREL_senior.txt,BANKING,0.0479,0.1,-1,13.0,0.3702976107597351,0.2189,0
resumes/data\BANKING\33370664.pdf,jds\APPAREL\APPAREL_mid.txt,BANKING,0.0575,0.1,-1,13.0,0.3227905631065368,0.2526,0
resumes/data\BANKING\33370664.pdf,jds\APPAREL\APPAREL_entry.txt,BANKING,0.0325,0.05,0,11.0,0.2699116766452789,0.2358,0
resumes/data\BANKING\33872500.pdf,jds\FITNESS\FITNESS_entry.txt,BANKING,0.0401,0.1,2,2.0,0.3535524606704712,0.2712,0
resumes/data\BANKING\33872500.pdf,jds\FITNESS\FITNESS_mid.txt,BANKING,0.0509,0.25,1,-3.0,0.3417477607727051,0.232,0
resumes/data\BANKING\33872500.pdf,jds\FITNESS\FITNESS_senior.txt,BANKING,0.0312,0.2,-1,4.0,0.3545714616775512,0.1801,0
resumes/data\BANKING\34185495.pdf,jds\DESIGNER\DESIGNER_mid.txt,BANKING,0.029,0.15,-1,23.0,0.2635529339313507,0.1569,0
resumes/data\BANKING\34185495.pdf,jds\DESIGNER\DESIGNER_senior.txt,BANKING,0.0286,0.15,-1,23.0,0.2732331156730652,0.1713,0
resumes/data\BANKING\34185495.pdf,jds\DESIGNER\DESIGNER_entry.txt,BANKING,0.0224,0.0,0,21.0,0.2135151922702789,0.1575,0
resumes/data\BANKING\34758680.pdf,jds\SALES\SALES_entry.txt,BANKING,0.0351,0.05,0,16.0,0.5211643576622009,0.3666,0
resumes/data\BANKING\34783330.pdf,jds\AGRICULTURE\AGRICULTURE_entry.txt,BANKING,0.0445,0.1,0,14.0,0.2521134316921234,0.2945,0
resumes/data\BANKING\34783330.pdf,jds\AGRICULTURE\AGRICULTURE_mid.txt,BANKING,0.0561,0.05,-1,7.0,0.2659282684326172,0.3165,0
resumes/data\BANKING\34783330.pdf,jds\AGRICULTURE\AGRICULTURE_senior.txt,BANKING,0.0661,0.2,-2,14.0,0.2937254607677459,0.3781,0
resumes/data\BANKING\34953092.pdf,jds\ARTS\ARTS_entry.txt,BANKING,0.0324,0.0,1,2.0,0.2604531049728393,0.1975,0
resumes/data\BANKING\34953092.pdf,jds\ARTS\ARTS_mid.txt,BANKING,0.0272,0.0,0,2.0,0.2917512059211731,0.2317,0
resumes/data\BANKING\34953092.pdf,jds\ARTS\ARTS_senior.txt,BANKING,0.0301,0.1,-1,2.0,0.2708229422569275,0.1555,0
resumes/data\BANKING\3547447.pdf,jds\ADVOCATE\ADVOCATE_entry.txt,BANKING,0.0485,0.1,-1,10.0,0.4022047221660614,0.4439,0
resumes/data\BANKING\35483925.pdf,jds\CONSTRUCTION\CONSTRUCTION_entry.txt,BANKING,0.0458,0.15,0,-2.0,0.3194793462753296,0.2174,0
resumes/data\BANKING\35483925.pdf,jds\CONSTRUCTION\CONSTRUCTION_senior.txt,BANKING,0.0965,0.25,-1,0.0,0.3413634896278381,0.3146,0
resumes/data\BANKING\35492909.pdf,jds\DIGITAL-MEDIA\DIGITAL-MEDIA_mid.txt,BANKING,0.0672,0.15,0,21.0,0.5033576488494873,0.2878,0
resumes/data\BANKING\35492909.pdf,jds\DIGITAL-MEDIA\DIGITAL-MEDIA_entry.txt,BANKING,0.0661,0.25,1,19.0,0.504128098487854,0.2851,0
resumes/data\BANKING\35492909.pdf,jds\DIGITAL-MEDIA\DIGITAL-MEDIA_senior.txt,BANKING,0.0485,0.15,0,21.0,0.4499446451663971,0.2094,0
resumes/data\BANKING\35564026.pdf,jds\AVIATION\AVIATION_entry.txt,BANKING,0.0719,0.1,0,2.0,0.3921758532524109,0.2696,0
resumes/data\BANKING\35564026.pdf,jds\AVIATION\AVIATION_mid.txt,BANKING,0.0898,0.15,0,-4.0,0.3891651034355163,0.3661,0
resumes/data\BANKING\35564026.pdf,jds\AVIATION\AVIATION_senior.txt,BANKING,0.0658,0.2,0,4.0,0.3569900095462799,0.3211,0
resumes/data\BANKING\36302399.pdf,jds\BANKING\BANKING_mid.txt,BANKING,0.2301,0.4,-1,30.0,0.5455036163330078,0.5912,1
resumes/data\BANKING\36302399.pdf,jds\BANKING\BANKING_senior.txt,BANKING,0.1764,0.25,-1,30.0,0.5708538293838501,0.6358,1
resumes/data\BANKING\36302399.pdf,jds\BUSINESS-DEVELOPMENT\BUSINESS-DEVELOPMENT_mid.txt,BANKING,0.168,0.25,-1,22.0,0.4535106718540191,0.4196,0
resumes/data\BANKING\36302399.pdf,jds\BUSINESS-DEVELOPMENT\BUSINESS-DEVELOPMENT_entry.txt,BANKING,0.135,0.3,0,28.0,0.5145792961120605,0.3814,0
resumes/data\BANKING\36905896.pdf,jds\ADVOCATE\ADVOCATE_entry.txt,BANKING,0.0421,0.1,-1,-2.0,0.3979682922363281,0.338,0
resumes/data\BANKING\36905896.pdf,jds\ADVOCATE\ADVOCATE_mid.txt,BANKING,0.0435,0.15,-1,0.0,0.3589784502983093,0.332,0
resumes/data\BANKING\36905896.pdf,jds\ADVOCATE\ADVOCATE_senior.txt,BANKING,0.0408,0.15,-1,0.0,0.3977826833724975,0.3903,0
resumes/data\BANKING\38897568.pdf,jds\AUTOMOBILE\AUTOMOBILE_senior.txt,BANKING,0.0804,0.1,0,18.0,0.3360141813755035,0.3079,0
resumes/data\BANKING\38897568.pdf,jds\AUTOMOBILE\AUTOMOBILE_entry.txt,BANKING,0.107,0.2,1,16.0,0.3951029181480407,0.3997,0
resumes/data\BANKING\38897568.pdf,jds\AUTOMOBILE\AUTOMOBILE_mid.txt,BANKING,0.1627,0.1,1,10.0,0.3926743566989898,0.3838,0
resumes/data\BANKING\39142536.pdf,jds\ADVOCATE\ADVOCATE_entry.txt,BANKING,0.0454,0.1,-1,11.0,0.4029332399368286,0.4405,0
resumes/data\BANKING\39247950.pdf,jds\FITNESS\FITNESS_senior.txt,BANKING,0.0241,0.05,-2,7.0,0.2535595297813415,0.1443,0
resumes/data\BANKING\39247950.pdf,jds\FITNESS\FITNESS_entry.txt,BANKING,0.028,0.05,1,5.0,0.358670711517334,0.1912,0
resumes/data\BANKING\39247950.pdf,jds\FITNESS\FITNESS_mid.txt,BANKING,0.0342,0.1,0,0.0,0.2852885723114013,0.2277,0
resumes/data\BANKING\39569771.pdf,jds\APPAREL\APPAREL_entry.txt,BANKING,0.0248,0.0,0,5.0,0.15892294049263,0.1967,0
resumes/data\BANKING\39569771.pdf,jds\APPAREL\APPAREL_mid.txt,BANKING,0.064,0.1,-1,7.0,0.233463853597641,0.3706,0
resumes/data\BANKING\39569771.pdf,jds\APPAREL\APPAREL_senior.txt,BANKING,0.0798,0.3,-1,7.0,0.2629427909851074,0.3207,0
resumes/data\BANKING\41651672.pdf,jds\ARTS\ARTS_entry.txt,BANKING,0.0255,0.0,0,20.0,0.2484838217496872,0.1971,0
resumes/data\BANKING\41651672.pdf,jds\ARTS\ARTS_mid.txt,BANKING,0.0399,0.1,-1,20.0,0.2966250777244568,0.2863,0
resumes/data\BANKING\41651672.pdf,jds\ARTS\ARTS_senior.txt,BANKING,0.0214,0.0,-2,20.0,0.4092559218406677,0.2135,0
resumes/data\BANKING\43375498.pdf,jds\CONSTRUCTION\CONSTRUCTION_entry.txt,BANKING,0.0361,0.05,0,14.0,0.3105444014072418,0.2814,0
resumes/data\BANKING\43375498.pdf,jds\CONSTRUCTION\CONSTRUCTION_mid.txt,BANKING,0.0473,0.1,-1,16.0,0.3323939442634582,0.3209,0
resumes/data\BANKING\43375498.pdf,jds\CONSTRUCTION\CONSTRUCTION_senior.txt,BANKING,0.0409,0.05,-1,16.0,0.2963453531265259,0.3819,0
resumes/data\BANKING\45167858.pdf,jds\AUTOMOBILE\AUTOMOBILE_entry.txt,BANKING,0.1359,0.15,0,5.0,0.3829318284988403,0.2893,0
resumes/data\BANKING\45167858.pdf,jds\AUTOMOBILE\AUTOMOBILE_senior.txt,BANKING,0.0371,0.05,-1,7.0,0.3298890590667724,0.1916,0
resumes/data\BANKING\45167858.pdf,jds\AUTOMOBILE\AUTOMOBILE_mid.txt,BANKING,0.1749,0.2,0,-1.0,0.3621875047683716,0.2751,0
resumes/data\BANKING\54421668.pdf,jds\BANKING\BANKING_mid.txt,BANKING,0.1816,0.3,-1,10.0,0.4819745421409607,0.6143,1
resumes/data\BANKING\54421668.pdf,jds\HEALTHCARE\HEALTHCARE_mid.txt,BANKING,0.087,0.35,-1,10.0,0.2791396379470825,0.3556,0
resumes/data\BANKING\54421668.pdf,jds\HEALTHCARE\HEALTHCARE_entry.txt,BANKING,0.0503,0.1,0,8.0,0.3309700489044189,0.3315,0
resumes/data\BANKING\54421668.pdf,jds\HEALTHCARE\HEALTHCARE_senior.txt,BANKING,0.0422,0.1,-1,10.0,0.2619674205780029,0.3998,0
resumes/data\BANKING\60182829.pdf,jds\FITNESS\FITNESS_mid.txt,BANKING,0.0864,0.25,1,-7.0,0.2746802568435669,0.3902,0
resumes/data\BANKING\60182829.pdf,jds\FITNESS\FITNESS_entry.txt,BANKING,0.0412,0.1,2,-2.0,0.2397864162921905,0.3529,0
resumes/data\BANKING\60489316.pdf,jds\APPAREL\APPAREL_entry.txt,BANKING,0.0475,0.05,0,10.0,0.2365138828754425,0.2165,0
resumes/data\BANKING\60489316.pdf,jds\APPAREL\APPAREL_senior.txt,BANKING,0.066,0.2,-1,12.0,0.3230974078178406,0.2833,0
resumes/data\BANKING\60489316.pdf,jds\APPAREL\APPAREL_mid.txt,BANKING,0.0782,0.1,-1,12.0,0.3721438348293304,0.3235,0
resumes/data\BANKING\64589506.pdf,jds\SALES\SALES_entry.txt,BANKING,0.0419,0.0,1,19.0,0.4071625471115112,0.4043,0
resumes/data\BANKING\65864767.pdf,jds\FITNESS\FITNESS_mid.txt,BANKING,0.0359,0.1,0,5.0,0.3561545014381408,0.2838,0
resumes/data\BANKING\65864767.pdf,jds\FITNESS\FITNESS_entry.txt,BANKING,0.0327,0.15,1,10.0,0.3345763385295868,0.3552,0
resumes/data\BANKING\65864767.pdf,jds\FITNESS\FITNESS_senior.txt,BANKING,0.025,0.0,-2,12.0,0.2588100731372833,0.276,0
resumes/data\BANKING\68781345.pdf,jds\CHEF\CHEF_senior.txt,BANKING,0.0733,0.05,0,14.0,0.2869292199611664,0.3257,0
resumes/data\BANKING\68781345.pdf,jds\CHEF\CHEF_entry.txt,BANKING,0.0701,0.15,0,14.0,0.2832875251770019,0.2538,0
resumes/data\BANKING\68781345.pdf,jds\CHEF\CHEF_mid.txt,BANKING,0.075,0.15,0,14.0,0.2577636837959289,0.2657,0
resumes/data\BANKING\69243180.pdf,jds\PUBLIC-RELATIONS\PUBLIC-RELATIONS_senior.txt,BANKING,0.0539,0.1,0,10.0,0.3547806441783905,0.3619,0
resumes/data\BANKING\69243180.pdf,jds\PUBLIC-RELATIONS\PUBLIC-RELATIONS_mid.txt,BANKING,0.0495,0.4,0,10.0,0.3684579730033874,0.2895,0
resumes/data\BANKING\69243180.pdf,jds\PUBLIC-RELATIONS\PUBLIC-RELATIONS_entry.txt,BANKING,0.033,0.0,1,8.0,0.3899392783641815,0.2715,0
resumes/data\BANKING\70667011.pdf,jds\CONSTRUCTION\CONSTRUCTION_entry.txt,BANKING,0.0579,0.15,0,10.0,0.4252153933048248,0.3288,0
resumes/data\BANKING\70667011.pdf,jds\CONSTRUCTION\CONSTRUCTION_senior.txt,BANKING,0.0681,0.3,-1,12.0,0.5182514190673828,0.3903,0
resumes/data\BANKING\71422121.pdf,jds\CONSTRUCTION\CONSTRUCTION_entry.txt,BANKING,0.0516,0.15,0,2.0,0.3522126674652099,0.3936,0
resumes/data\BANKING\72876163.pdf,jds\HR\HR_senior.txt,BANKING,0.0675,0.15,0,14.0,0.3719995319843292,0.3667,0
resumes/data\BANKING\73157997.pdf,jds\HR\HR_senior.txt,BANKING,0.0558,0.05,-1,17.0,0.3629132509231567,0.3218,0
resumes/data\BANKING\73157997.pdf,jds\HR\HR_entry.txt,BANKING,0.0621,0.1,-1,17.0,0.4058786034584045,0.3358,0
resumes/data\BANKING\74552449.pdf,jds\DIGITAL-MEDIA\DIGITAL-MEDIA_mid.txt,BANKING,0.0537,0.1,0,0.0,0.4933069944381714,0.3484,0
resumes/data\BANKING\74552449.pdf,jds\DIGITAL-MEDIA\DIGITAL-MEDIA_entry.txt,BANKING,0.047,0.1,1,-2.0,0.4493990242481231,0.3322,0
resumes/data\BANKING\74552449.pdf,jds\DIGITAL-MEDIA\DIGITAL-MEDIA_senior.txt,BANKING,0.0565,0.1,0,0.0,0.4014551639556885,0.2619,0
resumes/data\BANKING\79041971.pdf,jds\HR\HR_entry.txt,BANKING,0.0492,0.05,-2,17.0,0.4349780976772308,0.3712,0
resumes/data\BANKING\79041971.pdf,jds\HR\HR_senior.txt,BANKING,0.0376,0.05,-2,17.0,0.3495033979415893,0.3278,0
resumes/data\BANKING\79041971.pdf,jds\HR\HR_mid.txt,BANKING,0.069,0.05,-2,17.0,0.3696403503417969,0.3808,0
resumes/data\BANKING\87867370.pdf,jds\BANKING\BANKING_mid.txt,BANKING,0.3116,0.6,-1,10.0,0.612980842590332,0.6672,1
resumes/data\BANKING\87867370.pdf,jds\BANKING\BANKING_senior.txt,BANKING,0.2216,0.35,-1,10.0,0.5492452383041382,0.6717,1
resumes/data\BANKING\87867370.pdf,jds\ADVOCATE\ADVOCATE_mid.txt,BANKING,0.0432,0.2,-1,10.0,0.3376928567886352,0.3809,0
resumes/data\BANKING\87867370.pdf,jds\ADVOCATE\ADVOCATE_entry.txt,BANKING,0.0433,0.25,-1,8.0,0.3483513593673706,0.4358,0
resumes/data\BANKING\89049979.pdf,jds\AGRICULTURE\AGRICULTURE_mid.txt,BANKING,0.0777,0.1,-1,5.0,0.2274322658777237,0.2499,0
resumes/data\BANKING\89049979.pdf,jds\AGRICULTURE\AGRICULTURE_senior.txt,BANKING,0.0684,0.1,-2,12.0,0.2902802228927612,0.3191,0
resumes/data\BANKING\89049979.pdf,jds\AGRICULTURE\AGRICULTURE_entry.txt,BANKING,0.057,0.1,0,12.0,0.2424746602773666,0.2436,0
resumes/data\BANKING\96493528.pdf,jds\BANKING\BANKING_mid.txt,BANKING,0.2498,0.5,0,28.0,0.6180197596549988,0.633,1
resumes/data\BANKING\96493528.pdf,jds\FITNESS\FITNESS_senior.txt,BANKING,0.1158,0.25,-1,28.0,0.3503637611865997,0.1918,0
resumes/data\BANKING\96493528.pdf,jds\FITNESS\FITNESS_mid.txt,BANKING,0.1017,0.15,1,21.0,0.3674051165580749,0.2078,0
resumes/data\BANKING\96493528.pdf,jds\FITNESS\FITNESS_entry.txt,BANKING,0.1128,0.35,2,26.0,0.4658309519290924,0.2318,0
resumes/data\BANKING\98348532.pdf,jds\PUBLIC-RELATIONS\PUBLIC-RELATIONS_senior.txt,BANKING,0.0254,0.0,-1,14.0,0.2726137638092041,0.2006,0
resumes/data\BANKING\98348532.pdf,jds\PUBLIC-RELATIONS\PUBLIC-RELATIONS_entry.txt,BANKING,0.037,0.0,0,12.0,0.2998079657554626,0.223,0
resumes/data\BANKING\98348532.pdf,jds\PUBLIC-RELATIONS\PUBLIC-RELATIONS_mid.txt,BANKING,0.0283,0.0,-1,14.0,0.3124817013740539,0.2579,0
resumes/data\BANKING\98965485.pdf,jds\BANKING\BANKING_mid.txt,BANKING,0.2413,0.4,0,30.0,0.6472365856170654,0.6332,1
resumes/data\BANKING\98965485.pdf,jds\BANKING\BANKING_senior.txt,BANKING,0.1876,0.3,0,30.0,0.6818786263465881,0.6552,1
resumes/data\BANKING\98965485.pdf,jds\APPAREL\APPAREL_entry.txt,BANKING,0.063,0.05,1,28.0,0.3273639678955078,0.299,0
resumes/data\BANKING\99124477.pdf,jds\AUTOMOBILE\AUTOMOBILE_mid.txt,BANKING,0.0994,0.15,1,-1.0,0.3380792737007141,0.3701,0
resumes/data\BPO\11183737.pdf,jds\INFORMATION-TECHNOLOGY\INFORMATION-TECHNOLOGY_senior.txt,BPO,0.0487,0.1,-1,8.0,0.3835427165031433,0.4152,0
resumes/data\BPO\13964744.pdf,jds\BPO\BPO_mid.txt,BPO,0.1814,0.45,1,7.0,0.4703788757324219,0.6448,1
resumes/data\BPO\13964744.pdf,jds\BPO\BPO_senior.txt,BPO,0.2403,0.3,0,7.0,0.4267703592777252,0.6211,1
resumes/data\BPO\15145575.pdf,jds\BANKING\BANKING_entry.txt,BPO,0.0484,0.15,0,9.0,0.3669010400772095,0.2675,0
resumes/data\BPO\15145575.pdf,jds\BANKING\BANKING_mid.txt,BPO,0.049,0.1,-1,11.0,0.3364195227622986,0.2582,0
resumes/data\BPO\15145575.pdf,jds\BANKING\BANKING_senior.txt,BPO,0.036,0.0,-1,11.0,0.3692247271537781,0.3019,0
resumes/data\BPO\15573418.pdf,jds\BPO\BPO_senior.txt,BPO,0.2639,0.35,-1,19.0,0.5528789758682251,0.5756,1
resumes/data\BPO\15573418.pdf,jds\ENGINEERING\ENGINEERING_entry.txt,BPO,0.0497,0.2,0,17.0,0.3017210662364959,0.2579,0
resumes/data\BPO\15573418.pdf,jds\ENGINEERING\ENGINEERING_mid.txt,BPO,0.0703,0.1,-1,19.0,0.3653319776058197,0.3394,0
resumes/data\BPO\16492045.pdf,jds\BPO\BPO_mid.txt,BPO,0.1754,0.45,0,0.0,0.5111076831817627,0.6427,1
resumes/data\BPO\16492045.pdf,jds\AUTOMOBILE\AUTOMOBILE_entry.txt,BPO,0.0783,0.2,0,-2.0,0.2951199412345886,0.2676,0
resumes/data\BPO\16492045.pdf,jds\AUTOMOBILE\AUTOMOBILE_senior.txt,BPO,0.0446,0.0,-1,0.0,0.3264968991279602,0.2794,0
resumes/data\BPO\16492045.pdf,jds\AUTOMOBILE\AUTOMOBILE_mid.txt,BPO,0.1276,0.15,0,-8.0,0.314004123210907,0.3066,0
resumes/data\BPO\19362586.pdf,jds\FITNESS\FITNESS_senior.txt,BPO,0.031,0.15,-2,6.0,0.3542286157608032,0.2128,0
resumes/data\BPO\19362586.pdf,jds\FITNESS\FITNESS_mid.txt,BPO,0.0352,0.05,0,-1.0,0.2690975069999695,0.2066,0
resumes/data\BPO\19362586.pdf,jds\FITNESS\FITNESS_entry.txt,BPO,0.0244,0.0,1,4.0,0.2515985369682312,0.2747,0
resumes/data\BPO\23933031.pdf,jds\BPO\BPO_senior.txt,BPO,0.2462,0.35,-1,0.0,0.5323787927627563,0.5278,1
resumes/data\BPO\24727739.pdf,jds\BPO\BPO_mid.txt,BPO,0.2188,0.4,-1,0.0,0.5461575388908386,0.6463,1
resumes/data\BPO\24727739.pdf,jds\ACCOUNTANT\ACCOUNTANT_entry.txt,BPO,0.0704,0.2,-2,-2.0,0.3438141942024231,0.3819,0
resumes/data\BPO\26829350.pdf,jds\FITNESS\FITNESS_entry.txt,BPO,0.0331,0.1,2,0.0,0.229628324508667,0.1553,0
resumes/data\BPO\26829350.pdf,jds\FITNESS\FITNESS_mid.txt,BPO,0.0527,0.05,1,-5.0,0.2815368771553039,0.1375,0
resumes/data\BPO\26829350.pdf,jds\FITNESS\FITNESS_senior.txt,BPO,0.0333,0.1,-1,2.0,0.2353848814964294,0.1001,0
resumes/data\BPO\27710853.pdf,jds\BPO\BPO_mid.txt,BPO,0.2828,0.4,0,0.0,0.5699447393417358,0.6298,1
resumes/data\BPO\27710853.pdf,jds\BPO\BPO_senior.txt,BPO,0.4023,0.45,-1,0.0,0.5030317306518555,0.6236,1
resumes/data\BPO\27710853.pdf,jds\FINANCE\FINANCE_entry.txt,BPO,0.0883,0.2,-1,-2.0,0.3725552558898926,0.4114,0
resumes/data\BPO\30709029.pdf,jds\FINANCE\FINANCE_senior.txt,BPO,0.0696,0.1,-1,16.0,0.3381201028823852,0.3035,0
resumes/data\BPO\30709029.pdf,jds\FINANCE\FINANCE_entry.txt,BPO,0.0735,0.3,-1,14.0,0.3132081925868988,0.3115,0
resumes/data\BPO\30709029.pdf,jds\FINANCE\FINANCE_mid.txt,BPO,0.0611,0.15,-1,16.0,0.3338396847248077,0.3122,0
resumes/data\BPO\31064969.pdf,jds\AUTOMOBILE\AUTOMOBILE_mid.txt,BPO,0.0823,0.0,0,-8.0,0.3428705334663391,0.3579,0
resumes/data\BPO\31064969.pdf,jds\AUTOMOBILE\AUTOMOBILE_entry.txt,BPO,0.0456,0.1,0,-2.0,0.371728777885437,0.3118,0
resumes/data\BPO\31064969.pdf,jds\AUTOMOBILE\AUTOMOBILE_senior.txt,BPO,0.0664,0.15,-1,0.0,0.3755702078342438,0.3773,0
resumes/data\BPO\38707449.pdf,jds\BANKING\BANKING_senior.txt,BPO,0.0509,0.05,-1,12.0,0.3982684016227722,0.3717,0
resumes/data\BPO\38707449.pdf,jds\BANKING\BANKING_entry.txt,BPO,0.04,0.15,0,10.0,0.4081413745880127,0.3906,0
resumes/data\BPO\38707449.pdf,jds\BANKING\BANKING_mid.txt,BPO,0.049,0.05,-1,12.0,0.3673157095909118,0.3882,0
resumes/data\BPO\41152404.pdf,jds\ACCOUNTANT\ACCOUNTANT_entry.txt,BPO,0.0544,0.0,0,-2.0,0.4063169956207275,0.5105,0
resumes/data\BPO\45077654.pdf,jds\CONSULTANT\CONSULTANT_mid.txt,BPO,0.0635,0.05,-1,10.0,0.4356976747512817,0.3576,0
resumes/data\BPO\45077654.pdf,jds\CONSULTANT\CONSULTANT_senior.txt,BPO,0.0404,0.05,-1,10.0,0.3731921315193176,0.3164,0
resumes/data\BPO\57706851.pdf,jds\ADVOCATE\ADVOCATE_senior.txt,BPO,0.0318,0.0,-2,7.0,0.4430448412895202,0.3361,0
resumes/data\BPO\57706851.pdf,jds\ADVOCATE\ADVOCATE_mid.txt,BPO,0.051,0.1,-2,7.0,0.4112995564937591,0.2912,0
resumes/data\BPO\57706851.pdf,jds\ADVOCATE\ADVOCATE_entry.txt,BPO,0.063,0.0,-2,5.0,0.3640349805355072,0.3537,0
resumes/data\BPO\63158213.pdf,jds\CONSTRUCTION\CONSTRUCTION_entry.txt,BPO,0.0682,0.3,1,4.0,0.4616408050060272,0.3965,0
resumes/data\BPO\63158213.pdf,jds\CONSTRUCTION\CONSTRUCTION_mid.txt,BPO,0.0525,0.1,0,6.0,0.31938037276268,0.3564,0
resumes/data\BPO\63158213.pdf,jds\CONSTRUCTION\CONSTRUCTION_senior.txt,BPO,0.0548,0.1,0,6.0,0.3368188142776489,0.3856,0
resumes/data\BPO\69097572.pdf,jds\BUSINESS-DEVELOPMENT\BUSINESS-DEVELOPMENT_entry.txt,BPO,0.1093,0.2,0,13.0,0.3615994751453399,0.3881,0
resumes/data\BPO\69097572.pdf,jds\BUSINESS-DEVELOPMENT\BUSINESS-DEVELOPMENT_mid.txt,BPO,0.1217,0.2,-1,7.0,0.408649206161499,0.423,0
resumes/data\BPO\79261033.pdf,jds\FITNESS\FITNESS_senior.txt,BPO,0.0577,0.15,-2,4.0,0.3002171218395233,0.2994,0
resumes/data\BPO\79261033.pdf,jds\FITNESS\FITNESS_entry.txt,BPO,0.0913,0.1,1,2.0,0.3155480027198791,0.2539,0
resumes/data\BPO\79261033.pdf,jds\FITNESS\FITNESS_mid.txt,BPO,0.0888,0.2,0,-3.0,0.338047981262207,0.2885,0
resumes/data\BPO\89512321.pdf,jds\BANKING\BANKING_entry.txt,BPO,0.0863,0.25,0,0.0,0.4526230096817016,0.4438,0
resumes/data\BPO\95625660.pdf,jds\AGRICULTURE\AGRICULTURE_mid.txt,BPO,0.0392,0.1,0,-3.0,0.3523904085159302,0.3553,0
resumes/data\BPO\95625660.pdf,jds\AGRICULTURE\AGRICULTURE_senior.txt,BPO,0.039,0.05,-1,4.0,0.3624687194824219,0.4183,0
resumes/data\BPO\95625660.pdf,jds\AGRICULTURE\AGRICULTURE_entry.txt,BPO,0.0399,0.0,1,4.0,0.3155279755592346,0.3229,0
resumes/data\BUSINESS-DEVELOPMENT\10228751.pdf,jds\CONSTRUCTION\CONSTRUCTION_entry.txt,BUSINESS-DEVELOPMENT,0.0482,0.0,0,18.0,0.3832786083221435,0.3534,0
resumes/data\BUSINESS-DEVELOPMENT\10228751.pdf,jds\CONSTRUCTION\CONSTRUCTION_senior.txt,BUSINESS-DEVELOPMENT,0.0794,0.15,-1,20.0,0.4715263247489929,0.3575,0
resumes/data\BUSINESS-DEVELOPMENT\10235211.pdf,jds\DESIGNER\DESIGNER_entry.txt,BUSINESS-DEVELOPMENT,0.0371,0.0,-1,-2.0,0.3168488144874573,0.2717,0
resumes/data\BUSINESS-DEVELOPMENT\10235211.pdf,jds\DESIGNER\DESIGNER_mid.txt,BUSINESS-DEVELOPMENT,0.0308,0.05,-2,0.0,0.3710940182209015,0.4148,0
resumes/data\BUSINESS-DEVELOPMENT\10235211.pdf,jds\DESIGNER\DESIGNER_senior.txt,BUSINESS-DEVELOPMENT,0.0262,0.05,-2,0.0,0.2884225249290466,0.3223,0
resumes/data\BUSINESS-DEVELOPMENT\10289113.pdf,jds\BUSINESS-DEVELOPMENT\BUSINESS-DEVELOPMENT_senior.txt,BUSINESS-DEVELOPMENT,0.283,0.45,-1,29.0,0.4929710030555725,0.5858,1
resumes/data\BUSINESS-DEVELOPMENT\10289113.pdf,jds\TEACHER\TEACHER_entry.txt,BUSINESS-DEVELOPMENT,0.0339,0.1,0,29.0,0.1981867551803589,0.2536,0
resumes/data\BUSINESS-DEVELOPMENT\10289113.pdf,jds\TEACHER\TEACHER_mid.txt,BUSINESS-DEVELOPMENT,0.0369,0.1,-1,29.0,0.2411340475082397,0.2582,0
resumes/data\BUSINESS-DEVELOPMENT\10289113.pdf,jds\TEACHER\TEACHER_senior.txt,BUSINESS-DEVELOPMENT,0.0381,0.25,-2,29.0,0.2620012760162353,0.2667,0
resumes/data\BUSINESS-DEVELOPMENT\10501991.pdf,jds\PUBLIC-RELATIONS\PUBLIC-RELATIONS_mid.txt,BUSINESS-DEVELOPMENT,0.0526,0.15,1,19.0,0.4060234129428863,0.3908,0
resumes/data\BUSINESS-DEVELOPMENT\10501991.pdf,jds\PUBLIC-RELATIONS\PUBLIC-RELATIONS_entry.txt,BUSINESS-DEVELOPMENT,0.0383,0.05,2,17.0,0.3907655775547027,0.3402,0
resumes/data\BUSINESS-DEVELOPMENT\10501991.pdf,jds\PUBLIC-RELATIONS\PUBLIC-RELATIONS_senior.txt,BUSINESS-DEVELOPMENT,0.0303,0.0,1,19.0,0.376971960067749,0.3622,0
resumes/data\BUSINESS-DEVELOPMENT\10541358.pdf,jds\ARTS\ARTS_entry.txt,BUSINESS-DEVELOPMENT,0.0555,0.15,-1,13.0,0.2564416527748108,0.1858,0
resumes/data\BUSINESS-DEVELOPMENT\10541358.pdf,jds\ARTS\ARTS_mid.txt,BUSINESS-DEVELOPMENT,0.045,0.05,-2,13.0,0.3200793266296386,0.2162,0
resumes/data\BUSINESS-DEVELOPMENT\10541358.pdf,jds\ARTS\ARTS_senior.txt,BUSINESS-DEVELOPMENT,0.0275,0.05,-3,13.0,0.3326900005340576,0.172,0
resumes/data\BUSINESS-DEVELOPMENT\10704573.pdf,jds\BUSINESS-DEVELOPMENT\BUSINESS-DEVELOPMENT_senior.txt,BUSINESS-DEVELOPMENT,0.2276,0.4,-1,10.0,0.4702088236808777,0.5888,1
resumes/data\BUSINESS-DEVELOPMENT\11088337.pdf,jds\CONSTRUCTION\CONSTRUCTION_entry.txt,BUSINESS-DEVELOPMENT,0.0171,0.1,0,15.0,0.2150246202945709,0.2246,0
resumes/data\BUSINESS-DEVELOPMENT\11088337.pdf,jds\CONSTRUCTION\CONSTRUCTION_mid.txt,BUSINESS-DEVELOPMENT,0.039,0.1,-1,17.0,0.2806785702705383,0.4034,0
resumes/data\BUSINESS-DEVELOPMENT\11088337.pdf,jds\CONSTRUCTION\CONSTRUCTION_senior.txt,BUSINESS-DEVELOPMENT,0.044,0.2,-1,17.0,0.2986661493778229,0.4113,0
resumes/data\BUSINESS-DEVELOPMENT\11289482.pdf,jds\APPAREL\APPAREL_entry.txt,BUSINESS-DEVELOPMENT,0.0539,0.1,0,10.0,0.2893729209899902,0.2658,0
resumes/data\BUSINESS-DEVELOPMENT\11289482.pdf,jds\APPAREL\APPAREL_senior.txt,BUSINESS-DEVELOPMENT,0.0831,0.15,-1,12.0,0.3931109011173248,0.3365,0
resumes/data\BUSINESS-DEVELOPMENT\11551946.pdf,jds\HEALTHCARE\HEALTHCARE_entry.txt,BUSINESS-DEVELOPMENT,0.0249,0.1,1,-2.0,0.3320267796516418,0.2459,0
resumes/data\BUSINESS-DEVELOPMENT\11551946.pdf,jds\HEALTHCARE\HEALTHCARE_senior.txt,BUSINESS-DEVELOPMENT,0.0323,0.05,0,0.0,0.3622702360153198,0.3247,0
resumes/data\BUSINESS-DEVELOPMENT\11551946.pdf,jds\HEALTHCARE\HEALTHCARE_mid.txt,BUSINESS-DEVELOPMENT,0.0528,0.2,0,0.0,0.3473463058471679,0.2508,0
resumes/data\BUSINESS-DEVELOPMENT\12059198.pdf,jds\BUSINESS-DEVELOPMENT\BUSINESS-DEVELOPMENT_senior.txt,BUSINESS-DEVELOPMENT,0.2229,0.2,0,7.0,0.5469317436218262,0.5671,1
resumes/data\BUSINESS-DEVELOPMENT\12059198.pdf,jds\AGRICULTURE\AGRICULTURE_entry.txt,BUSINESS-DEVELOPMENT,0.0224,0.0,1,7.0,0.3167718648910522,0.2887,0
resumes/data\BUSINESS-DEVELOPMENT\12059198.pdf,jds\AGRICULTURE\AGRICULTURE_senior.txt,BUSINESS-DEVELOPMENT,0.0777,0.05,-1,7.0,0.3724523186683655,0.3572,0
resumes/data\BUSINESS-DEVELOPMENT\12059198.pdf,jds\AGRICULTURE\AGRICULTURE_mid.txt,BUSINESS-DEVELOPMENT,0.0459,0.05,0,0.0,0.2855640649795532,0.2939,0
resumes/data\BUSINESS-DEVELOPMENT\12377803.pdf,jds\HR\HR_entry.txt,BUSINESS-DEVELOPMENT,0.0681,0.05,0,19.0,0.3325662612915039,0.3488,0
resumes/data\BUSINESS-DEVELOPMENT\12377803.pdf,jds\HR\HR_senior.txt,BUSINESS-DEVELOPMENT,0.079,0.05,0,19.0,0.3293073773384094,0.3259,0
resumes/data\BUSINESS-DEVELOPMENT\12546838.pdf,jds\BUSINESS-DEVELOPMENT\BUSINESS-DEVELOPMENT_senior.txt,BUSINESS-DEVELOPMENT,0.1847,0.3,0,2.0,0.5151695013046265,0.6376,1
resumes/data\BUSINESS-DEVELOPMENT\12546838.pdf,jds\PUBLIC-RELATIONS\PUBLIC-RELATIONS_entry.txt,BUSINESS-DEVELOPMENT,0.0544,0.05,1,0.0,0.3671029508113861,0.4146,0
resumes/data\BUSINESS-DEVELOPMENT\12814706.pdf,jds\BUSINESS-DEVELOPMENT\BUSINESS-DEVELOPMENT_senior.txt,BUSINESS-DEVELOPMENT,0.2621,0.4,-1,14.0,0.531225860118866,0.6121,1
resumes/data\BUSINESS-DEVELOPMENT\12814706.pdf,jds\ARTS\ARTS_entry.txt,BUSINESS-DEVELOPMENT,0.0357,0.15,0,14.0,0.2686265110969543,0.1858,0
resumes/data\BUSINESS-DEVELOPMENT\12814706.pdf,jds\ARTS\ARTS_mid.txt,BUSINESS-DEVELOPMENT,0.0455,0.15,-1,14.0,0.3080918788909912,0.3366,0
resumes/data\BUSINESS-DEVELOPMENT\12814706.pdf,jds\ARTS\ARTS_senior.txt,BUSINESS-DEVELOPMENT,0.0473,0.2,-2,14.0,0.2664637267589569,0.235,0
resumes/data\BUSINESS-DEVELOPMENT\13080868.pdf,jds\CONSTRUCTION\CONSTRUCTION_entry.txt,BUSINESS-DEVELOPMENT,0.0457,0.1,0,-2.0,0.4245283305644989,0.3743,0
resumes/data\BUSINESS-DEVELOPMENT\13199813.pdf,jds\BUSINESS-DEVELOPMENT\BUSINESS-DEVELOPMENT_senior.txt,BUSINESS-DEVELOPMENT,0.2118,0.4,-1,0.0,0.468083918094635,0.5642,1
resumes/data\BUSINESS-DEVELOPMENT\13199813.pdf,jds\FITNESS\FITNESS_mid.txt,BUSINESS-DEVELOPMENT,0.0398,0.15,0,-7.0,0.2587206959724426,0.2884,0
resumes/data\BUSINESS-DEVELOPMENT\13199813.pdf,jds\FITNESS\FITNESS_entry.txt,BUSINESS-DEVELOPMENT,0.0365,0.2,1,-2.0,0.2373646944761276,0.244,0
resumes/data\BUSINESS-DEVELOPMENT\13199813.pdf,jds\FITNESS\FITNESS_senior.txt,BUSINESS-DEVELOPMENT,0.0646,0.15,-2,0.0,0.3179717063903808,0.3585,0
resumes/data\BUSINESS-DEVELOPMENT\13574264.pdf,jds\BUSINESS-DEVELOPMENT\BUSINESS-DEVELOPMENT_senior.txt,BUSINESS-DEVELOPMENT,0.34,0.4,-1,22.0,0.5728906393051147,0.5249,1
resumes/data\BUSINESS-DEVELOPMENT\13574264.pdf,jds\AVIATION\AVIATION_entry.txt,BUSINESS-DEVELOPMENT,0.048,0.05,0,20.0,0.2961733937263489,0.2265,0
resumes/data\BUSINESS-DEVELOPMENT\13574264.pdf,jds\AVIATION\AVIATION_senior.txt,BUSINESS-DEVELOPMENT,0.0823,0.2,0,22.0,0.4621977806091308,0.2867,0
resumes/data\BUSINESS-DEVELOPMENT\13574264.pdf,jds\AVIATION\AVIATION_mid.txt,BUSINESS-DEVELOPMENT,0.0809,0.2,0,14.0,0.4240809082984924,0.3207,0
resumes/data\BUSINESS-DEVELOPMENT\13888506.pdf,jds\BUSINESS-DEVELOPMENT\BUSINESS-DEVELOPMENT_senior.txt,BUSINESS-DEVELOPMENT,0.219,0.35,-1,20.0,0.4804912805557251,0.5909,1
resumes/data\BUSINESS-DEVELOPMENT\13888506.pdf,jds\APPAREL\APPAREL_entry.txt,BUSINESS-DEVELOPMENT,0.0517,0.05,0,18.0,0.3200386464595794,0.2859,0
resumes/data\BUSINESS-DEVELOPMENT\14055971.pdf,jds\CONSTRUCTION\CONSTRUCTION_entry.txt,BUSINESS-DEVELOPMENT,0.0638,0.25,-1,15.0,0.2003517299890518,0.3021,0
resumes/data\BUSINESS-DEVELOPMENT\14070138.pdf,jds\BUSINESS-DEVELOPMENT\BUSINESS-DEVELOPMENT_senior.txt,BUSINESS-DEVELOPMENT,0.31,0.45,-1,14.0,0.4983234405517578,0.6356,1
resumes/data\BUSINESS-DEVELOPMENT\14070138.pdf,jds\AVIATION\AVIATION_mid.txt,BUSINESS-DEVELOPMENT,0.0477,0.0,0,6.0,0.3574095368385315,0.4487,0
resumes/data\BUSINESS-DEVELOPMENT\14070138.pdf,jds\AVIATION\AVIATION_senior.txt,BUSINESS-DEVELOPMENT,0.0266,0.1,0,14.0,0.3950672745704651,0.4242,0
resumes/data\BUSINESS-DEVELOPMENT\14070138.pdf,jds\AVIATION\AVIATION_entry.txt,BUSINESS-DEVELOPMENT,0.0419,0.0,0,12.0,0.3235030174255371,0.336,0
resumes/data\BUSINESS-DEVELOPMENT\14287992.pdf,jds\CHEF\CHEF_senior.txt,BUSINESS-DEVELOPMENT,0.0574,0.05,2,31.0,0.3473220467567444,0.3615,0
resumes/data\BUSINESS-DEVELOPMENT\14287992.pdf,jds\CHEF\CHEF_entry.txt,BUSINESS-DEVELOPMENT,0.0448,0.1,2,31.0,0.4060485959053039,0.3279,0
resumes/data\BUSINESS-DEVELOPMENT\14287992.pdf,jds\CHEF\CHEF_mid.txt,BUSINESS-DEVELOPMENT,0.0509,0.1,2,31.0,0.3479889631271362,0.3471,0
resumes/data\BUSINESS-DEVELOPMENT\14726000.pdf,jds\CONSTRUCTION\CONSTRUCTION_entry.txt,BUSINESS-DEVELOPMENT,0.0633,0.3,1,14.0,0.2767046093940735,0.3592,0
resumes/data\BUSINESS-DEVELOPMENT\14752209.pdf,jds\BUSINESS-DEVELOPMENT\BUSINESS-DEVELOPMENT_senior.txt,BUSINESS-DEVELOPMENT,0.2846,0.35,-2,14.0,0.6143596172332764,0.5973,1
resumes/data\BUSINESS-DEVELOPMENT\14752209.pdf,jds\DESIGNER\DESIGNER_mid.txt,BUSINESS-DEVELOPMENT,0.0188,0.05,-2,14.0,0.2749367356300354,0.257,0
resumes/data\BUSINESS-DEVELOPMENT\14752209.pdf,jds\DESIGNER\DESIGNER_entry.txt,BUSINESS-DEVELOPMENT,0.0209,0.0,-1,12.0,0.2373248189687729,0.2277,0
resumes/data\BUSINESS-DEVELOPMENT\14752209.pdf,jds\DESIGNER\DESIGNER_senior.txt,BUSINESS-DEVELOPMENT,0.0312,0.1,-2,14.0,0.347350150346756,0.3681,0
resumes/data\BUSINESS-DEVELOPMENT\14825300.pdf,jds\BUSINESS-DEVELOPMENT\BUSINESS-DEVELOPMENT_senior.txt,BUSINESS-DEVELOPMENT,0.3103,0.45,0,22.0,0.5750573873519897,0.5983,1
resumes/data\BUSINESS-DEVELOPMENT\14825300.pdf,jds\BPO\BPO_entry.txt,BUSINESS-DEVELOPMENT,0.0749,0.1,1,20.0,0.4061800241470337,0.4203,0
resumes/data\BUSINESS-DEVELOPMENT\14861855.pdf,jds\BUSINESS-DEVELOPMENT\BUSINESS-DEVELOPMENT_senior.txt,BUSINESS-DEVELOPMENT,0.2125,0.35,0,5.0,0.4469039440155029,0.6394,1
resumes/data\BUSINESS-DEVELOPMENT\14861855.pdf,jds\FITNESS\FITNESS_senior.txt,BUSINESS-DEVELOPMENT,0.057,0.15,-1,5.0,0.3136868476867676,0.3068,0
resumes/data\BUSINESS-DEVELOPMENT\14861855.pdf,jds\FITNESS\FITNESS_entry.txt,BUSINESS-DEVELOPMENT,0.0595,0.1,2,3.0,0.2849412858486175,0.3201,0
resumes/data\BUSINESS-DEVELOPMENT\14861855.pdf,jds\FITNESS\FITNESS_mid.txt,BUSINESS-DEVELOPMENT,0.0546,0.1,1,-2.0,0.2906937599182129,0.2829,0
resumes/data\BUSINESS-DEVELOPMENT\14871762.pdf,jds\FITNESS\FITNESS_entry.txt,BUSINESS-DEVELOPMENT,0.0556,0.1,2,5.0,0.3187295198440552,0.1894,0
resumes/data\BUSINESS-DEVELOPMENT\14871762.pdf,jds\FITNESS\FITNESS_senior.txt,BUSINESS-DEVELOPMENT,0.0765,0.1,-1,7.0,0.3262856602668762,0.2044,0
resumes/data\BUSINESS-DEVELOPMENT\14871762.pdf,jds\FITNESS\FITNESS_mid.txt,BUSINESS-DEVELOPMENT,0.0793,0.05,1,0.0,0.3298643827438354,0.2552,0
resumes/data\BUSINESS-DEVELOPMENT\14990354.pdf,jds\BUSINESS-DEVELOPMENT\BUSINESS-DEVELOPMENT_senior.txt,BUSINESS-DEVELOPMENT,0.3249,0.4,0,0.0,0.6012449264526367,0.6362,1
resumes/data\BUSINESS-DEVELOPMENT\14990354.pdf,jds\ACCOUNTANT\ACCOUNTANT_entry.txt,BUSINESS-DEVELOPMENT,0.0387,0.05,0,-2.0,0.4265032410621643,0.3904,0
resumes/data\BUSINESS-DEVELOPMENT\14990354.pdf,jds\ACCOUNTANT\ACCOUNTANT_mid.txt,BUSINESS-DEVELOPMENT,0.0566,0.05,0,0.0,0.4727377295494079,0.4029,0
resumes/data\BUSINESS-DEVELOPMENT\15233524.pdf,jds\AVIATION\AVIATION_mid.txt,BUSINESS-DEVELOPMENT,0.0352,0.0,1,27.0,0.3510372638702392,0.29,0
resumes/data\BUSINESS-DEVELOPMENT\15233524.pdf,jds\AVIATION\AVIATION_senior.txt,BUSINESS-DEVELOPMENT,0.0519,0.2,1,35.0,0.4392605721950531,0.2781,0
resumes/data\BUSINESS-DEVELOPMENT\15233524.pdf,jds\AVIATION\AVIATION_entry.txt,BUSINESS-DEVELOPMENT,0.0278,0.0,1,33.0,0.3012745976448059,0.2237,0
resumes/data\BUSINESS-DEVELOPMENT\15423153.pdf,jds\BUSINESS-DEVELOPMENT\BUSINESS-DEVELOPMENT_senior.txt,BUSINESS-DEVELOPMENT,0.2577,0.45,-1,5.0,0.4506457448005676,0.5676,1
resumes/data\BUSINESS-DEVELOPMENT\15423153.pdf,jds\PUBLIC-RELATIONS\PUBLIC-RELATIONS_entry.txt,BUSINESS-DEVELOPMENT,0.1039,0.15,0,3.0,0.3453274965286255,0.5148,0
resumes/data\BUSINESS-DEVELOPMENT\15811992.pdf,jds\BUSINESS-DEVELOPMENT\BUSINESS-DEVELOPMENT_senior.txt,BUSINESS-DEVELOPMENT,0.2851,0.5,0,10.0,0.5437042713165283,0.5629,1
resumes/data\BUSINESS-DEVELOPMENT\16091352.pdf,jds\ARTS\ARTS_entry.txt,BUSINESS-DEVELOPMENT,0.0435,0.05,1,0.0,0.2590365409851074,0.2237,0
resumes/data\BUSINESS-DEVELOPMENT\16091352.pdf,jds\ARTS\ARTS_mid.txt,BUSINESS-DEVELOPMENT,0.0433,0.05,0,0.0,0.34295654296875,0.3173,0
resumes/data\BUSINESS-DEVELOPMENT\16091352.pdf,jds\ARTS\ARTS_senior.txt,BUSINESS-DEVELOPMENT,0.055,0.1,-1,0.0,0.2776109874248504,0.2983,0
resumes/data\BUSINESS-DEVELOPMENT\16519708.pdf,jds\BUSINESS-DEVELOPMENT\BUSINESS-DEVELOPMENT_senior.txt,BUSINESS-DEVELOPMENT,0.2685,0.4,0,12.0,0.5802183151245117,0.535,1
resumes/data\BUSINESS-DEVELOPMENT\16519708.pdf,jds\ADVOCATE\ADVOCATE_mid.txt,BUSINESS-DEVELOPMENT,0.0469,0.1,0,12.0,0.3506534099578857,0.3175,0
resumes/data\BUSINESS-DEVELOPMENT\16519708.pdf,jds\ADVOCATE\ADVOCATE_entry.txt,BUSINESS-DEVELOPMENT,0.0298,0.05,0,10.0,0.3785558938980102,0.338,0
resumes/data\BUSINESS-DEVELOPMENT\16694152.pdf,jds\BUSINESS-DEVELOPMENT\BUSINESS-DEVELOPMENT_senior.txt,BUSINESS-DEVELOPMENT,0.2698,0.3,-1,21.0,0.653347909450531,0.7307,1
resumes/data\BUSINESS-DEVELOPMENT\16694152.pdf,jds\PUBLIC-RELATIONS\PUBLIC-RELATIONS_entry.txt,BUSINESS-DEVELOPMENT,0.0407,0.1,0,19.0,0.3984062671661377,0.3832,0
resumes/data\BUSINESS-DEVELOPMENT\16846478.pdf,jds\BUSINESS-DEVELOPMENT\BUSINESS-DEVELOPMENT_senior.txt,BUSINESS-DEVELOPMENT,0.2813,0.35,-1,18.0,0.5931514501571655,0.5103,1
resumes/data\BUSINESS-DEVELOPMENT\16846478.pdf,jds\ACCOUNTANT\ACCOUNTANT_mid.txt,BUSINESS-DEVELOPMENT,0.0557,0.15,-1,18.0,0.4730486571788788,0.261,0
resumes/data\BUSINESS-DEVELOPMENT\16846478.pdf,jds\ACCOUNTANT\ACCOUNTANT_senior.txt,BUSINESS-DEVELOPMENT,0.0573,0.1,-1,18.0,0.4291349053382873,0.3019,0
resumes/data\BUSINESS-DEVELOPMENT\16846478.pdf,jds\ACCOUNTANT\ACCOUNTANT_entry.txt,BUSINESS-DEVELOPMENT,0.0452,0.15,-1,16.0,0.4228067994117737,0.3192,0
resumes/data\BUSINESS-DEVELOPMENT\17095812.pdf,jds\DESIGNER\DESIGNER_entry.txt,BUSINESS-DEVELOPMENT,0.0443,0.0,-1,1.0,0.3788161277770996,0.3351,0
resumes/data\BUSINESS-DEVELOPMENT\17095812.pdf,jds\DESIGNER\DESIGNER_senior.txt,BUSINESS-DEVELOPMENT,0.0486,0.1,-2,3.0,0.3494828939437866,0.331,0
resumes/data\BUSINESS-DEVELOPMENT\17095812.pdf,jds\DESIGNER\DESIGNER_mid.txt,BUSINESS-DEVELOPMENT,0.0589,0.1,-2,3.0,0.3635905385017395,0.3455,0
resumes/data\BUSINESS-DEVELOPMENT\17115815.pdf,jds\BUSINESS-DEVELOPMENT\BUSINESS-DEVELOPMENT_senior.txt,BUSINESS-DEVELOPMENT,0.2468,0.35,-1,6.0,0.6022239923477173,0.657,1
resumes/data\BUSINESS-DEVELOPMENT\17115815.pdf,jds\BPO\BPO_entry.txt,BUSINESS-DEVELOPMENT,0.0609,0.2,0,4.0,0.4753578901290893,0.4218,0
resumes/data\BUSINESS-DEVELOPMENT\17421910.pdf,jds\TEACHER\TEACHER_senior.txt,BUSINESS-DEVELOPMENT,0.0446,0.2,-1,16.0,0.3002932071685791,0.3292,0
resumes/data\BUSINESS-DEVELOPMENT\17421910.pdf,jds\TEACHER\TEACHER_entry.txt,BUSINESS-DEVELOPMENT,0.0482,0.05,1,16.0,0.3193421065807342,0.3671,0
resumes/data\BUSINESS-DEVELOPMENT\17421910.pdf,jds\TEACHER\TEACHER_mid.txt,BUSINESS-DEVELOPMENT,0.0382,0.05,0,16.0,0.3618017137050628,0.3805,0
resumes/data\BUSINESS-DEVELOPMENT\17597372.pdf,jds\HEALTHCARE\HEALTHCARE_mid.txt,BUSINESS-DEVELOPMENT,0.034,0.1,-1,10.0,0.2865294814109802,0.2651,0
resumes/data\BUSINESS-DEVELOPMENT\17597372.pdf,jds\HEALTHCARE\HEALTHCARE_senior.txt,BUSINESS-DEVELOPMENT,0.0192,0.0,-1,10.0,0.3236709833145141,0.3267,0
resumes/data\BUSINESS-DEVELOPMENT\17597372.pdf,jds\HEALTHCARE\HEALTHCARE_entry.txt,BUSINESS-DEVELOPMENT,0.0415,0.05,0,8.0,0.2834104299545288,0.3431,0
resumes/data\BUSINESS-DEVELOPMENT\17602815.pdf,jds\AGRICULTURE\AGRICULTURE_mid.txt,BUSINESS-DEVELOPMENT,0.0772,0.05,0,30.0,0.2858999371528625,0.2047,0
resumes/data\BUSINESS-DEVELOPMENT\17602815.pdf,jds\AGRICULTURE\AGRICULTURE_senior.txt,BUSINESS-DEVELOPMENT,0.0545,0.0,-1,37.0,0.3303380012512207,0.2244,0
resumes/data\BUSINESS-DEVELOPMENT\17602815.pdf,jds\AGRICULTURE\AGRICULTURE_entry.txt,BUSINESS-DEVELOPMENT,0.0537,0.05,1,37.0,0.2421635091304779,0.1484,0
resumes/data\BUSINESS-DEVELOPMENT\17730889.pdf,jds\ENGINEERING\ENGINEERING_entry.txt,BUSINESS-DEVELOPMENT,0.0378,0.05,1,10.0,0.2923116087913513,0.3707,0
resumes/data\BUSINESS-DEVELOPMENT\17730889.pdf,jds\ENGINEERING\ENGINEERING_senior.txt,BUSINESS-DEVELOPMENT,0.0455,0.1,-1,12.0,0.3129146695137024,0.3073,0
resumes/data\BUSINESS-DEVELOPMENT\17730889.pdf,jds\ENGINEERING\ENGINEERING_mid.txt,BUSINESS-DEVELOPMENT,0.045,0.05,0,12.0,0.313186764717102,0.3747,0
resumes/data\BUSINESS-DEVELOPMENT\18236085.pdf,jds\BUSINESS-DEVELOPMENT\BUSINESS-DEVELOPMENT_senior.txt,BUSINESS-DEVELOPMENT,0.2607,0.35,-1,6.0,0.5392163991928101,0.5444,1
resumes/data\BUSINESS-DEVELOPMENT\18236085.pdf,jds\DIGITAL-MEDIA\DIGITAL-MEDIA_entry.txt,BUSINESS-DEVELOPMENT,0.0896,0.1,0,4.0,0.425611138343811,0.3505,0
resumes/data\BUSINESS-DEVELOPMENT\18293620.pdf,jds\BUSINESS-DEVELOPMENT\BUSINESS-DEVELOPMENT_senior.txt,BUSINESS-DEVELOPMENT,0.2152,0.45,-1,22.0,0.5109464526176453,0.6486,1
resumes/data\BUSINESS-DEVELOPMENT\18293620.pdf,jds\INFORMATION-TECHNOLOGY\INFORMATION-TECHNOLOGY_mid.txt,BUSINESS-DEVELOPMENT,0.0543,0.1,-1,22.0,0.5235865116119385,0.3761,0
resumes/data\BUSINESS-DEVELOPMENT\18293620.pdf,jds\INFORMATION-TECHNOLOGY\INFORMATION-TECHNOLOGY_entry.txt,BUSINESS-DEVELOPMENT,0.0441,0.05,0,20.0,0.4456323981285095,0.3961,0
resumes/data\BUSINESS-DEVELOPMENT\18311419.pdf,jds\BUSINESS-DEVELOPMENT\BUSINESS-DEVELOPMENT_senior.txt,BUSINESS-DEVELOPMENT,0.255,0.3,-1,25.0,0.5772868394851685,0.602,1
resumes/data\BUSINESS-DEVELOPMENT\18311419.pdf,jds\DIGITAL-MEDIA\DIGITAL-MEDIA_entry.txt,BUSINESS-DEVELOPMENT,0.0708,0.1,0,23.0,0.5626732110977173,0.4162,0
resumes/data\BUSINESS-DEVELOPMENT\18757174.pdf,jds\CONSTRUCTION\CONSTRUCTION_entry.txt,BUSINESS-DEVELOPMENT,0.0645,0.1,0,18.0,0.2552476525306701,0.412,0
resumes/data\BUSINESS-DEVELOPMENT\18937778.pdf,jds\BPO\BPO_entry.txt,BUSINESS-DEVELOPMENT,0.067,0.15,0,13.0,0.3492758274078369,0.3107,0
resumes/data\BUSINESS-DEVELOPMENT\18937778.pdf,jds\BPO\BPO_mid.txt,BUSINESS-DEVELOPMENT,0.0609,0.2,0,15.0,0.3513626456260681,0.3452,0
resumes/data\BUSINESS-DEVELOPMENT\18937778.pdf,jds\BPO\BPO_senior.txt,BUSINESS-DEVELOPMENT,0.0856,0.25,-1,15.0,0.3736891448497772,0.3544,0
resumes/data\BUSINESS-DEVELOPMENT\19557384.pdf,jds\BUSINESS-DEVELOPMENT\BUSINESS-DEVELOPMENT_senior.txt,BUSINESS-DEVELOPMENT,0.2036,0.25,-1,7.0,0.5600287914276123,0.6513,1
resumes/data\BUSINESS-DEVELOPMENT\19557384.pdf,jds\PUBLIC-RELATIONS\PUBLIC-RELATIONS_entry.txt,BUSINESS-DEVELOPMENT,0.0321,0.0,0,5.0,0.3296704888343811,0.3432,0
resumes/data\BUSINESS-DEVELOPMENT\19557384.pdf,jds\PUBLIC-RELATIONS\PUBLIC-RELATIONS_senior.txt,BUSINESS-DEVELOPMENT,0.049,0.0,-1,7.0,0.4115241765975952,0.4139,0
resumes/data\BUSINESS-DEVELOPMENT\19557384.pdf,jds\PUBLIC-RELATIONS\PUBLIC-RELATIONS_mid.txt,BUSINESS-DEVELOPMENT,0.0648,0.25,-1,7.0,0.4366528987884521,0.3892,0
resumes/data\BUSINESS-DEVELOPMENT\19738730.pdf,jds\BANKING\BANKING_senior.txt,BUSINESS-DEVELOPMENT,0.0361,0.05,-2,13.0,0.3701245486736297,0.286,0
resumes/data\BUSINESS-DEVELOPMENT\19738730.pdf,jds\BANKING\BANKING_entry.txt,BUSINESS-DEVELOPMENT,0.0332,0.1,-1,11.0,0.3718413710594177,0.234,0
resumes/data\BUSINESS-DEVELOPMENT\19738730.pdf,jds\BANKING\BANKING_mid.txt,BUSINESS-DEVELOPMENT,0.0686,0.15,-2,13.0,0.3148384690284729,0.2744,0
resumes/data\BUSINESS-DEVELOPMENT\20317319.pdf,jds\BUSINESS-DEVELOPMENT\BUSINESS-DEVELOPMENT_entry.txt,BUSINESS-DEVELOPMENT,0.1987,0.45,-2,8.0,0.6211034655570984,0.6515,1
resumes/data\BUSINESS-DEVELOPMENT\20317319.pdf,jds\INFORMATION-TECHNOLOGY\INFORMATION-TECHNOLOGY_senior.txt,BUSINESS-DEVELOPMENT,0.0378,0.1,-3,10.0,0.4151037335395813,0.3997,0
resumes/data\BUSINESS-DEVELOPMENT\20317319.pdf,jds\INFORMATION-TECHNOLOGY\INFORMATION-TECHNOLOGY_entry.txt,BUSINESS-DEVELOPMENT,0.0534,0.05,-2,8.0,0.3605529367923736,0.3425,0
resumes/data\BUSINESS-DEVELOPMENT\20317319.pdf,jds\INFORMATION-TECHNOLOGY\INFORMATION-TECHNOLOGY_mid.txt,BUSINESS-DEVELOPMENT,0.057,0.1,-3,10.0,0.3874053657054901,0.365,0
resumes/data\BUSINESS-DEVELOPMENT\20357858.pdf,jds\PUBLIC-RELATIONS\PUBLIC-RELATIONS_entry.txt,BUSINESS-DEVELOPMENT,0.0704,0.2,0,14.0,0.3830504119396209,0.3215,0
resumes/data\BUSINESS-DEVELOPMENT\20427934.pdf,jds\AUTOMOBILE\AUTOMOBILE_entry.txt,BUSINESS-DEVELOPMENT,0.0415,0.1,0,22.0,0.3504520654678345,0.1987,0
resumes/data\BUSINESS-DEVELOPMENT\20427934.pdf,jds\AUTOMOBILE\AUTOMOBILE_mid.txt,BUSINESS-DEVELOPMENT,0.0563,0.05,0,16.0,0.3483770489692688,0.2266,0
resumes/data\BUSINESS-DEVELOPMENT\20427934.pdf,jds\AUTOMOBILE\AUTOMOBILE_senior.txt,BUSINESS-DEVELOPMENT,0.0709,0.1,-1,24.0,0.3286983966827392,0.2705,0
resumes/data\BUSINESS-DEVELOPMENT\20553895.pdf,jds\PUBLIC-RELATIONS\PUBLIC-RELATIONS_entry.txt,BUSINESS-DEVELOPMENT,0.0732,0.1,0,-2.0,0.3222674131393432,0.4322,0
resumes/data\BUSINESS-DEVELOPMENT\20633855.pdf,jds\BUSINESS-DEVELOPMENT\BUSINESS-DEVELOPMENT_senior.txt,BUSINESS-DEVELOPMENT,0.2207,0.35,-1,9.0,0.6454675197601318,0.6455,1
resumes/data\BUSINESS-DEVELOPMENT\20633855.pdf,jds\PUBLIC-RELATIONS\PUBLIC-RELATIONS_entry.txt,BUSINESS-DEVELOPMENT,0.0909,0.2,0,7.0,0.4643990397453308,0.4644,0
resumes/data\BUSINESS-DEVELOPMENT\20748929.pdf,jds\BUSINESS-DEVELOPMENT\BUSINESS-DEVELOPMENT_senior.txt,BUSINESS-DEVELOPMENT,0.2322,0.35,-1,11.0,0.4354839622974396,0.5362,1
resumes/data\BUSINESS-DEVELOPMENT\20748929.pdf,jds\AUTOMOBILE\AUTOMOBILE_mid.txt,BUSINESS-DEVELOPMENT,0.1285,0.2,0,3.0,0.3040744066238403,0.2561,0
resumes/data\BUSINESS-DEVELOPMENT\20748929.pdf,jds\AUTOMOBILE\AUTOMOBILE_entry.txt,BUSINESS-DEVELOPMENT,0.0931,0.2,0,9.0,0.2803272008895874,0.2722,0
resumes/data\BUSINESS-DEVELOPMENT\20748929.pdf,jds\AUTOMOBILE\AUTOMOBILE_senior.txt,BUSINESS-DEVELOPMENT,0.0835,0.2,-1,11.0,0.3246824443340301,0.2421,0
resumes/data\BUSINESS-DEVELOPMENT\22025574.pdf,jds\ADVOCATE\ADVOCATE_entry.txt,BUSINESS-DEVELOPMENT,0.0719,0.05,0,-2.0,0.3731041252613067,0.2719,0
resumes/data\BUSINESS-DEVELOPMENT\22025574.pdf,jds\ADVOCATE\ADVOCATE_senior.txt,BUSINESS-DEVELOPMENT,0.0572,0.15,0,0.0,0.3902261257171631,0.3231,0
resumes/data\BUSINESS-DEVELOPMENT\22025574.pdf,jds\ADVOCATE\ADVOCATE_mid.txt,BUSINESS-DEVELOPMENT,0.0644,0.15,0,0.0,0.3329648375511169,0.2726,0
resumes/data\BUSINESS-DEVELOPMENT\22423839.pdf,jds\BUSINESS-DEVELOPMENT\BUSINESS-DEVELOPMENT_senior.txt,BUSINESS-DEVELOPMENT,0.2956,0.5,-1,16.0,0.5335503816604614,0.6102,1
resumes/data\BUSINESS-DEVELOPMENT\22423839.pdf,jds\HR\HR_entry.txt,BUSINESS-DEVELOPMENT,0.0435,0.05,-1,16.0,0.3670612275600433,0.3511,0
resumes/data\BUSINESS-DEVELOPMENT\22765255.pdf,jds\TEACHER\TEACHER_entry.txt,BUSINESS-DEVELOPMENT,0.0659,0.1,1,14.0,0.3567959666252136,0.2725,0
resumes/data\BUSINESS-DEVELOPMENT\22765255.pdf,jds\TEACHER\TEACHER_senior.txt,BUSINESS-DEVELOPMENT,0.0733,0.2,-1,14.0,0.3221393227577209,0.3162,0
resumes/data\BUSINESS-DEVELOPMENT\22765255.pdf,jds\TEACHER\TEACHER_mid.txt,BUSINESS-DEVELOPMENT,0.0795,0.1,0,14.0,0.3799191117286682,0.3351,0
resumes/data\BUSINESS-DEVELOPMENT\23396633.pdf,jds\AUTOMOBILE\AUTOMOBILE_mid.txt,BUSINESS-DEVELOPMENT,0.0417,0.15,1,12.0,0.2167970836162567,0.254,0
resumes/data\BUSINESS-DEVELOPMENT\23396633.pdf,jds\AUTOMOBILE\AUTOMOBILE_entry.txt,BUSINESS-DEVELOPMENT,0.0189,0.05,1,18.0,0.1954314261674881,0.1541,0
resumes/data\BUSINESS-DEVELOPMENT\23396633.pdf,jds\AUTOMOBILE\AUTOMOBILE_senior.txt,BUSINESS-DEVELOPMENT,0.0749,0.15,0,20.0,0.2724565863609314,0.3083,0
resumes/data\BUSINESS-DEVELOPMENT\23568641.pdf,jds\ARTS\ARTS_senior.txt,BUSINESS-DEVELOPMENT,0.0446,0.15,-2,14.0,0.3452502787113189,0.1793,0
resumes/data\BUSINESS-DEVELOPMENT\23568641.pdf,jds\ARTS\ARTS_entry.txt,BUSINESS-DEVELOPMENT,0.042,0.05,0,14.0,0.2524623572826385,0.2128,0
resumes/data\BUSINESS-DEVELOPMENT\23568641.pdf,jds\ARTS\ARTS_mid.txt,BUSINESS-DEVELOPMENT,0.047,0.0,-1,14.0,0.3627011477947235,0.3452,0
resumes/data\BUSINESS-DEVELOPMENT\24412546.pdf,jds\HR\HR_mid.txt,BUSINESS-DEVELOPMENT,0.0344,0.1,0,29.0,0.3992101848125458,0.44,0
resumes/data\BUSINESS-DEVELOPMENT\24412546.pdf,jds\HR\HR_entry.txt,BUSINESS-DEVELOPMENT,0.0216,0.0,0,29.0,0.4025244116783142,0.392,0
resumes/data\BUSINESS-DEVELOPMENT\24412546.pdf,jds\HR\HR_senior.txt,BUSINESS-DEVELOPMENT,0.036,0.05,0,29.0,0.4145516157150268,0.4089,0
resumes/data\BUSINESS-DEVELOPMENT\24647386.pdf,jds\DIGITAL-MEDIA\DIGITAL-MEDIA_entry.txt,BUSINESS-DEVELOPMENT,0.073,0.1,0,15.0,0.3364797830581665,0.4503,0
resumes/data\BUSINESS-DEVELOPMENT\24964303.pdf,jds\BUSINESS-DEVELOPMENT\BUSINESS-DEVELOPMENT_senior.txt,BUSINESS-DEVELOPMENT,0.347,0.4,-1,37.0,0.4813463985919952,0.6349,1
resumes/data\BUSINESS-DEVELOPMENT\24964303.pdf,jds\CHEF\CHEF_mid.txt,BUSINESS-DEVELOPMENT,0.0486,0.15,1,37.0,0.3500358164310455,0.3279,0
resumes/data\BUSINESS-DEVELOPMENT\24964303.pdf,jds\CHEF\CHEF_entry.txt,BUSINESS-DEVELOPMENT,0.0437,0.05,1,37.0,0.286291241645813,0.274,0
resumes/data\BUSINESS-DEVELOPMENT\24964303.pdf,jds\CHEF\CHEF_senior.txt,BUSINESS-DEVELOPMENT,0.0704,0.15,1,37.0,0.3052136898040771,0.3422,0
resumes/data\BUSINESS-DEVELOPMENT\25370801.pdf,jds\ENGINEERING\ENGINEERING_senior.txt,BUSINESS-DEVELOPMENT,0.0329,0.05,-2,11.0,0.2637134194374084,0.2806,0
resumes/data\BUSINESS-DEVELOPMENT\25370801.pdf,jds\ENGINEERING\ENGINEERING_mid.txt,BUSINESS-DEVELOPMENT,0.0375,0.0,-1,11.0,0.2265868037939071,0.2918,0
resumes/data\BUSINESS-DEVELOPMENT\25370801.pdf,jds\ENGINEERING\ENGINEERING_entry.txt,BUSINESS-DEVELOPMENT,0.0253,0.0,0,9.0,0.2717199623584747,0.2649,0
resumes/data\BUSINESS-DEVELOPMENT\25397102.pdf,jds\AUTOMOBILE\AUTOMOBILE_senior.txt,BUSINESS-DEVELOPMENT,0.0604,0.05,-1,3.0,0.3326987326145172,0.3211,0
resumes/data\BUSINESS-DEVELOPMENT\25397102.pdf,jds\AUTOMOBILE\AUTOMOBILE_mid.txt,BUSINESS-DEVELOPMENT,0.0839,0.1,0,-5.0,0.3573190867900848,0.3168,0
resumes/data\BUSINESS-DEVELOPMENT\25397102.pdf,jds\AUTOMOBILE\AUTOMOBILE_entry.txt,BUSINESS-DEVELOPMENT,0.0562,0.05,0,1.0,0.3398459553718567,0.3159,0
resumes/data\BUSINESS-DEVELOPMENT\25813953.pdf,jds\PUBLIC-RELATIONS\PUBLIC-RELATIONS_entry.txt,BUSINESS-DEVELOPMENT,0.0481,0.05,-1,-2.0,0.4378270208835602,0.4033,0
resumes/data\BUSINESS-DEVELOPMENT\25813953.pdf,jds\PUBLIC-RELATIONS\PUBLIC-RELATIONS_senior.txt,BUSINESS-DEVELOPMENT,0.0357,0.05,-2,0.0,0.4129013419151306,0.4202,0
resumes/data\BUSINESS-DEVELOPMENT\26278597.pdf,jds\BUSINESS-DEVELOPMENT\BUSINESS-DEVELOPMENT_senior.txt,BUSINESS-DEVELOPMENT,0.2522,0.55,0,12.0,0.4917206168174743,0.5719,1
resumes/data\BUSINESS-DEVELOPMENT\26278597.pdf,jds\CHEF\CHEF_entry.txt,BUSINESS-DEVELOPMENT,0.0609,0.1,2,12.0,0.3339495062828064,0.3113,0
resumes/data\BUSINESS-DEVELOPMENT\26278597.pdf,jds\CHEF\CHEF_senior.txt,BUSINESS-DEVELOPMENT,0.0718,0.05,2,12.0,0.3954915106296539,0.3808,0
resumes/data\BUSINESS-DEVELOPMENT\26581830.pdf,jds\PUBLIC-RELATIONS\PUBLIC-RELATIONS_entry.txt,BUSINESS-DEVELOPMENT,0.0538,0.1,-1,1.0,0.3871863782405853,0.3563,0
resumes/data\BUSINESS-DEVELOPMENT\26581830.pdf,jds\PUBLIC-RELATIONS\PUBLIC-RELATIONS_senior.txt,BUSINESS-DEVELOPMENT,0.06,0.1,-2,3.0,0.4003252387046814,0.3805,0
resumes/data\BUSINESS-DEVELOPMENT\26896699.pdf,jds\BUSINESS-DEVELOPMENT\BUSINESS-DEVELOPMENT_senior.txt,BUSINESS-DEVELOPMENT,0.2382,0.3,-1,32.0,0.4718966484069824,0.5906,1
resumes/data\BUSINESS-DEVELOPMENT\26896699.pdf,jds\TEACHER\TEACHER_mid.txt,BUSINESS-DEVELOPMENT,0.0385,0.0,-1,32.0,0.380628764629364,0.2579,0
resumes/data\BUSINESS-DEVELOPMENT\26896699.pdf,jds\TEACHER\TEACHER_entry.txt,BUSINESS-DEVELOPMENT,0.0496,0.0,0,32.0,0.3991861939430237,0.2498,0
resumes/data\BUSINESS-DEVELOPMENT\26896699.pdf,jds\TEACHER\TEACHER_senior.txt,BUSINESS-DEVELOPMENT,0.0256,0.1,-2,32.0,0.3606875538825989,0.2564,0
resumes/data\BUSINESS-DEVELOPMENT\27004930.pdf,jds\HEALTHCARE\HEALTHCARE_entry.txt,BUSINESS-DEVELOPMENT,0.036,0.1,0,-2.0,0.3812423348426819,0.3609,0
resumes/data\BUSINESS-DEVELOPMENT\27004930.pdf,jds\HEALTHCARE\HEALTHCARE_mid.txt,BUSINESS-DEVELOPMENT,0.076,0.15,-1,0.0,0.3518930673599243,0.3357,0
resumes/data\BUSINESS-DEVELOPMENT\27004930.pdf,jds\HEALTHCARE\HEALTHCARE_senior.txt,BUSINESS-DEVELOPMENT,0.0544,0.2,-1,0.0,0.4029543399810791,0.3924,0
resumes/data\BUSINESS-DEVELOPMENT\27139412.pdf,jds\BUSINESS-DEVELOPMENT\BUSINESS-DEVELOPMENT_senior.txt,BUSINESS-DEVELOPMENT,0.2224,0.3,-1,14.0,0.6180479526519775,0.6547,1
resumes/data\BUSINESS-DEVELOPMENT\27139412.pdf,jds\BANKING\BANKING_entry.txt,BUSINESS-DEVELOPMENT,0.047,0.25,0,12.0,0.4349651336669922,0.4404,0
resumes/data\BUSINESS-DEVELOPMENT\27213082.pdf,jds\BUSINESS-DEVELOPMENT\BUSINESS-DEVELOPMENT_senior.txt,BUSINESS-DEVELOPMENT,0.2111,0.35,0,12.0,0.4487248063087463,0.6434,1
resumes/data\BUSINESS-DEVELOPMENT\27213082.pdf,jds\AGRICULTURE\AGRICULTURE_mid.txt,BUSINESS-DEVELOPMENT,0.1062,0.15,0,5.0,0.2704101502895355,0.315,0
resumes/data\BUSINESS-DEVELOPMENT\27213082.pdf,jds\AGRICULTURE\AGRICULTURE_entry.txt,BUSINESS-DEVELOPMENT,0.089,0.05,1,12.0,0.2355081439018249,0.287,0
resumes/data\BUSINESS-DEVELOPMENT\27219200.pdf,jds\BUSINESS-DEVELOPMENT\BUSINESS-DEVELOPMENT_senior.txt,BUSINESS-DEVELOPMENT,0.3186,0.4,-1,33.0,0.5597225427627563,0.6275,1
resumes/data\BUSINESS-DEVELOPMENT\27219200.pdf,jds\ACCOUNTANT\ACCOUNTANT_entry.txt,BUSINESS-DEVELOPMENT,0.0512,0.2,-1,31.0,0.4027116298675537,0.4629,0
resumes/data\BUSINESS-DEVELOPMENT\27375577.pdf,jds\AGRICULTURE\AGRICULTURE_mid.txt,BUSINESS-DEVELOPMENT,0.0619,0.1,0,0.0,0.3094350397586822,0.1354,0
resumes/data\BUSINESS-DEVELOPMENT\27375577.pdf,jds\AGRICULTURE\AGRICULTURE_senior.txt,BUSINESS-DEVELOPMENT,0.0805,0.2,-1,7.0,0.4221659898757934,0.2236,0
resumes/data\BUSINESS-DEVELOPMENT\27375577.pdf,jds\AGRICULTURE\AGRICULTURE_entry.txt,BUSINESS-DEVELOPMENT,0.0473,0.0,1,7.0,0.3019014894962311,0.1155,0
resumes/data\BUSINESS-DEVELOPMENT\27796199.pdf,jds\ACCOUNTANT\ACCOUNTANT_entry.txt,BUSINESS-DEVELOPMENT,0.0379,0.05,-1,18.0,0.2121886610984802,0.1908,0
resumes/data\BUSINESS-DEVELOPMENT\27796199.pdf,jds\ACCOUNTANT\ACCOUNTANT_mid.txt,BUSINESS-DEVELOPMENT,0.06,0.1,-1,20.0,0.3002614378929138,0.1808,0
resumes/data\BUSINESS-DEVELOPMENT\27796199.pdf,jds\ACCOUNTANT\ACCOUNTANT_senior.txt,BUSINESS-DEVELOPMENT,0.074,0.0,-1,20.0,0.2180695682764053,0.1783,0
resumes/data\BUSINESS-DEVELOPMENT\27850777.pdf,jds\BUSINESS-DEVELOPMENT\BUSINESS-DEVELOPMENT_entry.txt,BUSINESS-DEVELOPMENT,0.2945,0.65,0,9.0,0.6163730025291443,0.6645,1
resumes/data\BUSINESS-DEVELOPMENT\27850777.pdf,jds\BUSINESS-DEVELOPMENT\BUSINESS-DEVELOPMENT_senior.txt,BUSINESS-DEVELOPMENT,0.2675,0.35,-1,11.0,0.6108821034431458,0.6948,1
resumes/data\BUSINESS-DEVELOPMENT\27850777.pdf,jds\ENGINEERING\ENGINEERING_entry.txt,BUSINESS-DEVELOPMENT,0.034,0.0,0,9.0,0.4101000428199768,0.4279,0
resumes/data\BUSINESS-DEVELOPMENT\27850777.pdf,jds\ENGINEERING\ENGINEERING_mid.txt,BUSINESS-DEVELOPMENT,0.0591,0.0,-1,11.0,0.4224296510219574,0.364,0
resumes/data\BUSINESS-DEVELOPMENT\27937592.pdf,jds\BUSINESS-DEVELOPMENT\BUSINESS-DEVELOPMENT_senior.txt,BUSINESS-DEVELOPMENT,0.2645,0.35,-1,13.0,0.5012946724891663,0.5995,1
resumes/data\BUSINESS-DEVELOPMENT\27937592.pdf,jds\DIGITAL-MEDIA\DIGITAL-MEDIA_entry.txt,BUSINESS-DEVELOPMENT,0.0735,0.1,0,11.0,0.4710103571414947,0.4372,0
resumes/data\BUSINESS-DEVELOPMENT\28337049.pdf,jds\HEALTHCARE\HEALTHCARE_senior.txt,BUSINESS-DEVELOPMENT,0.0582,0.25,-1,13.0,0.4332867264747619,0.2708,0
resumes/data\BUSINESS-DEVELOPMENT\28337049.pdf,jds\HEALTHCARE\HEALTHCARE_entry.txt,BUSINESS-DEVELOPMENT,0.0888,0.25,0,11.0,0.4727356135845184,0.3794,0
resumes/data\BUSINESS-DEVELOPMENT\28337049.pdf,jds\HEALTHCARE\HEALTHCARE_mid.txt,BUSINESS-DEVELOPMENT,0.1223,0.3,-1,13.0,0.3936286568641662,0.2699,0
resumes/data\BUSINESS-DEVELOPMENT\28916894.pdf,jds\BUSINESS-DEVELOPMENT\BUSINESS-DEVELOPMENT_senior.txt,BUSINESS-DEVELOPMENT,0.2512,0.35,0,20.0,0.4564896523952484,0.5225,1
resumes/data\BUSINESS-DEVELOPMENT\28916894.pdf,jds\FITNESS\FITNESS_entry.txt,BUSINESS-DEVELOPMENT,0.0572,0.1,2,18.0,0.273924320936203,0.2666,0
resumes/data\BUSINESS-DEVELOPMENT\28916894.pdf,jds\FITNESS\FITNESS_senior.txt,BUSINESS-DEVELOPMENT,0.0395,0.1,-1,20.0,0.317619264125824,0.3132,0
resumes/data\BUSINESS-DEVELOPMENT\28916894.pdf,jds\FITNESS\FITNESS_mid.txt,BUSINESS-DEVELOPMENT,0.0482,0.15,1,13.0,0.2630046010017395,0.2556,0
resumes/data\BUSINESS-DEVELOPMENT\29014805.pdf,jds\BUSINESS-DEVELOPMENT\BUSINESS-DEVELOPMENT_senior.txt,BUSINESS-DEVELOPMENT,0.2123,0.5,0,0.0,0.5937850475311279,0.5706,1
resumes/data\BUSINESS-DEVELOPMENT\29014805.pdf,jds\ACCOUNTANT\ACCOUNTANT_entry.txt,BUSINESS-DEVELOPMENT,0.0643,0.15,0,-2.0,0.4239161908626556,0.4191,0
resumes/data\BUSINESS-DEVELOPMENT\29208172.pdf,jds\BUSINESS-DEVELOPMENT\BUSINESS-DEVELOPMENT_senior.txt,BUSINESS-DEVELOPMENT,0.286,0.3,0,10.0,0.4756533205509186,0.5206,1
resumes/data\BUSINESS-DEVELOPMENT\29208172.pdf,jds\AGRICULTURE\AGRICULTURE_mid.txt,BUSINESS-DEVELOPMENT,0.101,0.15,0,3.0,0.2746193408966064,0.3211,0
resumes/data\BUSINESS-DEVELOPMENT\29208172.pdf,jds\AGRICULTURE\AGRICULTURE_entry.txt,BUSINESS-DEVELOPMENT,0.0635,0.0,1,10.0,0.3341332077980041,0.355,0
resumes/data\BUSINESS-DEVELOPMENT\29825044.pdf,jds\BUSINESS-DEVELOPMENT\BUSINESS-DEVELOPMENT_senior.txt,BUSINESS-DEVELOPMENT,0.2537,0.5,-1,0.0,0.5551717281341553,0.5946,1
resumes/data\BUSINESS-DEVELOPMENT\29825044.pdf,jds\AUTOMOBILE\AUTOMOBILE_entry.txt,BUSINESS-DEVELOPMENT,0.0361,0.05,0,-2.0,0.339046835899353,0.4146,0
resumes/data\BUSINESS-DEVELOPMENT\29825044.pdf,jds\AUTOMOBILE\AUTOMOBILE_mid.txt,BUSINESS-DEVELOPMENT,0.0757,0.05,0,-8.0,0.3656315207481384,0.3915,0
resumes/data\BUSINESS-DEVELOPMENT\29908929.pdf,jds\CONSTRUCTION\CONSTRUCTION_senior.txt,BUSINESS-DEVELOPMENT,0.0964,0.2,-1,5.0,0.4119413793087005,0.3277,0
resumes/data\BUSINESS-DEVELOPMENT\29908929.pdf,jds\CONSTRUCTION\CONSTRUCTION_mid.txt,BUSINESS-DEVELOPMENT,0.0596,0.05,-1,5.0,0.4074321687221527,0.3288,0
resumes/data\BUSINESS-DEVELOPMENT\29908929.pdf,jds\CONSTRUCTION\CONSTRUCTION_entry.txt,BUSINESS-DEVELOPMENT,0.0552,0.1,0,3.0,0.3165422081947326,0.2663,0
resumes/data\BUSINESS-DEVELOPMENT\30938994.pdf,jds\ENGINEERING\ENGINEERING_senior.txt,BUSINESS-DEVELOPMENT,0.0929,0.25,-1,0.0,0.290521502494812,0.2972,0
resumes/data\BUSINESS-DEVELOPMENT\30938994.pdf,jds\ENGINEERING\ENGINEERING_entry.txt,BUSINESS-DEVELOPMENT,0.0435,0.1,1,-2.0,0.2763431072235107,0.2215,0
resumes/data\BUSINESS-DEVELOPMENT\30938994.pdf,jds\ENGINEERING\ENGINEERING_mid.txt,BUSINESS-DEVELOPMENT,0.0435,0.0,0,0.0,0.2877395749092102,0.2908,0
resumes/data\BUSINESS-DEVELOPMENT\31273310.pdf,jds\BUSINESS-DEVELOPMENT\BUSINESS-DEVELOPMENT_senior.txt,BUSINESS-DEVELOPMENT,0.2554,0.3,0,23.0,0.560183048248291,0.6944,1
resumes/data\BUSINESS-DEVELOPMENT\31273310.pdf,jds\AUTOMOBILE\AUTOMOBILE_entry.txt,BUSINESS-DEVELOPMENT,0.0862,0.2,1,21.0,0.5213829278945923,0.3396,0
resumes/data\BUSINESS-DEVELOPMENT\31273310.pdf,jds\AUTOMOBILE\AUTOMOBILE_senior.txt,BUSINESS-DEVELOPMENT,0.0638,0.1,0,23.0,0.5014638900756836,0.3498,0
resumes/data\BUSINESS-DEVELOPMENT\31273310.pdf,jds\AUTOMOBILE\AUTOMOBILE_mid.txt,BUSINESS-DEVELOPMENT,0.1253,0.25,1,15.0,0.533928394317627,0.3926,0
resumes/data\BUSINESS-DEVELOPMENT\31638814.pdf,jds\BUSINESS-DEVELOPMENT\BUSINESS-DEVELOPMENT_senior.txt,BUSINESS-DEVELOPMENT,0.2025,0.25,-1,16.0,0.5745726227760315,0.6137,1
resumes/data\BUSINESS-DEVELOPMENT\31638814.pdf,jds\AVIATION\AVIATION_entry.txt,BUSINESS-DEVELOPMENT,0.048,0.0,0,14.0,0.4453205168247223,0.2813,0
resumes/data\BUSINESS-DEVELOPMENT\31638814.pdf,jds\AVIATION\AVIATION_mid.txt,BUSINESS-DEVELOPMENT,0.0517,0.05,0,8.0,0.4553360044956207,0.4079,0
resumes/data\BUSINESS-DEVELOPMENT\31638814.pdf,jds\AVIATION\AVIATION_senior.txt,BUSINESS-DEVELOPMENT,0.0311,0.05,0,16.0,0.3555222153663635,0.3744,0
resumes/data\BUSINESS-DEVELOPMENT\31813535.pdf,jds\BUSINESS-DEVELOPMENT\BUSINESS-DEVELOPMENT_senior.txt,BUSINESS-DEVELOPMENT,0.2085,0.45,0,12.0,0.4673609435558319,0.6418,1
resumes/data\BUSINESS-DEVELOPMENT\31813535.pdf,jds\CHEF\CHEF_mid.txt,BUSINESS-DEVELOPMENT,0.0729,0.15,2,12.0,0.2533296346664428,0.3457,0
resumes/data\BUSINESS-DEVELOPMENT\31813535.pdf,jds\CHEF\CHEF_entry.txt,BUSINESS-DEVELOPMENT,0.0735,0.2,2,12.0,0.2572507858276367,0.3491,0
resumes/data\BUSINESS-DEVELOPMENT\31813535.pdf,jds\CHEF\CHEF_senior.txt,BUSINESS-DEVELOPMENT,0.0754,0.05,2,12.0,0.2808393836021423,0.3551,0
resumes/data\BUSINESS-DEVELOPMENT\32042584.pdf,jds\ADVOCATE\ADVOCATE_mid.txt,BUSINESS-DEVELOPMENT,0.027,0.05,-1,13.0,0.2123787105083465,0.2532,0
resumes/data\BUSINESS-DEVELOPMENT\32042584.pdf,jds\ADVOCATE\ADVOCATE_senior.txt,BUSINESS-DEVELOPMENT,0.0328,0.15,-1,13.0,0.224287748336792,0.2856,0
resumes/data\BUSINESS-DEVELOPMENT\32042584.pdf,jds\ADVOCATE\ADVOCATE_entry.txt,BUSINESS-DEVELOPMENT,0.0443,0.15,-1,11.0,0.2427491247653961,0.3286,0
resumes/data\BUSINESS-DEVELOPMENT\32385553.pdf,jds\ADVOCATE\ADVOCATE_mid.txt,BUSINESS-DEVELOPMENT,0.0424,0.25,-2,7.0,0.2851950228214264,0.2887,0
resumes/data\BUSINESS-DEVELOPMENT\32385553.pdf,jds\ADVOCATE\ADVOCATE_entry.txt,BUSINESS-DEVELOPMENT,0.041,0.05,-2,5.0,0.2970499396324157,0.3233,0
resumes/data\BUSINESS-DEVELOPMENT\32385553.pdf,jds\ADVOCATE\ADVOCATE_senior.txt,BUSINESS-DEVELOPMENT,0.0386,0.2,-2,7.0,0.2583016157150268,0.3156,0
resumes/data\BUSINESS-DEVELOPMENT\32531824.pdf,jds\AGRICULTURE\AGRICULTURE_mid.txt,BUSINESS-DEVELOPMENT,0.0808,0.1,-1,4.0,0.3094362020492553,0.2332,0
resumes/data\BUSINESS-DEVELOPMENT\32531824.pdf,jds\AGRICULTURE\AGRICULTURE_senior.txt,BUSINESS-DEVELOPMENT,0.068,0.05,-2,11.0,0.3451882004737854,0.3399,0
resumes/data\BUSINESS-DEVELOPMENT\32531824.pdf,jds\AGRICULTURE\AGRICULTURE_entry.txt,BUSINESS-DEVELOPMENT,0.054,0.0,0,11.0,0.322025865316391,0.258,0
resumes/data\BUSINESS-DEVELOPMENT\33424600.pdf,jds\APPAREL\APPAREL_entry.txt,BUSINESS-DEVELOPMENT,0.0182,0.0,0,8.0,0.3378416895866394,0.2838,0
resumes/data\BUSINESS-DEVELOPMENT\33424600.pdf,jds\APPAREL\APPAREL_senior.txt,BUSINESS-DEVELOPMENT,0.0368,0.25,-1,10.0,0.3457520008087158,0.2704,0
resumes/data\BUSINESS-DEVELOPMENT\34046031.pdf,jds\BUSINESS-DEVELOPMENT\BUSINESS-DEVELOPMENT_senior.txt,BUSINESS-DEVELOPMENT,0.2162,0.25,0,11.0,0.4499057531356811,0.5543,1
resumes/data\BUSINESS-DEVELOPMENT\34046031.pdf,jds\CHEF\CHEF_entry.txt,BUSINESS-DEVELOPMENT,0.0551,0.15,2,11.0,0.2778958678245544,0.269,0
resumes/data\BUSINESS-DEVELOPMENT\34046031.pdf,jds\CHEF\CHEF_mid.txt,BUSINESS-DEVELOPMENT,0.0474,0.1,2,11.0,0.3202375173568725,0.2987,0
resumes/data\BUSINESS-DEVELOPMENT\34046031.pdf,jds\CHEF\CHEF_senior.txt,BUSINESS-DEVELOPMENT,0.0597,0.1,2,11.0,0.3312311172485351,0.3083,0
resumes/data\BUSINESS-DEVELOPMENT\34797369.pdf,jds\BUSINESS-DEVELOPMENT\BUSINESS-DEVELOPMENT_senior.txt,BUSINESS-DEVELOPMENT,0.2267,0.4,-1,3.0,0.5121378302574158,0.6024,1
resumes/data\BUSINESS-DEVELOPMENT\34797369.pdf,jds\CHEF\CHEF_mid.txt,BUSINESS-DEVELOPMENT,0.0423,0.1,1,3.0,0.3330172002315521,0.3046,0
resumes/data\BUSINESS-DEVELOPMENT\34797369.pdf,jds\CHEF\CHEF_senior.txt,BUSINESS-DEVELOPMENT,0.0476,0.1,1,3.0,0.3655476570129394,0.3547,0
resumes/data\BUSINESS-DEVELOPMENT\34797369.pdf,jds\CHEF\CHEF_entry.txt,BUSINESS-DEVELOPMENT,0.0403,0.05,1,3.0,0.336583524942398,0.2497,0
resumes/data\BUSINESS-DEVELOPMENT\35673335.pdf,jds\BUSINESS-DEVELOPMENT\BUSINESS-DEVELOPMENT_senior.txt,BUSINESS-DEVELOPMENT,0.2693,0.4,-1,17.0,0.5104925036430359,0.6068,1
resumes/data\BUSINESS-DEVELOPMENT\35673335.pdf,jds\BPO\BPO_entry.txt,BUSINESS-DEVELOPMENT,0.0596,0.1,0,15.0,0.3808826208114624,0.381,0
resumes/data\BUSINESS-DEVELOPMENT\35673335.pdf,jds\BPO\BPO_mid.txt,BUSINESS-DEVELOPMENT,0.0513,0.15,0,17.0,0.4377682209014892,0.41,0
resumes/data\BUSINESS-DEVELOPMENT\36170003.pdf,jds\BUSINESS-DEVELOPMENT\BUSINESS-DEVELOPMENT_senior.txt,BUSINESS-DEVELOPMENT,0.2853,0.4,-1,10.0,0.6310314536094666,0.6091,1
resumes/data\BUSINESS-DEVELOPMENT\36170003.pdf,jds\DESIGNER\DESIGNER_mid.txt,BUSINESS-DEVELOPMENT,0.045,0.05,-1,10.0,0.4255369901657104,0.3227,0
resumes/data\BUSINESS-DEVELOPMENT\36170003.pdf,jds\DESIGNER\DESIGNER_senior.txt,BUSINESS-DEVELOPMENT,0.0361,0.05,-1,10.0,0.4624418616294861,0.4016,0
resumes/data\BUSINESS-DEVELOPMENT\36170003.pdf,jds\DESIGNER\DESIGNER_entry.txt,BUSINESS-DEVELOPMENT,0.0359,0.0,0,8.0,0.4192870259284973,0.259,0
resumes/data\BUSINESS-DEVELOPMENT\36574147.pdf,jds\FITNESS\FITNESS_entry.txt,BUSINESS-DEVELOPMENT,0.1288,0.15,1,-2.0,0.4105471670627594,0.3309,0
resumes/data\BUSINESS-DEVELOPMENT\36574147.pdf,jds\FITNESS\FITNESS_mid.txt,BUSINESS-DEVELOPMENT,0.0774,0.3,0,-7.0,0.3678621649742126,0.2983,0
resumes/data\BUSINESS-DEVELOPMENT\36574147.pdf,jds\FITNESS\FITNESS_senior.txt,BUSINESS-DEVELOPMENT,0.0517,0.05,-2,0.0,0.4095014333724975,0.2677,0
resumes/data\BUSINESS-DEVELOPMENT\36805025.pdf,jds\BUSINESS-DEVELOPMENT\BUSINESS-DEVELOPMENT_senior.txt,BUSINESS-DEVELOPMENT,0.2405,0.4,-1,2.0,0.5205264687538147,0.6101,1
resumes/data\BUSINESS-DEVELOPMENT\36805025.pdf,jds\FITNESS\FITNESS_mid.txt,BUSINESS-DEVELOPMENT,0.0727,0.15,0,-5.0,0.3230162560939789,0.2527,0
resumes/data\BUSINESS-DEVELOPMENT\36805025.pdf,jds\FITNESS\FITNESS_entry.txt,BUSINESS-DEVELOPMENT,0.0486,0.1,1,0.0,0.2947576344013214,0.2571,0
resumes/data\BUSINESS-DEVELOPMENT\36805025.pdf,jds\FITNESS\FITNESS_senior.txt,BUSINESS-DEVELOPMENT,0.0838,0.2,-2,2.0,0.3047657310962677,0.2865,0
resumes/data\BUSINESS-DEVELOPMENT\37391947.pdf,jds\PUBLIC-RELATIONS\PUBLIC-RELATIONS_entry.txt,BUSINESS-DEVELOPMENT,0.0267,0.0,0,8.0,0.3029715418815613,0.2039,0
resumes/data\BUSINESS-DEVELOPMENT\37391947.pdf,jds\PUBLIC-RELATIONS\PUBLIC-RELATIONS_senior.txt,BUSINESS-DEVELOPMENT,0.0295,0.05,-1,10.0,0.2739037275314331,0.1138,0
resumes/data\BUSINESS-DEVELOPMENT\37391947.pdf,jds\PUBLIC-RELATIONS\PUBLIC-RELATIONS_mid.txt,BUSINESS-DEVELOPMENT,0.0256,0.05,-1,10.0,0.2853938341140747,0.2121,0
resumes/data\BUSINESS-DEVELOPMENT\37521676.pdf,jds\BUSINESS-DEVELOPMENT\BUSINESS-DEVELOPMENT_mid.txt,BUSINESS-DEVELOPMENT,0.2261,0.3,-1,12.0,0.5454309582710266,0.5873,1
resumes/data\BUSINESS-DEVELOPMENT\37521676.pdf,jds\BUSINESS-DEVELOPMENT\BUSINESS-DEVELOPMENT_senior.txt,BUSINESS-DEVELOPMENT,0.2063,0.35,-1,20.0,0.6278665065765381,0.6898,1
resumes/data\BUSINESS-DEVELOPMENT\37521676.pdf,jds\AGRICULTURE\AGRICULTURE_mid.txt,BUSINESS-DEVELOPMENT,0.0805,0.05,-1,13.0,0.4620204269886017,0.3067,0
resumes/data\BUSINESS-DEVELOPMENT\37521676.pdf,jds\AGRICULTURE\AGRICULTURE_entry.txt,BUSINESS-DEVELOPMENT,0.0478,0.0,0,20.0,0.3041183352470398,0.3085,0
resumes/data\BUSINESS-DEVELOPMENT\38007664.pdf,jds\BUSINESS-DEVELOPMENT\BUSINESS-DEVELOPMENT_senior.txt,BUSINESS-DEVELOPMENT,0.2911,0.45,-1,32.0,0.4016528129577636,0.442,1
resumes/data\BUSINESS-DEVELOPMENT\38007664.pdf,jds\PUBLIC-RELATIONS\PUBLIC-RELATIONS_entry.txt,BUSINESS-DEVELOPMENT,0.051,0.0,0,30.0,0.3654197454452514,0.3191,0
resumes/data\BUSINESS-DEVELOPMENT\38007664.pdf,jds\PUBLIC-RELATIONS\PUBLIC-RELATIONS_senior.txt,BUSINESS-DEVELOPMENT,0.1024,0.1,-1,32.0,0.3487705588340759,0.3329,0
resumes/data\BUSINESS-DEVELOPMENT\38007664.pdf,jds\PUBLIC-RELATIONS\PUBLIC-RELATIONS_mid.txt,BUSINESS-DEVELOPMENT,0.0928,0.2,-1,32.0,0.3827552497386932,0.2779,0
resumes/data\BUSINESS-DEVELOPMENT\38688388.pdf,jds\BUSINESS-DEVELOPMENT\BUSINESS-DEVELOPMENT_senior.txt,BUSINESS-DEVELOPMENT,0.2744,0.4,-1,4.0,0.5792476534843445,0.6235,1
resumes/data\BUSINESS-DEVELOPMENT\38688388.pdf,jds\HR\HR_entry.txt,BUSINESS-DEVELOPMENT,0.087,0.1,-1,4.0,0.4994929432868957,0.3324,0
resumes/data\BUSINESS-DEVELOPMENT\39237915.pdf,jds\HEALTHCARE\HEALTHCARE_entry.txt,BUSINESS-DEVELOPMENT,0.0952,0.2,0,13.0,0.5030247569084167,0.2762,0
resumes/data\BUSINESS-DEVELOPMENT\39875803.pdf,jds\BUSINESS-DEVELOPMENT\BUSINESS-DEVELOPMENT_senior.txt,BUSINESS-DEVELOPMENT,0.2577,0.4,-1,21.0,0.4878235757350921,0.5967,1
resumes/data\BUSINESS-DEVELOPMENT\39875803.pdf,jds\ADVOCATE\ADVOCATE_senior.txt,BUSINESS-DEVELOPMENT,0.08,0.15,-1,21.0,0.3979878425598144,0.2824,0
resumes/data\BUSINESS-DEVELOPMENT\39875803.pdf,jds\ADVOCATE\ADVOCATE_entry.txt,BUSINESS-DEVELOPMENT,0.0342,0.05,-1,19.0,0.382628470659256,0.2354,0
resumes/data\BUSINESS-DEVELOPMENT\39875803.pdf,jds\ADVOCATE\ADVOCATE_mid.txt,BUSINESS-DEVELOPMENT,0.0292,0.1,-1,21.0,0.326820820569992,0.2081,0
resumes/data\BUSINESS-DEVELOPMENT\40792022.pdf,jds\FITNESS\FITNESS_entry.txt,BUSINESS-DEVELOPMENT,0.0521,0.1,2,19.0,0.2931727170944214,0.2677,0
resumes/data\BUSINESS-DEVELOPMENT\40792022.pdf,jds\FITNESS\FITNESS_senior.txt,BUSINESS-DEVELOPMENT,0.0532,0.1,-1,21.0,0.3525711596012115,0.2636,0
resumes/data\BUSINESS-DEVELOPMENT\40792022.pdf,jds\FITNESS\FITNESS_mid.txt,BUSINESS-DEVELOPMENT,0.0688,0.15,1,14.0,0.3492169380187988,0.3077,0
resumes/data\BUSINESS-DEVELOPMENT\47067533.pdf,jds\BUSINESS-DEVELOPMENT\BUSINESS-DEVELOPMENT_senior.txt,BUSINESS-DEVELOPMENT,0.3238,0.4,-2,17.0,0.5355482697486877,0.5156,1
resumes/data\BUSINESS-DEVELOPMENT\47067533.pdf,jds\AVIATION\AVIATION_entry.txt,BUSINESS-DEVELOPMENT,0.038,0.05,-1,15.0,0.359481543302536,0.2572,0
resumes/data\BUSINESS-DEVELOPMENT\47067533.pdf,jds\AVIATION\AVIATION_senior.txt,BUSINESS-DEVELOPMENT,0.0725,0.1,-1,17.0,0.355851948261261,0.3314,0
resumes/data\BUSINESS-DEVELOPMENT\47067533.pdf,jds\AVIATION\AVIATION_mid.txt,BUSINESS-DEVELOPMENT,0.0629,0.05,-1,9.0,0.3873214721679687,0.3262,0
resumes/data\BUSINESS-DEVELOPMENT\59696315.pdf,jds\BUSINESS-DEVELOPMENT\BUSINESS-DEVELOPMENT_senior.txt,BUSINESS-DEVELOPMENT,0.2344,0.45,-1,0.0,0.532640814781189,0.5516,1
resumes/data\BUSINESS-DEVELOPMENT\59696315.pdf,jds\AGRICULTURE\AGRICULTURE_senior.txt,BUSINESS-DEVELOPMENT,0.0643,0.15,-2,0.0,0.4293509125709533,0.292,0
resumes/data\BUSINESS-DEVELOPMENT\59696315.pdf,jds\AGRICULTURE\AGRICULTURE_mid.txt,BUSINESS-DEVELOPMENT,0.066,0.1,-1,-7.0,0.2545733749866485,0.243,0
resumes/data\BUSINESS-DEVELOPMENT\59696315.pdf,jds\AGRICULTURE\AGRICULTURE_entry.txt,BUSINESS-DEVELOPMENT,0.0415,0.0,0,0.0,0.3201383352279663,0.2308,0
resumes/data\BUSINESS-DEVELOPMENT\61677751.pdf,jds\BUSINESS-DEVELOPMENT\BUSINESS-DEVELOPMENT_senior.txt,BUSINESS-DEVELOPMENT,0.2318,0.25,-1,0.0,0.4622009396553039,0.6923,1
resumes/data\BUSINESS-DEVELOPMENT\61677751.pdf,jds\ARTS\ARTS_senior.txt,BUSINESS-DEVELOPMENT,0.0365,0.15,-2,0.0,0.257425844669342,0.3631,0
resumes/data\BUSINESS-DEVELOPMENT\61677751.pdf,jds\ARTS\ARTS_mid.txt,BUSINESS-DEVELOPMENT,0.0487,0.15,-1,0.0,0.3217567205429077,0.4085,0
resumes/data\BUSINESS-DEVELOPMENT\61677751.pdf,jds\ARTS\ARTS_entry.txt,BUSINESS-DEVELOPMENT,0.0476,0.1,0,0.0,0.3113223314285278,0.2836,0
resumes/data\BUSINESS-DEVELOPMENT\65708020.pdf,jds\BUSINESS-DEVELOPMENT\BUSINESS-DEVELOPMENT_mid.txt,BUSINESS-DEVELOPMENT,0.2773,0.3,-1,2.0,0.4767750799655914,0.5245,1
resumes/data\BUSINESS-DEVELOPMENT\65708020.pdf,jds\BUSINESS-DEVELOPMENT\BUSINESS-DEVELOPMENT_senior.txt,BUSINESS-DEVELOPMENT,0.326,0.4,-1,10.0,0.5796076655387878,0.6245,1
resumes/data\BUSINESS-DEVELOPMENT\65708020.pdf,jds\AGRICULTURE\AGRICULTURE_entry.txt,BUSINESS-DEVELOPMENT,0.0401,0.05,0,10.0,0.2884292006492615,0.248,0
resumes/data\BUSINESS-DEVELOPMENT\65708020.pdf,jds\AGRICULTURE\AGRICULTURE_mid.txt,BUSINESS-DEVELOPMENT,0.0562,0.05,-1,3.0,0.307227075099945,0.2911,0
resumes/data\BUSINESS-DEVELOPMENT\65708020.pdf,jds\AGRICULTURE\AGRICULTURE_senior.txt,BUSINESS-DEVELOPMENT,0.0696,0.25,-2,10.0,0.3334722518920898,0.3465,0
resumes/data\BUSINESS-DEVELOPMENT\67501448.pdf,jds\INFORMATION-TECHNOLOGY\INFORMATION-TECHNOLOGY_mid.txt,BUSINESS-DEVELOPMENT,0.0373,0.05,0,18.0,0.32051882147789,0.3723,0
resumes/data\BUSINESS-DEVELOPMENT\67501448.pdf,jds\INFORMATION-TECHNOLOGY\INFORMATION-TECHNOLOGY_senior.txt,BUSINESS-DEVELOPMENT,0.0319,0.1,0,18.0,0.2653670907020569,0.3912,0
resumes/data\BUSINESS-DEVELOPMENT\67501448.pdf,jds\INFORMATION-TECHNOLOGY\INFORMATION-TECHNOLOGY_entry.txt,BUSINESS-DEVELOPMENT,0.0455,0.0,1,16.0,0.3130114078521728,0.3538,0
resumes/data\BUSINESS-DEVELOPMENT\76916835.pdf,jds\BUSINESS-DEVELOPMENT\BUSINESS-DEVELOPMENT_senior.txt,BUSINESS-DEVELOPMENT,0.3251,0.3,-1,35.0,0.4686646461486816,0.5829,1
resumes/data\BUSINESS-DEVELOPMENT\76916835.pdf,jds\ACCOUNTANT\ACCOUNTANT_senior.txt,BUSINESS-DEVELOPMENT,0.0437,0.0,-1,35.0,0.3383475244045257,0.3265,0
resumes/data\BUSINESS-DEVELOPMENT\76916835.pdf,jds\ACCOUNTANT\ACCOUNTANT_mid.txt,BUSINESS-DEVELOPMENT,0.0453,0.05,-1,35.0,0.335394024848938,0.3262,0
resumes/data\BUSINESS-DEVELOPMENT\76916835.pdf,jds\ACCOUNTANT\ACCOUNTANT_entry.txt,BUSINESS-DEVELOPMENT,0.0279,0.05,-1,33.0,0.3231550455093384,0.3159,0
resumes/data\BUSINESS-DEVELOPMENT\77576845.pdf,jds\BUSINESS-DEVELOPMENT\BUSINESS-DEVELOPMENT_senior.txt,BUSINESS-DEVELOPMENT,0.1521,0.3,-1,22.0,0.4852986335754394,0.6775,1
resumes/data\BUSINESS-DEVELOPMENT\77576845.pdf,jds\ENGINEERING\ENGINEERING_entry.txt,BUSINESS-DEVELOPMENT,0.0646,0.2,0,20.0,0.27175173163414,0.3566,0
resumes/data\BUSINESS-DEVELOPMENT\77576845.pdf,jds\ENGINEERING\ENGINEERING_senior.txt,BUSINESS-DEVELOPMENT,0.0863,0.3,-2,22.0,0.2898525595664978,0.3416,0
resumes/data\BUSINESS-DEVELOPMENT\77576845.pdf,jds\ENGINEERING\ENGINEERING_mid.txt,BUSINESS-DEVELOPMENT,0.0655,0.05,-1,22.0,0.2917529940605163,0.378,0
resumes/data\BUSINESS-DEVELOPMENT\79759716.pdf,jds\BUSINESS-DEVELOPMENT\BUSINESS-DEVELOPMENT_senior.txt,BUSINESS-DEVELOPMENT,0.1782,0.4,-1,10.0,0.5031943917274475,0.6688,1
resumes/data\BUSINESS-DEVELOPMENT\79759716.pdf,jds\APPAREL\APPAREL_entry.txt,BUSINESS-DEVELOPMENT,0.0397,0.05,0,8.0,0.3358256220817566,0.3473,0
resumes/data\BUSINESS-DEVELOPMENT\80275976.pdf,jds\INFORMATION-TECHNOLOGY\INFORMATION-TECHNOLOGY_entry.txt,BUSINESS-DEVELOPMENT,0.0656,0.05,0,12.0,0.323420375585556,0.3545,0
resumes/data\BUSINESS-DEVELOPMENT\81310245.pdf,jds\BUSINESS-DEVELOPMENT\BUSINESS-DEVELOPMENT_senior.txt,BUSINESS-DEVELOPMENT,0.2648,0.3,-1,16.0,0.5656934976577759,0.5765,1
resumes/data\BUSINESS-DEVELOPMENT\82118447.pdf,jds\BUSINESS-DEVELOPMENT\BUSINESS-DEVELOPMENT_senior.txt,BUSINESS-DEVELOPMENT,0.2912,0.4,1,37.0,0.5243309140205383,0.6596,1
resumes/data\BUSINESS-DEVELOPMENT\82118447.pdf,jds\ADVOCATE\ADVOCATE_entry.txt,BUSINESS-DEVELOPMENT,0.0431,0.2,1,35.0,0.3470466136932373,0.4149,0
resumes/data\BUSINESS-DEVELOPMENT\82118447.pdf,jds\ADVOCATE\ADVOCATE_mid.txt,BUSINESS-DEVELOPMENT,0.0422,0.2,1,37.0,0.3306609094142914,0.3526,0
resumes/data\BUSINESS-DEVELOPMENT\89197180.pdf,jds\ARTS\ARTS_senior.txt,BUSINESS-DEVELOPMENT,0.0786,0.15,-2,0.0,0.2905433475971222,0.2134,0
resumes/data\BUSINESS-DEVELOPMENT\89197180.pdf,jds\ARTS\ARTS_mid.txt,BUSINESS-DEVELOPMENT,0.0327,0.05,-1,0.0,0.3299740850925445,0.2679,0
resumes/data\BUSINESS-DEVELOPMENT\89197180.pdf,jds\ARTS\ARTS_entry.txt,BUSINESS-DEVELOPMENT,0.0388,0.05,0,0.0,0.2451539784669876,0.1693,0
resumes/data\BUSINESS-DEVELOPMENT\90629382.pdf,jds\DIGITAL-MEDIA\DIGITAL-MEDIA_entry.txt,BUSINESS-DEVELOPMENT,0.0781,0.05,0,33.0,0.4559420943260193,0.4493,0
resumes/data\BUSINESS-DEVELOPMENT\91467795.pdf,jds\BUSINESS-DEVELOPMENT\BUSINESS-DEVELOPMENT_entry.txt,BUSINESS-DEVELOPMENT,0.3152,0.55,0,11.0,0.5658094882965088,0.5989,1
resumes/data\BUSINESS-DEVELOPMENT\91467795.pdf,jds\BUSINESS-DEVELOPMENT\BUSINESS-DEVELOPMENT_senior.txt,BUSINESS-DEVELOPMENT,0.2883,0.35,-1,13.0,0.5471644997596741,0.579,1
resumes/data\BUSINESS-DEVELOPMENT\91467795.pdf,jds\HEALTHCARE\HEALTHCARE_entry.txt,BUSINESS-DEVELOPMENT,0.0409,0.15,0,11.0,0.4025687575340271,0.4357,0
resumes/data\BUSINESS-DEVELOPMENT\95382114.pdf,jds\BUSINESS-DEVELOPMENT\BUSINESS-DEVELOPMENT_senior.txt,BUSINESS-DEVELOPMENT,0.2661,0.55,-1,0.0,0.5117614269256592,0.6109,1
resumes/data\BUSINESS-DEVELOPMENT\95382114.pdf,jds\CONSTRUCTION\CONSTRUCTION_entry.txt,BUSINESS-DEVELOPMENT,0.0532,0.15,0,-2.0,0.4042809009552002,0.4008,0
resumes/data\BUSINESS-DEVELOPMENT\98379112.pdf,jds\BUSINESS-DEVELOPMENT\BUSINESS-DEVELOPMENT_senior.txt,BUSINESS-DEVELOPMENT,0.2378,0.35,-1,0.0,0.5187143087387085,0.6096,1
resumes/data\BUSINESS-DEVELOPMENT\98379112.pdf,jds\HEALTHCARE\HEALTHCARE_entry.txt,BUSINESS-DEVELOPMENT,0.0511,0.05,0,-2.0,0.4021857380867004,0.3925,0
resumes/data\CHEF\10001727.pdf,jds\ARTS\ARTS_mid.txt,CHEF,0.0273,0.0,0,6.0,0.3976701200008392,0.2229,0
resumes/data\CHEF\10001727.pdf,jds\ARTS\ARTS_senior.txt,CHEF,0.0706,0.1,-1,6.0,0.3633994460105896,0.1703,0
resumes/data\CHEF\10001727.pdf,jds\ARTS\ARTS_entry.txt,CHEF,0.033,0.05,1,6.0,0.3061180114746094,0.1527,0
resumes/data\CHEF\10276858.pdf,jds\CHEF\CHEF_entry.txt,CHEF,0.3512,0.45,0,0.0,0.5798628330230713,0.6661,1
resumes/data\CHEF\10276858.pdf,jds\CHEF\CHEF_mid.txt,CHEF,0.3517,0.5,0,0.0,0.6326865553855896,0.7554,1
resumes/data\CHEF\10276858.pdf,jds\CHEF\CHEF_senior.txt,CHEF,0.2661,0.35,0,0.0,0.6234170198440552,0.7021,1
resumes/data\CHEF\10276858.pdf,jds\BPO\BPO_senior.txt,CHEF,0.0649,0.1,-2,0.0,0.3641998469829559,0.3405,0
resumes/data\CHEF\10276858.pdf,jds\BPO\BPO_mid.txt,CHEF,0.0721,0.25,-1,0.0,0.3379333615303039,0.3139,0
resumes/data\CHEF\10276858.pdf,jds\BPO\BPO_entry.txt,CHEF,0.0665,0.15,-1,-2.0,0.4084197878837585,0.258,0
resumes/data\CHEF\10333299.pdf,jds\AVIATION\AVIATION_mid.txt,CHEF,0.155,0.2,0,-4.0,0.3547995984554291,0.3729,0
resumes/data\CHEF\10333299.pdf,jds\AVIATION\AVIATION_entry.txt,CHEF,0.114,0.2,0,2.0,0.2936007678508758,0.2079,0
resumes/data\CHEF\10588874.pdf,jds\CHEF\CHEF_entry.txt,CHEF,0.2629,0.55,0,13.0,0.5980941653251648,0.5247,1
resumes/data\CHEF\10588874.pdf,jds\CHEF\CHEF_mid.txt,CHEF,0.3649,0.7,0,13.0,0.7578479647636414,0.6575,1
resumes/data\CHEF\10588874.pdf,jds\CHEF\CHEF_senior.txt,CHEF,0.2817,0.5,0,13.0,0.6791702508926392,0.6577,1
resumes/data\CHEF\10588874.pdf,jds\FINANCE\FINANCE_senior.txt,CHEF,0.0539,0.15,-2,13.0,0.2859424948692322,0.2315,0
resumes/data\CHEF\10588874.pdf,jds\FINANCE\FINANCE_mid.txt,CHEF,0.0427,0.05,-2,13.0,0.3107088208198547,0.2654,0
resumes/data\CHEF\10588874.pdf,jds\FINANCE\FINANCE_entry.txt,CHEF,0.0278,0.05,-2,11.0,0.3066390752792358,0.1919,0
resumes/data\CHEF\10653119.pdf,jds\CHEF\CHEF_entry.txt,CHEF,0.2565,0.5,1,0.0,0.520042359828949,0.5843,1
resumes/data\CHEF\10653119.pdf,jds\CHEF\CHEF_mid.txt,CHEF,0.4005,0.65,1,0.0,0.6290502548217773,0.6877,1
resumes/data\CHEF\10653119.pdf,jds\CHEF\CHEF_senior.txt,CHEF,0.2929,0.5,1,0.0,0.5728710889816284,0.661,1
resumes/data\CHEF\10653119.pdf,jds\FITNESS\FITNESS_entry.txt,CHEF,0.0359,0.1,1,-2.0,0.2776833176612854,0.2699,0
resumes/data\CHEF\10653119.pdf,jds\FITNESS\FITNESS_senior.txt,CHEF,0.0234,0.1,-2,0.0,0.2910528182983398,0.2614,0
resumes/data\CHEF\10653119.pdf,jds\FITNESS\FITNESS_mid.txt,CHEF,0.0279,0.1,0,-7.0,0.3143128156661987,0.3404,0
resumes/data\CHEF\10889157.pdf,jds\CHEF\CHEF_entry.txt,CHEF,0.2776,0.5,0,14.0,0.554621160030365,0.534,1
resumes/data\CHEF\10889157.pdf,jds\CHEF\CHEF_mid.txt,CHEF,0.2563,0.5,0,14.0,0.681658923625946,0.6262,1
resumes/data\CHEF\10889157.pdf,jds\CHEF\CHEF_senior.txt,CHEF,0.217,0.35,0,14.0,0.6144047975540161,0.5896,1
resumes/data\CHEF\10889157.pdf,jds\TEACHER\TEACHER_senior.txt,CHEF,0.0967,0.1,-3,14.0,0.3967470228672027,0.2531,0
resumes/data\CHEF\10889157.pdf,jds\TEACHER\TEACHER_mid.txt,CHEF,0.0831,0.05,-2,14.0,0.4529388546943664,0.2931,0
resumes/data\CHEF\10889157.pdf,jds\TEACHER\TEACHER_entry.txt,CHEF,0.0928,0.15,-1,14.0,0.4237613081932068,0.2047,0
resumes/data\CHEF\11121498.pdf,jds\CHEF\CHEF_entry.txt,CHEF,0.1894,0.55,1,22.0,0.5682899951934814,0.6057,1
resumes/data\CHEF\11121498.pdf,jds\CHEF\CHEF_mid.txt,CHEF,0.2153,0.55,1,22.0,0.6184134483337402,0.6484,1
resumes/data\CHEF\11121498.pdf,jds\CHEF\CHEF_senior.txt,CHEF,0.2308,0.5,1,22.0,0.6601815223693848,0.659,1
resumes/data\CHEF\11121498.pdf,jds\FITNESS\FITNESS_senior.txt,CHEF,0.0437,0.2,-2,22.0,0.3780053257942199,0.3315,0
resumes/data\CHEF\11121498.pdf,jds\FITNESS\FITNESS_entry.txt,CHEF,0.0534,0.1,1,20.0,0.3273103833198547,0.3197,0
resumes/data\CHEF\11121498.pdf,jds\FITNESS\FITNESS_mid.txt,CHEF,0.0588,0.2,0,15.0,0.4237276315689087,0.4107,0
resumes/data\CHEF\11209758.pdf,jds\AVIATION\AVIATION_entry.txt,CHEF,0.0824,0.05,0,16.0,0.3961854577064514,0.1299,0
resumes/data\CHEF\11209758.pdf,jds\AVIATION\AVIATION_senior.txt,CHEF,0.1149,0.25,0,18.0,0.3812903761863708,0.1999,0
resumes/data\CHEF\11209758.pdf,jds\AVIATION\AVIATION_mid.txt,CHEF,0.1045,0.1,0,10.0,0.449038565158844,0.2484,0
resumes/data\CHEF\11432686.pdf,jds\ADVOCATE\ADVOCATE_mid.txt,CHEF,0.0459,0.25,-1,4.0,0.2973414957523346,0.1103,0
resumes/data\CHEF\11432686.pdf,jds\ADVOCATE\ADVOCATE_entry.txt,CHEF,0.0535,0.15,-1,2.0,0.2857773303985595,0.1557,0
resumes/data\CHEF\11432686.pdf,jds\ADVOCATE\ADVOCATE_senior.txt,CHEF,0.0454,0.25,-1,4.0,0.2941948175430298,0.1828,0
resumes/data\CHEF\11444536.pdf,jds\CHEF\CHEF_entry.txt,CHEF,0.1712,0.45,1,17.0,0.4862768948078155,0.6325,1
resumes/data\CHEF\11444536.pdf,jds\CHEF\CHEF_mid.txt,CHEF,0.1931,0.45,1,17.0,0.5591868758201599,0.7256,1
resumes/data\CHEF\11444536.pdf,jds\CHEF\CHEF_senior.txt,CHEF,0.2013,0.3,1,17.0,0.5937774777412415,0.73,1
resumes/data\CHEF\11444536.pdf,jds\TEACHER\TEACHER_entry.txt,CHEF,0.0958,0.15,0,17.0,0.3608421981334686,0.2195,0
resumes/data\CHEF\11444536.pdf,jds\TEACHER\TEACHER_mid.txt,CHEF,0.0795,0.15,-1,17.0,0.3540829420089721,0.2407,0
resumes/data\CHEF\11444536.pdf,jds\TEACHER\TEACHER_senior.txt,CHEF,0.0515,0.15,-2,17.0,0.3382302522659302,0.2406,0
resumes/data\CHEF\12155206.pdf,jds\ENGINEERING\ENGINEERING_senior.txt,CHEF,0.0397,0.1,-2,14.0,0.347048282623291,0.2494,0
resumes/data\CHEF\12155206.pdf,jds\ENGINEERING\ENGINEERING_mid.txt,CHEF,0.0311,0.0,-1,14.0,0.3362739682197571,0.3137,0
resumes/data\CHEF\12155206.pdf,jds\ENGINEERING\ENGINEERING_entry.txt,CHEF,0.0362,0.05,0,12.0,0.3635603487491607,0.2963,0
resumes/data\CHEF\12254068.pdf,jds\SALES\SALES_senior.txt,CHEF,0.1208,0.15,-1,23.0,0.400980532169342,0.2702,0
resumes/data\CHEF\12420359.pdf,jds\CHEF\CHEF_mid.txt,CHEF,0.146,0.45,1,12.0,0.6216111779212952,0.735,1
resumes/data\CHEF\12420359.pdf,jds\FINANCE\FINANCE_senior.txt,CHEF,0.0353,0.05,-1,12.0,0.2742211818695068,0.2019,0
resumes/data\CHEF\12420359.pdf,jds\FINANCE\FINANCE_mid.txt,CHEF,0.0492,0.15,-1,12.0,0.3315147459506988,0.2513,0
resumes/data\CHEF\12420359.pdf,jds\FINANCE\FINANCE_entry.txt,CHEF,0.0443,0.2,-1,10.0,0.3040491938591003,0.166,0
resumes/data\CHEF\12717345.pdf,jds\CHEF\CHEF_entry.txt,CHEF,0.2845,0.5,1,0.0,0.5641279220581055,0.6659,1
resumes/data\CHEF\12717345.pdf,jds\CHEF\CHEF_mid.txt,CHEF,0.3367,0.55,1,0.0,0.6097375750541687,0.8002,1
resumes/data\CHEF\12717345.pdf,jds\CHEF\CHEF_senior.txt,CHEF,0.3,0.4,1,0.0,0.6198852062225342,0.7381,1
resumes/data\CHEF\12717345.pdf,jds\FINANCE\FINANCE_senior.txt,CHEF,0.0666,0.15,-1,0.0,0.3290390372276306,0.2599,0
resumes/data\CHEF\12717345.pdf,jds\FINANCE\FINANCE_mid.txt,CHEF,0.0459,0.0,-1,0.0,0.3918777704238891,0.342,0
resumes/data\CHEF\12717345.pdf,jds\FINANCE\FINANCE_entry.txt,CHEF,0.0474,0.05,-1,-2.0,0.3502735495567322,0.2693,0
resumes/data\CHEF\13095891.pdf,jds\CHEF\CHEF_mid.txt,CHEF,0.226,0.6,1,0.0,0.6735648512840271,0.766,1
resumes/data\CHEF\13095891.pdf,jds\CHEF\CHEF_senior.txt,CHEF,0.2582,0.6,1,0.0,0.5870438814163208,0.7293,1
resumes/data\CHEF\13095891.pdf,jds\AUTOMOBILE\AUTOMOBILE_mid.txt,CHEF,0.0767,0.2,0,-8.0,0.2637744545936584,0.2836,0
resumes/data\CHEF\13095891.pdf,jds\AUTOMOBILE\AUTOMOBILE_entry.txt,CHEF,0.041,0.05,0,-2.0,0.2947279214859009,0.2476,0
resumes/data\CHEF\13095891.pdf,jds\AUTOMOBILE\AUTOMOBILE_senior.txt,CHEF,0.0564,0.05,-1,0.0,0.2436959743499755,0.2143,0
resumes/data\CHEF\13212436.pdf,jds\CHEF\CHEF_mid.txt,CHEF,0.3074,0.45,0,7.0,0.6744191646575928,0.6846,1
resumes/data\CHEF\13212436.pdf,jds\CHEF\CHEF_senior.txt,CHEF,0.298,0.4,0,7.0,0.7022781372070312,0.7125,1
resumes/data\CHEF\13212436.pdf,jds\ACCOUNTANT\ACCOUNTANT_mid.txt,CHEF,0.0555,0.1,-2,7.0,0.3216876983642578,0.2999,0
resumes/data\CHEF\13212436.pdf,jds\ACCOUNTANT\ACCOUNTANT_entry.txt,CHEF,0.0304,0.05,-2,5.0,0.3594885468482971,0.3221,0
resumes/data\CHEF\13212436.pdf,jds\ACCOUNTANT\ACCOUNTANT_senior.txt,CHEF,0.0741,0.1,-2,7.0,0.3652584552764892,0.3405,0
resumes/data\CHEF\13264154.pdf,jds\CHEF\CHEF_entry.txt,CHEF,0.2082,0.5,0,21.0,0.5926587581634521,0.6208,1
resumes/data\CHEF\13264154.pdf,jds\CHEF\CHEF_mid.txt,CHEF,0.2545,0.35,0,21.0,0.6151546239852905,0.6943,1
resumes/data\CHEF\13264154.pdf,jds\CHEF\CHEF_senior.txt,CHEF,0.198,0.35,0,21.0,0.6088226437568665,0.6118,1
resumes/data\CHEF\13264154.pdf,jds\HR\HR_entry.txt,CHEF,0.0422,0.05,-2,21.0,0.4137842357158661,0.1836,0
resumes/data\CHEF\13264154.pdf,jds\HR\HR_senior.txt,CHEF,0.0477,0.15,-2,21.0,0.3767529129981994,0.1828,0
resumes/data\CHEF\13264154.pdf,jds\HR\HR_mid.txt,CHEF,0.0459,0.1,-2,21.0,0.3967838883399963,0.223,0
resumes/data\CHEF\14569498.pdf,jds\CHEF\CHEF_entry.txt,CHEF,0.2214,0.45,2,0.0,0.6248794794082642,0.6689,1
resumes/data\CHEF\14569498.pdf,jds\CHEF\CHEF_mid.txt,CHEF,0.3331,0.6,2,0.0,0.68281090259552,0.7886,1
resumes/data\CHEF\14569498.pdf,jds\CHEF\CHEF_senior.txt,CHEF,0.3206,0.5,2,0.0,0.7047556638717651,0.744,1
resumes/data\CHEF\14569498.pdf,jds\FITNESS\FITNESS_entry.txt,CHEF,0.0641,0.05,2,-2.0,0.3979867696762085,0.3555,0
resumes/data\CHEF\14569498.pdf,jds\FITNESS\FITNESS_senior.txt,CHEF,0.0582,0.1,-1,0.0,0.3847731351852417,0.2861,0
resumes/data\CHEF\14569498.pdf,jds\FITNESS\FITNESS_mid.txt,CHEF,0.0508,0.15,1,-7.0,0.4083786606788635,0.4038,0
resumes/data\CHEF\14663897.pdf,jds\CHEF\CHEF_entry.txt,CHEF,0.2928,0.65,0,10.0,0.4192322194576263,0.6309,1
resumes/data\CHEF\14663897.pdf,jds\CHEF\CHEF_mid.txt,CHEF,0.3146,0.6,0,10.0,0.4969334304332733,0.665,1
resumes/data\CHEF\14663897.pdf,jds\CHEF\CHEF_senior.txt,CHEF,0.242,0.45,0,10.0,0.4681800305843353,0.6476,1
resumes/data\CHEF\14663897.pdf,jds\ARTS\ARTS_senior.txt,CHEF,0.0143,0.15,-3,10.0,0.2185145020484924,0.1922,0
resumes/data\CHEF\14663897.pdf,jds\ARTS\ARTS_entry.txt,CHEF,0.0255,0.05,-1,10.0,0.1993444263935089,0.2069,0
resumes/data\CHEF\14663897.pdf,jds\ARTS\ARTS_mid.txt,CHEF,0.0181,0.0,-2,10.0,0.250121533870697,0.2802,0
resumes/data\CHEF\15180322.pdf,jds\BANKING\BANKING_mid.txt,CHEF,0.0418,0.1,-1,4.0,0.3027680814266205,0.2855,0
resumes/data\CHEF\15180322.pdf,jds\BANKING\BANKING_senior.txt,CHEF,0.0244,0.0,-1,4.0,0.3171561658382416,0.3448,0
resumes/data\CHEF\15180322.pdf,jds\BANKING\BANKING_entry.txt,CHEF,0.0488,0.25,0,2.0,0.334340751171112,0.2864,0
resumes/data\CHEF\15261348.pdf,jds\CHEF\CHEF_entry.txt,CHEF,0.2521,0.45,1,0.0,0.4525473713874817,0.5943,1
resumes/data\CHEF\15261348.pdf,jds\CHEF\CHEF_mid.txt,CHEF,0.3324,0.5,1,0.0,0.5266066789627075,0.7027,1
resumes/data\CHEF\15261348.pdf,jds\CHEF\CHEF_senior.txt,CHEF,0.2152,0.35,1,0.0,0.4986901879310608,0.6879,1
resumes/data\CHEF\15261348.pdf,jds\DIGITAL-MEDIA\DIGITAL-MEDIA_mid.txt,CHEF,0.0218,0.0,-1,0.0,0.4216898679733276,0.2856,0
resumes/data\CHEF\15261348.pdf,jds\DIGITAL-MEDIA\DIGITAL-MEDIA_senior.txt,CHEF,0.0277,0.05,-1,0.0,0.3954561352729797,0.2634,0
resumes/data\CHEF\15261348.pdf,jds\DIGITAL-MEDIA\DIGITAL-MEDIA_entry.txt,CHEF,0.0215,0.0,0,-2.0,0.4489416778087616,0.2561,0
resumes/data\CHEF\15354126.pdf,jds\CHEF\CHEF_entry.txt,CHEF,0.2849,0.5,-1,15.0,0.5920889377593994,0.6455,1
resumes/data\CHEF\15354126.pdf,jds\CHEF\CHEF_mid.txt,CHEF,0.3266,0.55,-1,15.0,0.6385661363601685,0.7564,1
resumes/data\CHEF\15354126.pdf,jds\CHEF\CHEF_senior.txt,CHEF,0.2306,0.35,-1,15.0,0.5987258553504944,0.6977,1
resumes/data\CHEF\15354126.pdf,jds\BPO\BPO_entry.txt,CHEF,0.1036,0.15,-2,13.0,0.3605247437953949,0.2809,0
resumes/data\CHEF\16066857.pdf,jds\CHEF\CHEF_entry.txt,CHEF,0.2139,0.5,1,18.0,0.4852211475372314,0.6184,1
resumes/data\CHEF\16066857.pdf,jds\CHEF\CHEF_mid.txt,CHEF,0.3122,0.65,1,18.0,0.6101826429367065,0.7512,1
resumes/data\CHEF\16066857.pdf,jds\CHEF\CHEF_senior.txt,CHEF,0.2244,0.55,1,18.0,0.5853073596954346,0.6782,1
resumes/data\CHEF\16066857.pdf,jds\SALES\SALES_senior.txt,CHEF,0.0598,0.25,-1,18.0,0.3252737522125244,0.3002,0
resumes/data\CHEF\16066857.pdf,jds\SALES\SALES_mid.txt,CHEF,0.0524,0.15,-1,18.0,0.3151648640632629,0.3016,0
resumes/data\CHEF\16066857.pdf,jds\SALES\SALES_entry.txt,CHEF,0.0501,0.1,0,18.0,0.3234224319458008,0.3017,0
resumes/data\CHEF\16248476.pdf,jds\CHEF\CHEF_entry.txt,CHEF,0.2134,0.35,0,4.0,0.5122331380844116,0.5997,1
resumes/data\CHEF\16248476.pdf,jds\CHEF\CHEF_mid.txt,CHEF,0.2824,0.35,0,4.0,0.6505035758018494,0.7847,1
resumes/data\CHEF\16248476.pdf,jds\CHEF\CHEF_senior.txt,CHEF,0.2451,0.25,0,4.0,0.5733710527420044,0.6608,1
resumes/data\CHEF\16248476.pdf,jds\ACCOUNTANT\ACCOUNTANT_senior.txt,CHEF,0.0596,0.0,-2,4.0,0.3026963174343109,0.2925,0
resumes/data\CHEF\16248476.pdf,jds\ACCOUNTANT\ACCOUNTANT_mid.txt,CHEF,0.0482,0.0,-2,4.0,0.2803700864315033,0.2477,0
resumes/data\CHEF\16248476.pdf,jds\ACCOUNTANT\ACCOUNTANT_entry.txt,CHEF,0.0343,0.0,-2,2.0,0.3192170858383178,0.2487,0
resumes/data\CHEF\16594812.pdf,jds\BUSINESS-DEVELOPMENT\BUSINESS-DEVELOPMENT_senior.txt,CHEF,0.0899,0.15,-2,6.0,0.3095317482948303,0.2598,0
resumes/data\CHEF\16594812.pdf,jds\BUSINESS-DEVELOPMENT\BUSINESS-DEVELOPMENT_entry.txt,CHEF,0.0743,0.1,-1,4.0,0.3265042304992676,0.2426,0
resumes/data\CHEF\16594812.pdf,jds\BUSINESS-DEVELOPMENT\BUSINESS-DEVELOPMENT_mid.txt,CHEF,0.072,0.1,-2,-2.0,0.3141039609909057,0.2565,0
resumes/data\CHEF\16804396.pdf,jds\CHEF\CHEF_entry.txt,CHEF,0.1743,0.35,1,0.0,0.5074615478515625,0.6233,1
resumes/data\CHEF\16804396.pdf,jds\CHEF\CHEF_mid.txt,CHEF,0.203,0.25,1,0.0,0.5569121837615967,0.7053,1
resumes/data\CHEF\16804396.pdf,jds\CHEF\CHEF_senior.txt,CHEF,0.1572,0.2,1,0.0,0.5456082224845886,0.6609,1
resumes/data\CHEF\16804396.pdf,jds\AGRICULTURE\AGRICULTURE_mid.txt,CHEF,0.0607,0.1,-1,-7.0,0.3382107019424438,0.3466,0
resumes/data\CHEF\16804396.pdf,jds\AGRICULTURE\AGRICULTURE_senior.txt,CHEF,0.0757,0.05,-2,0.0,0.3502528071403503,0.3457,0
resumes/data\CHEF\16804396.pdf,jds\AGRICULTURE\AGRICULTURE_entry.txt,CHEF,0.0323,0.05,0,0.0,0.2939758896827698,0.2783,0
resumes/data\CHEF\16855929.pdf,jds\BPO\BPO_mid.txt,CHEF,0.0264,0.0,-1,0.0,0.3427836894989013,0.3056,0
resumes/data\CHEF\16855929.pdf,jds\BPO\BPO_senior.txt,CHEF,0.0448,0.1,-2,0.0,0.3907192051410675,0.337,0
resumes/data\CHEF\16855929.pdf,jds\BPO\BPO_entry.txt,CHEF,0.0364,0.0,-1,-2.0,0.3722292780876159,0.2377,0
resumes/data\CHEF\16924102.pdf,jds\CHEF\CHEF_entry.txt,CHEF,0.265,0.45,1,4.0,0.6119607090950012,0.6685,1
resumes/data\CHEF\16924102.pdf,jds\CHEF\CHEF_mid.txt,CHEF,0.3693,0.6,1,4.0,0.6932263374328613,0.7805,1
resumes/data\CHEF\16924102.pdf,jds\CHEF\CHEF_senior.txt,CHEF,0.2689,0.45,1,4.0,0.6625175476074219,0.7515,1
resumes/data\CHEF\16924102.pdf,jds\ARTS\ARTS_senior.txt,CHEF,0.0311,0.0,-2,4.0,0.2860211431980133,0.241,0
resumes/data\CHEF\16924102.pdf,jds\ARTS\ARTS_entry.txt,CHEF,0.0365,0.0,0,4.0,0.2954879999160766,0.221,0
resumes/data\CHEF\16924102.pdf,jds\ARTS\ARTS_mid.txt,CHEF,0.0382,0.0,-1,4.0,0.3603730499744415,0.3397,0
resumes/data\CHEF\18036030.pdf,jds\INFORMATION-TECHNOLOGY\INFORMATION-TECHNOLOGY_mid.txt,CHEF,0.0529,0.05,-2,18.0,0.3966027200222015,0.3741,0
resumes/data\CHEF\18036030.pdf,jds\INFORMATION-TECHNOLOGY\INFORMATION-TECHNOLOGY_senior.txt,CHEF,0.0393,0.05,-2,18.0,0.2787094414234161,0.3094,0
resumes/data\CHEF\18036030.pdf,jds\INFORMATION-TECHNOLOGY\INFORMATION-TECHNOLOGY_entry.txt,CHEF,0.0513,0.0,-1,16.0,0.3614868223667145,0.3599,0
resumes/data\CHEF\18480859.pdf,jds\CHEF\CHEF_entry.txt,CHEF,0.2594,0.55,0,0.0,0.5502148270606995,0.6424,1
resumes/data\CHEF\18480859.pdf,jds\CHEF\CHEF_mid.txt,CHEF,0.3158,0.5,0,0.0,0.6484617590904236,0.7738,1
resumes/data\CHEF\18480859.pdf,jds\CHEF\CHEF_senior.txt,CHEF,0.27,0.45,0,0.0,0.6272228360176086,0.7582,1
resumes/data\CHEF\18480859.pdf,jds\ACCOUNTANT\ACCOUNTANT_senior.txt,CHEF,0.067,0.1,-2,0.0,0.4050291776657104,0.3715,0
resumes/data\CHEF\18480859.pdf,jds\ACCOUNTANT\ACCOUNTANT_mid.txt,CHEF,0.0569,0.1,-2,0.0,0.4011840522289276,0.351,0
resumes/data\CHEF\18480859.pdf,jds\ACCOUNTANT\ACCOUNTANT_entry.txt,CHEF,0.0383,0.05,-2,-2.0,0.4169756472110748,0.2994,0
resumes/data\CHEF\18825446.pdf,jds\CHEF\CHEF_entry.txt,CHEF,0.3828,0.6,1,5.0,0.6624981164932251,0.6805,1
resumes/data\CHEF\18825446.pdf,jds\CHEF\CHEF_mid.txt,CHEF,0.4407,0.7,1,5.0,0.7873541116714478,0.8228,1
resumes/data\CHEF\18825446.pdf,jds\CHEF\CHEF_senior.txt,CHEF,0.341,0.55,1,5.0,0.7412657737731934,0.7856,1
resumes/data\CHEF\18825446.pdf,jds\BPO\BPO_entry.txt,CHEF,0.093,0.15,0,3.0,0.3793743252754211,0.3458,0
resumes/data\CHEF\19007667.pdf,jds\CHEF\CHEF_entry.txt,CHEF,0.2123,0.25,1,17.0,0.5299152731895447,0.6474,1
resumes/data\CHEF\19007667.pdf,jds\CHEF\CHEF_mid.txt,CHEF,0.2768,0.3,1,17.0,0.5691831111907959,0.7302,1
resumes/data\CHEF\19007667.pdf,jds\CHEF\CHEF_senior.txt,CHEF,0.1879,0.25,1,17.0,0.5737614631652832,0.6794,1
resumes/data\CHEF\19007667.pdf,jds\ADVOCATE\ADVOCATE_senior.txt,CHEF,0.0113,0.0,-1,17.0,0.1656505912542343,0.2106,0
resumes/data\CHEF\19007667.pdf,jds\ADVOCATE\ADVOCATE_entry.txt,CHEF,0.0215,0.05,-1,15.0,0.1865276992321014,0.1825,0
resumes/data\CHEF\19007667.pdf,jds\ADVOCATE\ADVOCATE_mid.txt,CHEF,0.0293,0.05,-1,17.0,0.2045560479164123,0.1754,0
resumes/data\CHEF\19268120.pdf,jds\CHEF\CHEF_entry.txt,CHEF,0.3161,0.55,1,5.0,0.6331924200057983,0.5823,1
resumes/data\CHEF\19268120.pdf,jds\CHEF\CHEF_mid.txt,CHEF,0.3458,0.65,1,5.0,0.7231090068817139,0.7121,1
resumes/data\CHEF\19268120.pdf,jds\CHEF\CHEF_senior.txt,CHEF,0.2627,0.45,1,5.0,0.7083848714828491,0.6717,1
resumes/data\CHEF\19268120.pdf,jds\TEACHER\TEACHER_entry.txt,CHEF,0.0512,0.0,0,5.0,0.2573223710060119,0.2348,0
resumes/data\CHEF\19268120.pdf,jds\TEACHER\TEACHER_mid.txt,CHEF,0.0455,0.0,-1,5.0,0.2756444811820984,0.3064,0
resumes/data\CHEF\19268120.pdf,jds\TEACHER\TEACHER_senior.txt,CHEF,0.0453,0.05,-2,5.0,0.2733514606952667,0.2833,0
resumes/data\CHEF\19285236.pdf,jds\CHEF\CHEF_entry.txt,CHEF,0.2038,0.35,1,0.0,0.5883593559265137,0.6113,1
resumes/data\CHEF\19285236.pdf,jds\CHEF\CHEF_mid.txt,CHEF,0.2933,0.45,1,0.0,0.6397565007209778,0.759,1
resumes/data\CHEF\19285236.pdf,jds\CHEF\CHEF_senior.txt,CHEF,0.2637,0.5,1,0.0,0.6241386532783508,0.7247,1
resumes/data\CHEF\19285236.pdf,jds\FITNESS\FITNESS_mid.txt,CHEF,0.066,0.25,0,-7.0,0.421110451221466,0.3993,0
resumes/data\CHEF\19285236.pdf,jds\FITNESS\FITNESS_entry.txt,CHEF,0.0781,0.15,1,-2.0,0.4381307065486908,0.3005,0
resumes/data\CHEF\19285236.pdf,jds\FITNESS\FITNESS_senior.txt,CHEF,0.0574,0.15,-2,0.0,0.3118975162506103,0.2816,0
resumes/data\CHEF\19831366.pdf,jds\CHEF\CHEF_mid.txt,CHEF,0.1807,0.3,0,0.0,0.6146286129951477,0.7602,1
resumes/data\CHEF\19831366.pdf,jds\BUSINESS-DEVELOPMENT\BUSINESS-DEVELOPMENT_entry.txt,CHEF,0.0447,0.0,-1,-2.0,0.2199342846870422,0.274,0
resumes/data\CHEF\19831366.pdf,jds\BUSINESS-DEVELOPMENT\BUSINESS-DEVELOPMENT_mid.txt,CHEF,0.0242,0.0,-2,-8.0,0.2606380581855774,0.3035,0
resumes/data\CHEF\19831366.pdf,jds\BUSINESS-DEVELOPMENT\BUSINESS-DEVELOPMENT_senior.txt,CHEF,0.0486,0.05,-2,0.0,0.230596661567688,0.3151,0
resumes/data\CHEF\19951766.pdf,jds\BPO\BPO_senior.txt,CHEF,0.06,0.05,-2,3.0,0.472222089767456,0.39,0
resumes/data\CHEF\19951766.pdf,jds\BPO\BPO_entry.txt,CHEF,0.1823,0.15,-1,1.0,0.4788161516189575,0.3305,0
resumes/data\CHEF\19951766.pdf,jds\BPO\BPO_mid.txt,CHEF,0.1019,0.15,-1,3.0,0.4068273305892944,0.3018,0
resumes/data\CHEF\20033302.pdf,jds\PUBLIC-RELATIONS\PUBLIC-RELATIONS_entry.txt,CHEF,0.0497,0.05,0,21.0,0.3454639911651611,0.246,0
resumes/data\CHEF\20033302.pdf,jds\PUBLIC-RELATIONS\PUBLIC-RELATIONS_senior.txt,CHEF,0.0618,0.05,-1,23.0,0.4474859237670898,0.2422,0
resumes/data\CHEF\20033302.pdf,jds\PUBLIC-RELATIONS\PUBLIC-RELATIONS_mid.txt,CHEF,0.1046,0.25,-1,23.0,0.4087283015251159,0.3182,0
resumes/data\CHEF\20321582.pdf,jds\CHEF\CHEF_entry.txt,CHEF,0.3086,0.65,1,10.0,0.5002920627593994,0.6133,1
resumes/data\CHEF\20321582.pdf,jds\CHEF\CHEF_mid.txt,CHEF,0.3957,0.75,1,10.0,0.6513744592666626,0.7551,1
resumes/data\CHEF\20321582.pdf,jds\CHEF\CHEF_senior.txt,CHEF,0.2805,0.4,1,10.0,0.5550586581230164,0.7023,1
resumes/data\CHEF\20321582.pdf,jds\BANKING\BANKING_senior.txt,CHEF,0.0426,0.05,-1,10.0,0.3918619453907013,0.2706,0
resumes/data\CHEF\20321582.pdf,jds\BANKING\BANKING_mid.txt,CHEF,0.0707,0.2,-1,10.0,0.4008499681949615,0.2759,0
resumes/data\CHEF\20321582.pdf,jds\BANKING\BANKING_entry.txt,CHEF,0.065,0.35,0,8.0,0.3774731457233429,0.2305,0
resumes/data\CHEF\20691949.pdf,jds\CHEF\CHEF_entry.txt,CHEF,0.2151,0.45,1,23.0,0.4912115633487701,0.5567,1
resumes/data\CHEF\20691949.pdf,jds\CHEF\CHEF_mid.txt,CHEF,0.2349,0.3,1,23.0,0.5677682161331177,0.7361,1
resumes/data\CHEF\20691949.pdf,jds\CHEF\CHEF_senior.txt,CHEF,0.1904,0.3,1,23.0,0.5268051624298096,0.626,1
resumes/data\CHEF\20691949.pdf,jds\CONSTRUCTION\CONSTRUCTION_mid.txt,CHEF,0.1024,0.15,-1,23.0,0.2342644035816192,0.1889,0
resumes/data\CHEF\20691949.pdf,jds\CONSTRUCTION\CONSTRUCTION_senior.txt,CHEF,0.1216,0.2,-1,23.0,0.2230866402387619,0.1731,0
resumes/data\CHEF\20691949.pdf,jds\CONSTRUCTION\CONSTRUCTION_entry.txt,CHEF,0.0392,0.05,0,21.0,0.3639607727527618,0.0884,0
resumes/data\CHEF\20817322.pdf,jds\CHEF\CHEF_entry.txt,CHEF,0.2436,0.55,1,22.0,0.4420630931854248,0.565,1
resumes/data\CHEF\20817322.pdf,jds\CHEF\CHEF_mid.txt,CHEF,0.3739,0.55,1,22.0,0.5784158110618591,0.71,1
resumes/data\CHEF\20817322.pdf,jds\CHEF\CHEF_senior.txt,CHEF,0.2753,0.5,1,22.0,0.5451574325561523,0.656,1
resumes/data\CHEF\20817322.pdf,jds\ENGINEERING\ENGINEERING_entry.txt,CHEF,0.0447,0.2,0,20.0,0.2903313338756561,0.2471,0
resumes/data\CHEF\20817322.pdf,jds\ENGINEERING\ENGINEERING_mid.txt,CHEF,0.043,0.0,-1,22.0,0.2439837008714676,0.2774,0
resumes/data\CHEF\20817322.pdf,jds\ENGINEERING\ENGINEERING_senior.txt,CHEF,0.0484,0.05,-2,22.0,0.2482166141271591,0.2506,0
resumes/data\CHEF\21101152.pdf,jds\CHEF\CHEF_mid.txt,CHEF,0.3503,0.55,2,13.0,0.636581301689148,0.6516,1
resumes/data\CHEF\21101152.pdf,jds\CHEF\CHEF_senior.txt,CHEF,0.2471,0.6,2,13.0,0.5855269432067871,0.6289,1
resumes/data\CHEF\21101152.pdf,jds\PUBLIC-RELATIONS\PUBLIC-RELATIONS_senior.txt,CHEF,0.0398,0.1,0,13.0,0.2953477501869201,0.2682,0
resumes/data\CHEF\21101152.pdf,jds\PUBLIC-RELATIONS\PUBLIC-RELATIONS_entry.txt,CHEF,0.0271,0.0,1,11.0,0.315229058265686,0.268,0
resumes/data\CHEF\21101152.pdf,jds\PUBLIC-RELATIONS\PUBLIC-RELATIONS_mid.txt,CHEF,0.0153,0.05,0,13.0,0.3008084893226623,0.238,0
resumes/data\CHEF\21334981.pdf,jds\CHEF\CHEF_mid.txt,CHEF,0.2035,0.4,1,4.0,0.6336315870285034,0.677,1
resumes/data\CHEF\21334981.pdf,jds\AVIATION\AVIATION_senior.txt,CHEF,0.0659,0.15,0,4.0,0.326063334941864,0.3021,0
resumes/data\CHEF\21334981.pdf,jds\AVIATION\AVIATION_entry.txt,CHEF,0.0835,0.1,0,2.0,0.4110609591007232,0.2655,0
resumes/data\CHEF\21334981.pdf,jds\AVIATION\AVIATION_mid.txt,CHEF,0.0974,0.15,0,-4.0,0.4751161634922027,0.3633,0
resumes/data\CHEF\21511817.pdf,jds\FITNESS\FITNESS_mid.txt,CHEF,0.0423,0.1,1,-6.0,0.4168681502342224,0.404,0
resumes/data\CHEF\21511817.pdf,jds\FITNESS\FITNESS_senior.txt,CHEF,0.0522,0.15,-1,1.0,0.3996768891811371,0.3034,0
resumes/data\CHEF\21511817.pdf,jds\FITNESS\FITNESS_entry.txt,CHEF,0.0677,0.2,2,-1.0,0.4258625507354736,0.3911,0
resumes/data\CHEF\21611637.pdf,jds\CHEF\CHEF_entry.txt,CHEF,0.218,0.55,0,13.0,0.584888756275177,0.6045,1
resumes/data\CHEF\21611637.pdf,jds\CHEF\CHEF_mid.txt,CHEF,0.3258,0.7,0,13.0,0.6813475489616394,0.7495,1
resumes/data\CHEF\21611637.pdf,jds\CHEF\CHEF_senior.txt,CHEF,0.3215,0.45,0,13.0,0.6914412975311279,0.6842,1
resumes/data\CHEF\21611637.pdf,jds\ARTS\ARTS_entry.txt,CHEF,0.042,0.1,-1,13.0,0.2711560726165771,0.1939,0
resumes/data\CHEF\21611637.pdf,jds\ARTS\ARTS_senior.txt,CHEF,0.0486,0.25,-3,13.0,0.3020749688148498,0.1877,0
resumes/data\CHEF\21611637.pdf,jds\ARTS\ARTS_mid.txt,CHEF,0.024,0.05,-2,13.0,0.3514957726001739,0.252,0
resumes/data\CHEF\21622444.pdf,jds\CHEF\CHEF_mid.txt,CHEF,0.1652,0.35,2,12.0,0.5350292325019836,0.6406,1
resumes/data\CHEF\21622444.pdf,jds\DIGITAL-MEDIA\DIGITAL-MEDIA_senior.txt,CHEF,0.0361,0.05,0,12.0,0.2813024520874023,0.2443,0
resumes/data\CHEF\21622444.pdf,jds\DIGITAL-MEDIA\DIGITAL-MEDIA_mid.txt,CHEF,0.037,0.0,0,12.0,0.2835390567779541,0.2642,0
resumes/data\CHEF\21622444.pdf,jds\DIGITAL-MEDIA\DIGITAL-MEDIA_entry.txt,CHEF,0.0345,0.0,1,10.0,0.3039600849151611,0.2839,0
resumes/data\CHEF\21869994.pdf,jds\CHEF\CHEF_entry.txt,CHEF,0.2103,0.6,1,0.0,0.4949376583099365,0.6476,1
resumes/data\CHEF\21869994.pdf,jds\CHEF\CHEF_mid.txt,CHEF,0.2049,0.6,1,0.0,0.611220121383667,0.7257,1
resumes/data\CHEF\21869994.pdf,jds\CHEF\CHEF_senior.txt,CHEF,0.1622,0.3,1,0.0,0.5428948402404785,0.681,1
resumes/data\CHEF\21869994.pdf,jds\CONSTRUCTION\CONSTRUCTION_senior.txt,CHEF,0.0386,0.05,-1,0.0,0.2866218090057373,0.2019,0
resumes/data\CHEF\21869994.pdf,jds\CONSTRUCTION\CONSTRUCTION_entry.txt,CHEF,0.0666,0.05,0,-2.0,0.2709664702415466,0.2182,0
resumes/data\CHEF\21869994.pdf,jds\CONSTRUCTION\CONSTRUCTION_mid.txt,CHEF,0.0465,0.15,-1,0.0,0.3986514210700989,0.2137,0
resumes/data\CHEF\21904897.pdf,jds\CHEF\CHEF_entry.txt,CHEF,0.2149,0.35,0,11.0,0.5574690103530884,0.6171,1
resumes/data\CHEF\21904897.pdf,jds\CHEF\CHEF_mid.txt,CHEF,0.2444,0.2,0,11.0,0.6415325403213501,0.7109,1
resumes/data\CHEF\21904897.pdf,jds\CHEF\CHEF_senior.txt,CHEF,0.1853,0.2,0,11.0,0.6088286638259888,0.6871,1
resumes/data\CHEF\21904897.pdf,jds\FINANCE\FINANCE_mid.txt,CHEF,0.0344,0.0,-2,11.0,0.2817341983318329,0.2581,0
resumes/data\CHEF\21904897.pdf,jds\FINANCE\FINANCE_entry.txt,CHEF,0.0292,0.0,-2,9.0,0.2457053959369659,0.1865,0
resumes/data\CHEF\21904897.pdf,jds\FINANCE\FINANCE_senior.txt,CHEF,0.0438,0.05,-2,11.0,0.2618391215801239,0.2046,0
resumes/data\CHEF\22349169.pdf,jds\CHEF\CHEF_entry.txt,CHEF,0.2531,0.5,0,12.0,0.5005016326904297,0.5624,1
resumes/data\CHEF\22349169.pdf,jds\CHEF\CHEF_mid.txt,CHEF,0.2957,0.4,0,12.0,0.5865246057510376,0.6572,1
resumes/data\CHEF\22349169.pdf,jds\CHEF\CHEF_senior.txt,CHEF,0.2226,0.35,0,12.0,0.563082218170166,0.5858,1
resumes/data\CHEF\22349169.pdf,jds\PUBLIC-RELATIONS\PUBLIC-RELATIONS_entry.txt,CHEF,0.0164,0.0,-1,10.0,0.2413671314716339,0.1761,0
resumes/data\CHEF\22349169.pdf,jds\PUBLIC-RELATIONS\PUBLIC-RELATIONS_senior.txt,CHEF,0.0278,0.05,-2,12.0,0.2483317852020263,0.1445,0
resumes/data\CHEF\22349169.pdf,jds\PUBLIC-RELATIONS\PUBLIC-RELATIONS_mid.txt,CHEF,0.0209,0.05,-2,12.0,0.2625231444835663,0.1839,0
resumes/data\CHEF\22561438.pdf,jds\CHEF\CHEF_mid.txt,CHEF,0.2504,0.4,-1,10.0,0.6745166778564453,0.739,1
resumes/data\CHEF\22561438.pdf,jds\CHEF\CHEF_senior.txt,CHEF,0.2404,0.35,-1,10.0,0.6569117903709412,0.669,1
resumes/data\CHEF\22561438.pdf,jds\BPO\BPO_entry.txt,CHEF,0.0324,0.05,-2,8.0,0.2889401912689209,0.2132,0
resumes/data\CHEF\22561438.pdf,jds\BPO\BPO_senior.txt,CHEF,0.0364,0.05,-3,10.0,0.4053481817245483,0.3311,0
resumes/data\CHEF\22561438.pdf,jds\BPO\BPO_mid.txt,CHEF,0.0259,0.0,-2,10.0,0.3626682758331299,0.3056,0
resumes/data\CHEF\23032276.pdf,jds\CHEF\CHEF_entry.txt,CHEF,0.2812,0.65,1,12.0,0.6142252087593079,0.665,1
resumes/data\CHEF\23032276.pdf,jds\CHEF\CHEF_mid.txt,CHEF,0.3707,0.65,1,12.0,0.6221481561660767,0.7277,1
resumes/data\CHEF\23032276.pdf,jds\CHEF\CHEF_senior.txt,CHEF,0.2946,0.55,1,12.0,0.6073131561279297,0.6982,1
resumes/data\CHEF\23032276.pdf,jds\FINANCE\FINANCE_entry.txt,CHEF,0.0198,0.1,-1,10.0,0.3704606592655182,0.275,0
resumes/data\CHEF\23032276.pdf,jds\FINANCE\FINANCE_senior.txt,CHEF,0.0365,0.2,-1,12.0,0.3239641785621643,0.2467,0
resumes/data\CHEF\23032276.pdf,jds\FINANCE\FINANCE_mid.txt,CHEF,0.0279,0.05,-1,12.0,0.3905835151672363,0.3496,0
resumes/data\CHEF\23185829.pdf,jds\CHEF\CHEF_mid.txt,CHEF,0.2334,0.5,1,4.0,0.6408418416976929,0.6739,1
resumes/data\CHEF\23185829.pdf,jds\PUBLIC-RELATIONS\PUBLIC-RELATIONS_mid.txt,CHEF,0.0611,0.05,-1,4.0,0.3589329421520233,0.3381,0
resumes/data\CHEF\23185829.pdf,jds\PUBLIC-RELATIONS\PUBLIC-RELATIONS_senior.txt,CHEF,0.0641,0.1,-1,4.0,0.3741470277309418,0.3384,0
resumes/data\CHEF\23185829.pdf,jds\PUBLIC-RELATIONS\PUBLIC-RELATIONS_entry.txt,CHEF,0.0597,0.1,0,2.0,0.2952986061573028,0.2894,0
resumes/data\CHEF\23398733.pdf,jds\FINANCE\FINANCE_mid.txt,CHEF,0.0473,0.05,-3,15.0,0.3760628402233124,0.33,0
resumes/data\CHEF\23398733.pdf,jds\FINANCE\FINANCE_entry.txt,CHEF,0.0519,0.15,-3,13.0,0.3808018863201141,0.3599,0
resumes/data\CHEF\23398733.pdf,jds\FINANCE\FINANCE_senior.txt,CHEF,0.0546,0.05,-3,15.0,0.2920879423618316,0.2827,0
resumes/data\CHEF\23568731.pdf,jds\CHEF\CHEF_entry.txt,CHEF,0.265,0.6,1,2.0,0.5920889377593994,0.6041,1
resumes/data\CHEF\23568731.pdf,jds\CHEF\CHEF_mid.txt,CHEF,0.2728,0.5,1,2.0,0.6292070150375366,0.6853,1
resumes/data\CHEF\23568731.pdf,jds\CHEF\CHEF_senior.txt,CHEF,0.2015,0.35,1,2.0,0.5987258553504944,0.6518,1
resumes/data\CHEF\23568731.pdf,jds\HEALTHCARE\HEALTHCARE_entry.txt,CHEF,0.0355,0.1,0,0.0,0.2659328579902649,0.214,0
resumes/data\CHEF\23568731.pdf,jds\HEALTHCARE\HEALTHCARE_mid.txt,CHEF,0.0519,0.2,-1,2.0,0.272163063287735,0.183,0
resumes/data\CHEF\23568731.pdf,jds\HEALTHCARE\HEALTHCARE_senior.txt,CHEF,0.0207,0.05,-1,2.0,0.295123815536499,0.2059,0
resumes/data\CHEF\23591247.pdf,jds\CONSTRUCTION\CONSTRUCTION_senior.txt,CHEF,0.0693,0.1,-2,15.0,0.3302301168441772,0.2982,0
resumes/data\CHEF\23591247.pdf,jds\CONSTRUCTION\CONSTRUCTION_entry.txt,CHEF,0.042,0.05,-1,13.0,0.3372335135936737,0.2299,0
resumes/data\CHEF\23591247.pdf,jds\CONSTRUCTION\CONSTRUCTION_mid.txt,CHEF,0.0539,0.1,-2,15.0,0.301857590675354,0.2847,0
resumes/data\CHEF\23807940.pdf,jds\CHEF\CHEF_mid.txt,CHEF,0.2706,0.65,1,12.0,0.6142633557319641,0.583,1
resumes/data\CHEF\23807940.pdf,jds\CHEF\CHEF_senior.txt,CHEF,0.3197,0.55,1,12.0,0.6082338094711304,0.6331,1
resumes/data\CHEF\23807940.pdf,jds\SALES\SALES_entry.txt,CHEF,0.023,0.05,0,12.0,0.3633675575256347,0.2835,0
resumes/data\CHEF\23807940.pdf,jds\SALES\SALES_senior.txt,CHEF,0.0404,0.2,-1,12.0,0.3666680157184601,0.2898,0
resumes/data\CHEF\23807940.pdf,jds\SALES\SALES_mid.txt,CHEF,0.0561,0.25,-1,12.0,0.4320428073406219,0.3076,0
resumes/data\CHEF\23841877.pdf,jds\TEACHER\TEACHER_mid.txt,CHEF,0.0343,0.1,-2,28.0,0.3214310109615326,0.2101,0
resumes/data\CHEF\23841877.pdf,jds\TEACHER\TEACHER_senior.txt,CHEF,0.0285,0.1,-3,28.0,0.2626765370368957,0.1684,0
resumes/data\CHEF\23841877.pdf,jds\TEACHER\TEACHER_entry.txt,CHEF,0.0497,0.05,-1,28.0,0.3047313094139099,0.1938,0
resumes/data\CHEF\24221960.pdf,jds\CHEF\CHEF_entry.txt,CHEF,0.176,0.3,0,11.0,0.4789466857910156,0.6594,1
resumes/data\CHEF\24221960.pdf,jds\CHEF\CHEF_mid.txt,CHEF,0.159,0.3,0,11.0,0.5755985975265503,0.7359,1
resumes/data\CHEF\24221960.pdf,jds\CHEF\CHEF_senior.txt,CHEF,0.1468,0.2,0,11.0,0.5814809799194336,0.6928,1
resumes/data\CHEF\24221960.pdf,jds\APPAREL\APPAREL_mid.txt,CHEF,0.0645,0.05,-2,11.0,0.3466889858245849,0.3278,0
resumes/data\CHEF\24221960.pdf,jds\APPAREL\APPAREL_senior.txt,CHEF,0.0377,0.05,-2,11.0,0.3970582485198974,0.3285,0
resumes/data\CHEF\24221960.pdf,jds\APPAREL\APPAREL_entry.txt,CHEF,0.0551,0.0,-1,9.0,0.3635462522506714,0.3447,0
resumes/data\CHEF\24673903.pdf,jds\AGRICULTURE\AGRICULTURE_entry.txt,CHEF,0.0545,0.0,0,25.0,0.2736978232860565,0.3393,0
resumes/data\CHEF\24673903.pdf,jds\AGRICULTURE\AGRICULTURE_mid.txt,CHEF,0.0798,0.05,-1,18.0,0.3078467845916748,0.3748,0
resumes/data\CHEF\24709432.pdf,jds\ENGINEERING\ENGINEERING_senior.txt,CHEF,0.0453,0.15,-2,28.0,0.3366539478302002,0.3884,0
resumes/data\CHEF\24709432.pdf,jds\ENGINEERING\ENGINEERING_entry.txt,CHEF,0.0412,0.0,0,26.0,0.4220406413078308,0.4954,0
resumes/data\CHEF\25128608.pdf,jds\CHEF\CHEF_entry.txt,CHEF,0.2292,0.5,1,14.0,0.5369322299957275,0.5776,1
resumes/data\CHEF\25128608.pdf,jds\CHEF\CHEF_mid.txt,CHEF,0.329,0.55,1,14.0,0.6421252489089966,0.7046,1
resumes/data\CHEF\25128608.pdf,jds\CHEF\CHEF_senior.txt,CHEF,0.2415,0.55,1,14.0,0.6230596303939819,0.6718,1
resumes/data\CHEF\25128608.pdf,jds\SALES\SALES_entry.txt,CHEF,0.0752,0.1,0,14.0,0.3468556106090545,0.2761,0
resumes/data\CHEF\25128608.pdf,jds\SALES\SALES_mid.txt,CHEF,0.0702,0.2,-1,14.0,0.3671241402626037,0.287,0
resumes/data\CHEF\25128608.pdf,jds\SALES\SALES_senior.txt,CHEF,0.088,0.2,-1,14.0,0.3430101275444031,0.2406,0
resumes/data\CHEF\25452321.pdf,jds\CONSULTANT\CONSULTANT_entry.txt,CHEF,0.0533,0.15,-2,65.0,0.3490720391273498,0.2702,0
resumes/data\CHEF\25452321.pdf,jds\CONSULTANT\CONSULTANT_senior.txt,CHEF,0.0508,0.05,-2,65.0,0.3502544462680816,0.2206,0
resumes/data\CHEF\25452321.pdf,jds\CONSULTANT\CONSULTANT_mid.txt,CHEF,0.0402,0.0,-2,65.0,0.3789973258972168,0.2361,0
resumes/data\CHEF\25924968.pdf,jds\CHEF\CHEF_entry.txt,CHEF,0.1977,0.5,1,14.0,0.5296025276184082,0.6253,1
resumes/data\CHEF\25924968.pdf,jds\CHEF\CHEF_mid.txt,CHEF,0.2465,0.5,1,14.0,0.6907651424407959,0.7777,1
resumes/data\CHEF\25924968.pdf,jds\CHEF\CHEF_senior.txt,CHEF,0.21,0.45,1,14.0,0.633350133895874,0.744,1
resumes/data\CHEF\25924968.pdf,jds\ACCOUNTANT\ACCOUNTANT_entry.txt,CHEF,0.0368,0.05,-1,12.0,0.27652108669281,0.2634,0
resumes/data\CHEF\25924968.pdf,jds\ACCOUNTANT\ACCOUNTANT_senior.txt,CHEF,0.0572,0.0,-1,14.0,0.3496173322200775,0.2891,0
resumes/data\CHEF\25924968.pdf,jds\ACCOUNTANT\ACCOUNTANT_mid.txt,CHEF,0.0446,0.05,-1,14.0,0.2836062014102936,0.2733,0
resumes/data\CHEF\25953797.pdf,jds\CHEF\CHEF_mid.txt,CHEF,0.1668,0.25,1,5.0,0.5368562340736389,0.7073,1
resumes/data\CHEF\25953797.pdf,jds\CHEF\CHEF_senior.txt,CHEF,0.193,0.25,1,5.0,0.5504773855209351,0.67,1
resumes/data\CHEF\25953797.pdf,jds\AVIATION\AVIATION_senior.txt,CHEF,0.0257,0.0,0,5.0,0.2562941014766693,0.2824,0
resumes/data\CHEF\25953797.pdf,jds\AVIATION\AVIATION_entry.txt,CHEF,0.0305,0.0,0,3.0,0.2237066924571991,0.2523,0
resumes/data\CHEF\25953797.pdf,jds\AVIATION\AVIATION_mid.txt,CHEF,0.0432,0.05,0,-3.0,0.2312528789043426,0.2762,0
resumes/data\CHEF\26189601.pdf,jds\CHEF\CHEF_entry.txt,CHEF,0.2572,0.55,1,11.0,0.6211210489273071,0.5518,1
resumes/data\CHEF\26189601.pdf,jds\CHEF\CHEF_mid.txt,CHEF,0.2506,0.45,1,11.0,0.681888222694397,0.6657,1
resumes/data\CHEF\26189601.pdf,jds\CHEF\CHEF_senior.txt,CHEF,0.2908,0.4,1,11.0,0.6643382906913757,0.6361,1
resumes/data\CHEF\26189601.pdf,jds\APPAREL\APPAREL_mid.txt,CHEF,0.047,0.05,-1,11.0,0.3624623119831085,0.2633,0
resumes/data\CHEF\26189601.pdf,jds\APPAREL\APPAREL_entry.txt,CHEF,0.0463,0.25,0,9.0,0.353572130203247,0.2915,0
resumes/data\CHEF\26189601.pdf,jds\APPAREL\APPAREL_senior.txt,CHEF,0.0412,0.2,-1,11.0,0.3936615586280823,0.32,0
resumes/data\CHEF\26718039.pdf,jds\CHEF\CHEF_entry.txt,CHEF,0.2076,0.25,1,36.0,0.5420545935630798,0.6547,1
resumes/data\CHEF\26718039.pdf,jds\CHEF\CHEF_mid.txt,CHEF,0.2783,0.3,1,36.0,0.5871515274047852,0.7372,1
resumes/data\CHEF\26718039.pdf,jds\CHEF\CHEF_senior.txt,CHEF,0.1866,0.25,1,36.0,0.5908955335617065,0.6891,1
resumes/data\CHEF\26718039.pdf,jds\PUBLIC-RELATIONS\PUBLIC-RELATIONS_mid.txt,CHEF,0.0249,0.0,-1,36.0,0.2359247803688049,0.2648,0
resumes/data\CHEF\26718039.pdf,jds\PUBLIC-RELATIONS\PUBLIC-RELATIONS_entry.txt,CHEF,0.0266,0.0,0,34.0,0.2204022705554962,0.2423,0
resumes/data\CHEF\26718039.pdf,jds\PUBLIC-RELATIONS\PUBLIC-RELATIONS_senior.txt,CHEF,0.0228,0.0,-1,36.0,0.196527898311615,0.1939,0
resumes/data\CHEF\27662298.pdf,jds\CHEF\CHEF_entry.txt,CHEF,0.2404,0.5,1,14.0,0.4522350430488586,0.6203,1
resumes/data\CHEF\27662298.pdf,jds\CHEF\CHEF_mid.txt,CHEF,0.3403,0.65,1,14.0,0.5266066789627075,0.7918,1
resumes/data\CHEF\27662298.pdf,jds\CHEF\CHEF_senior.txt,CHEF,0.2479,0.4,1,14.0,0.4962373673915863,0.6458,1
resumes/data\CHEF\27662298.pdf,jds\TEACHER\TEACHER_entry.txt,CHEF,0.0424,0.0,0,14.0,0.2348686456680297,0.2539,0
resumes/data\CHEF\27662298.pdf,jds\TEACHER\TEACHER_mid.txt,CHEF,0.0212,0.0,-1,14.0,0.2684402465820312,0.2499,0
resumes/data\CHEF\27662298.pdf,jds\TEACHER\TEACHER_senior.txt,CHEF,0.027,0.05,-2,14.0,0.2773574292659759,0.2614,0
resumes/data\CHEF\27820360.pdf,jds\CHEF\CHEF_entry.txt,CHEF,0.2351,0.5,0,20.0,0.5918484926223755,0.5817,1
resumes/data\CHEF\27820360.pdf,jds\CHEF\CHEF_mid.txt,CHEF,0.315,0.55,0,20.0,0.6589969396591187,0.7414,1
resumes/data\CHEF\27820360.pdf,jds\CHEF\CHEF_senior.txt,CHEF,0.2047,0.35,0,20.0,0.6035606861114502,0.685,1
resumes/data\CHEF\27820360.pdf,jds\DESIGNER\DESIGNER_entry.txt,CHEF,0.0467,0.1,-1,18.0,0.2993466258049011,0.2034,0
resumes/data\CHEF\27820360.pdf,jds\DESIGNER\DESIGNER_mid.txt,CHEF,0.0546,0.1,-2,20.0,0.3017781376838684,0.2871,0
resumes/data\CHEF\27820360.pdf,jds\DESIGNER\DESIGNER_senior.txt,CHEF,0.0719,0.2,-2,20.0,0.3135859966278076,0.2479,0
resumes/data\CHEF\27831220.pdf,jds\CHEF\CHEF_entry.txt,CHEF,0.2703,0.55,1,10.0,0.5532431602478027,0.6451,1
resumes/data\CHEF\27831220.pdf,jds\CHEF\CHEF_mid.txt,CHEF,0.3816,0.6,1,10.0,0.6343836784362793,0.723,1
resumes/data\CHEF\27831220.pdf,jds\CHEF\CHEF_senior.txt,CHEF,0.2818,0.4,1,10.0,0.6161020994186401,0.7093,1
resumes/data\CHEF\27831220.pdf,jds\TEACHER\TEACHER_entry.txt,CHEF,0.0268,0.0,0,10.0,0.2981715500354767,0.206,0
resumes/data\CHEF\27831220.pdf,jds\TEACHER\TEACHER_senior.txt,CHEF,0.0414,0.15,-2,10.0,0.3031837940216064,0.2442,0
resumes/data\CHEF\27831220.pdf,jds\TEACHER\TEACHER_mid.txt,CHEF,0.0278,0.0,-1,10.0,0.3187899589538574,0.2232,0
resumes/data\CHEF\27909372.pdf,jds\BUSINESS-DEVELOPMENT\BUSINESS-DEVELOPMENT_mid.txt,CHEF,0.0516,0.05,-1,24.0,0.3499311208724975,0.3441,0
resumes/data\CHEF\27909372.pdf,jds\BUSINESS-DEVELOPMENT\BUSINESS-DEVELOPMENT_entry.txt,CHEF,0.0511,0.1,0,30.0,0.3634231686592102,0.3609,0
resumes/data\CHEF\27909372.pdf,jds\BUSINESS-DEVELOPMENT\BUSINESS-DEVELOPMENT_senior.txt,CHEF,0.0734,0.2,-1,32.0,0.3403254151344299,0.3323,0
resumes/data\CHEF\28092317.pdf,jds\CHEF\CHEF_entry.txt,CHEF,0.2011,0.4,1,10.0,0.5741196870803833,0.6556,1
resumes/data\CHEF\28092317.pdf,jds\CHEF\CHEF_mid.txt,CHEF,0.297,0.55,1,10.0,0.7005898952484131,0.8035,1
resumes/data\CHEF\28092317.pdf,jds\CHEF\CHEF_senior.txt,CHEF,0.2148,0.35,1,10.0,0.5896792411804199,0.7236,1
resumes/data\CHEF\28092317.pdf,jds\INFORMATION-TECHNOLOGY\INFORMATION-TECHNOLOGY_senior.txt,CHEF,0.0397,0.1,-1,10.0,0.3204389810562134,0.1846,0
resumes/data\CHEF\28092317.pdf,jds\INFORMATION-TECHNOLOGY\INFORMATION-TECHNOLOGY_entry.txt,CHEF,0.0477,0.05,0,8.0,0.3723368048667907,0.1739,0
resumes/data\CHEF\28092317.pdf,jds\INFORMATION-TECHNOLOGY\INFORMATION-TECHNOLOGY_mid.txt,CHEF,0.0557,0.05,-1,10.0,0.3976002931594848,0.2383,0
resumes/data\CHEF\28176889.pdf,jds\APPAREL\APPAREL_senior.txt,CHEF,0.0215,0.0,0,20.0,0.2342441827058792,0.2286,0
resumes/data\CHEF\28176889.pdf,jds\APPAREL\APPAREL_entry.txt,CHEF,0.0342,0.05,1,18.0,0.2863416075706482,0.2931,0
resumes/data\CHEF\28176889.pdf,jds\APPAREL\APPAREL_mid.txt,CHEF,0.0228,0.0,0,20.0,0.2380682229995727,0.2461,0
resumes/data\CHEF\28230807.pdf,jds\CHEF\CHEF_entry.txt,CHEF,0.2371,0.5,0,13.0,0.6027237772941589,0.6565,1
resumes/data\CHEF\28230807.pdf,jds\CHEF\CHEF_mid.txt,CHEF,0.3216,0.7,0,13.0,0.6387893557548523,0.7109,1
resumes/data\CHEF\28230807.pdf,jds\CHEF\CHEF_senior.txt,CHEF,0.2579,0.5,0,13.0,0.604021430015564,0.6853,1
resumes/data\CHEF\28230807.pdf,jds\APPAREL\APPAREL_entry.txt,CHEF,0.0442,0.1,-1,11.0,0.3781069815158844,0.2619,0
resumes/data\CHEF\28230807.pdf,jds\APPAREL\APPAREL_mid.txt,CHEF,0.0788,0.15,-2,13.0,0.4180589318275451,0.2624,0
resumes/data\CHEF\28230807.pdf,jds\APPAREL\APPAREL_senior.txt,CHEF,0.0344,0.05,-2,13.0,0.3774577379226684,0.2649,0
resumes/data\CHEF\28396528.pdf,jds\INFORMATION-TECHNOLOGY\INFORMATION-TECHNOLOGY_entry.txt,CHEF,0.028,0.0,-1,2.0,0.2267975509166717,0.2209,0
resumes/data\CHEF\28396528.pdf,jds\INFORMATION-TECHNOLOGY\INFORMATION-TECHNOLOGY_mid.txt,CHEF,0.0156,0.0,-2,4.0,0.2569114863872528,0.2667,0
resumes/data\CHEF\28396528.pdf,jds\INFORMATION-TECHNOLOGY\INFORMATION-TECHNOLOGY_senior.txt,CHEF,0.0202,0.15,-2,4.0,0.1506165266036987,0.1076,0
resumes/data\CHEF\28424982.pdf,jds\CHEF\CHEF_entry.txt,CHEF,0.1968,0.4,1,12.0,0.6221256852149963,0.6475,1
resumes/data\CHEF\28424982.pdf,jds\CHEF\CHEF_mid.txt,CHEF,0.3096,0.45,1,12.0,0.6781177520751953,0.786,1
resumes/data\CHEF\28424982.pdf,jds\CHEF\CHEF_senior.txt,CHEF,0.2751,0.5,1,12.0,0.6987630128860474,0.7437,1
resumes/data\CHEF\28424982.pdf,jds\CONSULTANT\CONSULTANT_senior.txt,CHEF,0.0697,0.2,-1,12.0,0.3397719264030456,0.3328,0
resumes/data\CHEF\28424982.pdf,jds\CONSULTANT\CONSULTANT_mid.txt,CHEF,0.0579,0.0,-1,12.0,0.397504448890686,0.3658,0
resumes/data\CHEF\28424982.pdf,jds\CONSULTANT\CONSULTANT_entry.txt,CHEF,0.0429,0.05,-1,12.0,0.3596462607383728,0.3081,0
resumes/data\CHEF\29072179.pdf,jds\CHEF\CHEF_entry.txt,CHEF,0.2104,0.4,0,17.0,0.5516680479049683,0.6065,1
resumes/data\CHEF\29072179.pdf,jds\CHEF\CHEF_mid.txt,CHEF,0.2229,0.55,0,17.0,0.6506145000457764,0.7461,1
resumes/data\CHEF\29072179.pdf,jds\AUTOMOBILE\AUTOMOBILE_entry.txt,CHEF,0.1003,0.1,-1,15.0,0.2798625528812408,0.2062,0
resumes/data\CHEF\29072179.pdf,jds\AUTOMOBILE\AUTOMOBILE_mid.txt,CHEF,0.1348,0.15,-1,9.0,0.3196179270744324,0.209,0
resumes/data\CHEF\29072179.pdf,jds\AUTOMOBILE\AUTOMOBILE_senior.txt,CHEF,0.0436,0.05,-2,17.0,0.2642011940479278,0.1324,0
resumes/data\CHEF\29211359.pdf,jds\CHEF\CHEF_entry.txt,CHEF,0.1907,0.65,2,4.0,0.5604755878448486,0.5957,1
resumes/data\CHEF\29211359.pdf,jds\CHEF\CHEF_mid.txt,CHEF,0.2117,0.5,2,4.0,0.6540049314498901,0.7248,1
resumes/data\CHEF\29211359.pdf,jds\CHEF\CHEF_senior.txt,CHEF,0.2157,0.4,2,4.0,0.6692981719970703,0.6697,1
resumes/data\CHEF\29211359.pdf,jds\TEACHER\TEACHER_mid.txt,CHEF,0.0463,0.0,0,4.0,0.3710287511348724,0.2373,0
resumes/data\CHEF\29211359.pdf,jds\TEACHER\TEACHER_senior.txt,CHEF,0.0334,0.05,-1,4.0,0.4130661487579345,0.2244,0
resumes/data\CHEF\29211359.pdf,jds\TEACHER\TEACHER_entry.txt,CHEF,0.0532,0.0,1,4.0,0.3240299522876739,0.2189,0
resumes/data\CHEF\29449419.pdf,jds\CHEF\CHEF_entry.txt,CHEF,0.2544,0.45,1,6.0,0.4924966394901275,0.646,1
resumes/data\CHEF\29449419.pdf,jds\CHEF\CHEF_mid.txt,CHEF,0.3361,0.45,1,6.0,0.5554550290107727,0.7534,1
resumes/data\CHEF\29449419.pdf,jds\CHEF\CHEF_senior.txt,CHEF,0.2843,0.3,1,6.0,0.5339099764823914,0.698,1
resumes/data\CHEF\29449419.pdf,jds\ACCOUNTANT\ACCOUNTANT_entry.txt,CHEF,0.0379,0.0,-1,4.0,0.3160204291343689,0.3195,0
resumes/data\CHEF\29449419.pdf,jds\ACCOUNTANT\ACCOUNTANT_senior.txt,CHEF,0.079,0.05,-1,6.0,0.3472797572612762,0.315,0
resumes/data\CHEF\29449419.pdf,jds\ACCOUNTANT\ACCOUNTANT_mid.txt,CHEF,0.0702,0.1,-1,6.0,0.3147436678409576,0.2839,0
resumes/data\CHEF\29772450.pdf,jds\CHEF\CHEF_mid.txt,CHEF,0.1902,0.5,1,37.0,0.7029168009757996,0.7512,1
resumes/data\CHEF\29772450.pdf,jds\CHEF\CHEF_senior.txt,CHEF,0.2362,0.4,1,37.0,0.6064733266830444,0.7377,1
resumes/data\CHEF\29772450.pdf,jds\HR\HR_senior.txt,CHEF,0.0536,0.05,-1,37.0,0.2380882948637008,0.2812,0
resumes/data\CHEF\29772450.pdf,jds\HR\HR_mid.txt,CHEF,0.0387,0.05,-1,37.0,0.2368258833885193,0.3078,0
resumes/data\CHEF\29772450.pdf,jds\HR\HR_entry.txt,CHEF,0.0458,0.05,-1,37.0,0.307601660490036,0.2689,0
resumes/data\CHEF\29775391.pdf,jds\CHEF\CHEF_entry.txt,CHEF,0.3552,0.6,0,14.0,0.6617821455001831,0.6717,1
resumes/data\CHEF\29775391.pdf,jds\CHEF\CHEF_mid.txt,CHEF,0.4345,0.65,0,14.0,0.7371737957000732,0.7899,1
resumes/data\CHEF\29775391.pdf,jds\CHEF\CHEF_senior.txt,CHEF,0.3696,0.5,0,14.0,0.7125924825668335,0.7114,1
resumes/data\CHEF\29775391.pdf,jds\AGRICULTURE\AGRICULTURE_entry.txt,CHEF,0.0457,0.0,-1,14.0,0.3356102108955383,0.286,0
resumes/data\CHEF\29775391.pdf,jds\AGRICULTURE\AGRICULTURE_mid.txt,CHEF,0.0896,0.15,-2,7.0,0.3623092174530029,0.3322,0
resumes/data\CHEF\29784524.pdf,jds\BPO\BPO_entry.txt,CHEF,0.0681,0.1,-1,-2.0,0.4141588807106018,0.3691,0
resumes/data\CHEF\29784524.pdf,jds\BPO\BPO_mid.txt,CHEF,0.0683,0.15,-1,0.0,0.4003262221813202,0.376,0
resumes/data\CHEF\30128072.pdf,jds\APPAREL\APPAREL_entry.txt,CHEF,0.0227,0.0,-1,11.0,0.2470837980508804,0.2419,0
resumes/data\CHEF\30128072.pdf,jds\APPAREL\APPAREL_senior.txt,CHEF,0.0227,0.0,-2,13.0,0.2935211062431335,0.2458,0
resumes/data\CHEF\30128072.pdf,jds\APPAREL\APPAREL_mid.txt,CHEF,0.0163,0.0,-2,13.0,0.3226215839385986,0.2376,0
resumes/data\CHEF\30311202.pdf,jds\CHEF\CHEF_entry.txt,CHEF,0.3219,0.45,0,6.0,0.5770091414451599,0.6274,1
resumes/data\CHEF\30311202.pdf,jds\CHEF\CHEF_mid.txt,CHEF,0.391,0.5,0,6.0,0.6352596879005432,0.6448,1
resumes/data\CHEF\30311202.pdf,jds\CHEF\CHEF_senior.txt,CHEF,0.2482,0.3,0,6.0,0.5752872228622437,0.5947,1
resumes/data\CHEF\30311202.pdf,jds\CONSULTANT\CONSULTANT_senior.txt,CHEF,0.029,0.15,-2,6.0,0.3104653358459472,0.1976,0
resumes/data\CHEF\30311202.pdf,jds\CONSULTANT\CONSULTANT_mid.txt,CHEF,0.0308,0.05,-2,6.0,0.3569024205207824,0.2539,0
resumes/data\CHEF\30311202.pdf,jds\CONSULTANT\CONSULTANT_entry.txt,CHEF,0.0427,0.1,-2,6.0,0.3269330263137817,0.2387,0
resumes/data\CHEF\30337969.pdf,jds\APPAREL\APPAREL_entry.txt,CHEF,0.0435,0.0,1,11.0,0.3165951371192932,0.3125,0
resumes/data\CHEF\30826569.pdf,jds\ARTS\ARTS_senior.txt,CHEF,0.0616,0.3,-1,15.0,0.3095088601112366,0.2736,0
resumes/data\CHEF\30826569.pdf,jds\ARTS\ARTS_entry.txt,CHEF,0.0321,0.05,1,15.0,0.3303258419036865,0.2438,0
resumes/data\CHEF\30826569.pdf,jds\ARTS\ARTS_mid.txt,CHEF,0.0387,0.05,0,15.0,0.2864414155483246,0.3213,0
resumes/data\CHEF\32518109.pdf,jds\CONSULTANT\CONSULTANT_mid.txt,CHEF,0.0563,0.0,-2,0.0,0.3016061782836914,0.2393,0
resumes/data\CHEF\32518109.pdf,jds\CONSULTANT\CONSULTANT_entry.txt,CHEF,0.0478,0.05,-2,0.0,0.29615318775177,0.216,0
resumes/data\CHEF\32518109.pdf,jds\CONSULTANT\CONSULTANT_senior.txt,CHEF,0.0397,0.0,-2,0.0,0.2425761520862579,0.1539,0
resumes/data\CHEF\32605413.pdf,jds\DESIGNER\DESIGNER_mid.txt,CHEF,0.0415,0.05,-3,16.0,0.4544806778430938,0.3804,0
resumes/data\CHEF\32605413.pdf,jds\DESIGNER\DESIGNER_senior.txt,CHEF,0.0383,0.1,-3,16.0,0.429720014333725,0.3255,0
resumes/data\CHEF\32605413.pdf,jds\DESIGNER\DESIGNER_entry.txt,CHEF,0.0474,0.1,-2,14.0,0.4492757320404053,0.3137,0
resumes/data\CHEF\33964275.pdf,jds\DESIGNER\DESIGNER_mid.txt,CHEF,0.0565,0.15,-1,18.0,0.3099300861358642,0.3956,0
resumes/data\CHEF\33964275.pdf,jds\DESIGNER\DESIGNER_entry.txt,CHEF,0.0633,0.2,0,16.0,0.2826124727725982,0.3491,0
resumes/data\CHEF\34252537.pdf,jds\CHEF\CHEF_entry.txt,CHEF,0.3196,0.55,2,12.0,0.6334384679794312,0.6682,1
resumes/data\CHEF\34252537.pdf,jds\CHEF\CHEF_mid.txt,CHEF,0.4165,0.7,2,12.0,0.7191075086593628,0.7739,1
resumes/data\CHEF\34252537.pdf,jds\CHEF\CHEF_senior.txt,CHEF,0.3364,0.6,2,12.0,0.6926525831222534,0.739,1
resumes/data\CHEF\34252537.pdf,jds\PUBLIC-RELATIONS\PUBLIC-RELATIONS_entry.txt,CHEF,0.0444,0.1,1,10.0,0.3764240145683288,0.2987,0
resumes/data\CHEF\34252537.pdf,jds\PUBLIC-RELATIONS\PUBLIC-RELATIONS_senior.txt,CHEF,0.0589,0.2,0,12.0,0.3887070417404175,0.264,0
resumes/data\CHEF\34252537.pdf,jds\PUBLIC-RELATIONS\PUBLIC-RELATIONS_mid.txt,CHEF,0.053,0.1,0,12.0,0.3856015205383301,0.2874,0
resumes/data\CHEF\34452806.pdf,jds\CHEF\CHEF_entry.txt,CHEF,0.218,0.55,0,20.0,0.5572178363800049,0.6162,1
resumes/data\CHEF\34452806.pdf,jds\CHEF\CHEF_mid.txt,CHEF,0.3428,0.7,0,20.0,0.6637356877326965,0.7488,1
resumes/data\CHEF\34452806.pdf,jds\CHEF\CHEF_senior.txt,CHEF,0.3096,0.4,0,20.0,0.6234303712844849,0.698,1
resumes/data\CHEF\34452806.pdf,jds\TEACHER\TEACHER_senior.txt,CHEF,0.0656,0.25,-3,20.0,0.2873168885707855,0.2945,0
resumes/data\CHEF\34452806.pdf,jds\TEACHER\TEACHER_entry.txt,CHEF,0.0603,0.15,-1,20.0,0.361848920583725,0.2765,0
resumes/data\CHEF\34452806.pdf,jds\TEACHER\TEACHER_mid.txt,CHEF,0.0456,0.1,-2,20.0,0.3661537766456604,0.2668,0
resumes/data\CHEF\35157762.pdf,jds\CHEF\CHEF_entry.txt,CHEF,0.2748,0.5,2,14.0,0.6774145364761353,0.6936,1
resumes/data\CHEF\35157762.pdf,jds\CHEF\CHEF_mid.txt,CHEF,0.3304,0.6,2,14.0,0.764389157295227,0.7523,1
resumes/data\CHEF\35157762.pdf,jds\CHEF\CHEF_senior.txt,CHEF,0.3303,0.4,2,14.0,0.7350556254386902,0.7085,1
resumes/data\CHEF\35157762.pdf,jds\APPAREL\APPAREL_mid.txt,CHEF,0.0626,0.05,0,14.0,0.3616942465305328,0.3742,0
resumes/data\CHEF\35157762.pdf,jds\APPAREL\APPAREL_senior.txt,CHEF,0.0803,0.2,0,14.0,0.3952183723449707,0.3363,0
resumes/data\CHEF\35157762.pdf,jds\APPAREL\APPAREL_entry.txt,CHEF,0.0385,0.05,1,12.0,0.3917148411273956,0.3493,0
resumes/data\CHEF\35468363.pdf,jds\CHEF\CHEF_mid.txt,CHEF,0.2291,0.4,1,14.0,0.5842669010162354,0.6816,1
resumes/data\CHEF\35468363.pdf,jds\CHEF\CHEF_senior.txt,CHEF,0.1985,0.4,1,14.0,0.5065004825592041,0.6329,1
resumes/data\CHEF\35468363.pdf,jds\AUTOMOBILE\AUTOMOBILE_senior.txt,CHEF,0.0465,0.0,-1,14.0,0.1121830195188522,0.1571,0
resumes/data\CHEF\35468363.pdf,jds\AUTOMOBILE\AUTOMOBILE_mid.txt,CHEF,0.0527,0.0,0,6.0,0.1452411711215973,0.217,0
resumes/data\CHEF\35468363.pdf,jds\AUTOMOBILE\AUTOMOBILE_entry.txt,CHEF,0.0398,0.0,0,12.0,0.1839560568332672,0.2293,0
resumes/data\CHEF\36366044.pdf,jds\INFORMATION-TECHNOLOGY\INFORMATION-TECHNOLOGY_entry.txt,CHEF,0.0583,0.0,0,11.0,0.3432879447937011,0.2634,0
resumes/data\CHEF\36366044.pdf,jds\INFORMATION-TECHNOLOGY\INFORMATION-TECHNOLOGY_senior.txt,CHEF,0.0552,0.1,-1,13.0,0.3299189209938049,0.3352,0
resumes/data\CHEF\36366044.pdf,jds\INFORMATION-TECHNOLOGY\INFORMATION-TECHNOLOGY_mid.txt,CHEF,0.0576,0.05,-1,13.0,0.2973580360412597,0.2729,0
resumes/data\CHEF\37231163.pdf,jds\CHEF\CHEF_entry.txt,CHEF,0.3409,0.7,0,20.0,0.5235642790794373,0.6334,1
resumes/data\CHEF\37231163.pdf,jds\CHEF\CHEF_mid.txt,CHEF,0.3247,0.7,0,20.0,0.6387883424758911,0.8094,1
resumes/data\CHEF\37231163.pdf,jds\CHEF\CHEF_senior.txt,CHEF,0.2461,0.45,0,20.0,0.6027198433876038,0.6548,1
resumes/data\CHEF\37231163.pdf,jds\FINANCE\FINANCE_entry.txt,CHEF,0.0334,0.05,-2,18.0,0.322057843208313,0.1947,0
resumes/data\CHEF\37231163.pdf,jds\FINANCE\FINANCE_mid.txt,CHEF,0.0438,0.05,-2,20.0,0.3535430431365967,0.234,0
resumes/data\CHEF\37231163.pdf,jds\FINANCE\FINANCE_senior.txt,CHEF,0.0503,0.0,-2,20.0,0.2459578514099121,0.2378,0
resumes/data\CHEF\38309905.pdf,jds\CHEF\CHEF_entry.txt,CHEF,0.2542,0.55,1,0.0,0.5623412132263184,0.6594,1
resumes/data\CHEF\38309905.pdf,jds\CHEF\CHEF_mid.txt,CHEF,0.3137,0.6,1,0.0,0.6119818091392517,0.7226,1
resumes/data\CHEF\38309905.pdf,jds\CHEF\CHEF_senior.txt,CHEF,0.2421,0.3,1,0.0,0.5717015266418457,0.665,1
resumes/data\CHEF\38309905.pdf,jds\ADVOCATE\ADVOCATE_entry.txt,CHEF,0.0215,0.05,-1,-2.0,0.2346708625555038,0.1504,0
resumes/data\CHEF\38309905.pdf,jds\ADVOCATE\ADVOCATE_mid.txt,CHEF,0.016,0.05,-1,0.0,0.2340923100709915,0.1428,0
resumes/data\CHEF\38309905.pdf,jds\ADVOCATE\ADVOCATE_senior.txt,CHEF,0.0183,0.15,-1,0.0,0.2564757168292999,0.2049,0
resumes/data\CHEF\47317494.pdf,jds\ACCOUNTANT\ACCOUNTANT_senior.txt,CHEF,0.0733,0.1,-1,16.0,0.3394499123096466,0.2573,0
resumes/data\CHEF\47317494.pdf,jds\ACCOUNTANT\ACCOUNTANT_entry.txt,CHEF,0.0531,0.1,-1,14.0,0.4279112815856933,0.3467,0
resumes/data\CHEF\47317494.pdf,jds\ACCOUNTANT\ACCOUNTANT_mid.txt,CHEF,0.0757,0.05,-1,16.0,0.334062397480011,0.307,0
resumes/data\CHEF\47603843.pdf,jds\FITNESS\FITNESS_senior.txt,CHEF,0.0409,0.05,-2,0.0,0.3032702803611755,0.3162,0
resumes/data\CHEF\47603843.pdf,jds\FITNESS\FITNESS_entry.txt,CHEF,0.0566,0.05,1,-2.0,0.3639008402824402,0.3706,0
resumes/data\CHEF\47603843.pdf,jds\FITNESS\FITNESS_mid.txt,CHEF,0.0464,0.05,0,-7.0,0.3580649495124817,0.3952,0
resumes/data\CHEF\47729453.pdf,jds\CHEF\CHEF_mid.txt,CHEF,0.1959,0.4,1,0.0,0.5939627885818481,0.6062,1
resumes/data\CHEF\47729453.pdf,jds\SALES\SALES_senior.txt,CHEF,0.0473,0.1,-1,0.0,0.2608215808868408,0.2325,0
resumes/data\CHEF\47729453.pdf,jds\SALES\SALES_entry.txt,CHEF,0.0288,0.05,0,0.0,0.2745532095432281,0.2111,0
resumes/data\CHEF\47729453.pdf,jds\SALES\SALES_mid.txt,CHEF,0.0418,0.15,-1,0.0,0.2954785525798797,0.2699,0
resumes/data\CHEF\48580330.pdf,jds\CHEF\CHEF_mid.txt,CHEF,0.2305,0.4,0,13.0,0.7197324633598328,0.783,1
resumes/data\CHEF\48580330.pdf,jds\CHEF\CHEF_senior.txt,CHEF,0.1988,0.45,0,13.0,0.698052167892456,0.6638,1
resumes/data\CHEF\48580330.pdf,jds\CONSULTANT\CONSULTANT_senior.txt,CHEF,0.0387,0.15,-2,13.0,0.4056199193000793,0.3725,0
resumes/data\CHEF\48580330.pdf,jds\CONSULTANT\CONSULTANT_entry.txt,CHEF,0.0467,0.15,-2,13.0,0.4342338442802429,0.348,0
resumes/data\CHEF\51554903.pdf,jds\CHEF\CHEF_entry.txt,CHEF,0.2051,0.45,0,16.0,0.5569357872009277,0.6085,1
resumes/data\CHEF\51554903.pdf,jds\CHEF\CHEF_mid.txt,CHEF,0.2568,0.5,0,16.0,0.6992428302764893,0.684,1
resumes/data\CHEF\51554903.pdf,jds\CHEF\CHEF_senior.txt,CHEF,0.2992,0.45,0,16.0,0.6343433856964111,0.7084,1
resumes/data\CHEF\51554903.pdf,jds\HEALTHCARE\HEALTHCARE_senior.txt,CHEF,0.0257,0.05,-2,16.0,0.2679756581783294,0.2446,0
resumes/data\CHEF\51554903.pdf,jds\HEALTHCARE\HEALTHCARE_entry.txt,CHEF,0.0261,0.05,-1,14.0,0.317931056022644,0.1989,0
resumes/data\CHEF\51554903.pdf,jds\HEALTHCARE\HEALTHCARE_mid.txt,CHEF,0.0356,0.2,-2,16.0,0.2726848125457763,0.2232,0
resumes/data\CHEF\53265899.pdf,jds\CHEF\CHEF_entry.txt,CHEF,0.2219,0.55,1,0.0,0.4912375807762146,0.6344,1
resumes/data\CHEF\53265899.pdf,jds\CHEF\CHEF_mid.txt,CHEF,0.2972,0.45,1,0.0,0.577960729598999,0.7197,1
resumes/data\CHEF\53265899.pdf,jds\CHEF\CHEF_senior.txt,CHEF,0.2324,0.35,1,0.0,0.5687784552574158,0.6568,1
resumes/data\CHEF\53265899.pdf,jds\PUBLIC-RELATIONS\PUBLIC-RELATIONS_entry.txt,CHEF,0.0432,0.0,0,-2.0,0.4226704239845276,0.2275,0
resumes/data\CHEF\53265899.pdf,jds\PUBLIC-RELATIONS\PUBLIC-RELATIONS_mid.txt,CHEF,0.0541,0.15,-1,0.0,0.389243483543396,0.2672,0
resumes/data\CHEF\53265899.pdf,jds\PUBLIC-RELATIONS\PUBLIC-RELATIONS_senior.txt,CHEF,0.0684,0.05,-1,0.0,0.4078313112258911,0.2191,0
resumes/data\CHEF\57262959.pdf,jds\AUTOMOBILE\AUTOMOBILE_entry.txt,CHEF,0.0854,0.15,0,11.0,0.3498015105724334,0.3491,0
resumes/data\CHEF\57262959.pdf,jds\AUTOMOBILE\AUTOMOBILE_mid.txt,CHEF,0.1517,0.15,0,5.0,0.4009871184825897,0.3137,0
resumes/data\CHEF\57262959.pdf,jds\AUTOMOBILE\AUTOMOBILE_senior.txt,CHEF,0.0919,0.15,-1,13.0,0.4182842075824737,0.3337,0
resumes/data\CHEF\61322296.pdf,jds\CHEF\CHEF_entry.txt,CHEF,0.2897,0.6,1,10.0,0.5235371589660645,0.6043,1
resumes/data\CHEF\61322296.pdf,jds\CHEF\CHEF_mid.txt,CHEF,0.3241,0.55,1,10.0,0.6685727834701538,0.7973,1
resumes/data\CHEF\61322296.pdf,jds\CHEF\CHEF_senior.txt,CHEF,0.2621,0.35,1,10.0,0.6125243902206421,0.6768,1
resumes/data\CHEF\61322296.pdf,jds\BANKING\BANKING_mid.txt,CHEF,0.054,0.05,-1,10.0,0.377711534500122,0.3056,0
resumes/data\CHEF\61322296.pdf,jds\BANKING\BANKING_senior.txt,CHEF,0.0344,0.0,-1,10.0,0.4152359366416931,0.3201,0
resumes/data\CHEF\61322296.pdf,jds\BANKING\BANKING_entry.txt,CHEF,0.0379,0.1,0,8.0,0.3560147881507873,0.2727,0
resumes/data\CHEF\62555739.pdf,jds\FITNESS\FITNESS_entry.txt,CHEF,0.067,0.05,0,6.0,0.2660653591156006,0.2397,0
resumes/data\CHEF\62555739.pdf,jds\FITNESS\FITNESS_mid.txt,CHEF,0.057,0.1,-1,1.0,0.2453957051038742,0.2039,0
resumes/data\CHEF\62555739.pdf,jds\FITNESS\FITNESS_senior.txt,CHEF,0.0397,0.05,-3,8.0,0.2221138775348663,0.1615,0
resumes/data\CHEF\65373280.pdf,jds\CHEF\CHEF_entry.txt,CHEF,0.307,0.7,1,23.0,0.5647873878479004,0.5157,1
resumes/data\CHEF\65373280.pdf,jds\CHEF\CHEF_mid.txt,CHEF,0.3981,0.7,1,23.0,0.682003378868103,0.6248,1
resumes/data\CHEF\65373280.pdf,jds\CHEF\CHEF_senior.txt,CHEF,0.2963,0.6,1,23.0,0.6417313814163208,0.5794,1
resumes/data\CHEF\65373280.pdf,jds\BANKING\BANKING_entry.txt,CHEF,0.0561,0.35,0,21.0,0.2754518389701843,0.1193,0
resumes/data\CHEF\65373280.pdf,jds\BANKING\BANKING_mid.txt,CHEF,0.0689,0.25,-1,23.0,0.265399158000946,0.1603,0
resumes/data\CHEF\65373280.pdf,jds\BANKING\BANKING_senior.txt,CHEF,0.0359,0.1,-1,23.0,0.303395926952362,0.1865,0
resumes/data\CHEF\68338341.pdf,jds\CHEF\CHEF_mid.txt,CHEF,0.2334,0.5,-1,22.0,0.6595879197120667,0.722,1
resumes/data\CHEF\68338341.pdf,jds\CHEF\CHEF_senior.txt,CHEF,0.1758,0.5,-1,22.0,0.6099452972412109,0.6646,1
resumes/data\CHEF\68338341.pdf,jds\HR\HR_mid.txt,CHEF,0.0777,0.35,-3,22.0,0.3557579219341278,0.2833,0
resumes/data\CHEF\68338341.pdf,jds\HR\HR_entry.txt,CHEF,0.0594,0.1,-3,22.0,0.4072601199150085,0.1713,0
resumes/data\CHEF\68338341.pdf,jds\HR\HR_senior.txt,CHEF,0.0621,0.1,-3,22.0,0.386301726102829,0.2221,0
resumes/data\CHEF\74522938.pdf,jds\CHEF\CHEF_entry.txt,CHEF,0.2649,0.45,2,0.0,0.5882952213287354,0.5975,1
resumes/data\CHEF\74522938.pdf,jds\CHEF\CHEF_mid.txt,CHEF,0.3687,0.6,2,0.0,0.645316481590271,0.7133,1
resumes/data\CHEF\74522938.pdf,jds\CHEF\CHEF_senior.txt,CHEF,0.266,0.5,2,0.0,0.6059319376945496,0.6459,1
resumes/data\CHEF\74522938.pdf,jds\ENGINEERING\ENGINEERING_mid.txt,CHEF,0.0341,0.05,0,0.0,0.2737183570861816,0.2748,0
resumes/data\CHEF\74522938.pdf,jds\ENGINEERING\ENGINEERING_entry.txt,CHEF,0.0427,0.15,1,-2.0,0.3049335479736328,0.2383,0
resumes/data\CHEF\74522938.pdf,jds\ENGINEERING\ENGINEERING_senior.txt,CHEF,0.039,0.2,-1,0.0,0.2874355912208557,0.2362,0
resumes/data\CHEF\81373857.pdf,jds\PUBLIC-RELATIONS\PUBLIC-RELATIONS_entry.txt,CHEF,0.0323,0.0,0,2.0,0.3683702945709228,0.3463,0
resumes/data\CHEF\81373857.pdf,jds\PUBLIC-RELATIONS\PUBLIC-RELATIONS_senior.txt,CHEF,0.0482,0.05,-1,4.0,0.3381983041763305,0.331,0
resumes/data\CHEF\81373857.pdf,jds\PUBLIC-RELATIONS\PUBLIC-RELATIONS_mid.txt,CHEF,0.0498,0.05,-1,4.0,0.3939133882522583,0.3493,0
resumes/data\CHEF\86551046.pdf,jds\CHEF\CHEF_mid.txt,CHEF,0.2704,0.4,1,10.0,0.6776568293571472,0.682,1
resumes/data\CHEF\86551046.pdf,jds\CHEF\CHEF_senior.txt,CHEF,0.2608,0.5,1,10.0,0.6465924978256226,0.6385,1
resumes/data\CHEF\86551046.pdf,jds\DIGITAL-MEDIA\DIGITAL-MEDIA_entry.txt,CHEF,0.0401,0.05,0,8.0,0.37503182888031,0.3124,0
resumes/data\CHEF\86551046.pdf,jds\DIGITAL-MEDIA\DIGITAL-MEDIA_senior.txt,CHEF,0.0513,0.1,-1,10.0,0.3439909219741821,0.2924,0
resumes/data\CHEF\86551046.pdf,jds\DIGITAL-MEDIA\DIGITAL-MEDIA_mid.txt,CHEF,0.0496,0.05,-1,10.0,0.325837105512619,0.2912,0
resumes/data\CHEF\91072502.pdf,jds\CHEF\CHEF_mid.txt,CHEF,0.3043,0.5,1,12.0,0.5955996513366699,0.6961,1
resumes/data\CHEF\91072502.pdf,jds\CHEF\CHEF_senior.txt,CHEF,0.258,0.5,1,12.0,0.5952654480934143,0.6855,1
resumes/data\CHEF\91072502.pdf,jds\INFORMATION-TECHNOLOGY\INFORMATION-TECHNOLOGY_senior.txt,CHEF,0.0317,0.1,-1,12.0,0.1859878003597259,0.182,0
resumes/data\CHEF\91072502.pdf,jds\INFORMATION-TECHNOLOGY\INFORMATION-TECHNOLOGY_mid.txt,CHEF,0.0304,0.0,-1,12.0,0.2999997138977051,0.2071,0
resumes/data\CHEF\91072502.pdf,jds\INFORMATION-TECHNOLOGY\INFORMATION-TECHNOLOGY_entry.txt,CHEF,0.0304,0.0,0,10.0,0.2821074426174164,0.1528,0
resumes/data\CHEF\91268638.pdf,jds\CHEF\CHEF_mid.txt,CHEF,0.2786,0.55,0,4.0,0.5959310531616211,0.6361,1
resumes/data\CHEF\91268638.pdf,jds\CHEF\CHEF_senior.txt,CHEF,0.2117,0.4,0,4.0,0.5634424686431885,0.5823,1
resumes/data\CHEF\91268638.pdf,jds\PUBLIC-RELATIONS\PUBLIC-RELATIONS_senior.txt,CHEF,0.0426,0.1,-2,4.0,0.3575234115123749,0.2332,0
resumes/data\CHEF\91268638.pdf,jds\PUBLIC-RELATIONS\PUBLIC-RELATIONS_mid.txt,CHEF,0.0226,0.05,-2,4.0,0.3542388081550598,0.2678,0
resumes/data\CHEF\91268638.pdf,jds\PUBLIC-RELATIONS\PUBLIC-RELATIONS_entry.txt,CHEF,0.0268,0.0,-1,2.0,0.3471442461013794,0.2626,0
resumes/data\CHEF\91591026.pdf,jds\CHEF\CHEF_mid.txt,CHEF,0.2093,0.4,1,18.0,0.4449689984321594,0.7587,1
resumes/data\CHEF\91591026.pdf,jds\CHEF\CHEF_senior.txt,CHEF,0.2391,0.55,1,18.0,0.4622914791107178,0.7045,1
resumes/data\CHEF\91591026.pdf,jds\CONSULTANT\CONSULTANT_entry.txt,CHEF,0.0482,0.1,-1,18.0,0.4154680967330932,0.38,0
resumes/data\CHEF\91591026.pdf,jds\CONSULTANT\CONSULTANT_senior.txt,CHEF,0.0643,0.15,-1,18.0,0.3689383864402771,0.366,0
resumes/data\CHEF\92122785.pdf,jds\CHEF\CHEF_entry.txt,CHEF,0.2357,0.45,2,29.0,0.5508830547332764,0.5317,1
resumes/data\CHEF\92122785.pdf,jds\CHEF\CHEF_mid.txt,CHEF,0.3174,0.6,2,29.0,0.684685468673706,0.6359,1
resumes/data\CHEF\92122785.pdf,jds\CHEF\CHEF_senior.txt,CHEF,0.2715,0.6,2,29.0,0.6087771654129028,0.603,1
resumes/data\CHEF\92122785.pdf,jds\CONSTRUCTION\CONSTRUCTION_senior.txt,CHEF,0.0498,0.05,0,29.0,0.3374110460281372,0.1453,0
resumes/data\CHEF\92122785.pdf,jds\CONSTRUCTION\CONSTRUCTION_mid.txt,CHEF,0.0421,0.15,0,29.0,0.3256984949111938,0.1679,0
resumes/data\CHEF\92122785.pdf,jds\CONSTRUCTION\CONSTRUCTION_entry.txt,CHEF,0.0255,0.05,1,27.0,0.3358959853649139,0.0749,0
resumes/data\CHEF\92985983.pdf,jds\CHEF\CHEF_entry.txt,CHEF,0.198,0.4,1,12.0,0.5883198380470276,0.6467,1
resumes/data\CHEF\92985983.pdf,jds\CHEF\CHEF_mid.txt,CHEF,0.2842,0.65,1,12.0,0.7001095414161682,0.7782,1
resumes/data\CHEF\92985983.pdf,jds\CHEF\CHEF_senior.txt,CHEF,0.2126,0.35,1,12.0,0.6200910806655884,0.7049,1
resumes/data\CHEF\92985983.pdf,jds\TEACHER\TEACHER_mid.txt,CHEF,0.0296,0.0,-1,12.0,0.3702169060707092,0.2302,0
resumes/data\CHEF\92985983.pdf,jds\TEACHER\TEACHER_entry.txt,CHEF,0.0491,0.0,0,12.0,0.4165994524955749,0.2595,0
resumes/data\CHEF\92985983.pdf,jds\TEACHER\TEACHER_senior.txt,CHEF,0.0366,0.1,-2,12.0,0.3823466300964355,0.2855,0
resumes/data\CHEF\94047639.pdf,jds\CHEF\CHEF_entry.txt,CHEF,0.2727,0.55,1,16.0,0.5920889377593994,0.6651,1
resumes/data\CHEF\94047639.pdf,jds\CHEF\CHEF_mid.txt,CHEF,0.2903,0.55,1,16.0,0.6292070150375366,0.7427,1
resumes/data\CHEF\94047639.pdf,jds\CHEF\CHEF_senior.txt,CHEF,0.228,0.45,1,16.0,0.5987258553504944,0.7076,1
resumes/data\CHEF\94047639.pdf,jds\SALES\SALES_entry.txt,CHEF,0.0899,0.1,0,16.0,0.3808381557464599,0.3288,0
resumes/data\CHEF\94047639.pdf,jds\SALES\SALES_senior.txt,CHEF,0.1003,0.15,-1,16.0,0.3260243535041809,0.3249,0
resumes/data\CHEF\94047639.pdf,jds\SALES\SALES_mid.txt,CHEF,0.0897,0.25,-1,16.0,0.3317097127437591,0.3529,0
resumes/data\CONSTRUCTION\10041713.pdf,jds\DESIGNER\DESIGNER_mid.txt,CONSTRUCTION,0.0614,0.15,-1,3.0,0.3911559581756592,0.3813,0
resumes/data\CONSTRUCTION\10041713.pdf,jds\DESIGNER\DESIGNER_entry.txt,CONSTRUCTION,0.0719,0.15,0,1.0,0.3555905818939209,0.3313,0
resumes/data\CONSTRUCTION\10100240.pdf,jds\APPAREL\APPAREL_entry.txt,CONSTRUCTION,0.04,0.0,1,-2.0,0.4304236173629761,0.4224,0
resumes/data\CONSTRUCTION\10100240.pdf,jds\APPAREL\APPAREL_senior.txt,CONSTRUCTION,0.0315,0.05,0,0.0,0.375247597694397,0.3223,0
resumes/data\CONSTRUCTION\10100240.pdf,jds\APPAREL\APPAREL_mid.txt,CONSTRUCTION,0.048,0.0,0,0.0,0.4089579284191131,0.3516,0
resumes/data\CONSTRUCTION\10149490.pdf,jds\CONSTRUCTION\CONSTRUCTION_mid.txt,CONSTRUCTION,0.2878,0.5,-2,2.0,0.4451644420623779,0.5312,1
resumes/data\CONSTRUCTION\10149490.pdf,jds\CONSTRUCTION\CONSTRUCTION_senior.txt,CONSTRUCTION,0.2512,0.35,-2,2.0,0.4590158462524414,0.5051,1
resumes/data\CONSTRUCTION\10149490.pdf,jds\ARTS\ARTS_senior.txt,CONSTRUCTION,0.0377,0.1,-3,2.0,0.2562481760978699,0.202,0
resumes/data\CONSTRUCTION\10149490.pdf,jds\ARTS\ARTS_mid.txt,CONSTRUCTION,0.0753,0.05,-2,2.0,0.3088200390338897,0.2652,0
resumes/data\CONSTRUCTION\10149490.pdf,jds\ARTS\ARTS_entry.txt,CONSTRUCTION,0.0548,0.05,-1,2.0,0.2918750643730163,0.2261,0
resumes/data\CONSTRUCTION\10176013.pdf,jds\CONSTRUCTION\CONSTRUCTION_mid.txt,CONSTRUCTION,0.3848,0.45,-1,14.0,0.6287775039672852,0.7445,1
resumes/data\CONSTRUCTION\10176013.pdf,jds\CONSTRUCTION\CONSTRUCTION_senior.txt,CONSTRUCTION,0.2906,0.4,-1,14.0,0.6091183423995972,0.6933,1
resumes/data\CONSTRUCTION\10176013.pdf,jds\BUSINESS-DEVELOPMENT\BUSINESS-DEVELOPMENT_senior.txt,CONSTRUCTION,0.0554,0.2,-1,14.0,0.3896330595016479,0.383,0
resumes/data\CONSTRUCTION\10176013.pdf,jds\BUSINESS-DEVELOPMENT\BUSINESS-DEVELOPMENT_entry.txt,CONSTRUCTION,0.0677,0.25,0,12.0,0.412298172712326,0.3736,0
resumes/data\CONSTRUCTION\10176013.pdf,jds\BUSINESS-DEVELOPMENT\BUSINESS-DEVELOPMENT_mid.txt,CONSTRUCTION,0.0766,0.15,-1,6.0,0.421830803155899,0.3726,0
resumes/data\CONSTRUCTION\10281555.pdf,jds\CONSTRUCTION\CONSTRUCTION_entry.txt,CONSTRUCTION,0.3066,0.5,0,-2.0,0.4210379123687744,0.6369,1
resumes/data\CONSTRUCTION\10281555.pdf,jds\CONSTRUCTION\CONSTRUCTION_mid.txt,CONSTRUCTION,0.2792,0.35,-1,0.0,0.4722309112548828,0.6443,1
resumes/data\CONSTRUCTION\10281555.pdf,jds\CONSTRUCTION\CONSTRUCTION_senior.txt,CONSTRUCTION,0.2192,0.35,-1,0.0,0.4020525217056274,0.6163,1
resumes/data\CONSTRUCTION\10281555.pdf,jds\APPAREL\APPAREL_entry.txt,CONSTRUCTION,0.0791,0.1,0,-2.0,0.3025834858417511,0.3115,0
resumes/data\CONSTRUCTION\10281555.pdf,jds\APPAREL\APPAREL_senior.txt,CONSTRUCTION,0.0868,0.3,-1,0.0,0.3820316791534424,0.3123,0
resumes/data\CONSTRUCTION\10734870.pdf,jds\BANKING\BANKING_senior.txt,CONSTRUCTION,0.0313,0.0,-1,0.0,0.4048571288585663,0.3456,0
resumes/data\CONSTRUCTION\10734870.pdf,jds\BANKING\BANKING_mid.txt,CONSTRUCTION,0.0736,0.1,-1,0.0,0.3684866428375244,0.3168,0
resumes/data\CONSTRUCTION\10734870.pdf,jds\BANKING\BANKING_entry.txt,CONSTRUCTION,0.0912,0.3,0,-2.0,0.381163477897644,0.3532,0
resumes/data\CONSTRUCTION\10820510.pdf,jds\FINANCE\FINANCE_entry.txt,CONSTRUCTION,0.0403,0.05,-1,-2.0,0.2269451469182968,0.2778,0
resumes/data\CONSTRUCTION\10820510.pdf,jds\FINANCE\FINANCE_senior.txt,CONSTRUCTION,0.0561,0.1,-1,0.0,0.2914533019065857,0.404,0
resumes/data\CONSTRUCTION\10820510.pdf,jds\FINANCE\FINANCE_mid.txt,CONSTRUCTION,0.057,0.0,-1,0.0,0.2749972939491272,0.3411,0
resumes/data\CONSTRUCTION\11393213.pdf,jds\FITNESS\FITNESS_senior.txt,CONSTRUCTION,0.0217,0.1,-3,0.0,0.2334752380847931,0.0822,0
resumes/data\CONSTRUCTION\11393213.pdf,jds\FITNESS\FITNESS_entry.txt,CONSTRUCTION,0.039,0.0,0,-2.0,0.3067692518234253,0.2176,0
resumes/data\CONSTRUCTION\11393213.pdf,jds\FITNESS\FITNESS_mid.txt,CONSTRUCTION,0.0305,0.0,-1,-7.0,0.2226597517728805,0.1245,0
resumes/data\CONSTRUCTION\11650031.pdf,jds\ACCOUNTANT\ACCOUNTANT_senior.txt,CONSTRUCTION,0.0653,0.1,-2,28.0,0.3734603822231293,0.2199,0
resumes/data\CONSTRUCTION\11650031.pdf,jds\ACCOUNTANT\ACCOUNTANT_entry.txt,CONSTRUCTION,0.0528,0.15,-2,26.0,0.3172345459461212,0.2295,0
resumes/data\CONSTRUCTION\11650031.pdf,jds\ACCOUNTANT\ACCOUNTANT_mid.txt,CONSTRUCTION,0.0643,0.05,-2,28.0,0.3537466526031494,0.2068,0
resumes/data\CONSTRUCTION\12212468.pdf,jds\CONSTRUCTION\CONSTRUCTION_mid.txt,CONSTRUCTION,0.2928,0.4,-1,16.0,0.6071553826332092,0.6422,1
resumes/data\CONSTRUCTION\12212468.pdf,jds\CONSTRUCTION\CONSTRUCTION_senior.txt,CONSTRUCTION,0.2098,0.4,-1,16.0,0.5864018201828003,0.5685,1
resumes/data\CONSTRUCTION\12212468.pdf,jds\PUBLIC-RELATIONS\PUBLIC-RELATIONS_mid.txt,CONSTRUCTION,0.0414,0.15,-1,16.0,0.2949501872062683,0.2342,0
resumes/data\CONSTRUCTION\12212468.pdf,jds\PUBLIC-RELATIONS\PUBLIC-RELATIONS_entry.txt,CONSTRUCTION,0.0313,0.05,0,14.0,0.3003911972045898,0.2507,0
resumes/data\CONSTRUCTION\12212468.pdf,jds\PUBLIC-RELATIONS\PUBLIC-RELATIONS_senior.txt,CONSTRUCTION,0.0406,0.05,-1,16.0,0.338269978761673,0.2345,0
resumes/data\CONSTRUCTION\12491898.pdf,jds\ARTS\ARTS_entry.txt,CONSTRUCTION,0.0098,0.05,-1,0.0,0.2436266094446182,0.1281,0
resumes/data\CONSTRUCTION\12491898.pdf,jds\ARTS\ARTS_mid.txt,CONSTRUCTION,0.0034,0.0,-2,0.0,0.3555254936218261,0.1287,0
resumes/data\CONSTRUCTION\12491898.pdf,jds\ARTS\ARTS_senior.txt,CONSTRUCTION,0.0047,0.05,-3,0.0,0.298384815454483,0.1177,0
resumes/data\CONSTRUCTION\12654876.pdf,jds\CONSTRUCTION\CONSTRUCTION_mid.txt,CONSTRUCTION,0.2439,0.45,0,11.0,0.6396980285644531,0.6964,1
resumes/data\CONSTRUCTION\12654876.pdf,jds\CONSTRUCTION\CONSTRUCTION_senior.txt,CONSTRUCTION,0.2485,0.45,0,11.0,0.6617778539657593,0.7013,1
resumes/data\CONSTRUCTION\12666174.pdf,jds\CONSTRUCTION\CONSTRUCTION_mid.txt,CONSTRUCTION,0.3474,0.5,-1,16.0,0.5227210521697998,0.5726,1
resumes/data\CONSTRUCTION\12666174.pdf,jds\BUSINESS-DEVELOPMENT\BUSINESS-DEVELOPMENT_mid.txt,CONSTRUCTION,0.0468,0.1,-1,8.0,0.3536092638969421,0.3695,0
resumes/data\CONSTRUCTION\12666174.pdf,jds\BUSINESS-DEVELOPMENT\BUSINESS-DEVELOPMENT_senior.txt,CONSTRUCTION,0.0473,0.15,-1,16.0,0.4510239362716675,0.3617,0
resumes/data\CONSTRUCTION\12666174.pdf,jds\BUSINESS-DEVELOPMENT\BUSINESS-DEVELOPMENT_entry.txt,CONSTRUCTION,0.0321,0.15,0,14.0,0.3705768585205078,0.34,0
resumes/data\CONSTRUCTION\12693146.pdf,jds\CONSTRUCTION\CONSTRUCTION_mid.txt,CONSTRUCTION,0.3192,0.35,-1,14.0,0.5542629957199097,0.5625,1
resumes/data\CONSTRUCTION\12693146.pdf,jds\CONSTRUCTION\CONSTRUCTION_senior.txt,CONSTRUCTION,0.26,0.35,-1,14.0,0.507102906703949,0.5067,1
resumes/data\CONSTRUCTION\12693146.pdf,jds\FITNESS\FITNESS_entry.txt,CONSTRUCTION,0.0336,0.05,1,12.0,0.275492399930954,0.2128,0
resumes/data\CONSTRUCTION\12693146.pdf,jds\FITNESS\FITNESS_senior.txt,CONSTRUCTION,0.0283,0.1,-2,14.0,0.2067398428916931,0.0861,0
resumes/data\CONSTRUCTION\12693146.pdf,jds\FITNESS\FITNESS_mid.txt,CONSTRUCTION,0.0491,0.0,0,7.0,0.2069668024778366,0.1592,0
resumes/data\CONSTRUCTION\12695537.pdf,jds\SALES\SALES_senior.txt,CONSTRUCTION,0.0321,0.1,1,4.0,0.3722751140594482,0.2833,0
resumes/data\CONSTRUCTION\12695537.pdf,jds\SALES\SALES_mid.txt,CONSTRUCTION,0.0469,0.2,1,4.0,0.4348563551902771,0.3277,0
resumes/data\CONSTRUCTION\12695537.pdf,jds\SALES\SALES_entry.txt,CONSTRUCTION,0.0399,0.05,2,4.0,0.4437505304813385,0.3258,0
resumes/data\CONSTRUCTION\12826414.pdf,jds\CONSTRUCTION\CONSTRUCTION_mid.txt,CONSTRUCTION,0.2688,0.4,0,15.0,0.6074469089508057,0.4981,1
resumes/data\CONSTRUCTION\12826414.pdf,jds\CONSTRUCTION\CONSTRUCTION_senior.txt,CONSTRUCTION,0.3062,0.55,0,15.0,0.564696192741394,0.4969,1
resumes/data\CONSTRUCTION\12826414.pdf,jds\INFORMATION-TECHNOLOGY\INFORMATION-TECHNOLOGY_entry.txt,CONSTRUCTION,0.0615,0.0,1,13.0,0.3464776277542114,0.3547,0
resumes/data\CONSTRUCTION\12826414.pdf,jds\INFORMATION-TECHNOLOGY\INFORMATION-TECHNOLOGY_mid.txt,CONSTRUCTION,0.086,0.15,0,15.0,0.4025891423225403,0.3413,0
resumes/data\CONSTRUCTION\12839152.pdf,jds\CONSTRUCTION\CONSTRUCTION_mid.txt,CONSTRUCTION,0.2989,0.35,-1,0.0,0.543354868888855,0.6525,1
resumes/data\CONSTRUCTION\12839152.pdf,jds\CONSTRUCTION\CONSTRUCTION_senior.txt,CONSTRUCTION,0.3112,0.35,-1,0.0,0.5260042548179626,0.6195,1
resumes/data\CONSTRUCTION\12839152.pdf,jds\BANKING\BANKING_senior.txt,CONSTRUCTION,0.0338,0.0,-1,0.0,0.2873093485832214,0.2983,0
resumes/data\CONSTRUCTION\12839152.pdf,jds\BANKING\BANKING_mid.txt,CONSTRUCTION,0.057,0.1,-1,0.0,0.3206249177455902,0.3196,0
resumes/data\CONSTRUCTION\12839152.pdf,jds\BANKING\BANKING_entry.txt,CONSTRUCTION,0.0366,0.15,0,-2.0,0.3321720659732818,0.3137,0
resumes/data\CONSTRUCTION\12890045.pdf,jds\CONSTRUCTION\CONSTRUCTION_mid.txt,CONSTRUCTION,0.2548,0.3,-1,4.0,0.4794763922691345,0.7014,1
resumes/data\CONSTRUCTION\12890045.pdf,jds\CONSTRUCTION\CONSTRUCTION_senior.txt,CONSTRUCTION,0.2327,0.5,-1,4.0,0.493010401725769,0.6823,1
resumes/data\CONSTRUCTION\12890045.pdf,jds\ARTS\ARTS_senior.txt,CONSTRUCTION,0.0477,0.15,-2,4.0,0.2495553791522979,0.277,0
resumes/data\CONSTRUCTION\12890045.pdf,jds\ARTS\ARTS_entry.txt,CONSTRUCTION,0.049,0.05,0,4.0,0.276083767414093,0.3238,0
resumes/data\CONSTRUCTION\12890045.pdf,jds\ARTS\ARTS_mid.txt,CONSTRUCTION,0.0705,0.1,-1,4.0,0.3328860104084015,0.3357,0
resumes/data\CONSTRUCTION\13907230.pdf,jds\APPAREL\APPAREL_mid.txt,CONSTRUCTION,0.0834,0.05,-1,3.0,0.3500496745109558,0.317,0
resumes/data\CONSTRUCTION\13907230.pdf,jds\APPAREL\APPAREL_senior.txt,CONSTRUCTION,0.0493,0.1,-1,3.0,0.2705340981483459,0.25,0
resumes/data\CONSTRUCTION\13907230.pdf,jds\APPAREL\APPAREL_entry.txt,CONSTRUCTION,0.0323,0.0,0,1.0,0.3439117074012756,0.2884,0
resumes/data\CONSTRUCTION\14585273.pdf,jds\CONSTRUCTION\CONSTRUCTION_mid.txt,CONSTRUCTION,0.2018,0.45,-1,0.0,0.6664305925369263,0.6408,1
resumes/data\CONSTRUCTION\14585273.pdf,jds\CONSTRUCTION\CONSTRUCTION_senior.txt,CONSTRUCTION,0.1748,0.3,-1,0.0,0.659449577331543,0.6407,1
resumes/data\CONSTRUCTION\14585273.pdf,jds\INFORMATION-TECHNOLOGY\INFORMATION-TECHNOLOGY_mid.txt,CONSTRUCTION,0.0396,0.1,-1,0.0,0.361041247844696,0.3001,0
resumes/data\CONSTRUCTION\14585273.pdf,jds\INFORMATION-TECHNOLOGY\INFORMATION-TECHNOLOGY_senior.txt,CONSTRUCTION,0.0509,0.1,-1,0.0,0.4185795187950134,0.3702,0
resumes/data\CONSTRUCTION\14585273.pdf,jds\INFORMATION-TECHNOLOGY\INFORMATION-TECHNOLOGY_entry.txt,CONSTRUCTION,0.0301,0.0,0,-2.0,0.3216374814510345,0.2775,0
resumes/data\CONSTRUCTION\14849103.pdf,jds\CONSTRUCTION\CONSTRUCTION_senior.txt,CONSTRUCTION,0.3049,0.6,-1,23.0,0.533494234085083,0.4757,1
resumes/data\CONSTRUCTION\14849103.pdf,jds\HR\HR_entry.txt,CONSTRUCTION,0.0539,0.0,-1,23.0,0.2631935179233551,0.3114,0
resumes/data\CONSTRUCTION\14900898.pdf,jds\CONSTRUCTION\CONSTRUCTION_mid.txt,CONSTRUCTION,0.2484,0.3,-2,13.0,0.6078368425369263,0.5665,1
resumes/data\CONSTRUCTION\14900898.pdf,jds\ARTS\ARTS_entry.txt,CONSTRUCTION,0.0456,0.05,-1,13.0,0.4102069735527038,0.2332,0
resumes/data\CONSTRUCTION\14900898.pdf,jds\ARTS\ARTS_senior.txt,CONSTRUCTION,0.0406,0.05,-3,13.0,0.3683111667633056,0.1918,0
resumes/data\CONSTRUCTION\14900898.pdf,jds\ARTS\ARTS_mid.txt,CONSTRUCTION,0.0685,0.1,-2,13.0,0.4622836112976074,0.2818,0
resumes/data\CONSTRUCTION\15564893.pdf,jds\BUSINESS-DEVELOPMENT\BUSINESS-DEVELOPMENT_entry.txt,CONSTRUCTION,0.0363,0.15,0,1.0,0.3776603937149048,0.2674,0
resumes/data\CONSTRUCTION\15564893.pdf,jds\BUSINESS-DEVELOPMENT\BUSINESS-DEVELOPMENT_mid.txt,CONSTRUCTION,0.0277,0.05,-1,-5.0,0.3559135794639587,0.2486,0
resumes/data\CONSTRUCTION\15564893.pdf,jds\BUSINESS-DEVELOPMENT\BUSINESS-DEVELOPMENT_senior.txt,CONSTRUCTION,0.0221,0.1,-1,3.0,0.2768409848213196,0.1828,0
resumes/data\CONSTRUCTION\15721849.pdf,jds\CONSTRUCTION\CONSTRUCTION_mid.txt,CONSTRUCTION,0.399,0.5,0,0.0,0.613262951374054,0.7302,1
resumes/data\CONSTRUCTION\15721849.pdf,jds\CONSTRUCTION\CONSTRUCTION_senior.txt,CONSTRUCTION,0.3485,0.4,0,0.0,0.5681934356689453,0.6759,1
resumes/data\CONSTRUCTION\15721849.pdf,jds\ARTS\ARTS_entry.txt,CONSTRUCTION,0.0338,0.15,1,0.0,0.2762768864631653,0.2218,0
resumes/data\CONSTRUCTION\15721849.pdf,jds\ARTS\ARTS_mid.txt,CONSTRUCTION,0.0507,0.1,0,0.0,0.3586869537830353,0.3033,0
resumes/data\CONSTRUCTION\15721849.pdf,jds\ARTS\ARTS_senior.txt,CONSTRUCTION,0.0482,0.3,-1,0.0,0.274143636226654,0.2381,0
resumes/data\CONSTRUCTION\16203589.pdf,jds\CONSTRUCTION\CONSTRUCTION_mid.txt,CONSTRUCTION,0.3274,0.35,-1,2.0,0.6540257930755615,0.7393,1
resumes/data\CONSTRUCTION\16203589.pdf,jds\CONSTRUCTION\CONSTRUCTION_senior.txt,CONSTRUCTION,0.3076,0.4,-1,2.0,0.6320403814315796,0.693,1
resumes/data\CONSTRUCTION\16203589.pdf,jds\INFORMATION-TECHNOLOGY\INFORMATION-TECHNOLOGY_entry.txt,CONSTRUCTION,0.068,0.1,0,0.0,0.3270294070243835,0.3262,0
resumes/data\CONSTRUCTION\16203589.pdf,jds\INFORMATION-TECHNOLOGY\INFORMATION-TECHNOLOGY_mid.txt,CONSTRUCTION,0.0793,0.2,-1,2.0,0.3489724695682525,0.3542,0
resumes/data\CONSTRUCTION\16353584.pdf,jds\CONSTRUCTION\CONSTRUCTION_mid.txt,CONSTRUCTION,0.2647,0.35,-2,42.0,0.5211879014968872,0.5357,1
resumes/data\CONSTRUCTION\16353584.pdf,jds\CONSTRUCTION\CONSTRUCTION_senior.txt,CONSTRUCTION,0.2982,0.35,-2,42.0,0.5001961588859558,0.5142,1
resumes/data\CONSTRUCTION\16353584.pdf,jds\APPAREL\APPAREL_senior.txt,CONSTRUCTION,0.0479,0.05,-2,42.0,0.2703493237495422,0.2826,0
resumes/data\CONSTRUCTION\16353584.pdf,jds\APPAREL\APPAREL_entry.txt,CONSTRUCTION,0.0638,0.0,-1,40.0,0.3230378329753876,0.2849,0
resumes/data\CONSTRUCTION\16378091.pdf,jds\BPO\BPO_entry.txt,CONSTRUCTION,0.1443,0.1,0,-2.0,0.3989526331424713,0.2864,0
resumes/data\CONSTRUCTION\16626724.pdf,jds\CONSTRUCTION\CONSTRUCTION_mid.txt,CONSTRUCTION,0.3284,0.4,-1,24.0,0.5469108819961548,0.7099,1
resumes/data\CONSTRUCTION\16626724.pdf,jds\CONSTRUCTION\CONSTRUCTION_senior.txt,CONSTRUCTION,0.2954,0.35,-1,24.0,0.5414769053459167,0.6824,1
resumes/data\CONSTRUCTION\16626724.pdf,jds\DIGITAL-MEDIA\DIGITAL-MEDIA_mid.txt,CONSTRUCTION,0.054,0.05,-1,24.0,0.4033155143260956,0.3755,0
resumes/data\CONSTRUCTION\16626724.pdf,jds\DIGITAL-MEDIA\DIGITAL-MEDIA_senior.txt,CONSTRUCTION,0.0452,0.0,-1,24.0,0.4093884229660034,0.3676,0
resumes/data\CONSTRUCTION\16626724.pdf,jds\DIGITAL-MEDIA\DIGITAL-MEDIA_entry.txt,CONSTRUCTION,0.0495,0.05,0,22.0,0.3928940892219543,0.3302,0
resumes/data\CONSTRUCTION\16924279.pdf,jds\INFORMATION-TECHNOLOGY\INFORMATION-TECHNOLOGY_entry.txt,CONSTRUCTION,0.0546,0.05,1,-2.0,0.3755889236927032,0.3345,0
resumes/data\CONSTRUCTION\16924279.pdf,jds\INFORMATION-TECHNOLOGY\INFORMATION-TECHNOLOGY_senior.txt,CONSTRUCTION,0.0758,0.25,0,0.0,0.3622735142707824,0.3771,0
resumes/data\CONSTRUCTION\16924279.pdf,jds\INFORMATION-TECHNOLOGY\INFORMATION-TECHNOLOGY_mid.txt,CONSTRUCTION,0.08,0.2,0,0.0,0.362526386976242,0.3479,0
resumes/data\CONSTRUCTION\17252448.pdf,jds\CONSTRUCTION\CONSTRUCTION_mid.txt,CONSTRUCTION,0.2883,0.45,0,0.0,0.6454770565032959,0.6415,1
resumes/data\CONSTRUCTION\17252448.pdf,jds\CONSTRUCTION\CONSTRUCTION_senior.txt,CONSTRUCTION,0.2258,0.45,0,0.0,0.662023663520813,0.607,1
resumes/data\CONSTRUCTION\17252448.pdf,jds\BANKING\BANKING_senior.txt,CONSTRUCTION,0.0515,0.1,0,0.0,0.3769806921482086,0.2655,0
resumes/data\CONSTRUCTION\17252448.pdf,jds\BANKING\BANKING_mid.txt,CONSTRUCTION,0.058,0.05,0,0.0,0.3910508751869201,0.277,0
resumes/data\CONSTRUCTION\17252448.pdf,jds\BANKING\BANKING_entry.txt,CONSTRUCTION,0.0365,0.0,1,-2.0,0.3056567013263702,0.2279,0
resumes/data\CONSTRUCTION\17342969.pdf,jds\TEACHER\TEACHER_senior.txt,CONSTRUCTION,0.0462,0.2,-2,11.0,0.384503036737442,0.2953,0
resumes/data\CONSTRUCTION\17342969.pdf,jds\TEACHER\TEACHER_mid.txt,CONSTRUCTION,0.0486,0.15,-1,11.0,0.4041513800621032,0.2955,0
resumes/data\CONSTRUCTION\17342969.pdf,jds\TEACHER\TEACHER_entry.txt,CONSTRUCTION,0.0594,0.2,0,11.0,0.3664800524711609,0.2457,0
resumes/data\CONSTRUCTION\17570634.pdf,jds\CONSTRUCTION\CONSTRUCTION_mid.txt,CONSTRUCTION,0.2651,0.45,-1,23.0,0.5844739079475403,0.5328,1
resumes/data\CONSTRUCTION\17570634.pdf,jds\BANKING\BANKING_mid.txt,CONSTRUCTION,0.1059,0.25,-1,23.0,0.3061960339546203,0.2187,0
resumes/data\CONSTRUCTION\17570634.pdf,jds\BANKING\BANKING_senior.txt,CONSTRUCTION,0.0497,0.05,-1,23.0,0.2577056884765625,0.2432,0
resumes/data\CONSTRUCTION\17570634.pdf,jds\BANKING\BANKING_entry.txt,CONSTRUCTION,0.08,0.35,0,21.0,0.2222533971071243,0.2102,0
resumes/data\CONSTRUCTION\18472240.pdf,jds\AGRICULTURE\AGRICULTURE_entry.txt,CONSTRUCTION,0.014,0.0,0,11.0,0.2526229918003082,0.2433,0
resumes/data\CONSTRUCTION\18472240.pdf,jds\AGRICULTURE\AGRICULTURE_senior.txt,CONSTRUCTION,0.027,0.0,-2,11.0,0.2249468863010406,0.2655,0
resumes/data\CONSTRUCTION\18472240.pdf,jds\AGRICULTURE\AGRICULTURE_mid.txt,CONSTRUCTION,0.0318,0.0,-1,4.0,0.2024228572845459,0.2726,0
resumes/data\CONSTRUCTION\18882984.pdf,jds\DIGITAL-MEDIA\DIGITAL-MEDIA_entry.txt,CONSTRUCTION,0.0544,0.1,-1,20.0,0.3026380538940429,0.3816,0
resumes/data\CONSTRUCTION\18882984.pdf,jds\DIGITAL-MEDIA\DIGITAL-MEDIA_senior.txt,CONSTRUCTION,0.0727,0.15,-2,22.0,0.3038309216499328,0.3323,0
resumes/data\CONSTRUCTION\19364677.pdf,jds\CONSTRUCTION\CONSTRUCTION_mid.txt,CONSTRUCTION,0.4708,0.35,0,21.0,0.6613290905952454,0.694,1
resumes/data\CONSTRUCTION\19364677.pdf,jds\CONSTRUCTION\CONSTRUCTION_senior.txt,CONSTRUCTION,0.4057,0.45,0,21.0,0.6397591829299927,0.67,1
resumes/data\CONSTRUCTION\19364677.pdf,jds\INFORMATION-TECHNOLOGY\INFORMATION-TECHNOLOGY_mid.txt,CONSTRUCTION,0.0626,0.2,0,21.0,0.3957191109657287,0.3539,0
resumes/data\CONSTRUCTION\19364677.pdf,jds\INFORMATION-TECHNOLOGY\INFORMATION-TECHNOLOGY_entry.txt,CONSTRUCTION,0.028,0.05,1,19.0,0.3660839200019836,0.3018,0
resumes/data\CONSTRUCTION\19364677.pdf,jds\INFORMATION-TECHNOLOGY\INFORMATION-TECHNOLOGY_senior.txt,CONSTRUCTION,0.0436,0.15,0,21.0,0.4872169494628906,0.4031,0
resumes/data\CONSTRUCTION\19471144.pdf,jds\PUBLIC-RELATIONS\PUBLIC-RELATIONS_mid.txt,CONSTRUCTION,0.0448,0.05,0,4.0,0.329671561717987,0.271,0
resumes/data\CONSTRUCTION\19471144.pdf,jds\PUBLIC-RELATIONS\PUBLIC-RELATIONS_entry.txt,CONSTRUCTION,0.0414,0.0,1,2.0,0.3254111111164093,0.2634,0
resumes/data\CONSTRUCTION\19471144.pdf,jds\PUBLIC-RELATIONS\PUBLIC-RELATIONS_senior.txt,CONSTRUCTION,0.0317,0.0,0,4.0,0.311133325099945,0.2606,0
resumes/data\CONSTRUCTION\19928941.pdf,jds\FITNESS\FITNESS_senior.txt,CONSTRUCTION,0.0432,0.05,-2,16.0,0.2773931622505188,0.0974,0
resumes/data\CONSTRUCTION\19928941.pdf,jds\FITNESS\FITNESS_entry.txt,CONSTRUCTION,0.0444,0.05,1,14.0,0.2870120704174042,0.1372,0
resumes/data\CONSTRUCTION\19928941.pdf,jds\FITNESS\FITNESS_mid.txt,CONSTRUCTION,0.0556,0.05,0,9.0,0.2970761358737945,0.1429,0
resumes/data\CONSTRUCTION\20565849.pdf,jds\ARTS\ARTS_mid.txt,CONSTRUCTION,0.0313,0.05,-2,11.0,0.3479240834712982,0.3004,0
resumes/data\CONSTRUCTION\20565849.pdf,jds\ARTS\ARTS_entry.txt,CONSTRUCTION,0.0284,0.0,-1,11.0,0.292005181312561,0.2515,0
resumes/data\CONSTRUCTION\20565849.pdf,jds\ARTS\ARTS_senior.txt,CONSTRUCTION,0.0168,0.0,-3,11.0,0.2626517713069916,0.1865,0
resumes/data\CONSTRUCTION\20681037.pdf,jds\HEALTHCARE\HEALTHCARE_senior.txt,CONSTRUCTION,0.0143,0.0,-3,0.0,0.1930808573961258,0.1291,0
resumes/data\CONSTRUCTION\20681037.pdf,jds\HEALTHCARE\HEALTHCARE_mid.txt,CONSTRUCTION,0.0284,0.0,-3,0.0,0.2574477791786194,0.1848,0
resumes/data\CONSTRUCTION\20681037.pdf,jds\HEALTHCARE\HEALTHCARE_entry.txt,CONSTRUCTION,0.0456,0.1,-2,-2.0,0.333959549665451,0.2716,0
resumes/data\CONSTRUCTION\21363048.pdf,jds\CONSTRUCTION\CONSTRUCTION_senior.txt,CONSTRUCTION,0.2218,0.55,0,15.0,0.6362905502319336,0.6188,1
resumes/data\CONSTRUCTION\21567392.pdf,jds\CONSTRUCTION\CONSTRUCTION_mid.txt,CONSTRUCTION,0.3591,0.4,-1,24.0,0.5851774215698242,0.6765,1
resumes/data\CONSTRUCTION\21567392.pdf,jds\CONSTRUCTION\CONSTRUCTION_senior.txt,CONSTRUCTION,0.2896,0.45,-1,24.0,0.6114050149917603,0.642,1
resumes/data\CONSTRUCTION\21567392.pdf,jds\HR\HR_entry.txt,CONSTRUCTION,0.0349,0.05,-1,24.0,0.3963611423969269,0.2563,0
resumes/data\CONSTRUCTION\21567392.pdf,jds\HR\HR_senior.txt,CONSTRUCTION,0.0393,0.05,-1,24.0,0.3501064479351043,0.2644,0
resumes/data\CONSTRUCTION\21567392.pdf,jds\HR\HR_mid.txt,CONSTRUCTION,0.048,0.05,-1,24.0,0.3995124101638794,0.3042,0
resumes/data\CONSTRUCTION\21586858.pdf,jds\CONSTRUCTION\CONSTRUCTION_entry.txt,CONSTRUCTION,0.2167,0.35,-1,16.0,0.501926064491272,0.5957,1
resumes/data\CONSTRUCTION\21586858.pdf,jds\CONSTRUCTION\CONSTRUCTION_mid.txt,CONSTRUCTION,0.3382,0.55,-2,18.0,0.6992413997650146,0.7678,1
resumes/data\CONSTRUCTION\21586858.pdf,jds\CONSTRUCTION\CONSTRUCTION_senior.txt,CONSTRUCTION,0.3013,0.55,-2,18.0,0.6898583173751831,0.7284,1
resumes/data\CONSTRUCTION\21586858.pdf,jds\INFORMATION-TECHNOLOGY\INFORMATION-TECHNOLOGY_mid.txt,CONSTRUCTION,0.0393,0.1,-2,18.0,0.4185466468334198,0.4281,0
resumes/data\CONSTRUCTION\21586858.pdf,jds\INFORMATION-TECHNOLOGY\INFORMATION-TECHNOLOGY_entry.txt,CONSTRUCTION,0.0321,0.05,-1,16.0,0.4045049548149109,0.3697,0
resumes/data\CONSTRUCTION\21782152.pdf,jds\DESIGNER\DESIGNER_entry.txt,CONSTRUCTION,0.0613,0.0,0,0.0,0.3308172821998596,0.3327,0
resumes/data\CONSTRUCTION\21782152.pdf,jds\DESIGNER\DESIGNER_senior.txt,CONSTRUCTION,0.0488,0.15,-1,2.0,0.4097184538841247,0.3267,0
resumes/data\CONSTRUCTION\21782152.pdf,jds\DESIGNER\DESIGNER_mid.txt,CONSTRUCTION,0.0424,0.0,-1,2.0,0.3829905092716217,0.3716,0
resumes/data\CONSTRUCTION\22019500.pdf,jds\CONSTRUCTION\CONSTRUCTION_entry.txt,CONSTRUCTION,0.2649,0.5,-1,31.0,0.5140247344970703,0.5034,1
resumes/data\CONSTRUCTION\22019500.pdf,jds\CONSTRUCTION\CONSTRUCTION_mid.txt,CONSTRUCTION,0.2958,0.35,-2,33.0,0.5760501623153687,0.6282,1
resumes/data\CONSTRUCTION\22019500.pdf,jds\CONSTRUCTION\CONSTRUCTION_senior.txt,CONSTRUCTION,0.2756,0.45,-2,33.0,0.5476149916648865,0.575,1
resumes/data\CONSTRUCTION\22019500.pdf,jds\CONSULTANT\CONSULTANT_mid.txt,CONSTRUCTION,0.0804,0.0,-2,33.0,0.3893428146839142,0.287,0
resumes/data\CONSTRUCTION\22019500.pdf,jds\CONSULTANT\CONSULTANT_senior.txt,CONSTRUCTION,0.0567,0.15,-2,33.0,0.3521208763122558,0.2446,0
resumes/data\CONSTRUCTION\22019500.pdf,jds\CONSULTANT\CONSULTANT_entry.txt,CONSTRUCTION,0.0867,0.25,-2,33.0,0.3556601703166961,0.2577,0
resumes/data\CONSTRUCTION\22546476.pdf,jds\SALES\SALES_senior.txt,CONSTRUCTION,0.0434,0.1,-1,8.0,0.2746601402759552,0.2287,0
resumes/data\CONSTRUCTION\22546476.pdf,jds\SALES\SALES_mid.txt,CONSTRUCTION,0.0689,0.05,-1,8.0,0.3091531097888946,0.2385,0
resumes/data\CONSTRUCTION\22546476.pdf,jds\SALES\SALES_entry.txt,CONSTRUCTION,0.0269,0.0,0,8.0,0.3464462161064148,0.2172,0
resumes/data\CONSTRUCTION\22718826.pdf,jds\CONSTRUCTION\CONSTRUCTION_mid.txt,CONSTRUCTION,0.3161,0.45,-2,5.0,0.568358302116394,0.5536,1
resumes/data\CONSTRUCTION\22718826.pdf,jds\CONSTRUCTION\CONSTRUCTION_senior.txt,CONSTRUCTION,0.3038,0.4,-2,5.0,0.5699044466018677,0.5943,1
resumes/data\CONSTRUCTION\22718826.pdf,jds\APPAREL\APPAREL_entry.txt,CONSTRUCTION,0.0628,0.0,-1,3.0,0.3858910202980041,0.4129,0
resumes/data\CONSTRUCTION\22894544.pdf,jds\BPO\BPO_senior.txt,CONSTRUCTION,0.0773,0.3,-2,0.0,0.3847018480300903,0.3319,0
resumes/data\CONSTRUCTION\22894544.pdf,jds\BPO\BPO_entry.txt,CONSTRUCTION,0.1052,0.15,-1,-2.0,0.3649812638759613,0.2976,0
resumes/data\CONSTRUCTION\22894544.pdf,jds\BPO\BPO_mid.txt,CONSTRUCTION,0.1304,0.25,-1,0.0,0.3381532430648803,0.2773,0
resumes/data\CONSTRUCTION\22965804.pdf,jds\CONSULTANT\CONSULTANT_mid.txt,CONSTRUCTION,0.0279,0.0,-1,1.0,0.3587134480476379,0.128,0
resumes/data\CONSTRUCTION\22965804.pdf,jds\CONSULTANT\CONSULTANT_entry.txt,CONSTRUCTION,0.0399,0.1,-1,1.0,0.3637126088142395,0.1775,0
resumes/data\CONSTRUCTION\22965804.pdf,jds\CONSULTANT\CONSULTANT_senior.txt,CONSTRUCTION,0.0377,0.05,-1,1.0,0.326390266418457,0.1178,0
resumes/data\CONSTRUCTION\22983516.pdf,jds\BUSINESS-DEVELOPMENT\BUSINESS-DEVELOPMENT_senior.txt,CONSTRUCTION,0.1069,0.35,-2,23.0,0.4293058216571808,0.2573,0
resumes/data\CONSTRUCTION\22983516.pdf,jds\BUSINESS-DEVELOPMENT\BUSINESS-DEVELOPMENT_mid.txt,CONSTRUCTION,0.0936,0.25,-2,15.0,0.4634340107440948,0.2972,0
resumes/data\CONSTRUCTION\22983516.pdf,jds\BUSINESS-DEVELOPMENT\BUSINESS-DEVELOPMENT_entry.txt,CONSTRUCTION,0.0976,0.3,-1,21.0,0.4716702401638031,0.2365,0
resumes/data\CONSTRUCTION\23818675.pdf,jds\CONSTRUCTION\CONSTRUCTION_mid.txt,CONSTRUCTION,0.2169,0.55,-1,20.0,0.5625044107437134,0.5776,1
resumes/data\CONSTRUCTION\23818675.pdf,jds\HR\HR_mid.txt,CONSTRUCTION,0.0556,0.1,-1,20.0,0.4274753928184509,0.3168,0
resumes/data\CONSTRUCTION\23818675.pdf,jds\HR\HR_senior.txt,CONSTRUCTION,0.087,0.0,-1,20.0,0.3380824029445648,0.2316,0
resumes/data\CONSTRUCTION\23818675.pdf,jds\HR\HR_entry.txt,CONSTRUCTION,0.0517,0.0,-1,20.0,0.3810095489025116,0.2563,0
resumes/data\CONSTRUCTION\24361598.pdf,jds\CONSTRUCTION\CONSTRUCTION_mid.txt,CONSTRUCTION,0.3613,0.35,-2,9.0,0.6800618171691895,0.6844,1
resumes/data\CONSTRUCTION\24361598.pdf,jds\CONSTRUCTION\CONSTRUCTION_senior.txt,CONSTRUCTION,0.2565,0.25,-2,9.0,0.6303858757019043,0.6192,1
resumes/data\CONSTRUCTION\24361598.pdf,jds\ADVOCATE\ADVOCATE_mid.txt,CONSTRUCTION,0.0298,0.2,-2,9.0,0.3286418914794922,0.2757,0
resumes/data\CONSTRUCTION\24361598.pdf,jds\ADVOCATE\ADVOCATE_entry.txt,CONSTRUCTION,0.0544,0.1,-2,7.0,0.3729385137557983,0.2677,0
resumes/data\CONSTRUCTION\24361598.pdf,jds\ADVOCATE\ADVOCATE_senior.txt,CONSTRUCTION,0.0242,0.15,-2,9.0,0.3537750244140625,0.2909,0
resumes/data\CONSTRUCTION\24740005.pdf,jds\CONSTRUCTION\CONSTRUCTION_mid.txt,CONSTRUCTION,0.2898,0.45,-1,10.0,0.6496621370315552,0.7184,1
resumes/data\CONSTRUCTION\24740005.pdf,jds\CONSTRUCTION\CONSTRUCTION_senior.txt,CONSTRUCTION,0.2654,0.45,-1,10.0,0.6805691719055176,0.6981,1
resumes/data\CONSTRUCTION\24740005.pdf,jds\HR\HR_entry.txt,CONSTRUCTION,0.0559,0.1,-1,10.0,0.4037609100341797,0.3392,0
resumes/data\CONSTRUCTION\24740005.pdf,jds\HR\HR_senior.txt,CONSTRUCTION,0.0674,0.1,-1,10.0,0.4234617948532104,0.3535,0
resumes/data\CONSTRUCTION\24770846.pdf,jds\INFORMATION-TECHNOLOGY\INFORMATION-TECHNOLOGY_senior.txt,CONSTRUCTION,0.0519,0.1,-1,0.0,0.3853946328163147,0.3619,0
resumes/data\CONSTRUCTION\24770846.pdf,jds\INFORMATION-TECHNOLOGY\INFORMATION-TECHNOLOGY_entry.txt,CONSTRUCTION,0.0417,0.0,0,-2.0,0.3389580249786377,0.3327,0
resumes/data\CONSTRUCTION\24770846.pdf,jds\INFORMATION-TECHNOLOGY\INFORMATION-TECHNOLOGY_mid.txt,CONSTRUCTION,0.0404,0.05,-1,0.0,0.3211669027805328,0.355,0
resumes/data\CONSTRUCTION\24953126.pdf,jds\BANKING\BANKING_senior.txt,CONSTRUCTION,0.0279,0.0,-2,20.0,0.2457644641399383,0.1655,0
resumes/data\CONSTRUCTION\24953126.pdf,jds\BANKING\BANKING_entry.txt,CONSTRUCTION,0.0208,0.0,-1,18.0,0.2083132565021515,0.1234,0
resumes/data\CONSTRUCTION\24953126.pdf,jds\BANKING\BANKING_mid.txt,CONSTRUCTION,0.0299,0.0,-2,20.0,0.2106256186962127,0.1098,0
resumes/data\CONSTRUCTION\25098739.pdf,jds\APPAREL\APPAREL_entry.txt,CONSTRUCTION,0.0447,0.05,-1,28.0,0.319016695022583,0.2453,0
resumes/data\CONSTRUCTION\25098739.pdf,jds\APPAREL\APPAREL_mid.txt,CONSTRUCTION,0.0463,0.0,-2,30.0,0.3158412575721741,0.2075,0
resumes/data\CONSTRUCTION\25098739.pdf,jds\APPAREL\APPAREL_senior.txt,CONSTRUCTION,0.019,0.0,-2,30.0,0.2475594133138656,0.1428,0
resumes/data\CONSTRUCTION\25187733.pdf,jds\ARTS\ARTS_entry.txt,CONSTRUCTION,0.0497,0.05,1,15.0,0.3298611044883728,0.2955,0
resumes/data\CONSTRUCTION\25187733.pdf,jds\ARTS\ARTS_mid.txt,CONSTRUCTION,0.0493,0.1,0,15.0,0.4031282067298889,0.3601,0
resumes/data\CONSTRUCTION\25187733.pdf,jds\ARTS\ARTS_senior.txt,CONSTRUCTION,0.0421,0.15,-1,15.0,0.3244991302490234,0.298,0
resumes/data\CONSTRUCTION\25224998.pdf,jds\ADVOCATE\ADVOCATE_entry.txt,CONSTRUCTION,0.041,0.2,-1,51.0,0.331306129693985,0.1711,0
resumes/data\CONSTRUCTION\25224998.pdf,jds\ADVOCATE\ADVOCATE_senior.txt,CONSTRUCTION,0.0259,0.1,-1,53.0,0.2408837676048278,0.1572,0
resumes/data\CONSTRUCTION\25224998.pdf,jds\ADVOCATE\ADVOCATE_mid.txt,CONSTRUCTION,0.0366,0.15,-1,53.0,0.2470801174640655,0.134,0
resumes/data\CONSTRUCTION\25656981.pdf,jds\CONSTRUCTION\CONSTRUCTION_mid.txt,CONSTRUCTION,0.2303,0.35,-2,35.0,0.5736384391784668,0.7219,1
resumes/data\CONSTRUCTION\25656981.pdf,jds\CONSTRUCTION\CONSTRUCTION_senior.txt,CONSTRUCTION,0.205,0.4,-2,35.0,0.569523274898529,0.6536,1
resumes/data\CONSTRUCTION\25656981.pdf,jds\AVIATION\AVIATION_mid.txt,CONSTRUCTION,0.0859,0.1,-1,27.0,0.4171866476535797,0.4342,0
resumes/data\CONSTRUCTION\25656981.pdf,jds\AVIATION\AVIATION_entry.txt,CONSTRUCTION,0.0649,0.05,-1,33.0,0.3685885071754455,0.3244,0
resumes/data\CONSTRUCTION\25656981.pdf,jds\AVIATION\AVIATION_senior.txt,CONSTRUCTION,0.084,0.25,-1,35.0,0.3480243384838104,0.3222,0
resumes/data\CONSTRUCTION\26091595.pdf,jds\CONSTRUCTION\CONSTRUCTION_mid.txt,CONSTRUCTION,0.2406,0.55,0,0.0,0.5134166479110718,0.6086,1
resumes/data\CONSTRUCTION\26091595.pdf,jds\BUSINESS-DEVELOPMENT\BUSINESS-DEVELOPMENT_mid.txt,CONSTRUCTION,0.0528,0.15,0,-8.0,0.3885368108749389,0.3347,0
resumes/data\CONSTRUCTION\26091595.pdf,jds\BUSINESS-DEVELOPMENT\BUSINESS-DEVELOPMENT_senior.txt,CONSTRUCTION,0.0512,0.2,0,0.0,0.3373968601226806,0.3176,0
resumes/data\CONSTRUCTION\26091595.pdf,jds\BUSINESS-DEVELOPMENT\BUSINESS-DEVELOPMENT_entry.txt,CONSTRUCTION,0.0343,0.15,1,-2.0,0.3368347883224487,0.3187,0
resumes/data\CONSTRUCTION\26509539.pdf,jds\TEACHER\TEACHER_mid.txt,CONSTRUCTION,0.0446,0.1,-2,12.0,0.2667189836502075,0.2025,0
resumes/data\CONSTRUCTION\26509539.pdf,jds\TEACHER\TEACHER_senior.txt,CONSTRUCTION,0.0347,0.15,-3,12.0,0.2307411134243011,0.1695,0
resumes/data\CONSTRUCTION\26509539.pdf,jds\TEACHER\TEACHER_entry.txt,CONSTRUCTION,0.0383,0.1,-1,12.0,0.2597384452819824,0.2616,0
resumes/data\CONSTRUCTION\27066370.pdf,jds\ACCOUNTANT\ACCOUNTANT_entry.txt,CONSTRUCTION,0.0972,0.2,-1,19.0,0.4379004240036011,0.3666,0
resumes/data\CONSTRUCTION\27066370.pdf,jds\ACCOUNTANT\ACCOUNTANT_senior.txt,CONSTRUCTION,0.0661,0.05,-1,21.0,0.3754415214061737,0.3547,0
resumes/data\CONSTRUCTION\27187994.pdf,jds\TEACHER\TEACHER_senior.txt,CONSTRUCTION,0.0383,0.1,-4,20.0,0.2777934372425079,0.2315,0
resumes/data\CONSTRUCTION\27187994.pdf,jds\TEACHER\TEACHER_entry.txt,CONSTRUCTION,0.051,0.05,-2,20.0,0.2922302484512329,0.322,0
resumes/data\CONSTRUCTION\27187994.pdf,jds\TEACHER\TEACHER_mid.txt,CONSTRUCTION,0.0574,0.05,-3,20.0,0.3183611035346985,0.3113,0
resumes/data\CONSTRUCTION\27243670.pdf,jds\CONSTRUCTION\CONSTRUCTION_mid.txt,CONSTRUCTION,0.3554,0.45,-1,21.0,0.574866533279419,0.7112,1
resumes/data\CONSTRUCTION\27243670.pdf,jds\CONSTRUCTION\CONSTRUCTION_senior.txt,CONSTRUCTION,0.3381,0.6,-1,21.0,0.5462484955787659,0.6828,1
resumes/data\CONSTRUCTION\27243670.pdf,jds\AGRICULTURE\AGRICULTURE_mid.txt,CONSTRUCTION,0.0924,0.1,-1,14.0,0.273799180984497,0.2208,0
resumes/data\CONSTRUCTION\27243670.pdf,jds\AGRICULTURE\AGRICULTURE_entry.txt,CONSTRUCTION,0.0771,0.15,0,21.0,0.2980936765670776,0.1667,0
resumes/data\CONSTRUCTION\27243670.pdf,jds\AGRICULTURE\AGRICULTURE_senior.txt,CONSTRUCTION,0.0894,0.25,-2,21.0,0.3401381969451904,0.2567,0
resumes/data\CONSTRUCTION\27246366.pdf,jds\CONSTRUCTION\CONSTRUCTION_mid.txt,CONSTRUCTION,0.322,0.35,-1,0.0,0.5152196884155273,0.6027,1
resumes/data\CONSTRUCTION\27246366.pdf,jds\CONSTRUCTION\CONSTRUCTION_senior.txt,CONSTRUCTION,0.317,0.45,-1,0.0,0.5382404327392578,0.5556,1
resumes/data\CONSTRUCTION\27246366.pdf,jds\CHEF\CHEF_senior.txt,CONSTRUCTION,0.0456,0.0,1,0.0,0.2645217180252075,0.1891,0
resumes/data\CONSTRUCTION\27246366.pdf,jds\CHEF\CHEF_entry.txt,CONSTRUCTION,0.0606,0.15,1,0.0,0.3306924402713775,0.2079,0
resumes/data\CONSTRUCTION\27246366.pdf,jds\CHEF\CHEF_mid.txt,CONSTRUCTION,0.0567,0.1,1,0.0,0.2775502204895019,0.2185,0
resumes/data\CONSTRUCTION\27835351.pdf,jds\FITNESS\FITNESS_mid.txt,CONSTRUCTION,0.0357,0.1,-1,-2.0,0.2845530211925506,0.247,0
resumes/data\CONSTRUCTION\27835351.pdf,jds\FITNESS\FITNESS_senior.txt,CONSTRUCTION,0.0255,0.05,-3,5.0,0.2854528725147247,0.2233,0
resumes/data\CONSTRUCTION\27835351.pdf,jds\FITNESS\FITNESS_entry.txt,CONSTRUCTION,0.0539,0.05,0,3.0,0.3656117618083954,0.3097,0
resumes/data\CONSTRUCTION\28756444.pdf,jds\HEALTHCARE\HEALTHCARE_entry.txt,CONSTRUCTION,0.0725,0.05,-1,4.0,0.2569482028484344,0.2415,0
resumes/data\CONSTRUCTION\28756444.pdf,jds\HEALTHCARE\HEALTHCARE_senior.txt,CONSTRUCTION,0.0647,0.15,-2,6.0,0.2228927165269851,0.2312,0
resumes/data\CONSTRUCTION\28756444.pdf,jds\HEALTHCARE\HEALTHCARE_mid.txt,CONSTRUCTION,0.1012,0.3,-2,6.0,0.2538528442382812,0.2361,0
resumes/data\CONSTRUCTION\28803888.pdf,jds\DIGITAL-MEDIA\DIGITAL-MEDIA_senior.txt,CONSTRUCTION,0.0189,0.05,-1,17.0,0.3037563562393188,0.2197,0
resumes/data\CONSTRUCTION\28803888.pdf,jds\DIGITAL-MEDIA\DIGITAL-MEDIA_mid.txt,CONSTRUCTION,0.0206,0.05,-1,17.0,0.3433963060379028,0.2312,0
resumes/data\CONSTRUCTION\28803888.pdf,jds\DIGITAL-MEDIA\DIGITAL-MEDIA_entry.txt,CONSTRUCTION,0.0266,0.0,0,15.0,0.2837151885032654,0.1678,0
resumes/data\CONSTRUCTION\28815362.pdf,jds\CONSTRUCTION\CONSTRUCTION_mid.txt,CONSTRUCTION,0.2534,0.4,0,13.0,0.5357951521873474,0.6208,1
resumes/data\CONSTRUCTION\28815362.pdf,jds\CONSTRUCTION\CONSTRUCTION_senior.txt,CONSTRUCTION,0.2115,0.35,0,13.0,0.4896168112754822,0.6182,1
resumes/data\CONSTRUCTION\28815362.pdf,jds\CHEF\CHEF_senior.txt,CONSTRUCTION,0.0441,0.0,2,13.0,0.2844728529453277,0.2657,0
resumes/data\CONSTRUCTION\28815362.pdf,jds\CHEF\CHEF_mid.txt,CONSTRUCTION,0.0552,0.1,2,13.0,0.3194677829742431,0.2599,0
resumes/data\CONSTRUCTION\28815362.pdf,jds\CHEF\CHEF_entry.txt,CONSTRUCTION,0.0555,0.15,2,13.0,0.3107085227966308,0.2891,0
resumes/data\CONSTRUCTION\28942221.pdf,jds\INFORMATION-TECHNOLOGY\INFORMATION-TECHNOLOGY_senior.txt,CONSTRUCTION,0.0412,0.1,-1,0.0,0.1857210099697113,0.2113,0
resumes/data\CONSTRUCTION\28942221.pdf,jds\INFORMATION-TECHNOLOGY\INFORMATION-TECHNOLOGY_entry.txt,CONSTRUCTION,0.0266,0.0,0,-2.0,0.1780700981616974,0.2003,0
resumes/data\CONSTRUCTION\28942221.pdf,jds\INFORMATION-TECHNOLOGY\INFORMATION-TECHNOLOGY_mid.txt,CONSTRUCTION,0.0319,0.1,-1,0.0,0.1518615186214447,0.2019,0
resumes/data\CONSTRUCTION\28949406.pdf,jds\ADVOCATE\ADVOCATE_entry.txt,CONSTRUCTION,0.0329,0.05,-1,11.0,0.2932904660701751,0.293,0
resumes/data\CONSTRUCTION\28949406.pdf,jds\ADVOCATE\ADVOCATE_mid.txt,CONSTRUCTION,0.0213,0.05,-1,13.0,0.2630217969417572,0.244,0
resumes/data\CONSTRUCTION\28949406.pdf,jds\ADVOCATE\ADVOCATE_senior.txt,CONSTRUCTION,0.0237,0.05,-1,13.0,0.2805836796760559,0.2912,0
resumes/data\CONSTRUCTION\29061628.pdf,jds\CHEF\CHEF_entry.txt,CONSTRUCTION,0.0698,0.2,1,0.0,0.4049579501152038,0.2761,0
resumes/data\CONSTRUCTION\29061628.pdf,jds\CHEF\CHEF_mid.txt,CONSTRUCTION,0.0419,0.1,1,0.0,0.3706174492835998,0.2257,0
resumes/data\CONSTRUCTION\29061628.pdf,jds\CHEF\CHEF_senior.txt,CONSTRUCTION,0.0345,0.0,1,0.0,0.3563184142112732,0.2634,0
resumes/data\CONSTRUCTION\29087505.pdf,jds\CONSTRUCTION\CONSTRUCTION_mid.txt,CONSTRUCTION,0.1589,0.3,-1,26.0,0.5138857364654541,0.6763,1
resumes/data\CONSTRUCTION\29087505.pdf,jds\CONSTRUCTION\CONSTRUCTION_senior.txt,CONSTRUCTION,0.1579,0.4,-1,26.0,0.5398244261741638,0.6559,1
resumes/data\CONSTRUCTION\29087505.pdf,jds\FINANCE\FINANCE_senior.txt,CONSTRUCTION,0.0601,0.1,-1,26.0,0.2889606654644012,0.2976,0
resumes/data\CONSTRUCTION\29087505.pdf,jds\FINANCE\FINANCE_entry.txt,CONSTRUCTION,0.0609,0.05,-1,24.0,0.283243864774704,0.2914,0
resumes/data\CONSTRUCTION\29087505.pdf,jds\FINANCE\FINANCE_mid.txt,CONSTRUCTION,0.0454,0.05,-1,26.0,0.2786192297935486,0.3247,0
resumes/data\CONSTRUCTION\29193505.pdf,jds\CONSTRUCTION\CONSTRUCTION_mid.txt,CONSTRUCTION,0.2019,0.4,-1,0.0,0.6258941292762756,0.6697,1
resumes/data\CONSTRUCTION\29193505.pdf,jds\AVIATION\AVIATION_entry.txt,CONSTRUCTION,0.0586,0.1,0,-2.0,0.3826659321784973,0.2746,0
resumes/data\CONSTRUCTION\29193505.pdf,jds\AVIATION\AVIATION_mid.txt,CONSTRUCTION,0.0783,0.1,0,-8.0,0.4354455173015594,0.3733,0
resumes/data\CONSTRUCTION\29193505.pdf,jds\AVIATION\AVIATION_senior.txt,CONSTRUCTION,0.0579,0.2,0,0.0,0.3607611656188965,0.2922,0
resumes/data\CONSTRUCTION\29483501.pdf,jds\APPAREL\APPAREL_entry.txt,CONSTRUCTION,0.115,0.1,1,28.0,0.2630243599414825,0.2282,0
resumes/data\CONSTRUCTION\29483501.pdf,jds\APPAREL\APPAREL_senior.txt,CONSTRUCTION,0.1119,0.1,0,30.0,0.2955633699893951,0.282,0
resumes/data\CONSTRUCTION\29483501.pdf,jds\APPAREL\APPAREL_mid.txt,CONSTRUCTION,0.1344,0.1,0,30.0,0.3285572230815887,0.2149,0
resumes/data\CONSTRUCTION\29574501.pdf,jds\TEACHER\TEACHER_senior.txt,CONSTRUCTION,0.0416,0.1,-3,13.0,0.314089834690094,0.1899,0
resumes/data\CONSTRUCTION\29574501.pdf,jds\TEACHER\TEACHER_entry.txt,CONSTRUCTION,0.0537,0.05,-1,13.0,0.4065454602241516,0.2817,0
resumes/data\CONSTRUCTION\29574501.pdf,jds\TEACHER\TEACHER_mid.txt,CONSTRUCTION,0.0451,0.05,-2,13.0,0.4032243490219116,0.2815,0
resumes/data\CONSTRUCTION\29878348.pdf,jds\AGRICULTURE\AGRICULTURE_mid.txt,CONSTRUCTION,0.0305,0.0,-2,15.0,0.2420555353164672,0.1663,0
resumes/data\CONSTRUCTION\29878348.pdf,jds\AGRICULTURE\AGRICULTURE_entry.txt,CONSTRUCTION,0.0166,0.0,-1,22.0,0.2547800242900848,0.1333,0
resumes/data\CONSTRUCTION\29878348.pdf,jds\AGRICULTURE\AGRICULTURE_senior.txt,CONSTRUCTION,0.0435,0.05,-3,22.0,0.2527005672454834,0.1981,0
resumes/data\CONSTRUCTION\29894080.pdf,jds\CONSTRUCTION\CONSTRUCTION_mid.txt,CONSTRUCTION,0.3214,0.4,-1,20.0,0.5543074607849121,0.6446,1
resumes/data\CONSTRUCTION\29894080.pdf,jds\CONSTRUCTION\CONSTRUCTION_senior.txt,CONSTRUCTION,0.2883,0.35,-1,20.0,0.5487716794013977,0.6164,1
resumes/data\CONSTRUCTION\29894080.pdf,jds\PUBLIC-RELATIONS\PUBLIC-RELATIONS_mid.txt,CONSTRUCTION,0.0299,0.05,-1,20.0,0.38730388879776,0.2452,0
resumes/data\CONSTRUCTION\29894080.pdf,jds\PUBLIC-RELATIONS\PUBLIC-RELATIONS_senior.txt,CONSTRUCTION,0.0334,0.1,-1,20.0,0.4125018119812011,0.2848,0
resumes/data\CONSTRUCTION\29894080.pdf,jds\PUBLIC-RELATIONS\PUBLIC-RELATIONS_entry.txt,CONSTRUCTION,0.0165,0.0,0,18.0,0.3890429139137268,0.2614,0
resumes/data\CONSTRUCTION\30311725.pdf,jds\CONSTRUCTION\CONSTRUCTION_mid.txt,CONSTRUCTION,0.4669,0.5,-1,30.0,0.5009580850601196,0.6244,1
resumes/data\CONSTRUCTION\30311725.pdf,jds\CONSTRUCTION\CONSTRUCTION_senior.txt,CONSTRUCTION,0.3541,0.4,-1,30.0,0.4943729639053345,0.5987,1
resumes/data\CONSTRUCTION\30311725.pdf,jds\ARTS\ARTS_senior.txt,CONSTRUCTION,0.0382,0.1,-2,30.0,0.2345824837684631,0.2386,0
resumes/data\CONSTRUCTION\30311725.pdf,jds\ARTS\ARTS_entry.txt,CONSTRUCTION,0.0398,0.05,0,30.0,0.2947206497192383,0.2821,0
resumes/data\CONSTRUCTION\30311725.pdf,jds\ARTS\ARTS_mid.txt,CONSTRUCTION,0.0785,0.1,-1,30.0,0.3207288384437561,0.3318,0
resumes/data\CONSTRUCTION\30397268.pdf,jds\CHEF\CHEF_senior.txt,CONSTRUCTION,0.0917,0.25,0,0.0,0.381565511226654,0.2827,0
resumes/data\CONSTRUCTION\30397268.pdf,jds\CHEF\CHEF_entry.txt,CONSTRUCTION,0.141,0.4,0,0.0,0.3552057147026062,0.2489,0
resumes/data\CONSTRUCTION\30397268.pdf,jds\CHEF\CHEF_mid.txt,CONSTRUCTION,0.1067,0.25,0,0.0,0.3717586398124695,0.3223,0
resumes/data\CONSTRUCTION\31850269.pdf,jds\CONSULTANT\CONSULTANT_senior.txt,CONSTRUCTION,0.0655,0.2,-2,14.0,0.3746262788772583,0.2974,0
resumes/data\CONSTRUCTION\31850269.pdf,jds\CONSULTANT\CONSULTANT_entry.txt,CONSTRUCTION,0.0657,0.3,-2,14.0,0.425437182188034,0.3632,0
resumes/data\CONSTRUCTION\32025286.pdf,jds\CONSTRUCTION\CONSTRUCTION_mid.txt,CONSTRUCTION,0.2861,0.35,-2,0.0,0.4918342232704162,0.6725,1
resumes/data\CONSTRUCTION\32025286.pdf,jds\CONSTRUCTION\CONSTRUCTION_senior.txt,CONSTRUCTION,0.2506,0.3,-2,0.0,0.4406511187553406,0.6079,1
resumes/data\CONSTRUCTION\32025286.pdf,jds\SALES\SALES_senior.txt,CONSTRUCTION,0.0327,0.15,-2,0.0,0.3447896540164947,0.2816,0
resumes/data\CONSTRUCTION\32025286.pdf,jds\SALES\SALES_mid.txt,CONSTRUCTION,0.0352,0.1,-2,0.0,0.298012226819992,0.2184,0
resumes/data\CONSTRUCTION\32025286.pdf,jds\SALES\SALES_entry.txt,CONSTRUCTION,0.0282,0.05,-1,0.0,0.3815392851829529,0.2568,0
resumes/data\CONSTRUCTION\32265203.pdf,jds\PUBLIC-RELATIONS\PUBLIC-RELATIONS_senior.txt,CONSTRUCTION,0.0365,0.05,-1,12.0,0.2960757613182068,0.1763,0
resumes/data\CONSTRUCTION\32265203.pdf,jds\PUBLIC-RELATIONS\PUBLIC-RELATIONS_mid.txt,CONSTRUCTION,0.0464,0.05,-1,12.0,0.2832845151424408,0.1631,0
resumes/data\CONSTRUCTION\32265203.pdf,jds\PUBLIC-RELATIONS\PUBLIC-RELATIONS_entry.txt,CONSTRUCTION,0.0397,0.05,0,10.0,0.2436839640140533,0.196,0
resumes/data\CONSTRUCTION\32773331.pdf,jds\CONSTRUCTION\CONSTRUCTION_entry.txt,CONSTRUCTION,0.2468,0.4,-1,18.0,0.5431960821151733,0.6311,1
resumes/data\CONSTRUCTION\32773331.pdf,jds\CONSTRUCTION\CONSTRUCTION_mid.txt,CONSTRUCTION,0.342,0.55,-2,20.0,0.6042798757553101,0.7636,1
resumes/data\CONSTRUCTION\32773331.pdf,jds\CONSTRUCTION\CONSTRUCTION_senior.txt,CONSTRUCTION,0.3128,0.4,-2,20.0,0.6054303646087646,0.7213,1
resumes/data\CONSTRUCTION\32773331.pdf,jds\FINANCE\FINANCE_entry.txt,CONSTRUCTION,0.0583,0.1,-2,18.0,0.4729873836040497,0.3809,0
resumes/data\CONSTRUCTION\32799518.pdf,jds\BPO\BPO_entry.txt,CONSTRUCTION,0.1129,0.25,-1,4.0,0.373715877532959,0.3098,0
resumes/data\CONSTRUCTION\32799518.pdf,jds\BPO\BPO_mid.txt,CONSTRUCTION,0.1056,0.2,-1,6.0,0.3733183145523071,0.3268,0
resumes/data\CONSTRUCTION\32799518.pdf,jds\BPO\BPO_senior.txt,CONSTRUCTION,0.0456,0.15,-2,6.0,0.3742105364799499,0.3679,0
resumes/data\CONSTRUCTION\33023370.pdf,jds\DESIGNER\DESIGNER_entry.txt,CONSTRUCTION,0.0444,0.1,1,13.0,0.3387129008769989,0.1548,0
resumes/data\CONSTRUCTION\33023370.pdf,jds\DESIGNER\DESIGNER_mid.txt,CONSTRUCTION,0.0476,0.1,0,15.0,0.3390604853630066,0.1861,0
resumes/data\CONSTRUCTION\33023370.pdf,jds\DESIGNER\DESIGNER_senior.txt,CONSTRUCTION,0.0602,0.05,0,15.0,0.3095097839832306,0.1997,0
resumes/data\CONSTRUCTION\33141415.pdf,jds\FITNESS\FITNESS_mid.txt,CONSTRUCTION,0.0706,0.1,0,13.0,0.2571049928665161,0.2023,0
resumes/data\CONSTRUCTION\33141415.pdf,jds\FITNESS\FITNESS_senior.txt,CONSTRUCTION,0.0696,0.1,-2,20.0,0.1301411390304565,0.1253,0
resumes/data\CONSTRUCTION\33141415.pdf,jds\FITNESS\FITNESS_entry.txt,CONSTRUCTION,0.0425,0.05,1,18.0,0.2657146751880646,0.2455,0
resumes/data\CONSTRUCTION\34544955.pdf,jds\HEALTHCARE\HEALTHCARE_senior.txt,CONSTRUCTION,0.0217,0.05,-1,11.0,0.2428961396217346,0.3091,0
resumes/data\CONSTRUCTION\34544955.pdf,jds\HEALTHCARE\HEALTHCARE_entry.txt,CONSTRUCTION,0.0342,0.05,0,9.0,0.2891455292701721,0.3184,0
resumes/data\CONSTRUCTION\34544955.pdf,jds\HEALTHCARE\HEALTHCARE_mid.txt,CONSTRUCTION,0.0553,0.3,-1,11.0,0.339108407497406,0.3143,0
resumes/data\CONSTRUCTION\35971546.pdf,jds\CONSTRUCTION\CONSTRUCTION_mid.txt,CONSTRUCTION,0.3549,0.4,0,11.0,0.4823704063892364,0.583,1
resumes/data\CONSTRUCTION\35971546.pdf,jds\CONSTRUCTION\CONSTRUCTION_senior.txt,CONSTRUCTION,0.2731,0.35,0,11.0,0.4267909824848175,0.5422,1
resumes/data\CONSTRUCTION\35971546.pdf,jds\TEACHER\TEACHER_senior.txt,CONSTRUCTION,0.0478,0.1,-1,11.0,0.3132445216178894,0.2652,0
resumes/data\CONSTRUCTION\35971546.pdf,jds\TEACHER\TEACHER_entry.txt,CONSTRUCTION,0.0513,0.05,1,11.0,0.3128395676612854,0.2165,0
resumes/data\CONSTRUCTION\35971546.pdf,jds\TEACHER\TEACHER_mid.txt,CONSTRUCTION,0.0477,0.0,0,11.0,0.3030301630496979,0.2918,0
resumes/data\CONSTRUCTION\36331163.pdf,jds\ARTS\ARTS_senior.txt,CONSTRUCTION,0.0208,0.0,-3,15.0,0.3847438097000122,0.2288,0
resumes/data\CONSTRUCTION\36331163.pdf,jds\ARTS\ARTS_entry.txt,CONSTRUCTION,0.05,0.05,-1,15.0,0.3741465806961059,0.2507,0
resumes/data\CONSTRUCTION\36331163.pdf,jds\ARTS\ARTS_mid.txt,CONSTRUCTION,0.0523,0.05,-2,15.0,0.4646134376525879,0.293,0
resumes/data\CONSTRUCTION\38946032.pdf,jds\TEACHER\TEACHER_entry.txt,CONSTRUCTION,0.0571,0.0,1,15.0,0.3348166644573211,0.3345,0
resumes/data\CONSTRUCTION\38946032.pdf,jds\TEACHER\TEACHER_senior.txt,CONSTRUCTION,0.0483,0.2,-1,15.0,0.4077118039131164,0.3119,0
resumes/data\CONSTRUCTION\38946032.pdf,jds\TEACHER\TEACHER_mid.txt,CONSTRUCTION,0.0586,0.05,0,15.0,0.3988304436206817,0.3426,0
resumes/data\CONSTRUCTION\39027764.pdf,jds\CONSTRUCTION\CONSTRUCTION_mid.txt,CONSTRUCTION,0.2797,0.45,-1,38.0,0.6586126089096069,0.6304,1
resumes/data\CONSTRUCTION\39027764.pdf,jds\CONSTRUCTION\CONSTRUCTION_senior.txt,CONSTRUCTION,0.2844,0.4,-1,38.0,0.6454414129257202,0.6547,1
resumes/data\CONSTRUCTION\39027764.pdf,jds\HR\HR_senior.txt,CONSTRUCTION,0.0611,0.05,-1,38.0,0.3723204433917999,0.2859,0
resumes/data\CONSTRUCTION\39027764.pdf,jds\HR\HR_entry.txt,CONSTRUCTION,0.05,0.05,-1,38.0,0.2976890802383423,0.23,0
resumes/data\CONSTRUCTION\39027764.pdf,jds\HR\HR_mid.txt,CONSTRUCTION,0.0633,0.1,-1,38.0,0.3710717260837555,0.3016,0
resumes/data\CONSTRUCTION\39566718.pdf,jds\CONSTRUCTION\CONSTRUCTION_mid.txt,CONSTRUCTION,0.385,0.6,-1,0.0,0.5918998718261719,0.6125,1
resumes/data\CONSTRUCTION\39566718.pdf,jds\CONSTRUCTION\CONSTRUCTION_senior.txt,CONSTRUCTION,0.2641,0.35,-1,0.0,0.5577744841575623,0.5661,1
resumes/data\CONSTRUCTION\39566718.pdf,jds\PUBLIC-RELATIONS\PUBLIC-RELATIONS_entry.txt,CONSTRUCTION,0.0359,0.0,0,-2.0,0.323184996843338,0.2815,0
resumes/data\CONSTRUCTION\39566718.pdf,jds\PUBLIC-RELATIONS\PUBLIC-RELATIONS_senior.txt,CONSTRUCTION,0.034,0.1,-1,0.0,0.3019238412380218,0.3083,0
resumes/data\CONSTRUCTION\39566718.pdf,jds\PUBLIC-RELATIONS\PUBLIC-RELATIONS_mid.txt,CONSTRUCTION,0.0563,0.15,-1,0.0,0.3784352540969848,0.3393,0
resumes/data\CONSTRUCTION\39674782.pdf,jds\CONSTRUCTION\CONSTRUCTION_mid.txt,CONSTRUCTION,0.1673,0.45,0,0.0,0.499138593673706,0.6436,1
resumes/data\CONSTRUCTION\39674782.pdf,jds\INFORMATION-TECHNOLOGY\INFORMATION-TECHNOLOGY_entry.txt,CONSTRUCTION,0.0694,0.05,1,-2.0,0.4478521347045898,0.3664,0
resumes/data\CONSTRUCTION\39908485.pdf,jds\CONSTRUCTION\CONSTRUCTION_entry.txt,CONSTRUCTION,0.3468,0.5,0,19.0,0.5721225142478943,0.4913,1
resumes/data\CONSTRUCTION\39908485.pdf,jds\CONSTRUCTION\CONSTRUCTION_mid.txt,CONSTRUCTION,0.4358,0.55,-1,21.0,0.6631747484207153,0.6801,1
resumes/data\CONSTRUCTION\39908485.pdf,jds\CONSTRUCTION\CONSTRUCTION_senior.txt,CONSTRUCTION,0.3714,0.5,-1,21.0,0.6506339907646179,0.6752,1
resumes/data\CONSTRUCTION\39908485.pdf,jds\DESIGNER\DESIGNER_entry.txt,CONSTRUCTION,0.0525,0.05,0,19.0,0.380892813205719,0.4109,0
resumes/data\CONSTRUCTION\44147689.pdf,jds\CONSTRUCTION\CONSTRUCTION_mid.txt,CONSTRUCTION,0.2434,0.3,-1,0.0,0.5248615741729736,0.5938,1
resumes/data\CONSTRUCTION\44147689.pdf,jds\CONSTRUCTION\CONSTRUCTION_senior.txt,CONSTRUCTION,0.217,0.35,-1,0.0,0.5081720352172852,0.5871,1
resumes/data\CONSTRUCTION\44147689.pdf,jds\ARTS\ARTS_mid.txt,CONSTRUCTION,0.0679,0.1,-1,0.0,0.377606987953186,0.2686,0
resumes/data\CONSTRUCTION\44147689.pdf,jds\ARTS\ARTS_entry.txt,CONSTRUCTION,0.0562,0.1,0,0.0,0.3496327996253967,0.2656,0
resumes/data\CONSTRUCTION\44147689.pdf,jds\ARTS\ARTS_senior.txt,CONSTRUCTION,0.0285,0.1,-2,0.0,0.4122190475463867,0.2356,0
resumes/data\CONSTRUCTION\45475027.pdf,jds\CONSTRUCTION\CONSTRUCTION_mid.txt,CONSTRUCTION,0.3542,0.4,0,0.0,0.5334534645080566,0.6609,1
resumes/data\CONSTRUCTION\45475027.pdf,jds\CONSTRUCTION\CONSTRUCTION_senior.txt,CONSTRUCTION,0.3564,0.45,0,0.0,0.5667250156402588,0.6723,1
resumes/data\CONSTRUCTION\45475027.pdf,jds\DESIGNER\DESIGNER_entry.txt,CONSTRUCTION,0.0641,0.05,1,-2.0,0.3836694657802582,0.4906,0
resumes/data\CONSTRUCTION\48549972.pdf,jds\SALES\SALES_senior.txt,CONSTRUCTION,0.0277,0.05,-2,34.0,0.2536153495311737,0.2193,0
resumes/data\CONSTRUCTION\48549972.pdf,jds\SALES\SALES_entry.txt,CONSTRUCTION,0.0265,0.05,-1,34.0,0.2826368808746338,0.1812,0
resumes/data\CONSTRUCTION\48549972.pdf,jds\SALES\SALES_mid.txt,CONSTRUCTION,0.0471,0.1,-2,34.0,0.3009454309940338,0.2257,0
resumes/data\CONSTRUCTION\49685006.pdf,jds\FITNESS\FITNESS_entry.txt,CONSTRUCTION,0.0477,0.1,0,9.0,0.353823721408844,0.2929,0
resumes/data\CONSTRUCTION\49685006.pdf,jds\FITNESS\FITNESS_senior.txt,CONSTRUCTION,0.0465,0.15,-3,11.0,0.2558073401451111,0.1835,0
resumes/data\CONSTRUCTION\49685006.pdf,jds\FITNESS\FITNESS_mid.txt,CONSTRUCTION,0.0502,0.15,-1,4.0,0.2571619749069214,0.2083,0
resumes/data\CONSTRUCTION\51638201.pdf,jds\CONSTRUCTION\CONSTRUCTION_mid.txt,CONSTRUCTION,0.2865,0.4,-2,0.0,0.5528497695922852,0.5948,1
resumes/data\CONSTRUCTION\51638201.pdf,jds\CONSTRUCTION\CONSTRUCTION_senior.txt,CONSTRUCTION,0.2309,0.4,-2,0.0,0.5106268525123596,0.5613,1
resumes/data\CONSTRUCTION\51638201.pdf,jds\HEALTHCARE\HEALTHCARE_mid.txt,CONSTRUCTION,0.1009,0.3,-2,0.0,0.3243471384048462,0.2475,0
resumes/data\CONSTRUCTION\51638201.pdf,jds\HEALTHCARE\HEALTHCARE_entry.txt,CONSTRUCTION,0.0615,0.1,-1,-2.0,0.3972943425178528,0.1832,0
resumes/data\CONSTRUCTION\51638201.pdf,jds\HEALTHCARE\HEALTHCARE_senior.txt,CONSTRUCTION,0.0479,0.05,-2,0.0,0.3251022696495056,0.2527,0
resumes/data\CONSTRUCTION\56525735.pdf,jds\CONSTRUCTION\CONSTRUCTION_mid.txt,CONSTRUCTION,0.3126,0.45,-1,0.0,0.6191479563713074,0.6848,1
resumes/data\CONSTRUCTION\56525735.pdf,jds\CONSTRUCTION\CONSTRUCTION_senior.txt,CONSTRUCTION,0.2759,0.3,-1,0.0,0.6138251423835754,0.6293,1
resumes/data\CONSTRUCTION\56525735.pdf,jds\HEALTHCARE\HEALTHCARE_entry.txt,CONSTRUCTION,0.0505,0.1,0,-2.0,0.2877395749092102,0.1407,0
resumes/data\CONSTRUCTION\56525735.pdf,jds\HEALTHCARE\HEALTHCARE_senior.txt,CONSTRUCTION,0.0315,0.1,-1,0.0,0.3205024003982544,0.2545,0
resumes/data\CONSTRUCTION\56525735.pdf,jds\HEALTHCARE\HEALTHCARE_mid.txt,CONSTRUCTION,0.0593,0.15,-1,0.0,0.2884877622127533,0.2214,0
resumes/data\CONSTRUCTION\61065616.pdf,jds\DESIGNER\DESIGNER_entry.txt,CONSTRUCTION,0.0844,0.1,0,17.0,0.3823160827159881,0.3962,0
resumes/data\CONSTRUCTION\63083944.pdf,jds\CONSTRUCTION\CONSTRUCTION_mid.txt,CONSTRUCTION,0.3286,0.4,-1,12.0,0.5572128891944885,0.6165,1
resumes/data\CONSTRUCTION\63083944.pdf,jds\CONSTRUCTION\CONSTRUCTION_senior.txt,CONSTRUCTION,0.2986,0.6,-1,12.0,0.5447726249694824,0.5899,1
resumes/data\CONSTRUCTION\63083944.pdf,jds\HR\HR_mid.txt,CONSTRUCTION,0.0797,0.1,-1,12.0,0.4111002683639526,0.3442,0
resumes/data\CONSTRUCTION\63083944.pdf,jds\HR\HR_senior.txt,CONSTRUCTION,0.074,0.15,-1,12.0,0.3671298325061798,0.3539,0
resumes/data\CONSTRUCTION\63083944.pdf,jds\HR\HR_entry.txt,CONSTRUCTION,0.0618,0.1,-1,12.0,0.4089295864105224,0.3317,0
resumes/data\CONSTRUCTION\63145386.pdf,jds\CONSTRUCTION\CONSTRUCTION_mid.txt,CONSTRUCTION,0.2766,0.25,-1,11.0,0.4732331037521362,0.6929,1
resumes/data\CONSTRUCTION\63145386.pdf,jds\CONSTRUCTION\CONSTRUCTION_senior.txt,CONSTRUCTION,0.1957,0.3,-1,11.0,0.466871976852417,0.637,1
resumes/data\CONSTRUCTION\63145386.pdf,jds\FITNESS\FITNESS_entry.txt,CONSTRUCTION,0.0215,0.0,1,9.0,0.2757177948951721,0.2102,0
resumes/data\CONSTRUCTION\63145386.pdf,jds\FITNESS\FITNESS_senior.txt,CONSTRUCTION,0.0244,0.15,-2,11.0,0.2898001670837402,0.2283,0
resumes/data\CONSTRUCTION\63145386.pdf,jds\FITNESS\FITNESS_mid.txt,CONSTRUCTION,0.0276,0.1,0,4.0,0.2770970165729522,0.2044,0
resumes/data\CONSTRUCTION\69764348.pdf,jds\APPAREL\APPAREL_senior.txt,CONSTRUCTION,0.0358,0.2,-1,14.0,0.2714191377162933,0.1926,0
resumes/data\CONSTRUCTION\69764348.pdf,jds\APPAREL\APPAREL_mid.txt,CONSTRUCTION,0.0894,0.1,-1,14.0,0.3059087991714477,0.2775,0
resumes/data\CONSTRUCTION\69764348.pdf,jds\APPAREL\APPAREL_entry.txt,CONSTRUCTION,0.0485,0.1,0,12.0,0.2487270832061767,0.2282,0
resumes/data\CONSTRUCTION\71576860.pdf,jds\PUBLIC-RELATIONS\PUBLIC-RELATIONS_senior.txt,CONSTRUCTION,0.061,0.05,-2,11.0,0.4923478066921234,0.2748,0
resumes/data\CONSTRUCTION\71576860.pdf,jds\PUBLIC-RELATIONS\PUBLIC-RELATIONS_entry.txt,CONSTRUCTION,0.0561,0.1,-1,9.0,0.4188989102840423,0.264,0
resumes/data\CONSTRUCTION\71576860.pdf,jds\PUBLIC-RELATIONS\PUBLIC-RELATIONS_mid.txt,CONSTRUCTION,0.0608,0.05,-2,11.0,0.430436760187149,0.2565,0
resumes/data\CONSTRUCTION\78114950.pdf,jds\CONSTRUCTION\CONSTRUCTION_mid.txt,CONSTRUCTION,0.2811,0.4,-2,9.0,0.5766122341156006,0.5724,1
resumes/data\CONSTRUCTION\78114950.pdf,jds\CONSTRUCTION\CONSTRUCTION_senior.txt,CONSTRUCTION,0.2173,0.35,-2,9.0,0.6091485023498535,0.5629,1
resumes/data\CONSTRUCTION\78298706.pdf,jds\HR\HR_mid.txt,CONSTRUCTION,0.0173,0.0,-2,0.0,0.2594112753868103,0.1385,0
resumes/data\CONSTRUCTION\78298706.pdf,jds\HR\HR_senior.txt,CONSTRUCTION,0.0207,0.0,-2,0.0,0.26877561211586,0.1748,0
resumes/data\CONSTRUCTION\78298706.pdf,jds\HR\HR_entry.txt,CONSTRUCTION,0.029,0.0,-2,0.0,0.2059968411922454,0.1002,0
resumes/data\CONSTRUCTION\88859947.pdf,jds\CONSTRUCTION\CONSTRUCTION_mid.txt,CONSTRUCTION,0.325,0.6,-1,0.0,0.5340211391448975,0.6563,1
resumes/data\CONSTRUCTION\88859947.pdf,jds\CONSTRUCTION\CONSTRUCTION_senior.txt,CONSTRUCTION,0.2477,0.3,-1,0.0,0.5490561723709106,0.5696,1
resumes/data\CONSTRUCTION\88859947.pdf,jds\HR\HR_senior.txt,CONSTRUCTION,0.0441,0.05,-1,0.0,0.4027858972549438,0.4162,0
resumes/data\CONSTRUCTION\90032884.pdf,jds\HEALTHCARE\HEALTHCARE_mid.txt,CONSTRUCTION,0.0565,0.05,-1,19.0,0.2496213316917419,0.3228,0
resumes/data\CONSTRUCTION\90032884.pdf,jds\HEALTHCARE\HEALTHCARE_entry.txt,CONSTRUCTION,0.0506,0.05,0,17.0,0.2627829611301422,0.2923,0
resumes/data\CONSTRUCTION\90032884.pdf,jds\HEALTHCARE\HEALTHCARE_senior.txt,CONSTRUCTION,0.0251,0.0,-1,19.0,0.2901979684829712,0.2578,0
resumes/data\CONSTRUCTION\93436805.pdf,jds\FITNESS\FITNESS_entry.txt,CONSTRUCTION,0.0617,0.15,2,-2.0,0.290146917104721,0.2023,0
resumes/data\CONSTRUCTION\93436805.pdf,jds\FITNESS\FITNESS_senior.txt,CONSTRUCTION,0.0629,0.1,-1,0.0,0.2693278193473816,0.1842,0
resumes/data\CONSTRUCTION\93436805.pdf,jds\FITNESS\FITNESS_mid.txt,CONSTRUCTION,0.0824,0.2,1,-7.0,0.2570833563804626,0.1454,0
resumes/data\CONSTRUCTION\94503308.pdf,jds\CONSTRUCTION\CONSTRUCTION_mid.txt,CONSTRUCTION,0.2858,0.45,0,24.0,0.5140366554260254,0.5837,1
resumes/data\CONSTRUCTION\94503308.pdf,jds\CONSTRUCTION\CONSTRUCTION_senior.txt,CONSTRUCTION,0.2713,0.3,0,24.0,0.52501380443573,0.5513,1
resumes/data\CONSTRUCTION\94503308.pdf,jds\HR\HR_senior.txt,CONSTRUCTION,0.0538,0.05,0,24.0,0.3252496421337127,0.3004,0
resumes/data\CONSTRUCTION\94503308.pdf,jds\HR\HR_mid.txt,CONSTRUCTION,0.0537,0.05,0,24.0,0.3214573264122009,0.3164,0
resumes/data\CONSTRUCTION\94503308.pdf,jds\HR\HR_entry.txt,CONSTRUCTION,0.041,0.0,0,24.0,0.3435501158237457,0.3059,0
resumes/data\CONSTRUCTION\99433371.pdf,jds\ARTS\ARTS_senior.txt,CONSTRUCTION,0.0183,0.0,-2,21.0,0.400542140007019,0.3567,0
resumes/data\CONSTRUCTION\99433371.pdf,jds\ARTS\ARTS_mid.txt,CONSTRUCTION,0.0354,0.0,-1,21.0,0.3982345461845398,0.4234,0
resumes/data\CONSULTANT\10332998.pdf,jds\TEACHER\TEACHER_senior.txt,CONSULTANT,0.0373,0.15,-2,12.0,0.3142226934432983,0.3265,0
resumes/data\CONSULTANT\10332998.pdf,jds\TEACHER\TEACHER_entry.txt,CONSULTANT,0.0294,0.1,0,12.0,0.2506017684936523,0.2689,0
resumes/data\CONSULTANT\10332998.pdf,jds\TEACHER\TEACHER_mid.txt,CONSULTANT,0.0267,0.05,-1,12.0,0.2740655839443207,0.3037,0
resumes/data\CONSULTANT\10984392.pdf,jds\ENGINEERING\ENGINEERING_entry.txt,CONSULTANT,0.0744,0.15,0,21.0,0.3282255530357361,0.3205,0
resumes/data\CONSULTANT\10984392.pdf,jds\ENGINEERING\ENGINEERING_senior.txt,CONSULTANT,0.0763,0.2,-2,23.0,0.3725991547107696,0.3602,0
resumes/data\CONSULTANT\11333660.pdf,jds\ENGINEERING\ENGINEERING_entry.txt,CONSULTANT,0.0312,0.05,2,-2.0,0.2445504665374755,0.2566,0
resumes/data\CONSULTANT\11333660.pdf,jds\ENGINEERING\ENGINEERING_senior.txt,CONSULTANT,0.0463,0.1,0,0.0,0.2955479025840759,0.2943,0
resumes/data\CONSULTANT\11333660.pdf,jds\ENGINEERING\ENGINEERING_mid.txt,CONSULTANT,0.0281,0.0,1,0.0,0.2645168304443359,0.2692,0
resumes/data\CONSULTANT\11415967.pdf,jds\ARTS\ARTS_senior.txt,CONSULTANT,0.0396,0.1,-1,12.0,0.3025588393211365,0.2588,0
resumes/data\CONSULTANT\11415967.pdf,jds\ARTS\ARTS_entry.txt,CONSULTANT,0.0543,0.15,1,12.0,0.3219014406204223,0.2928,0
resumes/data\CONSULTANT\11835339.pdf,jds\INFORMATION-TECHNOLOGY\INFORMATION-TECHNOLOGY_entry.txt,CONSULTANT,0.0559,0.0,0,29.0,0.2768927812576294,0.2582,0
resumes/data\CONSULTANT\11835339.pdf,jds\INFORMATION-TECHNOLOGY\INFORMATION-TECHNOLOGY_senior.txt,CONSULTANT,0.045,0.05,-1,31.0,0.2471261918544769,0.258,0
resumes/data\CONSULTANT\11835339.pdf,jds\INFORMATION-TECHNOLOGY\INFORMATION-TECHNOLOGY_mid.txt,CONSULTANT,0.0494,0.1,-1,31.0,0.2677953243255615,0.2733,0
resumes/data\CONSULTANT\12251115.pdf,jds\AUTOMOBILE\AUTOMOBILE_mid.txt,CONSULTANT,0.1383,0.05,0,-3.0,0.3396897912025451,0.225,0
resumes/data\CONSULTANT\12251115.pdf,jds\AUTOMOBILE\AUTOMOBILE_entry.txt,CONSULTANT,0.079,0.0,0,3.0,0.3488929569721222,0.191,0
resumes/data\CONSULTANT\12251115.pdf,jds\AUTOMOBILE\AUTOMOBILE_senior.txt,CONSULTANT,0.1025,0.1,-1,5.0,0.4088937640190124,0.3146,0
resumes/data\CONSULTANT\12374933.pdf,jds\TEACHER\TEACHER_senior.txt,CONSULTANT,0.0317,0.15,-2,3.0,0.2078687250614166,0.2924,0
resumes/data\CONSULTANT\12374933.pdf,jds\TEACHER\TEACHER_entry.txt,CONSULTANT,0.0602,0.05,0,3.0,0.1908864825963974,0.3087,0
resumes/data\CONSULTANT\12374933.pdf,jds\TEACHER\TEACHER_mid.txt,CONSULTANT,0.0422,0.05,-1,3.0,0.1976703405380249,0.2946,0
resumes/data\CONSULTANT\12526702.pdf,jds\AGRICULTURE\AGRICULTURE_entry.txt,CONSULTANT,0.0748,0.15,0,15.0,0.2588244676589966,0.1768,0
resumes/data\CONSULTANT\12526702.pdf,jds\AGRICULTURE\AGRICULTURE_mid.txt,CONSULTANT,0.0569,0.1,-1,8.0,0.2765404284000397,0.225,0
resumes/data\CONSULTANT\12526702.pdf,jds\AGRICULTURE\AGRICULTURE_senior.txt,CONSULTANT,0.0585,0.1,-2,15.0,0.2945984005928039,0.2314,0
resumes/data\CONSULTANT\12897903.pdf,jds\HEALTHCARE\HEALTHCARE_entry.txt,CONSULTANT,0.0411,0.05,1,28.0,0.5300341248512268,0.3921,0
resumes/data\CONSULTANT\12897903.pdf,jds\HEALTHCARE\HEALTHCARE_senior.txt,CONSULTANT,0.0414,0.15,0,30.0,0.5091573596000671,0.4242,0
resumes/data\CONSULTANT\12897903.pdf,jds\HEALTHCARE\HEALTHCARE_mid.txt,CONSULTANT,0.0801,0.3,0,30.0,0.432009756565094,0.3613,0
resumes/data\CONSULTANT\12955994.pdf,jds\TEACHER\TEACHER_entry.txt,CONSULTANT,0.08,0.1,-1,0.0,0.3387777805328369,0.2951,0
resumes/data\CONSULTANT\12955994.pdf,jds\TEACHER\TEACHER_senior.txt,CONSULTANT,0.0577,0.15,-3,0.0,0.3318782746791839,0.3512,0
resumes/data\CONSULTANT\12955994.pdf,jds\TEACHER\TEACHER_mid.txt,CONSULTANT,0.0568,0.05,-2,0.0,0.34367835521698,0.3667,0
resumes/data\CONSULTANT\13215696.pdf,jds\AUTOMOBILE\AUTOMOBILE_senior.txt,CONSULTANT,0.0649,0.15,-1,0.0,0.325020432472229,0.3145,0
resumes/data\CONSULTANT\13215696.pdf,jds\AUTOMOBILE\AUTOMOBILE_mid.txt,CONSULTANT,0.2059,0.2,0,-8.0,0.2842508554458618,0.3497,0
resumes/data\CONSULTANT\13215696.pdf,jds\AUTOMOBILE\AUTOMOBILE_entry.txt,CONSULTANT,0.1627,0.15,0,-2.0,0.3085130453109741,0.3959,0
resumes/data\CONSULTANT\13313917.pdf,jds\TEACHER\TEACHER_senior.txt,CONSULTANT,0.0903,0.3,-2,15.0,0.3284207582473755,0.2786,0
resumes/data\CONSULTANT\13313917.pdf,jds\TEACHER\TEACHER_entry.txt,CONSULTANT,0.0722,0.1,0,15.0,0.3105122745037079,0.2616,0
resumes/data\CONSULTANT\13313917.pdf,jds\TEACHER\TEACHER_mid.txt,CONSULTANT,0.0488,0.05,-1,15.0,0.3313699960708618,0.2743,0
resumes/data\CONSULTANT\13454871.pdf,jds\DIGITAL-MEDIA\DIGITAL-MEDIA_entry.txt,CONSULTANT,0.0498,0.0,1,4.0,0.3722959756851196,0.3392,0
resumes/data\CONSULTANT\13454871.pdf,jds\DIGITAL-MEDIA\DIGITAL-MEDIA_senior.txt,CONSULTANT,0.0503,0.15,0,6.0,0.3835603892803192,0.3738,0
resumes/data\CONSULTANT\13569152.pdf,jds\ACCOUNTANT\ACCOUNTANT_entry.txt,CONSULTANT,0.0629,0.1,0,20.0,0.3548827469348907,0.4198,0
resumes/data\CONSULTANT\13586069.pdf,jds\TEACHER\TEACHER_entry.txt,CONSULTANT,0.0811,0.1,1,13.0,0.3350024819374084,0.3035,0
resumes/data\CONSULTANT\13586069.pdf,jds\TEACHER\TEACHER_senior.txt,CONSULTANT,0.0916,0.25,-1,13.0,0.2671750783920288,0.3125,0
resumes/data\CONSULTANT\13586069.pdf,jds\TEACHER\TEACHER_mid.txt,CONSULTANT,0.0846,0.1,0,13.0,0.3390942811965942,0.3196,0
resumes/data\CONSULTANT\14346702.pdf,jds\TEACHER\TEACHER_senior.txt,CONSULTANT,0.0368,0.15,-3,3.0,0.4893848001956939,0.2091,0
resumes/data\CONSULTANT\14346702.pdf,jds\TEACHER\TEACHER_entry.txt,CONSULTANT,0.0638,0.15,-1,3.0,0.4124086797237396,0.2118,0
resumes/data\CONSULTANT\14346702.pdf,jds\TEACHER\TEACHER_mid.txt,CONSULTANT,0.0346,0.05,-2,3.0,0.4706877768039703,0.2238,0
resumes/data\CONSULTANT\14517953.pdf,jds\AGRICULTURE\AGRICULTURE_mid.txt,CONSULTANT,0.0794,0.05,0,14.0,0.3089082837104797,0.3464,0
resumes/data\CONSULTANT\14517953.pdf,jds\AGRICULTURE\AGRICULTURE_entry.txt,CONSULTANT,0.06,0.0,1,21.0,0.3087745308876037,0.3418,0
resumes/data\CONSULTANT\14517953.pdf,jds\AGRICULTURE\AGRICULTURE_senior.txt,CONSULTANT,0.0654,0.1,-1,21.0,0.3432919681072235,0.3652,0
resumes/data\CONSULTANT\15083600.pdf,jds\CONSULTANT\CONSULTANT_entry.txt,CONSULTANT,0.146,0.45,0,15.0,0.63261479139328,0.7,1
resumes/data\CONSULTANT\15083600.pdf,jds\ADVOCATE\ADVOCATE_mid.txt,CONSULTANT,0.0416,0.05,0,15.0,0.3851457834243774,0.3826,0
resumes/data\CONSULTANT\15083600.pdf,jds\ADVOCATE\ADVOCATE_entry.txt,CONSULTANT,0.031,0.0,0,13.0,0.4222041070461273,0.4273,0
resumes/data\CONSULTANT\15119529.pdf,jds\HEALTHCARE\HEALTHCARE_mid.txt,CONSULTANT,0.0341,0.15,-1,6.0,0.322088360786438,0.3236,0
resumes/data\CONSULTANT\15119529.pdf,jds\HEALTHCARE\HEALTHCARE_senior.txt,CONSULTANT,0.0254,0.0,-1,6.0,0.3404603600502014,0.3684,0
resumes/data\CONSULTANT\15119529.pdf,jds\HEALTHCARE\HEALTHCARE_entry.txt,CONSULTANT,0.0248,0.0,0,4.0,0.321843534708023,0.2984,0
resumes/data\CONSULTANT\15281412.pdf,jds\ENGINEERING\ENGINEERING_entry.txt,CONSULTANT,0.0453,0.2,0,12.0,0.2780456840991974,0.2506,0
resumes/data\CONSULTANT\15281412.pdf,jds\ENGINEERING\ENGINEERING_mid.txt,CONSULTANT,0.0401,0.1,-1,14.0,0.3574865460395813,0.3201,0
resumes/data\CONSULTANT\15281412.pdf,jds\ENGINEERING\ENGINEERING_senior.txt,CONSULTANT,0.0547,0.2,-2,14.0,0.3246359527111053,0.2431,0
resumes/data\CONSULTANT\15433732.pdf,jds\BANKING\BANKING_entry.txt,CONSULTANT,0.039,0.25,0,23.0,0.3779671490192413,0.2419,0
resumes/data\CONSULTANT\15433732.pdf,jds\BANKING\BANKING_mid.txt,CONSULTANT,0.1,0.2,-1,25.0,0.3824093043804168,0.34,0
resumes/data\CONSULTANT\15433732.pdf,jds\BANKING\BANKING_senior.txt,CONSULTANT,0.0649,0.1,-1,25.0,0.3673340976238251,0.2756,0
resumes/data\CONSULTANT\15535920.pdf,jds\CONSULTANT\CONSULTANT_entry.txt,CONSULTANT,0.1624,0.35,-1,0.0,0.6169025897979736,0.6585,1
resumes/data\CONSULTANT\15535920.pdf,jds\BPO\BPO_entry.txt,CONSULTANT,0.1378,0.25,0,-2.0,0.4776173830032348,0.4401,0
resumes/data\CONSULTANT\15699744.pdf,jds\CONSULTANT\CONSULTANT_mid.txt,CONSULTANT,0.11,0.15,-1,30.0,0.6001073122024536,0.7289,1
resumes/data\CONSULTANT\15699744.pdf,jds\CONSULTANT\CONSULTANT_senior.txt,CONSULTANT,0.137,0.35,-1,30.0,0.542594313621521,0.6847,1
resumes/data\CONSULTANT\16964217.pdf,jds\ENGINEERING\ENGINEERING_mid.txt,CONSULTANT,0.0352,0.05,-1,8.0,0.2106547802686691,0.2991,0
resumes/data\CONSULTANT\16964217.pdf,jds\ENGINEERING\ENGINEERING_entry.txt,CONSULTANT,0.0325,0.05,0,6.0,0.1522430628538131,0.242,0
resumes/data\CONSULTANT\16964217.pdf,jds\ENGINEERING\ENGINEERING_senior.txt,CONSULTANT,0.0382,0.1,-2,8.0,0.1944653242826461,0.1915,0
resumes/data\CONSULTANT\17025292.pdf,jds\ENGINEERING\ENGINEERING_senior.txt,CONSULTANT,0.0677,0.15,-3,0.0,0.3219869136810303,0.3826,0
resumes/data\CONSULTANT\17025292.pdf,jds\ENGINEERING\ENGINEERING_entry.txt,CONSULTANT,0.0605,0.1,-1,-2.0,0.3375651836395263,0.4049,0
resumes/data\CONSULTANT\17307206.pdf,jds\PUBLIC-RELATIONS\PUBLIC-RELATIONS_mid.txt,CONSULTANT,0.029,0.1,-1,0.0,0.3657807111740112,0.302,0
resumes/data\CONSULTANT\17307206.pdf,jds\PUBLIC-RELATIONS\PUBLIC-RELATIONS_senior.txt,CONSULTANT,0.0314,0.1,-1,0.0,0.3872433602809906,0.3254,0
resumes/data\CONSULTANT\17307206.pdf,jds\PUBLIC-RELATIONS\PUBLIC-RELATIONS_entry.txt,CONSULTANT,0.0296,0.1,0,-2.0,0.3718565702438354,0.3497,0
resumes/data\CONSULTANT\17983957.pdf,jds\DIGITAL-MEDIA\DIGITAL-MEDIA_entry.txt,CONSULTANT,0.0526,0.05,1,10.0,0.4495727121829986,0.2502,0
resumes/data\CONSULTANT\17983957.pdf,jds\DIGITAL-MEDIA\DIGITAL-MEDIA_mid.txt,CONSULTANT,0.063,0.25,0,12.0,0.4695025086402893,0.3095,0
resumes/data\CONSULTANT\17983957.pdf,jds\DIGITAL-MEDIA\DIGITAL-MEDIA_senior.txt,CONSULTANT,0.0394,0.1,0,12.0,0.455213189125061,0.2478,0
resumes/data\CONSULTANT\18079050.pdf,jds\AUTOMOBILE\AUTOMOBILE_mid.txt,CONSULTANT,0.0299,0.05,0,2.0,0.2127596735954284,0.2474,0
resumes/data\CONSULTANT\18079050.pdf,jds\AUTOMOBILE\AUTOMOBILE_senior.txt,CONSULTANT,0.0219,0.0,-1,10.0,0.211312249302864,0.2894,0
resumes/data\CONSULTANT\18079050.pdf,jds\AUTOMOBILE\AUTOMOBILE_entry.txt,CONSULTANT,0.041,0.1,0,8.0,0.2586205303668976,0.255,0
resumes/data\CONSULTANT\18227306.pdf,jds\CHEF\CHEF_senior.txt,CONSULTANT,0.0533,0.1,2,20.0,0.3084369003772735,0.3122,0
resumes/data\CONSULTANT\18227306.pdf,jds\CHEF\CHEF_mid.txt,CONSULTANT,0.0401,0.1,2,20.0,0.3298627138137817,0.3029,0
resumes/data\CONSULTANT\18227306.pdf,jds\CHEF\CHEF_entry.txt,CONSULTANT,0.0503,0.15,2,20.0,0.329974353313446,0.2405,0
resumes/data\CONSULTANT\18856440.pdf,jds\ARTS\ARTS_senior.txt,CONSULTANT,0.0257,0.0,-3,28.0,0.2312134206295013,0.2291,0
resumes/data\CONSULTANT\18856440.pdf,jds\ARTS\ARTS_entry.txt,CONSULTANT,0.0328,0.0,-1,28.0,0.2894859910011291,0.2487,0
resumes/data\CONSULTANT\18856440.pdf,jds\ARTS\ARTS_mid.txt,CONSULTANT,0.0353,0.05,-2,28.0,0.341433048248291,0.3752,0
resumes/data\CONSULTANT\19161572.pdf,jds\FITNESS\FITNESS_senior.txt,CONSULTANT,0.0165,0.0,-2,28.0,0.2689173221588135,0.2623,0
resumes/data\CONSULTANT\19161572.pdf,jds\FITNESS\FITNESS_entry.txt,CONSULTANT,0.0494,0.1,1,26.0,0.3968924582004547,0.3453,0
resumes/data\CONSULTANT\19161572.pdf,jds\FITNESS\FITNESS_mid.txt,CONSULTANT,0.0416,0.05,0,21.0,0.3181257247924804,0.3345,0
resumes/data\CONSULTANT\19936735.pdf,jds\AVIATION\AVIATION_senior.txt,CONSULTANT,0.0661,0.15,0,26.0,0.4335722625255584,0.3236,0
resumes/data\CONSULTANT\19936735.pdf,jds\AVIATION\AVIATION_mid.txt,CONSULTANT,0.0658,0.05,0,18.0,0.3997060656547546,0.3959,0
resumes/data\CONSULTANT\19936735.pdf,jds\AVIATION\AVIATION_entry.txt,CONSULTANT,0.0409,0.05,0,24.0,0.3931815326213836,0.3236,0
resumes/data\CONSULTANT\20176584.pdf,jds\PUBLIC-RELATIONS\PUBLIC-RELATIONS_entry.txt,CONSULTANT,0.0257,0.0,1,23.0,0.3965312838554382,0.3676,0
resumes/data\CONSULTANT\20314980.pdf,jds\DIGITAL-MEDIA\DIGITAL-MEDIA_senior.txt,CONSULTANT,0.0315,0.1,-1,15.0,0.401472806930542,0.3884,0
resumes/data\CONSULTANT\20314980.pdf,jds\DIGITAL-MEDIA\DIGITAL-MEDIA_entry.txt,CONSULTANT,0.0403,0.05,0,13.0,0.4059975147247314,0.4119,0
resumes/data\CONSULTANT\20574232.pdf,jds\ARTS\ARTS_mid.txt,CONSULTANT,0.0318,0.15,-1,20.0,0.3298127651214599,0.2898,0
resumes/data\CONSULTANT\20574232.pdf,jds\ARTS\ARTS_senior.txt,CONSULTANT,0.0265,0.05,-2,20.0,0.2699811458587646,0.1865,0
resumes/data\CONSULTANT\20574232.pdf,jds\ARTS\ARTS_entry.txt,CONSULTANT,0.0388,0.1,0,20.0,0.2630145847797394,0.2383,0
resumes/data\CONSULTANT\21156767.pdf,jds\AGRICULTURE\AGRICULTURE_mid.txt,CONSULTANT,0.0679,0.05,0,-1.0,0.2626647055149078,0.3149,0
resumes/data\CONSULTANT\21156767.pdf,jds\AGRICULTURE\AGRICULTURE_entry.txt,CONSULTANT,0.061,0.05,1,6.0,0.1832565069198608,0.2351,0
resumes/data\CONSULTANT\21156767.pdf,jds\AGRICULTURE\AGRICULTURE_senior.txt,CONSULTANT,0.0303,0.0,-1,6.0,0.2826873660087585,0.2882,0
resumes/data\CONSULTANT\21366189.pdf,jds\AGRICULTURE\AGRICULTURE_entry.txt,CONSULTANT,0.0639,0.0,1,11.0,0.4284703731536865,0.3716,0
resumes/data\CONSULTANT\21366189.pdf,jds\AGRICULTURE\AGRICULTURE_mid.txt,CONSULTANT,0.0966,0.15,0,4.0,0.4509439468383789,0.4389,0
resumes/data\CONSULTANT\21512769.pdf,jds\DIGITAL-MEDIA\DIGITAL-MEDIA_senior.txt,CONSULTANT,0.0163,0.05,0,13.0,0.266227126121521,0.2543,0
resumes/data\CONSULTANT\21512769.pdf,jds\DIGITAL-MEDIA\DIGITAL-MEDIA_mid.txt,CONSULTANT,0.0226,0.1,0,13.0,0.3109899163246155,0.3095,0
resumes/data\CONSULTANT\21512769.pdf,jds\DIGITAL-MEDIA\DIGITAL-MEDIA_entry.txt,CONSULTANT,0.0294,0.1,1,11.0,0.3369245529174804,0.2544,0
resumes/data\CONSULTANT\21568833.pdf,jds\AUTOMOBILE\AUTOMOBILE_senior.txt,CONSULTANT,0.0163,0.0,0,0.0,0.4666014909744262,0.3221,0
resumes/data\CONSULTANT\21568833.pdf,jds\AUTOMOBILE\AUTOMOBILE_mid.txt,CONSULTANT,0.03,0.0,1,-8.0,0.389880895614624,0.2955,0
resumes/data\CONSULTANT\21568833.pdf,jds\AUTOMOBILE\AUTOMOBILE_entry.txt,CONSULTANT,0.0248,0.15,1,-2.0,0.3536563515663147,0.2725,0
resumes/data\CONSULTANT\22351830.pdf,jds\ADVOCATE\ADVOCATE_entry.txt,CONSULTANT,0.0397,0.0,-1,0.0,0.4157809019088745,0.4803,0
resumes/data\CONSULTANT\22485475.pdf,jds\ADVOCATE\ADVOCATE_mid.txt,CONSULTANT,0.0423,0.05,-1,15.0,0.3259014189243316,0.3816,0
resumes/data\CONSULTANT\22556198.pdf,jds\AUTOMOBILE\AUTOMOBILE_entry.txt,CONSULTANT,0.0365,0.05,1,-2.0,0.2788204550743103,0.1853,0
resumes/data\CONSULTANT\22556198.pdf,jds\AUTOMOBILE\AUTOMOBILE_mid.txt,CONSULTANT,0.0715,0.1,1,-8.0,0.2790210247039795,0.1794,0
resumes/data\CONSULTANT\22556198.pdf,jds\AUTOMOBILE\AUTOMOBILE_senior.txt,CONSULTANT,0.048,0.2,0,0.0,0.2479344010353088,0.1293,0
resumes/data\CONSULTANT\22571461.pdf,jds\CONSULTANT\CONSULTANT_entry.txt,CONSULTANT,0.2132,0.45,-1,0.0,0.6060040593147278,0.6068,1
resumes/data\CONSULTANT\22571461.pdf,jds\CONSULTANT\CONSULTANT_mid.txt,CONSULTANT,0.1783,0.2,-1,0.0,0.6380339860916138,0.6179,1
resumes/data\CONSULTANT\22571461.pdf,jds\DESIGNER\DESIGNER_senior.txt,CONSULTANT,0.0433,0.05,-1,0.0,0.4371462166309356,0.3744,0
resumes/data\CONSULTANT\22571461.pdf,jds\DESIGNER\DESIGNER_mid.txt,CONSULTANT,0.0549,0.1,-1,0.0,0.4106854796409607,0.3857,0
resumes/data\CONSULTANT\22571461.pdf,jds\DESIGNER\DESIGNER_entry.txt,CONSULTANT,0.0425,0.0,0,-2.0,0.3467937707901001,0.2781,0
resumes/data\CONSULTANT\23302948.pdf,jds\SALES\SALES_entry.txt,CONSULTANT,0.0322,0.0,2,3.0,0.253696471452713,0.2556,0
resumes/data\CONSULTANT\23302948.pdf,jds\SALES\SALES_senior.txt,CONSULTANT,0.0332,0.15,1,3.0,0.266050636768341,0.2948,0
resumes/data\CONSULTANT\23302948.pdf,jds\SALES\SALES_mid.txt,CONSULTANT,0.0657,0.15,1,3.0,0.232573851943016,0.2803,0
resumes/data\CONSULTANT\24643412.pdf,jds\AGRICULTURE\AGRICULTURE_senior.txt,CONSULTANT,0.0612,0.1,0,5.0,0.3544855415821075,0.2856,0
resumes/data\CONSULTANT\24643412.pdf,jds\AGRICULTURE\AGRICULTURE_mid.txt,CONSULTANT,0.066,0.05,1,-2.0,0.3135435581207275,0.3287,0
resumes/data\CONSULTANT\24643412.pdf,jds\AGRICULTURE\AGRICULTURE_entry.txt,CONSULTANT,0.0685,0.05,2,5.0,0.3390108942985534,0.264,0
resumes/data\CONSULTANT\24828381.pdf,jds\DESIGNER\DESIGNER_mid.txt,CONSULTANT,0.019,0.0,-1,54.0,0.3956633806228637,0.2846,0
resumes/data\CONSULTANT\24828381.pdf,jds\DESIGNER\DESIGNER_entry.txt,CONSULTANT,0.0257,0.05,0,52.0,0.3045405745506286,0.1969,0
resumes/data\CONSULTANT\24828381.pdf,jds\DESIGNER\DESIGNER_senior.txt,CONSULTANT,0.029,0.1,-1,54.0,0.4142093062400818,0.25,0
resumes/data\CONSULTANT\25213006.pdf,jds\FITNESS\FITNESS_mid.txt,CONSULTANT,0.0469,0.1,-1,-2.0,0.2955307960510254,0.3201,0
resumes/data\CONSULTANT\25213006.pdf,jds\FITNESS\FITNESS_entry.txt,CONSULTANT,0.0431,0.0,0,3.0,0.3210582137107849,0.3342,0
resumes/data\CONSULTANT\25213006.pdf,jds\FITNESS\FITNESS_senior.txt,CONSULTANT,0.0318,0.0,-3,5.0,0.3403708338737488,0.2522,0
resumes/data\CONSULTANT\25258040.pdf,jds\AUTOMOBILE\AUTOMOBILE_mid.txt,CONSULTANT,0.1262,0.25,-1,3.0,0.2662753164768219,0.3417,0
resumes/data\CONSULTANT\25258040.pdf,jds\AUTOMOBILE\AUTOMOBILE_entry.txt,CONSULTANT,0.0789,0.1,-1,9.0,0.2609652578830719,0.3192,0
resumes/data\CONSULTANT\25258040.pdf,jds\AUTOMOBILE\AUTOMOBILE_senior.txt,CONSULTANT,0.049,0.1,-2,11.0,0.328551322221756,0.3444,0
resumes/data\CONSULTANT\25694422.pdf,jds\INFORMATION-TECHNOLOGY\INFORMATION-TECHNOLOGY_mid.txt,CONSULTANT,0.0257,0.05,-1,15.0,0.2065934389829635,0.1549,0
resumes/data\CONSULTANT\25694422.pdf,jds\INFORMATION-TECHNOLOGY\INFORMATION-TECHNOLOGY_senior.txt,CONSULTANT,0.0244,0.05,-1,15.0,0.1796313971281051,0.0895,0
resumes/data\CONSULTANT\25694422.pdf,jds\INFORMATION-TECHNOLOGY\INFORMATION-TECHNOLOGY_entry.txt,CONSULTANT,0.0331,0.05,0,13.0,0.1681422591209411,0.1439,0
resumes/data\CONSULTANT\26167298.pdf,jds\CONSULTANT\CONSULTANT_mid.txt,CONSULTANT,0.1363,0.3,0,18.0,0.6933825612068176,0.7542,1
resumes/data\CONSULTANT\26167298.pdf,jds\CONSULTANT\CONSULTANT_senior.txt,CONSULTANT,0.1204,0.5,0,18.0,0.6195579767227173,0.714,1
resumes/data\CONSULTANT\26167298.pdf,jds\INFORMATION-TECHNOLOGY\INFORMATION-TECHNOLOGY_entry.txt,CONSULTANT,0.0703,0.05,1,16.0,0.3776813447475433,0.3824,0
resumes/data\CONSULTANT\26234972.pdf,jds\DIGITAL-MEDIA\DIGITAL-MEDIA_entry.txt,CONSULTANT,0.1085,0.3,-2,7.0,0.4895175099372864,0.5165,0
resumes/data\CONSULTANT\26291616.pdf,jds\CONSTRUCTION\CONSTRUCTION_mid.txt,CONSULTANT,0.0742,0.45,-2,27.0,0.4013098776340484,0.3549,0
resumes/data\CONSULTANT\26291616.pdf,jds\CONSTRUCTION\CONSTRUCTION_senior.txt,CONSULTANT,0.0591,0.3,-2,27.0,0.4114794731140136,0.3296,0
resumes/data\CONSULTANT\26291616.pdf,jds\CONSTRUCTION\CONSTRUCTION_entry.txt,CONSULTANT,0.0603,0.3,-1,25.0,0.4177018105983734,0.3513,0
resumes/data\CONSULTANT\26919036.pdf,jds\CONSULTANT\CONSULTANT_senior.txt,CONSULTANT,0.1784,0.4,0,12.0,0.5800187587738037,0.6535,1
resumes/data\CONSULTANT\26919036.pdf,jds\HEALTHCARE\HEALTHCARE_entry.txt,CONSULTANT,0.0663,0.1,1,10.0,0.3925359845161438,0.3954,0
resumes/data\CONSULTANT\27096471.pdf,jds\DIGITAL-MEDIA\DIGITAL-MEDIA_senior.txt,CONSULTANT,0.0788,0.25,0,11.0,0.379640519618988,0.3626,0
resumes/data\CONSULTANT\27096471.pdf,jds\DIGITAL-MEDIA\DIGITAL-MEDIA_entry.txt,CONSULTANT,0.0476,0.1,1,9.0,0.4640246331691742,0.4148,0
resumes/data\CONSULTANT\27788376.pdf,jds\BPO\BPO_entry.txt,CONSULTANT,0.0664,0.1,1,0.0,0.219019666314125,0.3014,0
resumes/data\CONSULTANT\27788376.pdf,jds\BPO\BPO_mid.txt,CONSULTANT,0.0742,0.25,1,2.0,0.260275274515152,0.3384,0
resumes/data\CONSULTANT\27788376.pdf,jds\BPO\BPO_senior.txt,CONSULTANT,0.063,0.15,0,2.0,0.2588964998722076,0.346,0
resumes/data\CONSULTANT\28243590.pdf,jds\DIGITAL-MEDIA\DIGITAL-MEDIA_senior.txt,CONSULTANT,0.0444,0.05,0,20.0,0.3481557965278625,0.1905,0
resumes/data\CONSULTANT\28243590.pdf,jds\DIGITAL-MEDIA\DIGITAL-MEDIA_mid.txt,CONSULTANT,0.0339,0.0,0,20.0,0.3829658031463623,0.2304,0
resumes/data\CONSULTANT\28243590.pdf,jds\DIGITAL-MEDIA\DIGITAL-MEDIA_entry.txt,CONSULTANT,0.041,0.0,1,18.0,0.3919223546981811,0.2301,0
resumes/data\CONSULTANT\28951817.pdf,jds\PUBLIC-RELATIONS\PUBLIC-RELATIONS_entry.txt,CONSULTANT,0.0548,0.05,0,1.0,0.4187510013580322,0.3402,0
resumes/data\CONSULTANT\28951817.pdf,jds\PUBLIC-RELATIONS\PUBLIC-RELATIONS_mid.txt,CONSULTANT,0.059,0.1,-1,3.0,0.3582150340080261,0.3269,0
resumes/data\CONSULTANT\28951817.pdf,jds\PUBLIC-RELATIONS\PUBLIC-RELATIONS_senior.txt,CONSULTANT,0.0574,0.05,-1,3.0,0.3519299030303955,0.2898,0
resumes/data\CONSULTANT\29076405.pdf,jds\DESIGNER\DESIGNER_entry.txt,CONSULTANT,0.0434,0.0,0,13.0,0.2564792931079864,0.1526,0
resumes/data\CONSULTANT\29076405.pdf,jds\DESIGNER\DESIGNER_mid.txt,CONSULTANT,0.034,0.1,-1,15.0,0.2989199161529541,0.1533,0
resumes/data\CONSULTANT\29076405.pdf,jds\DESIGNER\DESIGNER_senior.txt,CONSULTANT,0.0327,0.05,-1,15.0,0.2751705646514892,0.197,0
resumes/data\CONSULTANT\29196643.pdf,jds\AVIATION\AVIATION_mid.txt,CONSULTANT,0.0663,0.0,1,-4.0,0.3996847569942474,0.397,0
resumes/data\CONSULTANT\29196643.pdf,jds\AVIATION\AVIATION_entry.txt,CONSULTANT,0.0551,0.05,1,2.0,0.4387364983558655,0.3947,0
resumes/data\CONSULTANT\29196643.pdf,jds\AVIATION\AVIATION_senior.txt,CONSULTANT,0.0691,0.05,1,4.0,0.375597208738327,0.3344,0
resumes/data\CONSULTANT\29297393.pdf,jds\BANKING\BANKING_entry.txt,CONSULTANT,0.1371,0.5,0,5.0,0.3869729042053222,0.3714,0
resumes/data\CONSULTANT\29647215.pdf,jds\AVIATION\AVIATION_entry.txt,CONSULTANT,0.0417,0.1,1,8.0,0.2715533971786499,0.2471,0
resumes/data\CONSULTANT\29647215.pdf,jds\AVIATION\AVIATION_mid.txt,CONSULTANT,0.0566,0.1,1,2.0,0.3436537981033325,0.2848,0
resumes/data\CONSULTANT\29647215.pdf,jds\AVIATION\AVIATION_senior.txt,CONSULTANT,0.0472,0.1,1,10.0,0.32054004073143,0.2627,0
resumes/data\CONSULTANT\29723311.pdf,jds\APPAREL\APPAREL_entry.txt,CONSULTANT,0.0608,0.0,1,8.0,0.2920844554901123,0.3335,0
resumes/data\CONSULTANT\29723311.pdf,jds\APPAREL\APPAREL_senior.txt,CONSULTANT,0.0585,0.05,0,10.0,0.2780453264713287,0.3338,0
resumes/data\CONSULTANT\29770086.pdf,jds\TEACHER\TEACHER_entry.txt,CONSULTANT,0.0508,0.05,1,9.0,0.4584527611732483,0.347,0
resumes/data\CONSULTANT\29770086.pdf,jds\TEACHER\TEACHER_senior.txt,CONSULTANT,0.0483,0.15,-1,9.0,0.3433734476566314,0.3615,0
resumes/data\CONSULTANT\29770086.pdf,jds\TEACHER\TEACHER_mid.txt,CONSULTANT,0.0359,0.15,0,9.0,0.4111868739128113,0.3849,0
resumes/data\CONSULTANT\30083884.pdf,jds\DESIGNER\DESIGNER_mid.txt,CONSULTANT,0.1068,0.1,-1,30.0,0.430041491985321,0.3241,0
resumes/data\CONSULTANT\30083884.pdf,jds\DESIGNER\DESIGNER_entry.txt,CONSULTANT,0.0683,0.05,0,28.0,0.4040234088897705,0.2527,0
resumes/data\CONSULTANT\30863060.pdf,jds\SALES\SALES_mid.txt,CONSULTANT,0.0427,0.05,-1,10.0,0.436789870262146,0.3989,0
resumes/data\CONSULTANT\30863060.pdf,jds\SALES\SALES_senior.txt,CONSULTANT,0.0291,0.15,-1,10.0,0.4930993914604187,0.4309,0
resumes/data\CONSULTANT\30863060.pdf,jds\SALES\SALES_entry.txt,CONSULTANT,0.0184,0.0,0,10.0,0.421420693397522,0.4219,0
resumes/data\CONSULTANT\31016926.pdf,jds\INFORMATION-TECHNOLOGY\INFORMATION-TECHNOLOGY_mid.txt,CONSULTANT,0.0638,0.1,-1,11.0,0.388798177242279,0.2813,0
resumes/data\CONSULTANT\31016926.pdf,jds\INFORMATION-TECHNOLOGY\INFORMATION-TECHNOLOGY_senior.txt,CONSULTANT,0.07,0.1,-1,11.0,0.3742282390594482,0.2999,0
resumes/data\CONSULTANT\31016926.pdf,jds\INFORMATION-TECHNOLOGY\INFORMATION-TECHNOLOGY_entry.txt,CONSULTANT,0.0401,0.0,0,9.0,0.3269143104553222,0.2353,0
resumes/data\CONSULTANT\31169070.pdf,jds\SALES\SALES_entry.txt,CONSULTANT,0.0347,0.05,1,0.0,0.4710904955863952,0.444,0
resumes/data\CONSULTANT\31201660.pdf,jds\HEALTHCARE\HEALTHCARE_senior.txt,CONSULTANT,0.0437,0.2,-1,35.0,0.3283175230026245,0.3654,0
resumes/data\CONSULTANT\31201660.pdf,jds\HEALTHCARE\HEALTHCARE_entry.txt,CONSULTANT,0.0449,0.1,0,33.0,0.3898186981678009,0.3281,0
resumes/data\CONSULTANT\31201660.pdf,jds\HEALTHCARE\HEALTHCARE_mid.txt,CONSULTANT,0.0547,0.25,-1,35.0,0.3234292864799499,0.2724,0
resumes/data\CONSULTANT\31217840.pdf,jds\CONSULTANT\CONSULTANT_entry.txt,CONSULTANT,0.2139,0.25,-1,13.0,0.5043560266494751,0.6077,1
resumes/data\CONSULTANT\31217840.pdf,jds\DIGITAL-MEDIA\DIGITAL-MEDIA_senior.txt,CONSULTANT,0.0624,0.05,-1,13.0,0.3500076234340668,0.3655,0
resumes/data\CONSULTANT\31217840.pdf,jds\DIGITAL-MEDIA\DIGITAL-MEDIA_entry.txt,CONSULTANT,0.0783,0.0,0,11.0,0.3582639992237091,0.3566,0
resumes/data\CONSULTANT\31395742.pdf,jds\APPAREL\APPAREL_senior.txt,CONSULTANT,0.0434,0.05,-1,5.0,0.2768788635730743,0.1366,0
resumes/data\CONSULTANT\31395742.pdf,jds\APPAREL\APPAREL_mid.txt,CONSULTANT,0.0698,0.1,-1,5.0,0.3366006016731262,0.2088,0
resumes/data\CONSULTANT\31395742.pdf,jds\APPAREL\APPAREL_entry.txt,CONSULTANT,0.0514,0.0,0,3.0,0.2516264915466308,0.1627,0
resumes/data\CONSULTANT\32433431.pdf,jds\ACCOUNTANT\ACCOUNTANT_entry.txt,CONSULTANT,0.0539,0.1,-1,9.0,0.4007886052131653,0.376,0
resumes/data\CONSULTANT\32433431.pdf,jds\ACCOUNTANT\ACCOUNTANT_senior.txt,CONSULTANT,0.0676,0.1,-1,11.0,0.3971904218196869,0.3767,0
resumes/data\CONSULTANT\32433431.pdf,jds\ACCOUNTANT\ACCOUNTANT_mid.txt,CONSULTANT,0.0858,0.15,-1,11.0,0.3911388516426086,0.3604,0
resumes/data\CONSULTANT\32637306.pdf,jds\CONSULTANT\CONSULTANT_senior.txt,CONSULTANT,0.1606,0.4,0,15.0,0.6179913282394409,0.6435,1
resumes/data\CONSULTANT\33919379.pdf,jds\TEACHER\TEACHER_mid.txt,CONSULTANT,0.0618,0.0,-1,10.0,0.3101696968078613,0.1448,0
resumes/data\CONSULTANT\33919379.pdf,jds\TEACHER\TEACHER_entry.txt,CONSULTANT,0.0687,0.0,0,10.0,0.2557501196861267,0.1157,0
resumes/data\CONSULTANT\33919379.pdf,jds\TEACHER\TEACHER_senior.txt,CONSULTANT,0.0554,0.15,-2,10.0,0.3235281109809875,0.1246,0
resumes/data\CONSULTANT\34875813.pdf,jds\BANKING\BANKING_entry.txt,CONSULTANT,0.1211,0.5,0,13.0,0.4991837739944458,0.2603,0
resumes/data\CONSULTANT\37818861.pdf,jds\DESIGNER\DESIGNER_entry.txt,CONSULTANT,0.0398,0.0,0,-2.0,0.3605810403823852,0.2693,0
resumes/data\CONSULTANT\37818861.pdf,jds\DESIGNER\DESIGNER_mid.txt,CONSULTANT,0.0292,0.0,-1,0.0,0.3850888907909393,0.3278,0
resumes/data\CONSULTANT\37818861.pdf,jds\DESIGNER\DESIGNER_senior.txt,CONSULTANT,0.0337,0.05,-1,0.0,0.4255049228668213,0.3723,0
resumes/data\CONSULTANT\38165833.pdf,jds\AVIATION\AVIATION_mid.txt,CONSULTANT,0.0446,0.0,-1,-8.0,0.3904823958873749,0.4428,0
resumes/data\CONSULTANT\38165833.pdf,jds\AVIATION\AVIATION_senior.txt,CONSULTANT,0.0291,0.1,-1,0.0,0.3456866145133972,0.3625,0
resumes/data\CONSULTANT\38165833.pdf,jds\AVIATION\AVIATION_entry.txt,CONSULTANT,0.0529,0.1,-1,-2.0,0.3654356002807617,0.4199,0
resumes/data\CONSULTANT\38399177.pdf,jds\DIGITAL-MEDIA\DIGITAL-MEDIA_mid.txt,CONSULTANT,0.0425,0.05,-1,21.0,0.423566997051239,0.3755,0
resumes/data\CONSULTANT\38399177.pdf,jds\DIGITAL-MEDIA\DIGITAL-MEDIA_senior.txt,CONSULTANT,0.0452,0.1,-1,21.0,0.4011522233486175,0.3401,0
resumes/data\CONSULTANT\38399177.pdf,jds\DIGITAL-MEDIA\DIGITAL-MEDIA_entry.txt,CONSULTANT,0.0447,0.05,0,19.0,0.3961458206176758,0.3507,0
resumes/data\CONSULTANT\38896303.pdf,jds\BPO\BPO_entry.txt,CONSULTANT,0.075,0.25,0,12.0,0.3985791802406311,0.4158,0
resumes/data\CONSULTANT\38896303.pdf,jds\BPO\BPO_mid.txt,CONSULTANT,0.0593,0.2,0,14.0,0.3279643356800079,0.3962,0
resumes/data\CONSULTANT\39308779.pdf,jds\AVIATION\AVIATION_entry.txt,CONSULTANT,0.0302,0.05,1,3.0,0.3169806599617004,0.2407,0
resumes/data\CONSULTANT\39308779.pdf,jds\AVIATION\AVIATION_senior.txt,CONSULTANT,0.0615,0.25,1,5.0,0.3394753336906433,0.3563,0
resumes/data\CONSULTANT\39308779.pdf,jds\AVIATION\AVIATION_mid.txt,CONSULTANT,0.0416,0.1,1,-3.0,0.3401616811752319,0.3325,0
resumes/data\CONSULTANT\39441617.pdf,jds\ACCOUNTANT\ACCOUNTANT_entry.txt,CONSULTANT,0.0593,0.25,0,11.0,0.4728312790393829,0.4302,0
resumes/data\CONSULTANT\43311839.pdf,jds\ARTS\ARTS_senior.txt,CONSULTANT,0.0335,0.25,-1,2.0,0.212082028388977,0.2467,0
resumes/data\CONSULTANT\43311839.pdf,jds\ARTS\ARTS_mid.txt,CONSULTANT,0.0611,0.25,0,2.0,0.3067991733551025,0.2975,0
resumes/data\CONSULTANT\43311839.pdf,jds\ARTS\ARTS_entry.txt,CONSULTANT,0.0745,0.25,1,2.0,0.2579575777053833,0.264,0
resumes/data\CONSULTANT\43378989.pdf,jds\CHEF\CHEF_mid.txt,CONSULTANT,0.021,0.1,2,19.0,0.2582598924636841,0.3039,0
resumes/data\CONSULTANT\43378989.pdf,jds\CHEF\CHEF_entry.txt,CONSULTANT,0.0355,0.05,2,19.0,0.2849854826927185,0.3015,0
resumes/data\CONSULTANT\43378989.pdf,jds\CHEF\CHEF_senior.txt,CONSULTANT,0.0195,0.0,2,19.0,0.3030771315097809,0.3044,0
resumes/data\CONSULTANT\48533663.pdf,jds\APPAREL\APPAREL_senior.txt,CONSULTANT,0.0512,0.15,0,28.0,0.4009106159210205,0.3422,0
resumes/data\CONSULTANT\48533663.pdf,jds\APPAREL\APPAREL_entry.txt,CONSULTANT,0.0278,0.05,1,26.0,0.4046958088874817,0.3129,0
resumes/data\CONSULTANT\48533663.pdf,jds\APPAREL\APPAREL_mid.txt,CONSULTANT,0.0616,0.05,0,28.0,0.4578663110733032,0.3636,0
resumes/data\CONSULTANT\49777184.pdf,jds\AVIATION\AVIATION_mid.txt,CONSULTANT,0.114,0.1,0,-8.0,0.345464676618576,0.4006,0
resumes/data\CONSULTANT\49777184.pdf,jds\AVIATION\AVIATION_entry.txt,CONSULTANT,0.0978,0.05,0,-2.0,0.2374990731477737,0.2838,0
resumes/data\CONSULTANT\51432451.pdf,jds\FITNESS\FITNESS_senior.txt,CONSULTANT,0.0451,0.15,-1,11.0,0.2709036469459533,0.281,0
resumes/data\CONSULTANT\51432451.pdf,jds\FITNESS\FITNESS_mid.txt,CONSULTANT,0.0599,0.1,1,4.0,0.2883815765380859,0.3223,0
resumes/data\CONSULTANT\51432451.pdf,jds\FITNESS\FITNESS_entry.txt,CONSULTANT,0.0493,0.2,2,9.0,0.3291965126991272,0.2843,0
resumes/data\CONSULTANT\51724595.pdf,jds\CONSULTANT\CONSULTANT_entry.txt,CONSULTANT,0.2125,0.45,-2,4.0,0.5490627884864807,0.6045,1
resumes/data\CONSULTANT\51724595.pdf,jds\CONSULTANT\CONSULTANT_mid.txt,CONSULTANT,0.1818,0.25,-2,4.0,0.5462864637374878,0.6149,1
resumes/data\CONSULTANT\51724595.pdf,jds\DESIGNER\DESIGNER_entry.txt,CONSULTANT,0.0865,0.15,-1,2.0,0.3921201527118683,0.3582,0
resumes/data\CONSULTANT\56792999.pdf,jds\CONSULTANT\CONSULTANT_mid.txt,CONSULTANT,0.1569,0.25,0,23.0,0.6165499687194824,0.659,1
resumes/data\CONSULTANT\56792999.pdf,jds\ACCOUNTANT\ACCOUNTANT_entry.txt,CONSULTANT,0.0527,0.2,0,21.0,0.4789385795593261,0.3726,0
resumes/data\CONSULTANT\57364820.pdf,jds\TEACHER\TEACHER_senior.txt,CONSULTANT,0.048,0.1,-1,11.0,0.3907887041568756,0.3955,0
resumes/data\CONSULTANT\57601040.pdf,jds\DESIGNER\DESIGNER_mid.txt,CONSULTANT,0.074,0.15,-1,13.0,0.2906875014305115,0.2787,0
resumes/data\CONSULTANT\57601040.pdf,jds\DESIGNER\DESIGNER_senior.txt,CONSULTANT,0.0636,0.2,-1,13.0,0.2912940382957458,0.2908,0
resumes/data\CONSULTANT\57601040.pdf,jds\DESIGNER\DESIGNER_entry.txt,CONSULTANT,0.0498,0.1,0,11.0,0.2007372081279754,0.1818,0
resumes/data\CONSULTANT\63670997.pdf,jds\AGRICULTURE\AGRICULTURE_mid.txt,CONSULTANT,0.0618,0.05,-1,-7.0,0.3239745497703552,0.1996,0
resumes/data\CONSULTANT\63670997.pdf,jds\AGRICULTURE\AGRICULTURE_senior.txt,CONSULTANT,0.0604,0.1,-2,0.0,0.4030870795249939,0.2553,0
resumes/data\CONSULTANT\63670997.pdf,jds\AGRICULTURE\AGRICULTURE_entry.txt,CONSULTANT,0.0483,0.05,0,0.0,0.3381115794181824,0.2238,0
resumes/data\CONSULTANT\65062795.pdf,jds\ARTS\ARTS_entry.txt,CONSULTANT,0.0592,0.2,1,11.0,0.2562471032142639,0.2354,0
resumes/data\CONSULTANT\65062795.pdf,jds\ARTS\ARTS_mid.txt,CONSULTANT,0.0553,0.2,0,11.0,0.2885208129882812,0.3236,0
resumes/data\CONSULTANT\65062795.pdf,jds\ARTS\ARTS_senior.txt,CONSULTANT,0.033,0.05,-1,11.0,0.1758351624011993,0.1837,0
resumes/data\CONSULTANT\67406885.pdf,jds\TEACHER\TEACHER_senior.txt,CONSULTANT,0.0449,0.15,0,0.0,0.2959485054016113,0.2977,0
resumes/data\CONSULTANT\67406885.pdf,jds\TEACHER\TEACHER_mid.txt,CONSULTANT,0.0566,0.1,1,0.0,0.3590633869171142,0.3211,0
resumes/data\CONSULTANT\67406885.pdf,jds\TEACHER\TEACHER_entry.txt,CONSULTANT,0.0555,0.15,2,0.0,0.3299162089824676,0.3324,0
resumes/data\CONSULTANT\69181350.pdf,jds\CONSULTANT\CONSULTANT_entry.txt,CONSULTANT,0.2607,0.45,0,2.0,0.642220139503479,0.661,1
resumes/data\CONSULTANT\69181350.pdf,jds\CONSULTANT\CONSULTANT_mid.txt,CONSULTANT,0.2182,0.45,0,2.0,0.6685436964035034,0.6911,1
resumes/data\CONSULTANT\69181350.pdf,jds\CONSULTANT\CONSULTANT_senior.txt,CONSULTANT,0.1517,0.3,0,2.0,0.6119767427444458,0.665,1
resumes/data\CONSULTANT\69181350.pdf,jds\AGRICULTURE\AGRICULTURE_entry.txt,CONSULTANT,0.0694,0.05,1,2.0,0.4348349869251251,0.3528,0
resumes/data\CONSULTANT\69181350.pdf,jds\AGRICULTURE\AGRICULTURE_mid.txt,CONSULTANT,0.0954,0.05,0,-5.0,0.32059445977211,0.3464,0
resumes/data\CONSULTANT\71888547.pdf,jds\CONSTRUCTION\CONSTRUCTION_entry.txt,CONSULTANT,0.0366,0.1,-1,22.0,0.2705353498458862,0.2442,0
resumes/data\CONSULTANT\73075521.pdf,jds\TEACHER\TEACHER_senior.txt,CONSULTANT,0.0518,0.2,-2,10.0,0.304619699716568,0.3954,0
resumes/data\CONSULTANT\78016758.pdf,jds\FITNESS\FITNESS_mid.txt,CONSULTANT,0.0638,0.15,-1,3.0,0.298600435256958,0.2978,0
resumes/data\CONSULTANT\78016758.pdf,jds\FITNESS\FITNESS_senior.txt,CONSULTANT,0.0411,0.1,-3,10.0,0.3415416777133941,0.3115,0
resumes/data\CONSULTANT\78016758.pdf,jds\FITNESS\FITNESS_entry.txt,CONSULTANT,0.0558,0.1,0,8.0,0.3052041530609131,0.2455,0
resumes/data\CONSULTANT\79570655.pdf,jds\AUTOMOBILE\AUTOMOBILE_entry.txt,CONSULTANT,0.1173,0.05,0,-2.0,0.3173501789569855,0.3401,0
resumes/data\CONSULTANT\79570655.pdf,jds\AUTOMOBILE\AUTOMOBILE_senior.txt,CONSULTANT,0.0435,0.1,-1,0.0,0.2997483611106872,0.3495,0
resumes/data\CONSULTANT\79570655.pdf,jds\AUTOMOBILE\AUTOMOBILE_mid.txt,CONSULTANT,0.1522,0.15,0,-8.0,0.2680143713951111,0.3467,0
resumes/data\CONSULTANT\80527194.pdf,jds\BANKING\BANKING_senior.txt,CONSULTANT,0.1174,0.15,-1,10.0,0.4527837932109833,0.2175,0
resumes/data\CONSULTANT\80527194.pdf,jds\BANKING\BANKING_mid.txt,CONSULTANT,0.1291,0.25,-1,10.0,0.5136705040931702,0.2639,0
resumes/data\CONSULTANT\80527194.pdf,jds\BANKING\BANKING_entry.txt,CONSULTANT,0.0986,0.4,0,8.0,0.4168644249439239,0.11,0
resumes/data\CONSULTANT\88691367.pdf,jds\AVIATION\AVIATION_entry.txt,CONSULTANT,0.0663,0.05,0,24.0,0.3274863958358764,0.3468,0
resumes/data\CONSULTANT\88691367.pdf,jds\AVIATION\AVIATION_mid.txt,CONSULTANT,0.0973,0.1,0,18.0,0.3772262334823608,0.4117,0
resumes/data\CONSULTANT\88907739.pdf,jds\CONSULTANT\CONSULTANT_entry.txt,CONSULTANT,0.1927,0.4,0,4.0,0.5576263070106506,0.6451,1
resumes/data\CONSULTANT\88907739.pdf,jds\CONSULTANT\CONSULTANT_mid.txt,CONSULTANT,0.2118,0.35,0,4.0,0.5483759045600891,0.7128,1
resumes/data\CONSULTANT\88907739.pdf,jds\CONSULTANT\CONSULTANT_senior.txt,CONSULTANT,0.1657,0.35,0,4.0,0.4619176387786865,0.6527,1
resumes/data\CONSULTANT\91116867.pdf,jds\ACCOUNTANT\ACCOUNTANT_mid.txt,CONSULTANT,0.1139,0.15,-3,5.0,0.4271382391452789,0.2814,0
resumes/data\CONSULTANT\91116867.pdf,jds\ACCOUNTANT\ACCOUNTANT_entry.txt,CONSULTANT,0.1033,0.15,-3,3.0,0.4320108294486999,0.2765,0
resumes/data\CONSULTANT\91116867.pdf,jds\ACCOUNTANT\ACCOUNTANT_senior.txt,CONSULTANT,0.0973,0.1,-3,5.0,0.424803078174591,0.3313,0
resumes/data\CONSULTANT\91189201.pdf,jds\BPO\BPO_entry.txt,CONSULTANT,0.0743,0.15,1,-2.0,0.3696056306362152,0.408,0
resumes/data\CONSULTANT\92246939.pdf,jds\DIGITAL-MEDIA\DIGITAL-MEDIA_mid.txt,CONSULTANT,0.0316,0.0,0,3.0,0.3560325503349304,0.3574,0
resumes/data\CONSULTANT\92246939.pdf,jds\DIGITAL-MEDIA\DIGITAL-MEDIA_entry.txt,CONSULTANT,0.0435,0.05,1,1.0,0.3634145259857178,0.3402,0
resumes/data\CONSULTANT\92246939.pdf,jds\DIGITAL-MEDIA\DIGITAL-MEDIA_senior.txt,CONSULTANT,0.0353,0.05,0,3.0,0.3160861134529114,0.325,0
resumes/data\CONSULTANT\93349646.pdf,jds\CHEF\CHEF_mid.txt,CONSULTANT,0.0631,0.15,2,0.0,0.2529594600200653,0.3258,0
resumes/data\CONSULTANT\93349646.pdf,jds\CHEF\CHEF_entry.txt,CONSULTANT,0.0476,0.15,2,0.0,0.2239690423011779,0.3606,0
resumes/data\CONSULTANT\93349646.pdf,jds\CHEF\CHEF_senior.txt,CONSULTANT,0.0557,0.1,2,0.0,0.258131742477417,0.3194,0
resumes/data\CONSULTANT\93459677.pdf,jds\INFORMATION-TECHNOLOGY\INFORMATION-TECHNOLOGY_senior.txt,CONSULTANT,0.0452,0.15,0,5.0,0.3545441925525665,0.4165,0
resumes/data\CONSULTANT\95350373.pdf,jds\DESIGNER\DESIGNER_mid.txt,CONSULTANT,0.0259,0.05,-1,45.0,0.2021124362945556,0.2145,0
resumes/data\CONSULTANT\95350373.pdf,jds\DESIGNER\DESIGNER_senior.txt,CONSULTANT,0.018,0.15,-1,45.0,0.2087208926677703,0.1861,0
resumes/data\CONSULTANT\95350373.pdf,jds\DESIGNER\DESIGNER_entry.txt,CONSULTANT,0.0369,0.0,0,43.0,0.2296899557113647,0.1722,0
resumes/data\CONSULTANT\95429627.pdf,jds\PUBLIC-RELATIONS\PUBLIC-RELATIONS_mid.txt,CONSULTANT,0.0687,0.25,-1,16.0,0.4082978665828705,0.3779,0
resumes/data\CONSULTANT\95429627.pdf,jds\PUBLIC-RELATIONS\PUBLIC-RELATIONS_senior.txt,CONSULTANT,0.0473,0.15,-1,16.0,0.4014666676521301,0.3456,0
resumes/data\CONSULTANT\95429627.pdf,jds\PUBLIC-RELATIONS\PUBLIC-RELATIONS_entry.txt,CONSULTANT,0.0384,0.05,0,14.0,0.3906694948673248,0.3255,0
resumes/data\CONSULTANT\95792386.pdf,jds\PUBLIC-RELATIONS\PUBLIC-RELATIONS_entry.txt,CONSULTANT,0.0327,0.1,1,10.0,0.352790892124176,0.305,0
resumes/data\CONSULTANT\95792386.pdf,jds\PUBLIC-RELATIONS\PUBLIC-RELATIONS_mid.txt,CONSULTANT,0.054,0.2,0,12.0,0.3966248631477356,0.4004,0
resumes/data\CONSULTANT\95792386.pdf,jds\PUBLIC-RELATIONS\PUBLIC-RELATIONS_senior.txt,CONSULTANT,0.0341,0.05,0,12.0,0.3367979824542999,0.3176,0
resumes/data\CONSULTANT\99714410.pdf,jds\INFORMATION-TECHNOLOGY\INFORMATION-TECHNOLOGY_senior.txt,CONSULTANT,0.0838,0.2,0,24.0,0.4116190075874328,0.3385,0
resumes/data\CONSULTANT\99714410.pdf,jds\INFORMATION-TECHNOLOGY\INFORMATION-TECHNOLOGY_mid.txt,CONSULTANT,0.0515,0.0,0,24.0,0.4316988289356231,0.3149,0
resumes/data\CONSULTANT\99714410.pdf,jds\INFORMATION-TECHNOLOGY\INFORMATION-TECHNOLOGY_entry.txt,CONSULTANT,0.0409,0.0,1,22.0,0.3880749940872192,0.3078,0
resumes/data\DESIGNER\10466583.pdf,jds\HR\HR_senior.txt,DESIGNER,0.0298,0.0,-1,12.0,0.2048379927873611,0.1459,0
resumes/data\DESIGNER\10466583.pdf,jds\HR\HR_entry.txt,DESIGNER,0.025,0.05,-1,12.0,0.2512781620025635,0.1599,0
resumes/data\DESIGNER\10466583.pdf,jds\HR\HR_mid.txt,DESIGNER,0.0282,0.05,-1,12.0,0.1692288219928741,0.2078,0
resumes/data\DESIGNER\10748989.pdf,jds\DESIGNER\DESIGNER_mid.txt,DESIGNER,0.3773,0.25,-1,0.0,0.565015435218811,0.5654,1
resumes/data\DESIGNER\10748989.pdf,jds\DESIGNER\DESIGNER_senior.txt,DESIGNER,0.4496,0.2,-1,0.0,0.5649451017379761,0.5528,1
resumes/data\DESIGNER\10748989.pdf,jds\HEALTHCARE\HEALTHCARE_mid.txt,DESIGNER,0.0303,0.15,-1,0.0,0.2090379744768142,0.1411,0
resumes/data\DESIGNER\10748989.pdf,jds\HEALTHCARE\HEALTHCARE_senior.txt,DESIGNER,0.0221,0.1,-1,0.0,0.2696626186370849,0.1992,0
resumes/data\DESIGNER\10748989.pdf,jds\HEALTHCARE\HEALTHCARE_entry.txt,DESIGNER,0.0156,0.1,0,-2.0,0.2791427373886108,0.2491,0
resumes/data\DESIGNER\10751444.pdf,jds\DESIGNER\DESIGNER_mid.txt,DESIGNER,0.2425,0.4,0,25.0,0.4920265972614288,0.5803,1
resumes/data\DESIGNER\10751444.pdf,jds\DESIGNER\DESIGNER_senior.txt,DESIGNER,0.2556,0.45,0,25.0,0.4978954792022705,0.608,1
resumes/data\DESIGNER\10751444.pdf,jds\CHEF\CHEF_entry.txt,DESIGNER,0.0534,0.15,2,25.0,0.279603511095047,0.2436,0
resumes/data\DESIGNER\10751444.pdf,jds\CHEF\CHEF_mid.txt,DESIGNER,0.0442,0.1,2,25.0,0.3207446634769439,0.3676,0
resumes/data\DESIGNER\10751444.pdf,jds\CHEF\CHEF_senior.txt,DESIGNER,0.0472,0.0,2,25.0,0.3028412759304046,0.3406,0
resumes/data\DESIGNER\11155153.pdf,jds\ACCOUNTANT\ACCOUNTANT_senior.txt,DESIGNER,0.0608,0.05,0,4.0,0.2229281961917877,0.1395,0
resumes/data\DESIGNER\11155153.pdf,jds\ACCOUNTANT\ACCOUNTANT_entry.txt,DESIGNER,0.0435,0.1,0,2.0,0.2243745177984237,0.1286,0
resumes/data\DESIGNER\11155153.pdf,jds\ACCOUNTANT\ACCOUNTANT_mid.txt,DESIGNER,0.0825,0.1,0,4.0,0.1978629827499389,0.0607,0
resumes/data\DESIGNER\11722421.pdf,jds\CONSTRUCTION\CONSTRUCTION_mid.txt,DESIGNER,0.0648,0.15,-1,11.0,0.3820220828056335,0.3584,0
resumes/data\DESIGNER\11722421.pdf,jds\CONSTRUCTION\CONSTRUCTION_entry.txt,DESIGNER,0.0951,0.15,0,9.0,0.4196114540100097,0.3953,0
resumes/data\DESIGNER\11722421.pdf,jds\CONSTRUCTION\CONSTRUCTION_senior.txt,DESIGNER,0.0615,0.2,-1,11.0,0.3504758477210998,0.3214,0
resumes/data\DESIGNER\11807040.pdf,jds\HR\HR_mid.txt,DESIGNER,0.069,0.15,0,0.0,0.2594798803329468,0.2978,0
resumes/data\DESIGNER\11807040.pdf,jds\HR\HR_entry.txt,DESIGNER,0.0756,0.1,0,0.0,0.2710899710655212,0.3181,0
resumes/data\DESIGNER\11807040.pdf,jds\HR\HR_senior.txt,DESIGNER,0.0514,0.0,0,0.0,0.2729208767414093,0.2831,0
resumes/data\DESIGNER\11919526.pdf,jds\CONSTRUCTION\CONSTRUCTION_entry.txt,DESIGNER,0.0474,0.2,1,33.0,0.4835980832576751,0.5086,0
resumes/data\DESIGNER\11958994.pdf,jds\PUBLIC-RELATIONS\PUBLIC-RELATIONS_mid.txt,DESIGNER,0.0654,0.25,-1,1.0,0.3370235562324524,0.2649,0
resumes/data\DESIGNER\11958994.pdf,jds\PUBLIC-RELATIONS\PUBLIC-RELATIONS_entry.txt,DESIGNER,0.0637,0.05,0,-1.0,0.3320933580398559,0.2828,0
resumes/data\DESIGNER\11958994.pdf,jds\PUBLIC-RELATIONS\PUBLIC-RELATIONS_senior.txt,DESIGNER,0.0398,0.05,-1,1.0,0.3671137690544128,0.2679,0
resumes/data\DESIGNER\12415691.pdf,jds\PUBLIC-RELATIONS\PUBLIC-RELATIONS_mid.txt,DESIGNER,0.0374,0.1,-1,0.0,0.2931987047195434,0.2861,0
resumes/data\DESIGNER\12415691.pdf,jds\PUBLIC-RELATIONS\PUBLIC-RELATIONS_senior.txt,DESIGNER,0.0315,0.0,-1,0.0,0.2442490458488464,0.2752,0
resumes/data\DESIGNER\12415691.pdf,jds\PUBLIC-RELATIONS\PUBLIC-RELATIONS_entry.txt,DESIGNER,0.0361,0.0,0,-2.0,0.2971235513687134,0.2816,0
resumes/data\DESIGNER\12547982.pdf,jds\BANKING\BANKING_senior.txt,DESIGNER,0.0485,0.05,0,0.0,0.354157030582428,0.2956,0
resumes/data\DESIGNER\12547982.pdf,jds\BANKING\BANKING_mid.txt,DESIGNER,0.0581,0.1,0,0.0,0.3334519863128662,0.2518,0
resumes/data\DESIGNER\12547982.pdf,jds\BANKING\BANKING_entry.txt,DESIGNER,0.0307,0.15,1,-2.0,0.3454519808292389,0.2483,0
resumes/data\DESIGNER\12674307.pdf,jds\BUSINESS-DEVELOPMENT\BUSINESS-DEVELOPMENT_mid.txt,DESIGNER,0.0768,0.1,-1,9.0,0.3534688949584961,0.2442,0
resumes/data\DESIGNER\12674307.pdf,jds\BUSINESS-DEVELOPMENT\BUSINESS-DEVELOPMENT_entry.txt,DESIGNER,0.0652,0.1,0,15.0,0.4084425568580627,0.2765,0
resumes/data\DESIGNER\12674307.pdf,jds\BUSINESS-DEVELOPMENT\BUSINESS-DEVELOPMENT_senior.txt,DESIGNER,0.0868,0.2,-1,17.0,0.3816644549369812,0.2938,0
resumes/data\DESIGNER\13014900.pdf,jds\BUSINESS-DEVELOPMENT\BUSINESS-DEVELOPMENT_senior.txt,DESIGNER,0.0846,0.2,-1,0.0,0.3588188886642456,0.2483,0
resumes/data\DESIGNER\13014900.pdf,jds\BUSINESS-DEVELOPMENT\BUSINESS-DEVELOPMENT_mid.txt,DESIGNER,0.0829,0.2,-1,-8.0,0.3632642328739166,0.3084,0
resumes/data\DESIGNER\13014900.pdf,jds\BUSINESS-DEVELOPMENT\BUSINESS-DEVELOPMENT_entry.txt,DESIGNER,0.1026,0.25,0,-2.0,0.3657706975936889,0.3305,0
resumes/data\DESIGNER\13518263.pdf,jds\DESIGNER\DESIGNER_senior.txt,DESIGNER,0.2821,0.15,-2,26.0,0.4617624878883362,0.5369,1
resumes/data\DESIGNER\13518263.pdf,jds\PUBLIC-RELATIONS\PUBLIC-RELATIONS_mid.txt,DESIGNER,0.0271,0.05,-2,26.0,0.2682555913925171,0.1438,0
resumes/data\DESIGNER\13518263.pdf,jds\PUBLIC-RELATIONS\PUBLIC-RELATIONS_senior.txt,DESIGNER,0.031,0.0,-2,26.0,0.2924434244632721,0.1954,0
resumes/data\DESIGNER\13518263.pdf,jds\PUBLIC-RELATIONS\PUBLIC-RELATIONS_entry.txt,DESIGNER,0.0277,0.0,-1,24.0,0.3037014603614807,0.185,0
resumes/data\DESIGNER\13557622.pdf,jds\AGRICULTURE\AGRICULTURE_entry.txt,DESIGNER,0.0177,0.0,0,0.0,0.2049443870782852,0.2216,0
resumes/data\DESIGNER\13557622.pdf,jds\AGRICULTURE\AGRICULTURE_senior.txt,DESIGNER,0.0402,0.0,-2,0.0,0.2414888888597488,0.2589,0
resumes/data\DESIGNER\13557622.pdf,jds\AGRICULTURE\AGRICULTURE_mid.txt,DESIGNER,0.0326,0.05,-1,-7.0,0.2761042714118957,0.2523,0
resumes/data\DESIGNER\13774329.pdf,jds\DESIGNER\DESIGNER_senior.txt,DESIGNER,0.2328,0.25,-1,10.0,0.501334011554718,0.5332,1
resumes/data\DESIGNER\13774329.pdf,jds\AUTOMOBILE\AUTOMOBILE_mid.txt,DESIGNER,0.1198,0.25,0,2.0,0.3476793467998504,0.4104,0
resumes/data\DESIGNER\13774329.pdf,jds\AUTOMOBILE\AUTOMOBILE_entry.txt,DESIGNER,0.0796,0.2,0,8.0,0.3693665266036987,0.4087,0
resumes/data\DESIGNER\13998435.pdf,jds\DESIGNER\DESIGNER_mid.txt,DESIGNER,0.2789,0.2,-1,15.0,0.4978567957878113,0.5561,1
resumes/data\DESIGNER\13998435.pdf,jds\DESIGNER\DESIGNER_senior.txt,DESIGNER,0.3249,0.25,-1,15.0,0.4759935140609741,0.561,1
resumes/data\DESIGNER\13998435.pdf,jds\CHEF\CHEF_senior.txt,DESIGNER,0.0179,0.0,1,15.0,0.2965847849845886,0.3263,0
resumes/data\DESIGNER\13998435.pdf,jds\CHEF\CHEF_mid.txt,DESIGNER,0.0186,0.05,1,15.0,0.300190657377243,0.3521,0
resumes/data\DESIGNER\13998435.pdf,jds\CHEF\CHEF_entry.txt,DESIGNER,0.0232,0.05,1,15.0,0.2730430364608764,0.2837,0
resumes/data\DESIGNER\14014749.pdf,jds\CONSULTANT\CONSULTANT_entry.txt,DESIGNER,0.0364,0.1,-1,0.0,0.3243298530578613,0.2639,0
resumes/data\DESIGNER\14014749.pdf,jds\CONSULTANT\CONSULTANT_senior.txt,DESIGNER,0.0369,0.05,-1,0.0,0.330984890460968,0.1921,0
resumes/data\DESIGNER\14014749.pdf,jds\CONSULTANT\CONSULTANT_mid.txt,DESIGNER,0.0366,0.0,-1,0.0,0.351017028093338,0.2848,0
resumes/data\DESIGNER\14528265.pdf,jds\PUBLIC-RELATIONS\PUBLIC-RELATIONS_entry.txt,DESIGNER,0.0207,0.0,-2,9.0,0.194502368569374,0.1753,0
resumes/data\DESIGNER\14528265.pdf,jds\PUBLIC-RELATIONS\PUBLIC-RELATIONS_senior.txt,DESIGNER,0.0291,0.0,-3,11.0,0.1663462668657302,0.1998,0
resumes/data\DESIGNER\14528265.pdf,jds\PUBLIC-RELATIONS\PUBLIC-RELATIONS_mid.txt,DESIGNER,0.03,0.05,-3,11.0,0.1335794776678085,0.1726,0
resumes/data\DESIGNER\14724186.pdf,jds\CONSTRUCTION\CONSTRUCTION_entry.txt,DESIGNER,0.0504,0.05,-1,25.0,0.3992716670036316,0.435,0
resumes/data\DESIGNER\14743911.pdf,jds\ACCOUNTANT\ACCOUNTANT_entry.txt,DESIGNER,0.0316,0.05,-1,10.0,0.282867819070816,0.3254,0
resumes/data\DESIGNER\14743911.pdf,jds\ACCOUNTANT\ACCOUNTANT_senior.txt,DESIGNER,0.0771,0.05,-1,12.0,0.315514326095581,0.3475,0
resumes/data\DESIGNER\14743911.pdf,jds\ACCOUNTANT\ACCOUNTANT_mid.txt,DESIGNER,0.0617,0.05,-1,12.0,0.2939924895763397,0.2891,0
resumes/data\DESIGNER\15425154.pdf,jds\DESIGNER\DESIGNER_senior.txt,DESIGNER,0.2151,0.4,0,11.0,0.4946187138557434,0.5755,1
resumes/data\DESIGNER\15425154.pdf,jds\ACCOUNTANT\ACCOUNTANT_mid.txt,DESIGNER,0.0561,0.15,0,11.0,0.3328622579574585,0.3719,0
resumes/data\DESIGNER\15425154.pdf,jds\ACCOUNTANT\ACCOUNTANT_entry.txt,DESIGNER,0.0454,0.05,0,9.0,0.2369840294122696,0.3084,0
resumes/data\DESIGNER\15425154.pdf,jds\ACCOUNTANT\ACCOUNTANT_senior.txt,DESIGNER,0.0576,0.05,0,11.0,0.30479496717453,0.3692,0
resumes/data\DESIGNER\15471999.pdf,jds\FITNESS\FITNESS_mid.txt,DESIGNER,0.0306,0.0,-1,-7.0,0.3013453781604767,0.1839,0
resumes/data\DESIGNER\15471999.pdf,jds\FITNESS\FITNESS_senior.txt,DESIGNER,0.0193,0.05,-3,0.0,0.2927302718162536,0.1789,0
resumes/data\DESIGNER\15471999.pdf,jds\FITNESS\FITNESS_entry.txt,DESIGNER,0.0375,0.05,0,-2.0,0.3423979580402374,0.2917,0
resumes/data\DESIGNER\15936656.pdf,jds\HEALTHCARE\HEALTHCARE_senior.txt,DESIGNER,0.015,0.05,-1,6.0,0.1541460454463958,0.1654,0
resumes/data\DESIGNER\15936656.pdf,jds\HEALTHCARE\HEALTHCARE_entry.txt,DESIGNER,0.0262,0.0,0,4.0,0.2180418074131012,0.1764,0
resumes/data\DESIGNER\15936656.pdf,jds\HEALTHCARE\HEALTHCARE_mid.txt,DESIGNER,0.0209,0.0,-1,6.0,0.137868583202362,0.1021,0
resumes/data\DESIGNER\16288901.pdf,jds\AGRICULTURE\AGRICULTURE_entry.txt,DESIGNER,0.0265,0.0,0,0.0,0.2485848665237426,0.2047,0
resumes/data\DESIGNER\16288901.pdf,jds\AGRICULTURE\AGRICULTURE_senior.txt,DESIGNER,0.0436,0.05,-2,0.0,0.2420909851789474,0.2639,0
resumes/data\DESIGNER\16288901.pdf,jds\AGRICULTURE\AGRICULTURE_mid.txt,DESIGNER,0.0375,0.05,-1,-7.0,0.1963298171758651,0.1837,0
resumes/data\DESIGNER\17199951.pdf,jds\DESIGNER\DESIGNER_mid.txt,DESIGNER,0.2009,0.15,0,24.0,0.463187575340271,0.6251,1
resumes/data\DESIGNER\17199951.pdf,jds\DESIGNER\DESIGNER_senior.txt,DESIGNER,0.2351,0.25,0,24.0,0.5118194222450256,0.6004,1
resumes/data\DESIGNER\17199951.pdf,jds\FINANCE\FINANCE_entry.txt,DESIGNER,0.0299,0.05,0,22.0,0.3250738084316253,0.2268,0
resumes/data\DESIGNER\17199951.pdf,jds\FINANCE\FINANCE_mid.txt,DESIGNER,0.0268,0.05,0,24.0,0.3601598441600799,0.2671,0
resumes/data\DESIGNER\17199951.pdf,jds\FINANCE\FINANCE_senior.txt,DESIGNER,0.0252,0.0,0,24.0,0.3293216824531555,0.26,0
resumes/data\DESIGNER\17555081.pdf,jds\BPO\BPO_mid.txt,DESIGNER,0.0581,0.15,0,10.0,0.4116398692131042,0.3622,0
resumes/data\DESIGNER\17555081.pdf,jds\BPO\BPO_entry.txt,DESIGNER,0.0353,0.0,0,8.0,0.365769624710083,0.277,0
resumes/data\DESIGNER\18198627.pdf,jds\AUTOMOBILE\AUTOMOBILE_senior.txt,DESIGNER,0.049,0.05,-1,0.0,0.2532627880573272,0.2604,0
resumes/data\DESIGNER\18198627.pdf,jds\AUTOMOBILE\AUTOMOBILE_entry.txt,DESIGNER,0.0905,0.2,0,-2.0,0.2989870309829712,0.1937,0
resumes/data\DESIGNER\18198627.pdf,jds\AUTOMOBILE\AUTOMOBILE_mid.txt,DESIGNER,0.1302,0.1,0,-8.0,0.2476525008678436,0.192,0
resumes/data\DESIGNER\18460045.pdf,jds\DESIGNER\DESIGNER_mid.txt,DESIGNER,0.2656,0.1,-1,8.0,0.4417903423309326,0.5448,1
resumes/data\DESIGNER\18460045.pdf,jds\DESIGNER\DESIGNER_senior.txt,DESIGNER,0.3174,0.05,-1,8.0,0.4420502781867981,0.5509,1
resumes/data\DESIGNER\18460045.pdf,jds\HEALTHCARE\HEALTHCARE_entry.txt,DESIGNER,0.0325,0.0,0,6.0,0.2317726016044616,0.3378,0
resumes/data\DESIGNER\18460045.pdf,jds\HEALTHCARE\HEALTHCARE_senior.txt,DESIGNER,0.0109,0.0,-1,8.0,0.2254507690668106,0.2634,0
resumes/data\DESIGNER\18460045.pdf,jds\HEALTHCARE\HEALTHCARE_mid.txt,DESIGNER,0.0201,0.05,-1,8.0,0.1998139172792434,0.1935,0
resumes/data\DESIGNER\18795567.pdf,jds\DESIGNER\DESIGNER_mid.txt,DESIGNER,0.4359,0.5,0,30.0,0.6389431953430176,0.6145,1
resumes/data\DESIGNER\18795567.pdf,jds\DESIGNER\DESIGNER_senior.txt,DESIGNER,0.4315,0.35,0,30.0,0.615675151348114,0.5893,1
resumes/data\DESIGNER\18795567.pdf,jds\HEALTHCARE\HEALTHCARE_senior.txt,DESIGNER,0.0196,0.0,0,30.0,0.2957202494144439,0.2921,0
resumes/data\DESIGNER\18795567.pdf,jds\HEALTHCARE\HEALTHCARE_entry.txt,DESIGNER,0.026,0.0,1,28.0,0.3190908133983612,0.2968,0
resumes/data\DESIGNER\18795567.pdf,jds\HEALTHCARE\HEALTHCARE_mid.txt,DESIGNER,0.0359,0.15,0,30.0,0.2793658971786499,0.2766,0
resumes/data\DESIGNER\18835363.pdf,jds\HR\HR_senior.txt,DESIGNER,0.049,0.15,-1,0.0,0.4476646780967712,0.4122,0
resumes/data\DESIGNER\18979238.pdf,jds\BANKING\BANKING_senior.txt,DESIGNER,0.0403,0.05,-1,4.0,0.3073249459266662,0.2655,0
resumes/data\DESIGNER\18979238.pdf,jds\BANKING\BANKING_entry.txt,DESIGNER,0.045,0.15,0,2.0,0.3399317264556885,0.1816,0
resumes/data\DESIGNER\18979238.pdf,jds\BANKING\BANKING_mid.txt,DESIGNER,0.0453,0.2,-1,4.0,0.3359500765800476,0.2397,0
resumes/data\DESIGNER\19164410.pdf,jds\CHEF\CHEF_mid.txt,DESIGNER,0.0229,0.0,1,20.0,0.325836718082428,0.3025,0
resumes/data\DESIGNER\19164410.pdf,jds\CHEF\CHEF_senior.txt,DESIGNER,0.0347,0.0,1,20.0,0.3359572887420654,0.2883,0
resumes/data\DESIGNER\19164410.pdf,jds\CHEF\CHEF_entry.txt,DESIGNER,0.0283,0.1,1,20.0,0.2673162519931793,0.2293,0
resumes/data\DESIGNER\19195747.pdf,jds\ENGINEERING\ENGINEERING_entry.txt,DESIGNER,0.0694,0.1,0,-2.0,0.4231516122817993,0.3078,0
resumes/data\DESIGNER\19195747.pdf,jds\ENGINEERING\ENGINEERING_senior.txt,DESIGNER,0.0707,0.15,-2,0.0,0.3171037137508392,0.2341,0
resumes/data\DESIGNER\20390397.pdf,jds\BUSINESS-DEVELOPMENT\BUSINESS-DEVELOPMENT_senior.txt,DESIGNER,0.0504,0.05,-1,0.0,0.350148856639862,0.3001,0
resumes/data\DESIGNER\20390397.pdf,jds\BUSINESS-DEVELOPMENT\BUSINESS-DEVELOPMENT_mid.txt,DESIGNER,0.0537,0.05,-1,-8.0,0.4011178016662597,0.3242,0
resumes/data\DESIGNER\20390397.pdf,jds\BUSINESS-DEVELOPMENT\BUSINESS-DEVELOPMENT_entry.txt,DESIGNER,0.048,0.1,0,-2.0,0.4254748523235321,0.3195,0
resumes/data\DESIGNER\20748926.pdf,jds\ACCOUNTANT\ACCOUNTANT_entry.txt,DESIGNER,0.0714,0.1,-2,10.0,0.3554261326789856,0.1793,0
resumes/data\DESIGNER\20748926.pdf,jds\ACCOUNTANT\ACCOUNTANT_mid.txt,DESIGNER,0.0768,0.15,-2,12.0,0.4174978137016296,0.1818,0
resumes/data\DESIGNER\20748926.pdf,jds\ACCOUNTANT\ACCOUNTANT_senior.txt,DESIGNER,0.0701,0.1,-2,12.0,0.3979232311248779,0.1934,0
resumes/data\DESIGNER\20932019.pdf,jds\FINANCE\FINANCE_entry.txt,DESIGNER,0.0415,0.1,-1,18.0,0.3149058818817138,0.1397,0
resumes/data\DESIGNER\20932019.pdf,jds\FINANCE\FINANCE_senior.txt,DESIGNER,0.0343,0.0,-1,20.0,0.2462044656276703,0.1982,0
resumes/data\DESIGNER\20932019.pdf,jds\FINANCE\FINANCE_mid.txt,DESIGNER,0.0386,0.05,-1,20.0,0.2897666692733764,0.1346,0
resumes/data\DESIGNER\21283733.pdf,jds\DESIGNER\DESIGNER_senior.txt,DESIGNER,0.1828,0.25,-1,16.0,0.5586283802986145,0.6408,1
resumes/data\DESIGNER\21283733.pdf,jds\ENGINEERING\ENGINEERING_entry.txt,DESIGNER,0.0872,0.1,0,14.0,0.4236895442008972,0.4359,0
resumes/data\DESIGNER\21705160.pdf,jds\HR\HR_entry.txt,DESIGNER,0.0223,0.0,-3,3.0,0.4613264799118042,0.34,0
resumes/data\DESIGNER\21705160.pdf,jds\HR\HR_mid.txt,DESIGNER,0.0303,0.0,-3,3.0,0.427753210067749,0.3228,0
resumes/data\DESIGNER\21705160.pdf,jds\HR\HR_senior.txt,DESIGNER,0.0288,0.0,-3,3.0,0.4155828952789306,0.2901,0
resumes/data\DESIGNER\21916744.pdf,jds\ADVOCATE\ADVOCATE_mid.txt,DESIGNER,0.0362,0.1,-1,0.0,0.2374677509069442,0.1359,0
resumes/data\DESIGNER\21916744.pdf,jds\ADVOCATE\ADVOCATE_entry.txt,DESIGNER,0.0322,0.0,-1,-2.0,0.2463377714157104,0.198,0
resumes/data\DESIGNER\21916744.pdf,jds\ADVOCATE\ADVOCATE_senior.txt,DESIGNER,0.0333,0.1,-1,0.0,0.2384285628795623,0.1728,0
resumes/data\DESIGNER\22496394.pdf,jds\AVIATION\AVIATION_mid.txt,DESIGNER,0.0309,0.05,-1,-8.0,0.3194360136985779,0.313,0
resumes/data\DESIGNER\22496394.pdf,jds\AVIATION\AVIATION_entry.txt,DESIGNER,0.0219,0.0,-1,-2.0,0.2852659821510315,0.2566,0
resumes/data\DESIGNER\22496394.pdf,jds\AVIATION\AVIATION_senior.txt,DESIGNER,0.0221,0.0,-1,0.0,0.2200466096401214,0.2215,0
resumes/data\DESIGNER\22506245.pdf,jds\PUBLIC-RELATIONS\PUBLIC-RELATIONS_senior.txt,DESIGNER,0.0614,0.1,-1,18.0,0.4174208045005798,0.2888,0
resumes/data\DESIGNER\22506245.pdf,jds\PUBLIC-RELATIONS\PUBLIC-RELATIONS_mid.txt,DESIGNER,0.0423,0.1,-1,18.0,0.4389676451683044,0.3651,0
resumes/data\DESIGNER\22506245.pdf,jds\PUBLIC-RELATIONS\PUBLIC-RELATIONS_entry.txt,DESIGNER,0.0433,0.1,0,16.0,0.3621694147586822,0.385,0
resumes/data\DESIGNER\22567495.pdf,jds\BPO\BPO_entry.txt,DESIGNER,0.0468,0.05,1,16.0,0.353790670633316,0.1483,0
resumes/data\DESIGNER\22567495.pdf,jds\BPO\BPO_mid.txt,DESIGNER,0.0389,0.15,1,18.0,0.3660727739334106,0.2107,0
resumes/data\DESIGNER\22567495.pdf,jds\BPO\BPO_senior.txt,DESIGNER,0.0653,0.25,0,18.0,0.3868192434310913,0.2271,0
resumes/data\DESIGNER\22675694.pdf,jds\AVIATION\AVIATION_mid.txt,DESIGNER,0.047,0.05,-1,-8.0,0.2998371124267578,0.3115,0
resumes/data\DESIGNER\22675694.pdf,jds\AVIATION\AVIATION_entry.txt,DESIGNER,0.05,0.05,-1,-2.0,0.3556279838085174,0.3434,0
resumes/data\DESIGNER\22675694.pdf,jds\AVIATION\AVIATION_senior.txt,DESIGNER,0.0243,0.05,-1,0.0,0.2638208866119385,0.2605,0
resumes/data\DESIGNER\23951429.pdf,jds\HEALTHCARE\HEALTHCARE_senior.txt,DESIGNER,0.0322,0.05,-1,0.0,0.209790289402008,0.3254,0
resumes/data\DESIGNER\23951429.pdf,jds\HEALTHCARE\HEALTHCARE_mid.txt,DESIGNER,0.0535,0.1,-1,0.0,0.2399426400661468,0.1968,0
resumes/data\DESIGNER\23951429.pdf,jds\HEALTHCARE\HEALTHCARE_entry.txt,DESIGNER,0.0371,0.0,0,-2.0,0.3477346897125244,0.2454,0
resumes/data\DESIGNER\24285142.pdf,jds\DESIGNER\DESIGNER_entry.txt,DESIGNER,0.184,0.25,0,13.0,0.4720560908317566,0.689,1
resumes/data\DESIGNER\24285142.pdf,jds\BPO\BPO_senior.txt,DESIGNER,0.0443,0.05,-1,15.0,0.3498280346393585,0.4059,0
resumes/data\DESIGNER\24285142.pdf,jds\BPO\BPO_entry.txt,DESIGNER,0.0433,0.2,0,13.0,0.4002577066421509,0.3345,0
resumes/data\DESIGNER\24285142.pdf,jds\BPO\BPO_mid.txt,DESIGNER,0.0378,0.15,0,15.0,0.3043475747108459,0.3418,0
resumes/data\DESIGNER\24455357.pdf,jds\CONSULTANT\CONSULTANT_senior.txt,DESIGNER,0.0558,0.05,-1,7.0,0.3323853313922882,0.1827,0
resumes/data\DESIGNER\24455357.pdf,jds\CONSULTANT\CONSULTANT_mid.txt,DESIGNER,0.0457,0.0,-1,7.0,0.3755732178688049,0.2624,0
resumes/data\DESIGNER\24455357.pdf,jds\CONSULTANT\CONSULTANT_entry.txt,DESIGNER,0.0442,0.1,-1,7.0,0.3298258781433105,0.2884,0
resumes/data\DESIGNER\24583187.pdf,jds\DESIGNER\DESIGNER_senior.txt,DESIGNER,0.2552,0.15,0,3.0,0.4880498647689819,0.5416,1
resumes/data\DESIGNER\24583187.pdf,jds\TEACHER\TEACHER_senior.txt,DESIGNER,0.0217,0.05,-1,3.0,0.3611004054546356,0.1598,0
resumes/data\DESIGNER\24583187.pdf,jds\TEACHER\TEACHER_entry.txt,DESIGNER,0.0453,0.05,1,3.0,0.3492116928100586,0.1436,0
resumes/data\DESIGNER\24583187.pdf,jds\TEACHER\TEACHER_mid.txt,DESIGNER,0.0553,0.05,0,3.0,0.3727006614208221,0.1658,0
resumes/data\DESIGNER\24655918.pdf,jds\INFORMATION-TECHNOLOGY\INFORMATION-TECHNOLOGY_entry.txt,DESIGNER,0.0378,0.05,0,28.0,0.3320031464099884,0.22,0
resumes/data\DESIGNER\24655918.pdf,jds\INFORMATION-TECHNOLOGY\INFORMATION-TECHNOLOGY_mid.txt,DESIGNER,0.0979,0.1,-1,30.0,0.3738724589347839,0.2848,0
resumes/data\DESIGNER\24655918.pdf,jds\INFORMATION-TECHNOLOGY\INFORMATION-TECHNOLOGY_senior.txt,DESIGNER,0.0259,0.05,-1,30.0,0.3716971278190613,0.3191,0
resumes/data\DESIGNER\25023614.pdf,jds\DESIGNER\DESIGNER_mid.txt,DESIGNER,0.2512,0.15,-1,0.0,0.4127876758575439,0.535,1
resumes/data\DESIGNER\25023614.pdf,jds\DESIGNER\DESIGNER_senior.txt,DESIGNER,0.2885,0.1,-1,0.0,0.4333518147468567,0.5559,1
resumes/data\DESIGNER\25023614.pdf,jds\CHEF\CHEF_senior.txt,DESIGNER,0.0442,0.05,1,0.0,0.3950753808021545,0.3825,0
resumes/data\DESIGNER\25023614.pdf,jds\CHEF\CHEF_entry.txt,DESIGNER,0.0739,0.15,1,0.0,0.3745002746582031,0.3515,0
resumes/data\DESIGNER\25061645.pdf,jds\DESIGNER\DESIGNER_mid.txt,DESIGNER,0.229,0.15,-1,12.0,0.4865446388721466,0.5735,1
resumes/data\DESIGNER\25061645.pdf,jds\DESIGNER\DESIGNER_senior.txt,DESIGNER,0.2555,0.2,-1,12.0,0.5295495986938477,0.569,1
resumes/data\DESIGNER\25061645.pdf,jds\ACCOUNTANT\ACCOUNTANT_senior.txt,DESIGNER,0.0386,0.0,-1,12.0,0.2767366766929626,0.2631,0
resumes/data\DESIGNER\25061645.pdf,jds\ACCOUNTANT\ACCOUNTANT_mid.txt,DESIGNER,0.035,0.05,-1,12.0,0.2403325140476226,0.217,0
resumes/data\DESIGNER\25061645.pdf,jds\ACCOUNTANT\ACCOUNTANT_entry.txt,DESIGNER,0.0313,0.0,-1,10.0,0.2445410192012787,0.2535,0
resumes/data\DESIGNER\25422388.pdf,jds\ACCOUNTANT\ACCOUNTANT_senior.txt,DESIGNER,0.0459,0.05,-1,0.0,0.2879991829395294,0.3159,0
resumes/data\DESIGNER\25422388.pdf,jds\ACCOUNTANT\ACCOUNTANT_mid.txt,DESIGNER,0.0487,0.1,-1,0.0,0.3289619982242584,0.3226,0
resumes/data\DESIGNER\25422388.pdf,jds\ACCOUNTANT\ACCOUNTANT_entry.txt,DESIGNER,0.0259,0.0,-1,-2.0,0.281071126461029,0.3145,0
resumes/data\DESIGNER\26046064.pdf,jds\DESIGNER\DESIGNER_mid.txt,DESIGNER,0.2577,0.25,-1,0.0,0.4467957317829132,0.5959,1
resumes/data\DESIGNER\26046064.pdf,jds\DESIGNER\DESIGNER_senior.txt,DESIGNER,0.2486,0.15,-1,0.0,0.4306184649467468,0.5791,1
resumes/data\DESIGNER\26046064.pdf,jds\BPO\BPO_senior.txt,DESIGNER,0.0878,0.2,-1,0.0,0.3239855170249939,0.3547,0
resumes/data\DESIGNER\26046064.pdf,jds\BPO\BPO_mid.txt,DESIGNER,0.0608,0.15,0,0.0,0.2845256924629211,0.3354,0
resumes/data\DESIGNER\26046064.pdf,jds\BPO\BPO_entry.txt,DESIGNER,0.0425,0.0,0,-2.0,0.3045046925544739,0.3273,0
resumes/data\DESIGNER\26496059.pdf,jds\DESIGNER\DESIGNER_mid.txt,DESIGNER,0.1932,0.3,-2,7.0,0.546351969242096,0.603,1
resumes/data\DESIGNER\26496059.pdf,jds\DESIGNER\DESIGNER_senior.txt,DESIGNER,0.1897,0.45,-2,7.0,0.5284024477005005,0.626,1
resumes/data\DESIGNER\26496059.pdf,jds\TEACHER\TEACHER_mid.txt,DESIGNER,0.0787,0.1,-2,7.0,0.3663280606269836,0.2889,0
resumes/data\DESIGNER\26496059.pdf,jds\TEACHER\TEACHER_senior.txt,DESIGNER,0.0758,0.25,-3,7.0,0.2688180208206177,0.2072,0
resumes/data\DESIGNER\26503829.pdf,jds\DESIGNER\DESIGNER_mid.txt,DESIGNER,0.2723,0.2,-1,9.0,0.5362863540649414,0.7485,1
resumes/data\DESIGNER\26503829.pdf,jds\DESIGNER\DESIGNER_senior.txt,DESIGNER,0.2744,0.2,-1,9.0,0.4815152883529663,0.6608,1
resumes/data\DESIGNER\26503829.pdf,jds\CONSULTANT\CONSULTANT_senior.txt,DESIGNER,0.0695,0.15,-1,9.0,0.366473376750946,0.3454,0
resumes/data\DESIGNER\26622051.pdf,jds\ADVOCATE\ADVOCATE_entry.txt,DESIGNER,0.044,0.05,-1,5.0,0.3559256792068481,0.4206,0
resumes/data\DESIGNER\26622051.pdf,jds\ADVOCATE\ADVOCATE_senior.txt,DESIGNER,0.031,0.05,-1,7.0,0.3016821444034576,0.3661,0
resumes/data\DESIGNER\26622051.pdf,jds\ADVOCATE\ADVOCATE_mid.txt,DESIGNER,0.0366,0.05,-1,7.0,0.3110233545303345,0.361,0
resumes/data\DESIGNER\26676567.pdf,jds\DESIGNER\DESIGNER_senior.txt,DESIGNER,0.2248,0.3,-1,12.0,0.5712932348251343,0.593,1
resumes/data\DESIGNER\26676567.pdf,jds\BPO\BPO_entry.txt,DESIGNER,0.0662,0.1,0,10.0,0.5278979539871216,0.3234,0
resumes/data\DESIGNER\26676567.pdf,jds\BPO\BPO_mid.txt,DESIGNER,0.0702,0.2,0,12.0,0.4516465067863464,0.3161,0
resumes/data\DESIGNER\26790545.pdf,jds\DESIGNER\DESIGNER_mid.txt,DESIGNER,0.2282,0.45,-1,23.0,0.4977321624755859,0.5468,1
resumes/data\DESIGNER\26790545.pdf,jds\AUTOMOBILE\AUTOMOBILE_entry.txt,DESIGNER,0.0783,0.15,0,21.0,0.2340743690729141,0.218,0
resumes/data\DESIGNER\26790545.pdf,jds\AUTOMOBILE\AUTOMOBILE_mid.txt,DESIGNER,0.1203,0.25,0,15.0,0.2267577946186065,0.1945,0
resumes/data\DESIGNER\26790545.pdf,jds\AUTOMOBILE\AUTOMOBILE_senior.txt,DESIGNER,0.0788,0.15,-1,23.0,0.3142229616641998,0.2937,0
resumes/data\DESIGNER\26924514.pdf,jds\INFORMATION-TECHNOLOGY\INFORMATION-TECHNOLOGY_entry.txt,DESIGNER,0.0431,0.1,0,10.0,0.4303466975688934,0.3982,0
resumes/data\DESIGNER\26942552.pdf,jds\ENGINEERING\ENGINEERING_entry.txt,DESIGNER,0.0409,0.05,0,-2.0,0.3588894009590149,0.3225,0
resumes/data\DESIGNER\26942552.pdf,jds\ENGINEERING\ENGINEERING_senior.txt,DESIGNER,0.043,0.05,-2,0.0,0.3390326201915741,0.278,0
resumes/data\DESIGNER\26942552.pdf,jds\ENGINEERING\ENGINEERING_mid.txt,DESIGNER,0.0601,0.05,-1,0.0,0.3773415684700012,0.3751,0
resumes/data\DESIGNER\27497542.pdf,jds\BPO\BPO_entry.txt,DESIGNER,0.1535,0.15,0,-2.0,0.3903653621673584,0.3951,0
resumes/data\DESIGNER\27529455.pdf,jds\HEALTHCARE\HEALTHCARE_senior.txt,DESIGNER,0.0555,0.3,1,14.0,0.4221976399421692,0.2819,0
resumes/data\DESIGNER\27529455.pdf,jds\HEALTHCARE\HEALTHCARE_entry.txt,DESIGNER,0.0487,0.1,2,12.0,0.4311154186725616,0.4234,0
resumes/data\DESIGNER\27529455.pdf,jds\HEALTHCARE\HEALTHCARE_mid.txt,DESIGNER,0.072,0.35,1,14.0,0.3861129581928253,0.3,0
resumes/data\DESIGNER\28326441.pdf,jds\DESIGNER\DESIGNER_mid.txt,DESIGNER,0.2291,0.25,-1,14.0,0.5686160326004028,0.552,1
resumes/data\DESIGNER\28326441.pdf,jds\DESIGNER\DESIGNER_senior.txt,DESIGNER,0.2491,0.25,-1,14.0,0.5784543752670288,0.584,1
resumes/data\DESIGNER\28326441.pdf,jds\PUBLIC-RELATIONS\PUBLIC-RELATIONS_senior.txt,DESIGNER,0.0645,0.2,-1,14.0,0.5107232332229614,0.3181,0
resumes/data\DESIGNER\28326441.pdf,jds\PUBLIC-RELATIONS\PUBLIC-RELATIONS_mid.txt,DESIGNER,0.0973,0.3,-1,14.0,0.4794654250144958,0.283,0
resumes/data\DESIGNER\28326441.pdf,jds\PUBLIC-RELATIONS\PUBLIC-RELATIONS_entry.txt,DESIGNER,0.0893,0.3,0,12.0,0.4105510711669922,0.2646,0
resumes/data\DESIGNER\28663949.pdf,jds\DESIGNER\DESIGNER_mid.txt,DESIGNER,0.2252,0.15,0,11.0,0.4260812103748321,0.6216,1
resumes/data\DESIGNER\28663949.pdf,jds\DESIGNER\DESIGNER_senior.txt,DESIGNER,0.2199,0.15,0,11.0,0.4397429823875427,0.5801,1
resumes/data\DESIGNER\28663949.pdf,jds\ADVOCATE\ADVOCATE_senior.txt,DESIGNER,0.0287,0.05,0,11.0,0.3511586785316467,0.3298,0
resumes/data\DESIGNER\28663949.pdf,jds\ADVOCATE\ADVOCATE_mid.txt,DESIGNER,0.0395,0.05,0,11.0,0.3338984847068786,0.2992,0
resumes/data\DESIGNER\28663949.pdf,jds\ADVOCATE\ADVOCATE_entry.txt,DESIGNER,0.0457,0.05,0,9.0,0.3457545638084411,0.3365,0
resumes/data\DESIGNER\29147100.pdf,jds\AGRICULTURE\AGRICULTURE_mid.txt,DESIGNER,0.0317,0.05,-1,35.0,0.1977142542600631,0.1831,0
resumes/data\DESIGNER\29147100.pdf,jds\AGRICULTURE\AGRICULTURE_entry.txt,DESIGNER,0.0219,0.0,0,42.0,0.257006973028183,0.1982,0
resumes/data\DESIGNER\29147100.pdf,jds\AGRICULTURE\AGRICULTURE_senior.txt,DESIGNER,0.0312,0.0,-2,42.0,0.2324859797954559,0.2368,0
resumes/data\DESIGNER\29524570.pdf,jds\INFORMATION-TECHNOLOGY\INFORMATION-TECHNOLOGY_entry.txt,DESIGNER,0.059,0.05,1,9.0,0.5228071808815002,0.4716,0
resumes/data\DESIGNER\29524570.pdf,jds\INFORMATION-TECHNOLOGY\INFORMATION-TECHNOLOGY_senior.txt,DESIGNER,0.0373,0.15,0,11.0,0.4492116570472717,0.379,0
resumes/data\DESIGNER\29865476.pdf,jds\PUBLIC-RELATIONS\PUBLIC-RELATIONS_mid.txt,DESIGNER,0.0582,0.15,-1,16.0,0.3844737410545349,0.2951,0
resumes/data\DESIGNER\29865476.pdf,jds\PUBLIC-RELATIONS\PUBLIC-RELATIONS_entry.txt,DESIGNER,0.055,0.0,0,14.0,0.3614484071731567,0.1531,0
resumes/data\DESIGNER\29865476.pdf,jds\PUBLIC-RELATIONS\PUBLIC-RELATIONS_senior.txt,DESIGNER,0.0481,0.0,-1,16.0,0.366441547870636,0.2238,0
resumes/data\DESIGNER\30965258.pdf,jds\INFORMATION-TECHNOLOGY\INFORMATION-TECHNOLOGY_senior.txt,DESIGNER,0.0369,0.05,-1,9.0,0.3574416935443878,0.3868,0
resumes/data\DESIGNER\30965258.pdf,jds\INFORMATION-TECHNOLOGY\INFORMATION-TECHNOLOGY_entry.txt,DESIGNER,0.0537,0.05,0,7.0,0.3798345327377319,0.4088,0
resumes/data\DESIGNER\30968749.pdf,jds\PUBLIC-RELATIONS\PUBLIC-RELATIONS_senior.txt,DESIGNER,0.0622,0.05,-3,4.0,0.2965731024742126,0.3019,0
resumes/data\DESIGNER\30968749.pdf,jds\PUBLIC-RELATIONS\PUBLIC-RELATIONS_mid.txt,DESIGNER,0.0458,0.1,-3,4.0,0.2764492034912109,0.313,0
resumes/data\DESIGNER\30968749.pdf,jds\PUBLIC-RELATIONS\PUBLIC-RELATIONS_entry.txt,DESIGNER,0.0357,0.1,-2,2.0,0.2591919302940368,0.307,0
resumes/data\DESIGNER\32532982.pdf,jds\SALES\SALES_mid.txt,DESIGNER,0.0504,0.1,-2,0.0,0.291756808757782,0.2572,0
resumes/data\DESIGNER\32532982.pdf,jds\SALES\SALES_senior.txt,DESIGNER,0.0461,0.1,-2,0.0,0.2791773974895477,0.2503,0
resumes/data\DESIGNER\32532982.pdf,jds\SALES\SALES_entry.txt,DESIGNER,0.0409,0.05,-1,0.0,0.2999593615531921,0.3065,0
resumes/data\DESIGNER\32954522.pdf,jds\AUTOMOBILE\AUTOMOBILE_entry.txt,DESIGNER,0.1022,0.15,0,-2.0,0.3351653218269348,0.1892,0
resumes/data\DESIGNER\32954522.pdf,jds\AUTOMOBILE\AUTOMOBILE_senior.txt,DESIGNER,0.0253,0.0,-1,0.0,0.3902580142021179,0.1793,0
resumes/data\DESIGNER\32954522.pdf,jds\AUTOMOBILE\AUTOMOBILE_mid.txt,DESIGNER,0.1102,0.1,0,-8.0,0.3632363677024841,0.212,0
resumes/data\DESIGNER\34051710.pdf,jds\INFORMATION-TECHNOLOGY\INFORMATION-TECHNOLOGY_mid.txt,DESIGNER,0.0695,0.1,-1,0.0,0.3165757656097412,0.2961,0
resumes/data\DESIGNER\34051710.pdf,jds\INFORMATION-TECHNOLOGY\INFORMATION-TECHNOLOGY_entry.txt,DESIGNER,0.0514,0.0,0,-2.0,0.2892904281616211,0.2583,0
resumes/data\DESIGNER\34051710.pdf,jds\INFORMATION-TECHNOLOGY\INFORMATION-TECHNOLOGY_senior.txt,DESIGNER,0.0268,0.05,-1,0.0,0.3599247634410858,0.2684,0
resumes/data\DESIGNER\34317538.pdf,jds\DESIGNER\DESIGNER_mid.txt,DESIGNER,0.366,0.5,-1,14.0,0.4796973466873169,0.6314,1
resumes/data\DESIGNER\34317538.pdf,jds\DESIGNER\DESIGNER_senior.txt,DESIGNER,0.3217,0.45,-1,14.0,0.4363052248954773,0.5321,1
resumes/data\DESIGNER\34317538.pdf,jds\ENGINEERING\ENGINEERING_entry.txt,DESIGNER,0.1397,0.25,0,12.0,0.332930326461792,0.3479,0
resumes/data\DESIGNER\34349255.pdf,jds\DESIGNER\DESIGNER_senior.txt,DESIGNER,0.2466,0.2,-1,24.0,0.4585307538509369,0.5356,1
resumes/data\DESIGNER\34349255.pdf,jds\FITNESS\FITNESS_senior.txt,DESIGNER,0.0198,0.0,-2,24.0,0.1873412728309631,0.1352,0
resumes/data\DESIGNER\34349255.pdf,jds\FITNESS\FITNESS_mid.txt,DESIGNER,0.0411,0.0,0,17.0,0.2485968172550201,0.1248,0
resumes/data\DESIGNER\34349255.pdf,jds\FITNESS\FITNESS_entry.txt,DESIGNER,0.0381,0.0,1,22.0,0.2552142143249511,0.1628,0
resumes/data\DESIGNER\34511655.pdf,jds\TEACHER\TEACHER_entry.txt,DESIGNER,0.0383,0.05,0,14.0,0.1933542788028717,0.2427,0
resumes/data\DESIGNER\34511655.pdf,jds\TEACHER\TEACHER_senior.txt,DESIGNER,0.0371,0.05,-2,14.0,0.184665560722351,0.2019,0
resumes/data\DESIGNER\34511655.pdf,jds\TEACHER\TEACHER_mid.txt,DESIGNER,0.0266,0.0,-1,14.0,0.1976141333580017,0.2803,0
resumes/data\DESIGNER\34657584.pdf,jds\PUBLIC-RELATIONS\PUBLIC-RELATIONS_senior.txt,DESIGNER,0.0339,0.05,-2,16.0,0.3041772246360779,0.2811,0
resumes/data\DESIGNER\34657584.pdf,jds\PUBLIC-RELATIONS\PUBLIC-RELATIONS_mid.txt,DESIGNER,0.0299,0.1,-2,16.0,0.3259633481502533,0.3269,0
resumes/data\DESIGNER\34657584.pdf,jds\PUBLIC-RELATIONS\PUBLIC-RELATIONS_entry.txt,DESIGNER,0.0386,0.0,-1,14.0,0.2608441710472107,0.3361,0
resumes/data\DESIGNER\35990852.pdf,jds\HEALTHCARE\HEALTHCARE_mid.txt,DESIGNER,0.0437,0.25,-1,10.0,0.3226199150085449,0.1552,0
resumes/data\DESIGNER\35990852.pdf,jds\HEALTHCARE\HEALTHCARE_senior.txt,DESIGNER,0.0194,0.1,-1,10.0,0.2868163585662842,0.2139,0
resumes/data\DESIGNER\35990852.pdf,jds\HEALTHCARE\HEALTHCARE_entry.txt,DESIGNER,0.0475,0.25,0,8.0,0.3347000181674957,0.23,0
resumes/data\DESIGNER\36269672.pdf,jds\ADVOCATE\ADVOCATE_mid.txt,DESIGNER,0.0372,0.1,-1,0.0,0.2334243506193161,0.1813,0
resumes/data\DESIGNER\36269672.pdf,jds\ADVOCATE\ADVOCATE_entry.txt,DESIGNER,0.0287,0.0,-1,-2.0,0.2529769241809845,0.215,0
resumes/data\DESIGNER\36269672.pdf,jds\ADVOCATE\ADVOCATE_senior.txt,DESIGNER,0.0284,0.0,-1,0.0,0.2833875119686126,0.201,0
resumes/data\DESIGNER\37058472.pdf,jds\DESIGNER\DESIGNER_mid.txt,DESIGNER,0.2396,0.2,-1,0.0,0.4873067736625671,0.5489,1
resumes/data\DESIGNER\37058472.pdf,jds\DESIGNER\DESIGNER_senior.txt,DESIGNER,0.2487,0.2,-1,0.0,0.5068618655204773,0.5397,1
resumes/data\DESIGNER\37058472.pdf,jds\CONSTRUCTION\CONSTRUCTION_entry.txt,DESIGNER,0.1314,0.25,0,-2.0,0.4396772980690002,0.4622,0
resumes/data\DESIGNER\37263609.pdf,jds\DESIGNER\DESIGNER_mid.txt,DESIGNER,0.3182,0.15,0,3.0,0.5335849523544312,0.4145,1
resumes/data\DESIGNER\37263609.pdf,jds\DESIGNER\DESIGNER_senior.txt,DESIGNER,0.3881,0.1,0,3.0,0.5711574554443359,0.4469,1
resumes/data\DESIGNER\37263609.pdf,jds\BPO\BPO_mid.txt,DESIGNER,0.0658,0.15,1,3.0,0.2972612082958221,0.1665,0
resumes/data\DESIGNER\37263609.pdf,jds\BPO\BPO_entry.txt,DESIGNER,0.0398,0.0,1,1.0,0.2856455445289612,0.13,0
resumes/data\DESIGNER\37263609.pdf,jds\BPO\BPO_senior.txt,DESIGNER,0.0642,0.05,0,3.0,0.3373627662658691,0.1851,0
resumes/data\DESIGNER\37664296.pdf,jds\DESIGNER\DESIGNER_mid.txt,DESIGNER,0.3256,0.45,0,4.0,0.5628216862678528,0.5887,1
resumes/data\DESIGNER\37664296.pdf,jds\DESIGNER\DESIGNER_senior.txt,DESIGNER,0.2885,0.35,0,4.0,0.5401531457901001,0.5749,1
resumes/data\DESIGNER\37664296.pdf,jds\PUBLIC-RELATIONS\PUBLIC-RELATIONS_senior.txt,DESIGNER,0.0827,0.2,0,4.0,0.3391999006271362,0.3217,0
resumes/data\DESIGNER\37664296.pdf,jds\PUBLIC-RELATIONS\PUBLIC-RELATIONS_entry.txt,DESIGNER,0.0701,0.1,1,2.0,0.3546737134456634,0.2829,0
resumes/data\DESIGNER\37664296.pdf,jds\PUBLIC-RELATIONS\PUBLIC-RELATIONS_mid.txt,DESIGNER,0.0794,0.15,0,4.0,0.4135695397853851,0.3672,0
resumes/data\DESIGNER\37695494.pdf,jds\ADVOCATE\ADVOCATE_mid.txt,DESIGNER,0.0263,0.05,-1,24.0,0.191527634859085,0.1809,0
resumes/data\DESIGNER\37695494.pdf,jds\ADVOCATE\ADVOCATE_senior.txt,DESIGNER,0.021,0.05,-1,24.0,0.2188847661018371,0.2117,0
resumes/data\DESIGNER\37695494.pdf,jds\ADVOCATE\ADVOCATE_entry.txt,DESIGNER,0.0245,0.0,-1,22.0,0.2494311928749084,0.2321,0
resumes/data\DESIGNER\38565119.pdf,jds\AVIATION\AVIATION_mid.txt,DESIGNER,0.0483,0.05,0,-2.0,0.3785087168216705,0.2952,0
resumes/data\DESIGNER\38565119.pdf,jds\AVIATION\AVIATION_senior.txt,DESIGNER,0.0451,0.05,0,6.0,0.3448116481304168,0.2441,0
resumes/data\DESIGNER\38565119.pdf,jds\AVIATION\AVIATION_entry.txt,DESIGNER,0.0291,0.05,0,4.0,0.2836462557315826,0.237,0
resumes/data\DESIGNER\38744475.pdf,jds\BUSINESS-DEVELOPMENT\BUSINESS-DEVELOPMENT_mid.txt,DESIGNER,0.0798,0.2,-1,5.0,0.327729731798172,0.2906,0
resumes/data\DESIGNER\38744475.pdf,jds\BUSINESS-DEVELOPMENT\BUSINESS-DEVELOPMENT_entry.txt,DESIGNER,0.0926,0.2,0,11.0,0.3835095167160034,0.3587,0
resumes/data\DESIGNER\39252859.pdf,jds\DESIGNER\DESIGNER_entry.txt,DESIGNER,0.2753,0.4,0,20.0,0.5449758768081665,0.6729,1
resumes/data\DESIGNER\39252859.pdf,jds\DESIGNER\DESIGNER_mid.txt,DESIGNER,0.2736,0.3,-1,22.0,0.5490412712097168,0.578,1
resumes/data\DESIGNER\39252859.pdf,jds\DESIGNER\DESIGNER_senior.txt,DESIGNER,0.3071,0.35,-1,22.0,0.563355565071106,0.5446,1
resumes/data\DESIGNER\39252859.pdf,jds\SALES\SALES_mid.txt,DESIGNER,0.0569,0.1,-1,22.0,0.3911827206611633,0.335,0
resumes/data\DESIGNER\39252859.pdf,jds\SALES\SALES_entry.txt,DESIGNER,0.0651,0.05,0,22.0,0.385378360748291,0.3812,0
resumes/data\DESIGNER\39252859.pdf,jds\SALES\SALES_senior.txt,DESIGNER,0.0609,0.15,-1,22.0,0.3494072556495666,0.3529,0
resumes/data\DESIGNER\39434376.pdf,jds\CONSULTANT\CONSULTANT_mid.txt,DESIGNER,0.0255,0.0,-1,18.0,0.2752619981765747,0.2758,0
resumes/data\DESIGNER\39434376.pdf,jds\CONSULTANT\CONSULTANT_entry.txt,DESIGNER,0.0166,0.1,-1,18.0,0.3065375983715057,0.3185,0
resumes/data\DESIGNER\39434376.pdf,jds\CONSULTANT\CONSULTANT_senior.txt,DESIGNER,0.0205,0.0,-1,18.0,0.3070251047611236,0.2848,0
resumes/data\DESIGNER\39776400.pdf,jds\DESIGNER\DESIGNER_mid.txt,DESIGNER,0.248,0.15,-1,17.0,0.4839643239974975,0.5401,1
resumes/data\DESIGNER\39776400.pdf,jds\DESIGNER\DESIGNER_senior.txt,DESIGNER,0.2704,0.15,-1,17.0,0.484050303697586,0.5274,1
resumes/data\DESIGNER\39776400.pdf,jds\SALES\SALES_entry.txt,DESIGNER,0.0297,0.0,0,17.0,0.366464614868164,0.3557,0
resumes/data\DESIGNER\39776400.pdf,jds\SALES\SALES_mid.txt,DESIGNER,0.0338,0.05,-1,17.0,0.3171097934246063,0.3018,0
resumes/data\DESIGNER\39776400.pdf,jds\SALES\SALES_senior.txt,DESIGNER,0.0325,0.05,-1,17.0,0.2943028807640075,0.3207,0
resumes/data\DESIGNER\41506705.pdf,jds\DESIGNER\DESIGNER_mid.txt,DESIGNER,0.202,0.25,-1,0.0,0.5931289196014404,0.6111,1
resumes/data\DESIGNER\41506705.pdf,jds\DESIGNER\DESIGNER_senior.txt,DESIGNER,0.2148,0.2,-1,0.0,0.6295763254165649,0.6279,1
resumes/data\DESIGNER\41506705.pdf,jds\SALES\SALES_mid.txt,DESIGNER,0.0887,0.25,-1,0.0,0.3824166357517242,0.3318,0
resumes/data\DESIGNER\41506705.pdf,jds\SALES\SALES_entry.txt,DESIGNER,0.0881,0.1,0,0.0,0.3837615251541137,0.3505,0
resumes/data\DESIGNER\41506705.pdf,jds\SALES\SALES_senior.txt,DESIGNER,0.0925,0.15,-1,0.0,0.3202158212661743,0.3136,0
resumes/data\DESIGNER\42384185.pdf,jds\CONSULTANT\CONSULTANT_mid.txt,DESIGNER,0.0555,0.05,0,12.0,0.3992469906806946,0.3637,0
resumes/data\DESIGNER\42384185.pdf,jds\CONSULTANT\CONSULTANT_senior.txt,DESIGNER,0.053,0.15,0,12.0,0.310472160577774,0.2548,0
resumes/data\DESIGNER\42384185.pdf,jds\CONSULTANT\CONSULTANT_entry.txt,DESIGNER,0.0637,0.2,0,12.0,0.3404499888420105,0.324,0
resumes/data\DESIGNER\44145704.pdf,jds\AUTOMOBILE\AUTOMOBILE_entry.txt,DESIGNER,0.0424,0.05,1,27.0,0.347227394580841,0.3309,0
resumes/data\DESIGNER\44145704.pdf,jds\AUTOMOBILE\AUTOMOBILE_senior.txt,DESIGNER,0.0603,0.05,0,29.0,0.3181962370872497,0.3018,0
resumes/data\DESIGNER\44145704.pdf,jds\AUTOMOBILE\AUTOMOBILE_mid.txt,DESIGNER,0.0673,0.1,1,21.0,0.3200117349624634,0.2945,0
resumes/data\DESIGNER\44185767.pdf,jds\ADVOCATE\ADVOCATE_mid.txt,DESIGNER,0.0504,0.1,0,0.0,0.3811553716659546,0.3674,0
resumes/data\DESIGNER\44185767.pdf,jds\ADVOCATE\ADVOCATE_entry.txt,DESIGNER,0.0694,0.05,0,-2.0,0.3944677710533142,0.3761,0
resumes/data\DESIGNER\51018476.pdf,jds\PUBLIC-RELATIONS\PUBLIC-RELATIONS_senior.txt,DESIGNER,0.018,0.0,-1,15.0,0.2628825902938843,0.1113,0
resumes/data\DESIGNER\51018476.pdf,jds\PUBLIC-RELATIONS\PUBLIC-RELATIONS_entry.txt,DESIGNER,0.0199,0.05,0,13.0,0.2417865693569183,0.1172,0
resumes/data\DESIGNER\51018476.pdf,jds\PUBLIC-RELATIONS\PUBLIC-RELATIONS_mid.txt,DESIGNER,0.0153,0.0,-1,15.0,0.2322573661804199,0.0522,0
resumes/data\DESIGNER\51681660.pdf,jds\INFORMATION-TECHNOLOGY\INFORMATION-TECHNOLOGY_senior.txt,DESIGNER,0.0357,0.1,0,0.0,0.3402965664863586,0.3124,0
resumes/data\DESIGNER\51681660.pdf,jds\INFORMATION-TECHNOLOGY\INFORMATION-TECHNOLOGY_entry.txt,DESIGNER,0.0395,0.0,1,-2.0,0.3413194417953491,0.3187,0
resumes/data\DESIGNER\51681660.pdf,jds\INFORMATION-TECHNOLOGY\INFORMATION-TECHNOLOGY_mid.txt,DESIGNER,0.0286,0.0,0,0.0,0.3634408116340637,0.3304,0
resumes/data\DESIGNER\54201930.pdf,jds\ADVOCATE\ADVOCATE_senior.txt,DESIGNER,0.0395,0.2,-1,34.0,0.2327436655759811,0.2021,0
resumes/data\DESIGNER\54201930.pdf,jds\ADVOCATE\ADVOCATE_mid.txt,DESIGNER,0.0445,0.15,-1,34.0,0.2249548882246017,0.1911,0
resumes/data\DESIGNER\54201930.pdf,jds\ADVOCATE\ADVOCATE_entry.txt,DESIGNER,0.0212,0.0,-1,32.0,0.2341263741254806,0.2163,0
resumes/data\DESIGNER\62312955.pdf,jds\DESIGNER\DESIGNER_mid.txt,DESIGNER,0.256,0.2,-1,30.0,0.3899853825569153,0.4969,1
resumes/data\DESIGNER\62312955.pdf,jds\DESIGNER\DESIGNER_senior.txt,DESIGNER,0.2808,0.25,-1,30.0,0.4005390405654907,0.4852,1
resumes/data\DESIGNER\62312955.pdf,jds\TEACHER\TEACHER_senior.txt,DESIGNER,0.0194,0.05,-2,30.0,0.241901159286499,0.1278,0
resumes/data\DESIGNER\62312955.pdf,jds\TEACHER\TEACHER_entry.txt,DESIGNER,0.0444,0.0,0,30.0,0.1998325586318969,0.2045,0
resumes/data\DESIGNER\62312955.pdf,jds\TEACHER\TEACHER_mid.txt,DESIGNER,0.0346,0.0,-1,30.0,0.237481489777565,0.2082,0
resumes/data\DESIGNER\67582956.pdf,jds\FITNESS\FITNESS_mid.txt,DESIGNER,0.0708,0.05,0,9.0,0.3471370637416839,0.1763,0
resumes/data\DESIGNER\67582956.pdf,jds\FITNESS\FITNESS_senior.txt,DESIGNER,0.0419,0.1,-2,16.0,0.3744050860404968,0.1508,0
resumes/data\DESIGNER\67582956.pdf,jds\FITNESS\FITNESS_entry.txt,DESIGNER,0.0539,0.05,1,14.0,0.3703634142875671,0.165,0
resumes/data\DESIGNER\67645662.pdf,jds\AVIATION\AVIATION_mid.txt,DESIGNER,0.0708,0.05,-1,4.0,0.3380009531974792,0.3144,0
resumes/data\DESIGNER\67645662.pdf,jds\AVIATION\AVIATION_entry.txt,DESIGNER,0.0453,0.05,-1,10.0,0.2732484340667724,0.2527,0
resumes/data\DESIGNER\67645662.pdf,jds\AVIATION\AVIATION_senior.txt,DESIGNER,0.0386,0.1,-1,12.0,0.2998579442501068,0.2095,0
resumes/data\DESIGNER\78149576.pdf,jds\AVIATION\AVIATION_entry.txt,DESIGNER,0.0327,0.1,-1,9.0,0.2340753525495529,0.1776,0
resumes/data\DESIGNER\78149576.pdf,jds\AVIATION\AVIATION_mid.txt,DESIGNER,0.0356,0.1,-1,3.0,0.3086751103401184,0.2152,0
resumes/data\DESIGNER\78149576.pdf,jds\AVIATION\AVIATION_senior.txt,DESIGNER,0.0094,0.0,-1,11.0,0.3100728392601013,0.1776,0
resumes/data\DESIGNER\81011612.pdf,jds\HR\HR_entry.txt,DESIGNER,0.0482,0.0,-1,14.0,0.3659142851829529,0.4102,0
resumes/data\DESIGNER\81011612.pdf,jds\HR\HR_senior.txt,DESIGNER,0.0422,0.0,-1,14.0,0.3160770237445831,0.3963,0
resumes/data\DESIGNER\85101052.pdf,jds\BUSINESS-DEVELOPMENT\BUSINESS-DEVELOPMENT_entry.txt,DESIGNER,0.0697,0.2,0,18.0,0.4304903447628021,0.4811,0
resumes/data\DESIGNER\85101052.pdf,jds\BUSINESS-DEVELOPMENT\BUSINESS-DEVELOPMENT_mid.txt,DESIGNER,0.0681,0.15,-1,12.0,0.3941196799278259,0.4619,0
resumes/data\DESIGNER\85101052.pdf,jds\BUSINESS-DEVELOPMENT\BUSINESS-DEVELOPMENT_senior.txt,DESIGNER,0.0453,0.15,-1,20.0,0.3909571170806885,0.4141,0
resumes/data\DESIGNER\90066849.pdf,jds\CONSULTANT\CONSULTANT_senior.txt,DESIGNER,0.0813,0.25,0,28.0,0.3857704401016235,0.2593,0
resumes/data\DESIGNER\90066849.pdf,jds\CONSULTANT\CONSULTANT_entry.txt,DESIGNER,0.0919,0.4,0,28.0,0.3883757293224334,0.3141,0
resumes/data\DESIGNER\90066849.pdf,jds\CONSULTANT\CONSULTANT_mid.txt,DESIGNER,0.0877,0.15,0,28.0,0.4364224374294281,0.3036,0
resumes/data\DESIGNER\91153752.pdf,jds\DESIGNER\DESIGNER_entry.txt,DESIGNER,0.3083,0.5,1,11.0,0.643510103225708,0.6503,1
resumes/data\DESIGNER\91153752.pdf,jds\DESIGNER\DESIGNER_mid.txt,DESIGNER,0.356,0.35,0,13.0,0.6938775777816772,0.7206,1
resumes/data\DESIGNER\91153752.pdf,jds\DESIGNER\DESIGNER_senior.txt,DESIGNER,0.3429,0.2,0,13.0,0.6361500024795532,0.665,1
resumes/data\DESIGNER\91153752.pdf,jds\FITNESS\FITNESS_mid.txt,DESIGNER,0.0645,0.0,1,6.0,0.2588010430335998,0.2242,0
resumes/data\DESIGNER\91153752.pdf,jds\FITNESS\FITNESS_senior.txt,DESIGNER,0.0303,0.0,-1,13.0,0.2662905156612396,0.213,0
resumes/data\DESIGNER\91153752.pdf,jds\FITNESS\FITNESS_entry.txt,DESIGNER,0.0411,0.0,2,11.0,0.2853869199752807,0.2306,0
resumes/data\DESIGNER\93301686.pdf,jds\BPO\BPO_entry.txt,DESIGNER,0.0533,0.1,1,-2.0,0.37270587682724,0.3155,0
resumes/data\DESIGNER\94417768.pdf,jds\DESIGNER\DESIGNER_mid.txt,DESIGNER,0.2294,0.3,-3,1.0,0.5449858903884888,0.6935,1
resumes/data\DESIGNER\94417768.pdf,jds\DESIGNER\DESIGNER_senior.txt,DESIGNER,0.2438,0.3,-3,1.0,0.5057327747344971,0.6082,1
resumes/data\DESIGNER\94417768.pdf,jds\CONSTRUCTION\CONSTRUCTION_entry.txt,DESIGNER,0.0783,0.2,-2,-1.0,0.3950949311256408,0.3572,0
resumes/data\DESIGNER\94417768.pdf,jds\CONSTRUCTION\CONSTRUCTION_mid.txt,DESIGNER,0.0468,0.1,-3,1.0,0.345370203256607,0.4064,0
resumes/data\DESIGNER\94417768.pdf,jds\CONSTRUCTION\CONSTRUCTION_senior.txt,DESIGNER,0.0381,0.2,-3,1.0,0.3238011002540588,0.3634,0
resumes/data\DIGITAL-MEDIA\10005171.pdf,jds\TEACHER\TEACHER_entry.txt,DIGITAL-MEDIA,0.047,0.1,1,20.0,0.3406275808811188,0.1816,0
resumes/data\DIGITAL-MEDIA\10005171.pdf,jds\TEACHER\TEACHER_mid.txt,DIGITAL-MEDIA,0.0551,0.2,0,20.0,0.3520222902297973,0.2085,0
resumes/data\DIGITAL-MEDIA\10005171.pdf,jds\TEACHER\TEACHER_senior.txt,DIGITAL-MEDIA,0.0725,0.2,-1,20.0,0.3390954732894897,0.252,0
resumes/data\DIGITAL-MEDIA\10515955.pdf,jds\BPO\BPO_entry.txt,DIGITAL-MEDIA,0.0781,0.15,1,23.0,0.3825196325778961,0.3873,0
resumes/data\DIGITAL-MEDIA\10515955.pdf,jds\BPO\BPO_mid.txt,DIGITAL-MEDIA,0.0568,0.15,1,25.0,0.3671388626098633,0.3213,0
resumes/data\DIGITAL-MEDIA\10515955.pdf,jds\BPO\BPO_senior.txt,DIGITAL-MEDIA,0.0375,0.05,0,25.0,0.3927001953125,0.394,0
resumes/data\DIGITAL-MEDIA\11005406.pdf,jds\AGRICULTURE\AGRICULTURE_entry.txt,DIGITAL-MEDIA,0.0408,0.05,0,22.0,0.2687194347381592,0.1438,0
resumes/data\DIGITAL-MEDIA\11005406.pdf,jds\AGRICULTURE\AGRICULTURE_senior.txt,DIGITAL-MEDIA,0.0343,0.05,-2,22.0,0.3754549920558929,0.2541,0
resumes/data\DIGITAL-MEDIA\11005406.pdf,jds\AGRICULTURE\AGRICULTURE_mid.txt,DIGITAL-MEDIA,0.0652,0.1,-1,15.0,0.288468450307846,0.1878,0
resumes/data\DIGITAL-MEDIA\11270462.pdf,jds\TEACHER\TEACHER_entry.txt,DIGITAL-MEDIA,0.0623,0.15,0,12.0,0.2934255003929138,0.1813,0
resumes/data\DIGITAL-MEDIA\11270462.pdf,jds\TEACHER\TEACHER_mid.txt,DIGITAL-MEDIA,0.0403,0.1,-1,12.0,0.3361768126487732,0.1892,0
resumes/data\DIGITAL-MEDIA\11270462.pdf,jds\TEACHER\TEACHER_senior.txt,DIGITAL-MEDIA,0.0419,0.15,-2,12.0,0.3190391659736633,0.1892,0
resumes/data\DIGITAL-MEDIA\11677012.pdf,jds\CONSTRUCTION\CONSTRUCTION_senior.txt,DIGITAL-MEDIA,0.0607,0.1,-1,11.0,0.3174590468406677,0.3313,0
resumes/data\DIGITAL-MEDIA\11677012.pdf,jds\CONSTRUCTION\CONSTRUCTION_entry.txt,DIGITAL-MEDIA,0.0276,0.0,0,9.0,0.2300316393375396,0.2133,0
resumes/data\DIGITAL-MEDIA\11677012.pdf,jds\CONSTRUCTION\CONSTRUCTION_mid.txt,DIGITAL-MEDIA,0.0475,0.1,-1,11.0,0.3218725919723511,0.2895,0
resumes/data\DIGITAL-MEDIA\12085736.pdf,jds\DIGITAL-MEDIA\DIGITAL-MEDIA_mid.txt,DIGITAL-MEDIA,0.1668,0.45,-1,0.0,0.5260970592498779,0.6896,1
resumes/data\DIGITAL-MEDIA\12085736.pdf,jds\FITNESS\FITNESS_mid.txt,DIGITAL-MEDIA,0.0552,0.05,0,-7.0,0.2640303373336792,0.2046,0
resumes/data\DIGITAL-MEDIA\12085736.pdf,jds\FITNESS\FITNESS_entry.txt,DIGITAL-MEDIA,0.0542,0.1,1,-2.0,0.2877047955989837,0.1932,0
resumes/data\DIGITAL-MEDIA\12085736.pdf,jds\FITNESS\FITNESS_senior.txt,DIGITAL-MEDIA,0.0656,0.15,-2,0.0,0.2803019881248474,0.2339,0
resumes/data\DIGITAL-MEDIA\13328680.pdf,jds\DIGITAL-MEDIA\DIGITAL-MEDIA_mid.txt,DIGITAL-MEDIA,0.2455,0.55,0,0.0,0.4939930438995361,0.5733,1
resumes/data\DIGITAL-MEDIA\13328680.pdf,jds\BANKING\BANKING_senior.txt,DIGITAL-MEDIA,0.0735,0.2,0,0.0,0.3049603104591369,0.3223,0
resumes/data\DIGITAL-MEDIA\13328680.pdf,jds\BANKING\BANKING_entry.txt,DIGITAL-MEDIA,0.0614,0.3,1,-2.0,0.2418721318244934,0.2781,0
resumes/data\DIGITAL-MEDIA\13328680.pdf,jds\BANKING\BANKING_mid.txt,DIGITAL-MEDIA,0.0762,0.35,0,0.0,0.3387864828109741,0.326,0
resumes/data\DIGITAL-MEDIA\13343786.pdf,jds\INFORMATION-TECHNOLOGY\INFORMATION-TECHNOLOGY_senior.txt,DIGITAL-MEDIA,0.032,0.05,0,13.0,0.2765683531761169,0.2502,0
resumes/data\DIGITAL-MEDIA\13343786.pdf,jds\INFORMATION-TECHNOLOGY\INFORMATION-TECHNOLOGY_mid.txt,DIGITAL-MEDIA,0.0319,0.05,0,13.0,0.2777152359485626,0.2841,0
resumes/data\DIGITAL-MEDIA\13343786.pdf,jds\INFORMATION-TECHNOLOGY\INFORMATION-TECHNOLOGY_entry.txt,DIGITAL-MEDIA,0.0361,0.0,1,11.0,0.2732832431793213,0.2949,0
resumes/data\DIGITAL-MEDIA\13503650.pdf,jds\TEACHER\TEACHER_senior.txt,DIGITAL-MEDIA,0.0578,0.15,-2,15.0,0.4498992562294006,0.3486,0
resumes/data\DIGITAL-MEDIA\13503650.pdf,jds\TEACHER\TEACHER_entry.txt,DIGITAL-MEDIA,0.0717,0.05,0,15.0,0.422268807888031,0.3561,0
resumes/data\DIGITAL-MEDIA\13503650.pdf,jds\TEACHER\TEACHER_mid.txt,DIGITAL-MEDIA,0.0671,0.15,-1,15.0,0.4366512596607208,0.3765,0
resumes/data\DIGITAL-MEDIA\13837784.pdf,jds\DIGITAL-MEDIA\DIGITAL-MEDIA_entry.txt,DIGITAL-MEDIA,0.363,0.55,0,8.0,0.5506924986839294,0.7013,1
resumes/data\DIGITAL-MEDIA\13837784.pdf,jds\DIGITAL-MEDIA\DIGITAL-MEDIA_mid.txt,DIGITAL-MEDIA,0.2286,0.35,-1,10.0,0.5236303806304932,0.619,1
resumes/data\DIGITAL-MEDIA\13837784.pdf,jds\DIGITAL-MEDIA\DIGITAL-MEDIA_senior.txt,DIGITAL-MEDIA,0.2439,0.25,-1,10.0,0.4949619770050049,0.6093,1
resumes/data\DIGITAL-MEDIA\13837784.pdf,jds\ENGINEERING\ENGINEERING_senior.txt,DIGITAL-MEDIA,0.035,0.1,-2,10.0,0.2633289992809295,0.2921,0
resumes/data\DIGITAL-MEDIA\13837784.pdf,jds\ENGINEERING\ENGINEERING_entry.txt,DIGITAL-MEDIA,0.0135,0.0,0,8.0,0.2085798978805542,0.2694,0
resumes/data\DIGITAL-MEDIA\13837784.pdf,jds\ENGINEERING\ENGINEERING_mid.txt,DIGITAL-MEDIA,0.0313,0.0,-1,10.0,0.2513788640499115,0.3078,0
resumes/data\DIGITAL-MEDIA\14036515.pdf,jds\AVIATION\AVIATION_entry.txt,DIGITAL-MEDIA,0.0731,0.1,-1,27.0,0.2738721072673797,0.1805,0
resumes/data\DIGITAL-MEDIA\14036515.pdf,jds\AVIATION\AVIATION_mid.txt,DIGITAL-MEDIA,0.0526,0.05,-1,21.0,0.3158417344093323,0.2148,0
resumes/data\DIGITAL-MEDIA\14036515.pdf,jds\AVIATION\AVIATION_senior.txt,DIGITAL-MEDIA,0.0306,0.15,-1,29.0,0.2853206694126129,0.1904,0
resumes/data\DIGITAL-MEDIA\14209965.pdf,jds\TEACHER\TEACHER_mid.txt,DIGITAL-MEDIA,0.0342,0.05,0,12.0,0.2462443113327026,0.2755,0
resumes/data\DIGITAL-MEDIA\14209965.pdf,jds\TEACHER\TEACHER_entry.txt,DIGITAL-MEDIA,0.0485,0.1,1,12.0,0.2577380537986755,0.2778,0
resumes/data\DIGITAL-MEDIA\14209965.pdf,jds\TEACHER\TEACHER_senior.txt,DIGITAL-MEDIA,0.0243,0.1,-1,12.0,0.2362689524888992,0.2771,0
resumes/data\DIGITAL-MEDIA\14556869.pdf,jds\ACCOUNTANT\ACCOUNTANT_entry.txt,DIGITAL-MEDIA,0.0516,0.05,-1,-2.0,0.392714112997055,0.2762,0
resumes/data\DIGITAL-MEDIA\14556869.pdf,jds\ACCOUNTANT\ACCOUNTANT_mid.txt,DIGITAL-MEDIA,0.0594,0.1,-1,0.0,0.3847251534461975,0.2447,0
resumes/data\DIGITAL-MEDIA\14556869.pdf,jds\ACCOUNTANT\ACCOUNTANT_senior.txt,DIGITAL-MEDIA,0.0546,0.05,-1,0.0,0.4540892243385315,0.2745,0
resumes/data\DIGITAL-MEDIA\14761906.pdf,jds\CONSULTANT\CONSULTANT_entry.txt,DIGITAL-MEDIA,0.057,0.15,-1,16.0,0.2831074893474579,0.1359,0
resumes/data\DIGITAL-MEDIA\14761906.pdf,jds\CONSULTANT\CONSULTANT_senior.txt,DIGITAL-MEDIA,0.0375,0.0,-1,16.0,0.3235276937484741,0.1322,0
resumes/data\DIGITAL-MEDIA\14761906.pdf,jds\CONSULTANT\CONSULTANT_mid.txt,DIGITAL-MEDIA,0.0526,0.05,-1,16.0,0.293103277683258,0.1675,0
resumes/data\DIGITAL-MEDIA\14771530.pdf,jds\ENGINEERING\ENGINEERING_entry.txt,DIGITAL-MEDIA,0.053,0.15,0,9.0,0.4434159100055694,0.2648,0
resumes/data\DIGITAL-MEDIA\14771530.pdf,jds\ENGINEERING\ENGINEERING_mid.txt,DIGITAL-MEDIA,0.056,0.1,-1,11.0,0.4156389832496643,0.3299,0
resumes/data\DIGITAL-MEDIA\14771530.pdf,jds\ENGINEERING\ENGINEERING_senior.txt,DIGITAL-MEDIA,0.0462,0.05,-2,11.0,0.4106639325618744,0.2776,0
resumes/data\DIGITAL-MEDIA\14945250.pdf,jds\CONSTRUCTION\CONSTRUCTION_mid.txt,DIGITAL-MEDIA,0.0507,0.15,0,0.0,0.3294257223606109,0.2278,0
resumes/data\DIGITAL-MEDIA\14945250.pdf,jds\CONSTRUCTION\CONSTRUCTION_entry.txt,DIGITAL-MEDIA,0.0379,0.15,1,-2.0,0.2361896783113479,0.1446,0
resumes/data\DIGITAL-MEDIA\14945250.pdf,jds\CONSTRUCTION\CONSTRUCTION_senior.txt,DIGITAL-MEDIA,0.0513,0.3,0,0.0,0.3541589379310608,0.2746,0
resumes/data\DIGITAL-MEDIA\15226699.pdf,jds\BANKING\BANKING_senior.txt,DIGITAL-MEDIA,0.0436,0.15,-2,21.0,0.2515083849430084,0.323,0
resumes/data\DIGITAL-MEDIA\15226699.pdf,jds\BANKING\BANKING_mid.txt,DIGITAL-MEDIA,0.083,0.15,-2,21.0,0.3329785764217376,0.2593,0
resumes/data\DIGITAL-MEDIA\15226699.pdf,jds\BANKING\BANKING_entry.txt,DIGITAL-MEDIA,0.0655,0.15,-1,19.0,0.26092529296875,0.3087,0
resumes/data\DIGITAL-MEDIA\15353911.pdf,jds\ADVOCATE\ADVOCATE_entry.txt,DIGITAL-MEDIA,0.0352,0.05,-1,7.0,0.3268515169620514,0.32,0
resumes/data\DIGITAL-MEDIA\15353911.pdf,jds\ADVOCATE\ADVOCATE_mid.txt,DIGITAL-MEDIA,0.0478,0.05,-1,9.0,0.2762014865875244,0.2781,0
resumes/data\DIGITAL-MEDIA\15353911.pdf,jds\ADVOCATE\ADVOCATE_senior.txt,DIGITAL-MEDIA,0.0366,0.05,-1,9.0,0.2983746528625488,0.3053,0
resumes/data\DIGITAL-MEDIA\15484097.pdf,jds\HEALTHCARE\HEALTHCARE_mid.txt,DIGITAL-MEDIA,0.0647,0.15,-1,19.0,0.3335109651088714,0.3079,0
resumes/data\DIGITAL-MEDIA\15484097.pdf,jds\HEALTHCARE\HEALTHCARE_entry.txt,DIGITAL-MEDIA,0.0642,0.15,0,17.0,0.420479953289032,0.3553,0
resumes/data\DIGITAL-MEDIA\15484097.pdf,jds\HEALTHCARE\HEALTHCARE_senior.txt,DIGITAL-MEDIA,0.0595,0.2,-1,19.0,0.3879767656326294,0.293,0
resumes/data\DIGITAL-MEDIA\16276121.pdf,jds\DIGITAL-MEDIA\DIGITAL-MEDIA_mid.txt,DIGITAL-MEDIA,0.2367,0.4,-1,15.0,0.4755019843578338,0.5979,1
resumes/data\DIGITAL-MEDIA\16276121.pdf,jds\DIGITAL-MEDIA\DIGITAL-MEDIA_senior.txt,DIGITAL-MEDIA,0.2719,0.3,-1,15.0,0.3604707717895508,0.6464,1
resumes/data\DIGITAL-MEDIA\16509761.pdf,jds\CHEF\CHEF_entry.txt,DIGITAL-MEDIA,0.0455,0.05,1,9.0,0.2482732236385345,0.3031,0
resumes/data\DIGITAL-MEDIA\16509761.pdf,jds\CHEF\CHEF_mid.txt,DIGITAL-MEDIA,0.0445,0.1,1,9.0,0.2627817392349243,0.3834,0
resumes/data\DIGITAL-MEDIA\16509761.pdf,jds\CHEF\CHEF_senior.txt,DIGITAL-MEDIA,0.051,0.1,1,9.0,0.2105211615562439,0.3863,0
resumes/data\DIGITAL-MEDIA\16536141.pdf,jds\DIGITAL-MEDIA\DIGITAL-MEDIA_entry.txt,DIGITAL-MEDIA,0.3202,0.6,0,-2.0,0.5168960690498352,0.6296,1
resumes/data\DIGITAL-MEDIA\16536141.pdf,jds\DIGITAL-MEDIA\DIGITAL-MEDIA_mid.txt,DIGITAL-MEDIA,0.2523,0.4,-1,0.0,0.463187575340271,0.6765,1
resumes/data\DIGITAL-MEDIA\16536141.pdf,jds\DIGITAL-MEDIA\DIGITAL-MEDIA_senior.txt,DIGITAL-MEDIA,0.2579,0.3,-1,0.0,0.4524219930171966,0.7118,1
resumes/data\DIGITAL-MEDIA\16536141.pdf,jds\BUSINESS-DEVELOPMENT\BUSINESS-DEVELOPMENT_mid.txt,DIGITAL-MEDIA,0.1011,0.1,-1,-8.0,0.3340758979320526,0.4363,0
resumes/data\DIGITAL-MEDIA\16536141.pdf,jds\BUSINESS-DEVELOPMENT\BUSINESS-DEVELOPMENT_entry.txt,DIGITAL-MEDIA,0.0951,0.4,0,-2.0,0.419478178024292,0.5211,0
resumes/data\DIGITAL-MEDIA\16893572.pdf,jds\DIGITAL-MEDIA\DIGITAL-MEDIA_entry.txt,DIGITAL-MEDIA,0.3078,0.65,0,13.0,0.5336997509002686,0.6191,1
resumes/data\DIGITAL-MEDIA\16893572.pdf,jds\DIGITAL-MEDIA\DIGITAL-MEDIA_mid.txt,DIGITAL-MEDIA,0.3024,0.6,-1,15.0,0.5614042282104492,0.6902,1
resumes/data\DIGITAL-MEDIA\16893572.pdf,jds\DIGITAL-MEDIA\DIGITAL-MEDIA_senior.txt,DIGITAL-MEDIA,0.2819,0.3,-1,15.0,0.5788449048995972,0.5751,1
resumes/data\DIGITAL-MEDIA\16893572.pdf,jds\BPO\BPO_entry.txt,DIGITAL-MEDIA,0.0431,0.1,0,13.0,0.402019739151001,0.3419,0
resumes/data\DIGITAL-MEDIA\17132168.pdf,jds\AUTOMOBILE\AUTOMOBILE_entry.txt,DIGITAL-MEDIA,0.0599,0.15,0,9.0,0.3133230805397033,0.2572,0
resumes/data\DIGITAL-MEDIA\17132168.pdf,jds\AUTOMOBILE\AUTOMOBILE_mid.txt,DIGITAL-MEDIA,0.1023,0.15,0,3.0,0.3438252508640289,0.2935,0
resumes/data\DIGITAL-MEDIA\17132168.pdf,jds\AUTOMOBILE\AUTOMOBILE_senior.txt,DIGITAL-MEDIA,0.0472,0.15,-1,11.0,0.3388235867023468,0.2888,0
resumes/data\DIGITAL-MEDIA\17432318.pdf,jds\DIGITAL-MEDIA\DIGITAL-MEDIA_senior.txt,DIGITAL-MEDIA,0.2976,0.25,-1,22.0,0.571317732334137,0.5109,1
resumes/data\DIGITAL-MEDIA\17432318.pdf,jds\FINANCE\FINANCE_entry.txt,DIGITAL-MEDIA,0.0526,0.1,-1,20.0,0.3747546076774597,0.401,0
resumes/data\DIGITAL-MEDIA\17432318.pdf,jds\FINANCE\FINANCE_senior.txt,DIGITAL-MEDIA,0.0501,0.25,-1,22.0,0.3445499539375305,0.3716,0
resumes/data\DIGITAL-MEDIA\17562754.pdf,jds\DIGITAL-MEDIA\DIGITAL-MEDIA_entry.txt,DIGITAL-MEDIA,0.2538,0.45,1,28.0,0.5586660504341125,0.587,1
resumes/data\DIGITAL-MEDIA\17562754.pdf,jds\DIGITAL-MEDIA\DIGITAL-MEDIA_senior.txt,DIGITAL-MEDIA,0.2234,0.35,0,30.0,0.5459780097007751,0.5829,1
resumes/data\DIGITAL-MEDIA\17562754.pdf,jds\CHEF\CHEF_senior.txt,DIGITAL-MEDIA,0.0808,0.15,2,30.0,0.3809099495410919,0.3218,0
resumes/data\DIGITAL-MEDIA\17562754.pdf,jds\CHEF\CHEF_mid.txt,DIGITAL-MEDIA,0.0409,0.1,2,30.0,0.3591305613517761,0.288,0
resumes/data\DIGITAL-MEDIA\17562754.pdf,jds\CHEF\CHEF_entry.txt,DIGITAL-MEDIA,0.0316,0.05,2,30.0,0.3118963241577148,0.2689,0
resumes/data\DIGITAL-MEDIA\17584743.pdf,jds\DIGITAL-MEDIA\DIGITAL-MEDIA_senior.txt,DIGITAL-MEDIA,0.2968,0.25,-1,22.0,0.5121372938156128,0.5653,1
resumes/data\DIGITAL-MEDIA\17584743.pdf,jds\INFORMATION-TECHNOLOGY\INFORMATION-TECHNOLOGY_entry.txt,DIGITAL-MEDIA,0.0376,0.0,0,20.0,0.2732894420623779,0.1455,0
resumes/data\DIGITAL-MEDIA\17584743.pdf,jds\INFORMATION-TECHNOLOGY\INFORMATION-TECHNOLOGY_senior.txt,DIGITAL-MEDIA,0.0484,0.05,-1,22.0,0.3727865219116211,0.3217,0
resumes/data\DIGITAL-MEDIA\17584743.pdf,jds\INFORMATION-TECHNOLOGY\INFORMATION-TECHNOLOGY_mid.txt,DIGITAL-MEDIA,0.0498,0.05,-1,22.0,0.3397822082042694,0.1411,0
resumes/data\DIGITAL-MEDIA\18354623.pdf,jds\DIGITAL-MEDIA\DIGITAL-MEDIA_mid.txt,DIGITAL-MEDIA,0.2531,0.6,-1,18.0,0.5681576728820801,0.73,1
resumes/data\DIGITAL-MEDIA\18354623.pdf,jds\DIGITAL-MEDIA\DIGITAL-MEDIA_senior.txt,DIGITAL-MEDIA,0.2533,0.35,-1,18.0,0.5157257318496704,0.6922,1
resumes/data\DIGITAL-MEDIA\18442517.pdf,jds\CHEF\CHEF_senior.txt,DIGITAL-MEDIA,0.0779,0.1,1,10.0,0.234588623046875,0.198,0
resumes/data\DIGITAL-MEDIA\18442517.pdf,jds\CHEF\CHEF_entry.txt,DIGITAL-MEDIA,0.0734,0.15,1,10.0,0.1882088482379913,0.1755,0
resumes/data\DIGITAL-MEDIA\18442517.pdf,jds\CHEF\CHEF_mid.txt,DIGITAL-MEDIA,0.0855,0.2,1,10.0,0.1942212581634521,0.1982,0
resumes/data\DIGITAL-MEDIA\18488289.pdf,jds\DIGITAL-MEDIA\DIGITAL-MEDIA_mid.txt,DIGITAL-MEDIA,0.2027,0.45,-1,11.0,0.5750681757926941,0.6736,1
resumes/data\DIGITAL-MEDIA\18488289.pdf,jds\AUTOMOBILE\AUTOMOBILE_senior.txt,DIGITAL-MEDIA,0.0523,0.1,-1,11.0,0.293328046798706,0.3371,0
resumes/data\DIGITAL-MEDIA\18488289.pdf,jds\AUTOMOBILE\AUTOMOBILE_entry.txt,DIGITAL-MEDIA,0.0647,0.15,0,9.0,0.3274642825126648,0.3215,0
resumes/data\DIGITAL-MEDIA\18488289.pdf,jds\AUTOMOBILE\AUTOMOBILE_mid.txt,DIGITAL-MEDIA,0.1009,0.1,0,3.0,0.3266522288322449,0.3283,0
resumes/data\DIGITAL-MEDIA\18501746.pdf,jds\AGRICULTURE\AGRICULTURE_senior.txt,DIGITAL-MEDIA,0.056,0.05,-2,9.0,0.3001273870468139,0.3542,0
resumes/data\DIGITAL-MEDIA\18501746.pdf,jds\AGRICULTURE\AGRICULTURE_entry.txt,DIGITAL-MEDIA,0.0383,0.05,0,9.0,0.2565710842609405,0.2866,0
resumes/data\DIGITAL-MEDIA\18501746.pdf,jds\AGRICULTURE\AGRICULTURE_mid.txt,DIGITAL-MEDIA,0.0534,0.1,-1,2.0,0.2401388585567474,0.2889,0
resumes/data\DIGITAL-MEDIA\18525641.pdf,jds\DIGITAL-MEDIA\DIGITAL-MEDIA_entry.txt,DIGITAL-MEDIA,0.24,0.45,0,7.0,0.4985530972480774,0.5169,1
resumes/data\DIGITAL-MEDIA\18525641.pdf,jds\DIGITAL-MEDIA\DIGITAL-MEDIA_senior.txt,DIGITAL-MEDIA,0.245,0.45,-1,9.0,0.5492829084396362,0.5389,1
resumes/data\DIGITAL-MEDIA\18525641.pdf,jds\CONSTRUCTION\CONSTRUCTION_entry.txt,DIGITAL-MEDIA,0.0219,0.05,0,7.0,0.1991679370403289,0.183,0
resumes/data\DIGITAL-MEDIA\18525641.pdf,jds\CONSTRUCTION\CONSTRUCTION_senior.txt,DIGITAL-MEDIA,0.0799,0.3,-1,9.0,0.2813295125961303,0.332,0
resumes/data\DIGITAL-MEDIA\18525641.pdf,jds\CONSTRUCTION\CONSTRUCTION_mid.txt,DIGITAL-MEDIA,0.0665,0.2,-1,9.0,0.2246628403663635,0.2501,0
resumes/data\DIGITAL-MEDIA\18900722.pdf,jds\DIGITAL-MEDIA\DIGITAL-MEDIA_mid.txt,DIGITAL-MEDIA,0.2068,0.3,-1,0.0,0.5753573179244995,0.6051,1
resumes/data\DIGITAL-MEDIA\18900722.pdf,jds\DIGITAL-MEDIA\DIGITAL-MEDIA_senior.txt,DIGITAL-MEDIA,0.2782,0.4,-1,0.0,0.5419912338256836,0.5671,1
resumes/data\DIGITAL-MEDIA\18900722.pdf,jds\FINANCE\FINANCE_senior.txt,DIGITAL-MEDIA,0.0718,0.2,-1,0.0,0.3273885846138,0.3798,0
resumes/data\DIGITAL-MEDIA\18900722.pdf,jds\FINANCE\FINANCE_entry.txt,DIGITAL-MEDIA,0.0408,0.15,-1,-2.0,0.3111091256141662,0.3898,0
resumes/data\DIGITAL-MEDIA\18905648.pdf,jds\BUSINESS-DEVELOPMENT\BUSINESS-DEVELOPMENT_entry.txt,DIGITAL-MEDIA,0.0568,0.1,0,-2.0,0.3861104547977447,0.3942,0
resumes/data\DIGITAL-MEDIA\18905648.pdf,jds\BUSINESS-DEVELOPMENT\BUSINESS-DEVELOPMENT_senior.txt,DIGITAL-MEDIA,0.0615,0.1,-1,0.0,0.363063097000122,0.2549,0
resumes/data\DIGITAL-MEDIA\18905648.pdf,jds\BUSINESS-DEVELOPMENT\BUSINESS-DEVELOPMENT_mid.txt,DIGITAL-MEDIA,0.0521,0.05,-1,-8.0,0.3149201273918152,0.3004,0
resumes/data\DIGITAL-MEDIA\18927233.pdf,jds\DIGITAL-MEDIA\DIGITAL-MEDIA_mid.txt,DIGITAL-MEDIA,0.2015,0.35,-1,10.0,0.6118892431259155,0.6441,1
resumes/data\DIGITAL-MEDIA\18927233.pdf,jds\DIGITAL-MEDIA\DIGITAL-MEDIA_senior.txt,DIGITAL-MEDIA,0.2381,0.25,-1,10.0,0.5372143983840942,0.62,1
resumes/data\DIGITAL-MEDIA\18927233.pdf,jds\AUTOMOBILE\AUTOMOBILE_entry.txt,DIGITAL-MEDIA,0.1006,0.1,0,8.0,0.2970100343227386,0.267,0
resumes/data\DIGITAL-MEDIA\18927233.pdf,jds\AUTOMOBILE\AUTOMOBILE_senior.txt,DIGITAL-MEDIA,0.0457,0.05,-1,10.0,0.2853244841098785,0.273,0
resumes/data\DIGITAL-MEDIA\18927233.pdf,jds\AUTOMOBILE\AUTOMOBILE_mid.txt,DIGITAL-MEDIA,0.1081,0.1,0,2.0,0.2676714062690735,0.2846,0
resumes/data\DIGITAL-MEDIA\19053815.pdf,jds\TEACHER\TEACHER_senior.txt,DIGITAL-MEDIA,0.0426,0.15,-2,16.0,0.3551440834999084,0.2307,0
resumes/data\DIGITAL-MEDIA\19053815.pdf,jds\TEACHER\TEACHER_entry.txt,DIGITAL-MEDIA,0.058,0.05,0,16.0,0.3518157601356506,0.2561,0
resumes/data\DIGITAL-MEDIA\19053815.pdf,jds\TEACHER\TEACHER_mid.txt,DIGITAL-MEDIA,0.0371,0.05,-1,16.0,0.3800742626190185,0.2628,0
resumes/data\DIGITAL-MEDIA\19444529.pdf,jds\BPO\BPO_senior.txt,DIGITAL-MEDIA,0.0333,0.1,-1,24.0,0.3105891048908233,0.3611,0
resumes/data\DIGITAL-MEDIA\19444529.pdf,jds\BPO\BPO_entry.txt,DIGITAL-MEDIA,0.0501,0.2,0,22.0,0.377397358417511,0.3109,0
resumes/data\DIGITAL-MEDIA\19444529.pdf,jds\BPO\BPO_mid.txt,DIGITAL-MEDIA,0.0494,0.2,0,24.0,0.2653858661651611,0.2927,0
resumes/data\DIGITAL-MEDIA\19861776.pdf,jds\AGRICULTURE\AGRICULTURE_senior.txt,DIGITAL-MEDIA,0.0619,0.15,-1,18.0,0.3242461681365967,0.167,0
resumes/data\DIGITAL-MEDIA\19861776.pdf,jds\AGRICULTURE\AGRICULTURE_mid.txt,DIGITAL-MEDIA,0.085,0.1,0,11.0,0.2807239294052124,0.1048,0
resumes/data\DIGITAL-MEDIA\19861776.pdf,jds\AGRICULTURE\AGRICULTURE_entry.txt,DIGITAL-MEDIA,0.0638,0.1,1,18.0,0.2561863958835602,0.0459,0
resumes/data\DIGITAL-MEDIA\20210676.pdf,jds\DIGITAL-MEDIA\DIGITAL-MEDIA_entry.txt,DIGITAL-MEDIA,0.284,0.5,0,8.0,0.496113121509552,0.6681,1
resumes/data\DIGITAL-MEDIA\20210676.pdf,jds\HR\HR_senior.txt,DIGITAL-MEDIA,0.0543,0.05,-1,10.0,0.3159286379814148,0.3738,0
resumes/data\DIGITAL-MEDIA\20210676.pdf,jds\HR\HR_mid.txt,DIGITAL-MEDIA,0.069,0.0,-1,10.0,0.3588738441467285,0.3873,0
resumes/data\DIGITAL-MEDIA\20210676.pdf,jds\HR\HR_entry.txt,DIGITAL-MEDIA,0.058,0.0,-1,10.0,0.319547027349472,0.3955,0
resumes/data\DIGITAL-MEDIA\20330739.pdf,jds\DIGITAL-MEDIA\DIGITAL-MEDIA_mid.txt,DIGITAL-MEDIA,0.1982,0.35,0,0.0,0.590686559677124,0.6642,1
resumes/data\DIGITAL-MEDIA\20330739.pdf,jds\DIGITAL-MEDIA\DIGITAL-MEDIA_senior.txt,DIGITAL-MEDIA,0.2527,0.4,0,0.0,0.6279799938201904,0.6403,1
resumes/data\DIGITAL-MEDIA\20330739.pdf,jds\AVIATION\AVIATION_mid.txt,DIGITAL-MEDIA,0.0904,0.15,1,-8.0,0.3637621104717254,0.3895,0
resumes/data\DIGITAL-MEDIA\20330739.pdf,jds\AVIATION\AVIATION_entry.txt,DIGITAL-MEDIA,0.0441,0.15,1,-2.0,0.3566012382507324,0.3024,0
resumes/data\DIGITAL-MEDIA\20490741.pdf,jds\AUTOMOBILE\AUTOMOBILE_entry.txt,DIGITAL-MEDIA,0.0738,0.15,-1,6.0,0.3647919595241546,0.2497,0
resumes/data\DIGITAL-MEDIA\20490741.pdf,jds\AUTOMOBILE\AUTOMOBILE_senior.txt,DIGITAL-MEDIA,0.0404,0.05,-2,8.0,0.3254272937774658,0.242,0
resumes/data\DIGITAL-MEDIA\20490741.pdf,jds\AUTOMOBILE\AUTOMOBILE_mid.txt,DIGITAL-MEDIA,0.0934,0.15,-1,0.0,0.3611661195755005,0.2522,0
resumes/data\DIGITAL-MEDIA\20628003.pdf,jds\DIGITAL-MEDIA\DIGITAL-MEDIA_mid.txt,DIGITAL-MEDIA,0.2459,0.4,-1,9.0,0.6377904415130615,0.7631,1
resumes/data\DIGITAL-MEDIA\20628003.pdf,jds\DIGITAL-MEDIA\DIGITAL-MEDIA_senior.txt,DIGITAL-MEDIA,0.2596,0.2,-1,9.0,0.599629282951355,0.6426,1
resumes/data\DIGITAL-MEDIA\20628003.pdf,jds\ADVOCATE\ADVOCATE_mid.txt,DIGITAL-MEDIA,0.0381,0.15,-1,9.0,0.3153345584869385,0.2847,0
resumes/data\DIGITAL-MEDIA\20628003.pdf,jds\ADVOCATE\ADVOCATE_entry.txt,DIGITAL-MEDIA,0.0402,0.05,-1,7.0,0.3258197903633117,0.3506,0
resumes/data\DIGITAL-MEDIA\20628003.pdf,jds\ADVOCATE\ADVOCATE_senior.txt,DIGITAL-MEDIA,0.0317,0.2,-1,9.0,0.3320732712745666,0.343,0
resumes/data\DIGITAL-MEDIA\21125113.pdf,jds\FINANCE\FINANCE_entry.txt,DIGITAL-MEDIA,0.0819,0.15,-1,-2.0,0.313300609588623,0.4234,0
resumes/data\DIGITAL-MEDIA\21125113.pdf,jds\FINANCE\FINANCE_senior.txt,DIGITAL-MEDIA,0.0654,0.05,-1,0.0,0.2745994329452514,0.3533,0
resumes/data\DIGITAL-MEDIA\21125113.pdf,jds\FINANCE\FINANCE_mid.txt,DIGITAL-MEDIA,0.051,0.15,-1,0.0,0.2969225943088531,0.3803,0
resumes/data\DIGITAL-MEDIA\22380187.pdf,jds\AGRICULTURE\AGRICULTURE_entry.txt,DIGITAL-MEDIA,0.0263,0.05,-2,18.0,0.2522124648094177,0.215,0
resumes/data\DIGITAL-MEDIA\22380187.pdf,jds\AGRICULTURE\AGRICULTURE_mid.txt,DIGITAL-MEDIA,0.0307,0.0,-3,11.0,0.2104977965354919,0.27,0
resumes/data\DIGITAL-MEDIA\22380187.pdf,jds\AGRICULTURE\AGRICULTURE_senior.txt,DIGITAL-MEDIA,0.0354,0.0,-4,18.0,0.3011221289634704,0.2502,0
resumes/data\DIGITAL-MEDIA\22706174.pdf,jds\DIGITAL-MEDIA\DIGITAL-MEDIA_mid.txt,DIGITAL-MEDIA,0.3344,0.45,-1,12.0,0.526232123374939,0.639,1
resumes/data\DIGITAL-MEDIA\22706174.pdf,jds\DIGITAL-MEDIA\DIGITAL-MEDIA_senior.txt,DIGITAL-MEDIA,0.3755,0.35,-1,12.0,0.5470349788665771,0.6222,1
resumes/data\DIGITAL-MEDIA\22706174.pdf,jds\CONSTRUCTION\CONSTRUCTION_mid.txt,DIGITAL-MEDIA,0.1015,0.3,-1,12.0,0.3502351343631744,0.3079,0
resumes/data\DIGITAL-MEDIA\22706174.pdf,jds\CONSTRUCTION\CONSTRUCTION_entry.txt,DIGITAL-MEDIA,0.0509,0.25,0,10.0,0.299474835395813,0.1791,0
resumes/data\DIGITAL-MEDIA\22706174.pdf,jds\CONSTRUCTION\CONSTRUCTION_senior.txt,DIGITAL-MEDIA,0.0962,0.2,-1,12.0,0.3676284849643707,0.3307,0
resumes/data\DIGITAL-MEDIA\23810469.pdf,jds\DIGITAL-MEDIA\DIGITAL-MEDIA_entry.txt,DIGITAL-MEDIA,0.2821,0.5,0,11.0,0.6321665048599243,0.6063,1
resumes/data\DIGITAL-MEDIA\23810469.pdf,jds\DIGITAL-MEDIA\DIGITAL-MEDIA_mid.txt,DIGITAL-MEDIA,0.3255,0.5,-1,13.0,0.6395596265792847,0.6529,1
resumes/data\DIGITAL-MEDIA\23810469.pdf,jds\DIGITAL-MEDIA\DIGITAL-MEDIA_senior.txt,DIGITAL-MEDIA,0.4063,0.45,-1,13.0,0.6570964455604553,0.6302,1
resumes/data\DIGITAL-MEDIA\23810469.pdf,jds\ENGINEERING\ENGINEERING_entry.txt,DIGITAL-MEDIA,0.0276,0.1,0,11.0,0.2595294117927551,0.2877,0
resumes/data\DIGITAL-MEDIA\23810469.pdf,jds\ENGINEERING\ENGINEERING_mid.txt,DIGITAL-MEDIA,0.0356,0.0,-1,13.0,0.3051390647888183,0.3624,0
resumes/data\DIGITAL-MEDIA\23864858.pdf,jds\DIGITAL-MEDIA\DIGITAL-MEDIA_mid.txt,DIGITAL-MEDIA,0.2527,0.5,-1,0.0,0.4651862680912018,0.7057,1
resumes/data\DIGITAL-MEDIA\23864858.pdf,jds\DIGITAL-MEDIA\DIGITAL-MEDIA_senior.txt,DIGITAL-MEDIA,0.193,0.2,-1,0.0,0.458698570728302,0.6761,1
resumes/data\DIGITAL-MEDIA\23864858.pdf,jds\FITNESS\FITNESS_mid.txt,DIGITAL-MEDIA,0.0371,0.1,0,-7.0,0.2409346401691436,0.2975,0
resumes/data\DIGITAL-MEDIA\23864858.pdf,jds\FITNESS\FITNESS_entry.txt,DIGITAL-MEDIA,0.0224,0.05,1,-2.0,0.223997101187706,0.2499,0
resumes/data\DIGITAL-MEDIA\23864858.pdf,jds\FITNESS\FITNESS_senior.txt,DIGITAL-MEDIA,0.0298,0.15,-2,0.0,0.2986413240432739,0.3318,0
resumes/data\DIGITAL-MEDIA\24574164.pdf,jds\HR\HR_entry.txt,DIGITAL-MEDIA,0.0594,0.2,-1,14.0,0.3874085545539856,0.3997,0
resumes/data\DIGITAL-MEDIA\24658786.pdf,jds\INFORMATION-TECHNOLOGY\INFORMATION-TECHNOLOGY_senior.txt,DIGITAL-MEDIA,0.0306,0.05,-1,17.0,0.3085416555404663,0.4133,0
resumes/data\DIGITAL-MEDIA\24679149.pdf,jds\CHEF\CHEF_mid.txt,DIGITAL-MEDIA,0.056,0.15,1,11.0,0.3004684150218963,0.2116,0
resumes/data\DIGITAL-MEDIA\24679149.pdf,jds\CHEF\CHEF_senior.txt,DIGITAL-MEDIA,0.0656,0.1,1,11.0,0.3105140328407287,0.2531,0
resumes/data\DIGITAL-MEDIA\24679149.pdf,jds\CHEF\CHEF_entry.txt,DIGITAL-MEDIA,0.0421,0.05,1,11.0,0.2494446188211441,0.1473,0
resumes/data\DIGITAL-MEDIA\24953921.pdf,jds\CHEF\CHEF_mid.txt,DIGITAL-MEDIA,0.0559,0.2,1,17.0,0.3324846923351288,0.3118,0
resumes/data\DIGITAL-MEDIA\24953921.pdf,jds\CHEF\CHEF_entry.txt,DIGITAL-MEDIA,0.0592,0.1,1,17.0,0.3277805149555206,0.317,0
resumes/data\DIGITAL-MEDIA\24953921.pdf,jds\CHEF\CHEF_senior.txt,DIGITAL-MEDIA,0.054,0.05,1,17.0,0.3314330875873565,0.2963,0
resumes/data\DIGITAL-MEDIA\25038571.pdf,jds\DIGITAL-MEDIA\DIGITAL-MEDIA_mid.txt,DIGITAL-MEDIA,0.2953,0.45,-1,24.0,0.452314555644989,0.6531,1
resumes/data\DIGITAL-MEDIA\25038571.pdf,jds\DIGITAL-MEDIA\DIGITAL-MEDIA_senior.txt,DIGITAL-MEDIA,0.3423,0.25,-1,24.0,0.4329982995986938,0.595,1
resumes/data\DIGITAL-MEDIA\25038571.pdf,jds\CHEF\CHEF_senior.txt,DIGITAL-MEDIA,0.0541,0.0,1,24.0,0.3760126829147339,0.3545,0
resumes/data\DIGITAL-MEDIA\25038571.pdf,jds\CHEF\CHEF_entry.txt,DIGITAL-MEDIA,0.0232,0.0,1,24.0,0.2720744013786316,0.2439,0
resumes/data\DIGITAL-MEDIA\25038571.pdf,jds\CHEF\CHEF_mid.txt,DIGITAL-MEDIA,0.0296,0.05,1,24.0,0.2908137440681457,0.2826,0
resumes/data\DIGITAL-MEDIA\25525152.pdf,jds\FITNESS\FITNESS_senior.txt,DIGITAL-MEDIA,0.0359,0.15,-2,12.0,0.2665835618972778,0.2009,0
resumes/data\DIGITAL-MEDIA\25525152.pdf,jds\FITNESS\FITNESS_mid.txt,DIGITAL-MEDIA,0.0446,0.15,0,5.0,0.2174157798290252,0.1907,0
resumes/data\DIGITAL-MEDIA\25525152.pdf,jds\FITNESS\FITNESS_entry.txt,DIGITAL-MEDIA,0.0396,0.05,1,10.0,0.240139901638031,0.2307,0
resumes/data\DIGITAL-MEDIA\25706337.pdf,jds\DIGITAL-MEDIA\DIGITAL-MEDIA_mid.txt,DIGITAL-MEDIA,0.2239,0.5,0,6.0,0.5317316055297852,0.5792,1
resumes/data\DIGITAL-MEDIA\25706337.pdf,jds\DIGITAL-MEDIA\DIGITAL-MEDIA_senior.txt,DIGITAL-MEDIA,0.2617,0.15,0,6.0,0.4918144345283508,0.5157,1
resumes/data\DIGITAL-MEDIA\25706337.pdf,jds\HR\HR_entry.txt,DIGITAL-MEDIA,0.047,0.0,0,6.0,0.381647527217865,0.3966,0
resumes/data\DIGITAL-MEDIA\25706337.pdf,jds\HR\HR_senior.txt,DIGITAL-MEDIA,0.052,0.05,0,6.0,0.3668701648712158,0.3814,0
resumes/data\DIGITAL-MEDIA\25723793.pdf,jds\ENGINEERING\ENGINEERING_mid.txt,DIGITAL-MEDIA,0.0399,0.0,-1,12.0,0.3287158906459808,0.3277,0
resumes/data\DIGITAL-MEDIA\25723793.pdf,jds\ENGINEERING\ENGINEERING_senior.txt,DIGITAL-MEDIA,0.0408,0.0,-2,12.0,0.3230363130569458,0.2318,0
resumes/data\DIGITAL-MEDIA\25723793.pdf,jds\ENGINEERING\ENGINEERING_entry.txt,DIGITAL-MEDIA,0.0343,0.15,0,10.0,0.2985183894634247,0.2813,0
resumes/data\DIGITAL-MEDIA\26160200.pdf,jds\DIGITAL-MEDIA\DIGITAL-MEDIA_mid.txt,DIGITAL-MEDIA,0.1987,0.4,-1,43.0,0.6281591653823853,0.6223,1
resumes/data\DIGITAL-MEDIA\26160200.pdf,jds\DIGITAL-MEDIA\DIGITAL-MEDIA_senior.txt,DIGITAL-MEDIA,0.2146,0.25,-1,43.0,0.626075029373169,0.6456,1
resumes/data\DIGITAL-MEDIA\26160200.pdf,jds\ACCOUNTANT\ACCOUNTANT_entry.txt,DIGITAL-MEDIA,0.0456,0.05,-1,41.0,0.3613516688346863,0.2625,0
resumes/data\DIGITAL-MEDIA\26160200.pdf,jds\ACCOUNTANT\ACCOUNTANT_mid.txt,DIGITAL-MEDIA,0.0748,0.15,-1,43.0,0.40184086561203,0.3021,0
resumes/data\DIGITAL-MEDIA\26160200.pdf,jds\ACCOUNTANT\ACCOUNTANT_senior.txt,DIGITAL-MEDIA,0.0816,0.1,-1,43.0,0.4153185486793518,0.3385,0
resumes/data\DIGITAL-MEDIA\26341987.pdf,jds\FITNESS\FITNESS_entry.txt,DIGITAL-MEDIA,0.0372,0.15,2,18.0,0.339478999376297,0.3555,0
resumes/data\DIGITAL-MEDIA\26341987.pdf,jds\FITNESS\FITNESS_mid.txt,DIGITAL-MEDIA,0.0702,0.25,1,13.0,0.2911611199378967,0.3434,0
resumes/data\DIGITAL-MEDIA\26341987.pdf,jds\FITNESS\FITNESS_senior.txt,DIGITAL-MEDIA,0.0751,0.25,-1,20.0,0.3260283470153808,0.3391,0
resumes/data\DIGITAL-MEDIA\27080812.pdf,jds\DIGITAL-MEDIA\DIGITAL-MEDIA_mid.txt,DIGITAL-MEDIA,0.2272,0.45,0,9.0,0.5731461048126221,0.5961,1
resumes/data\DIGITAL-MEDIA\27080812.pdf,jds\DIGITAL-MEDIA\DIGITAL-MEDIA_senior.txt,DIGITAL-MEDIA,0.3176,0.4,0,9.0,0.5687460899353027,0.5991,1
resumes/data\DIGITAL-MEDIA\27080812.pdf,jds\AVIATION\AVIATION_senior.txt,DIGITAL-MEDIA,0.0629,0.2,1,9.0,0.3539324998855591,0.3269,0
resumes/data\DIGITAL-MEDIA\27080812.pdf,jds\AVIATION\AVIATION_entry.txt,DIGITAL-MEDIA,0.033,0.05,1,7.0,0.2786526083946228,0.2217,0
resumes/data\DIGITAL-MEDIA\27080812.pdf,jds\AVIATION\AVIATION_mid.txt,DIGITAL-MEDIA,0.0471,0.0,1,1.0,0.3637923300266266,0.3073,0
resumes/data\DIGITAL-MEDIA\27419236.pdf,jds\APPAREL\APPAREL_senior.txt,DIGITAL-MEDIA,0.0614,0.15,-1,13.0,0.3772264122962951,0.3596,0
resumes/data\DIGITAL-MEDIA\27419236.pdf,jds\APPAREL\APPAREL_entry.txt,DIGITAL-MEDIA,0.0607,0.15,0,11.0,0.3341267704963684,0.3428,0
resumes/data\DIGITAL-MEDIA\27921561.pdf,jds\AGRICULTURE\AGRICULTURE_senior.txt,DIGITAL-MEDIA,0.0456,0.05,-2,11.0,0.3693978488445282,0.3223,0
resumes/data\DIGITAL-MEDIA\27921561.pdf,jds\AGRICULTURE\AGRICULTURE_mid.txt,DIGITAL-MEDIA,0.0774,0.1,-1,4.0,0.2853619456291199,0.3518,0
resumes/data\DIGITAL-MEDIA\27921561.pdf,jds\AGRICULTURE\AGRICULTURE_entry.txt,DIGITAL-MEDIA,0.0504,0.1,0,11.0,0.3714725971221924,0.2717,0
resumes/data\DIGITAL-MEDIA\27981289.pdf,jds\DIGITAL-MEDIA\DIGITAL-MEDIA_mid.txt,DIGITAL-MEDIA,0.1683,0.4,-1,13.0,0.54793381690979,0.6612,1
resumes/data\DIGITAL-MEDIA\27981289.pdf,jds\ENGINEERING\ENGINEERING_entry.txt,DIGITAL-MEDIA,0.0426,0.1,0,11.0,0.4081761837005615,0.4073,0
resumes/data\DIGITAL-MEDIA\28109594.pdf,jds\AVIATION\AVIATION_mid.txt,DIGITAL-MEDIA,0.0411,0.05,0,5.0,0.3612391948699951,0.3263,0
resumes/data\DIGITAL-MEDIA\28109594.pdf,jds\AVIATION\AVIATION_entry.txt,DIGITAL-MEDIA,0.0351,0.05,0,11.0,0.3229116201400757,0.2618,0
resumes/data\DIGITAL-MEDIA\28109594.pdf,jds\AVIATION\AVIATION_senior.txt,DIGITAL-MEDIA,0.0346,0.05,0,13.0,0.3715616464614868,0.3054,0
resumes/data\DIGITAL-MEDIA\28609364.pdf,jds\AUTOMOBILE\AUTOMOBILE_entry.txt,DIGITAL-MEDIA,0.0432,0.2,1,10.0,0.3045617043972015,0.1904,0
resumes/data\DIGITAL-MEDIA\28609364.pdf,jds\AUTOMOBILE\AUTOMOBILE_senior.txt,DIGITAL-MEDIA,0.0602,0.1,0,12.0,0.3249087929725647,0.1849,0
resumes/data\DIGITAL-MEDIA\28609364.pdf,jds\AUTOMOBILE\AUTOMOBILE_mid.txt,DIGITAL-MEDIA,0.0813,0.1,1,4.0,0.379311591386795,0.2509,0
resumes/data\DIGITAL-MEDIA\28679359.pdf,jds\DIGITAL-MEDIA\DIGITAL-MEDIA_entry.txt,DIGITAL-MEDIA,0.2615,0.65,0,8.0,0.5305335521697998,0.6411,1
resumes/data\DIGITAL-MEDIA\28679359.pdf,jds\DIGITAL-MEDIA\DIGITAL-MEDIA_mid.txt,DIGITAL-MEDIA,0.3539,0.6,-1,10.0,0.5922983884811401,0.7856,1
resumes/data\DIGITAL-MEDIA\28679359.pdf,jds\DIGITAL-MEDIA\DIGITAL-MEDIA_senior.txt,DIGITAL-MEDIA,0.3196,0.35,-1,10.0,0.6430721282958984,0.7573,1
resumes/data\DIGITAL-MEDIA\28679359.pdf,jds\CHEF\CHEF_mid.txt,DIGITAL-MEDIA,0.0583,0.15,1,10.0,0.316648781299591,0.3057,0
resumes/data\DIGITAL-MEDIA\28679359.pdf,jds\CHEF\CHEF_entry.txt,DIGITAL-MEDIA,0.0464,0.05,1,10.0,0.2592049241065979,0.292,0
resumes/data\DIGITAL-MEDIA\29002596.pdf,jds\DIGITAL-MEDIA\DIGITAL-MEDIA_mid.txt,DIGITAL-MEDIA,0.2594,0.5,0,12.0,0.6173628568649292,0.6322,1
resumes/data\DIGITAL-MEDIA\29002596.pdf,jds\DIGITAL-MEDIA\DIGITAL-MEDIA_senior.txt,DIGITAL-MEDIA,0.3177,0.4,0,12.0,0.6404458284378052,0.6704,1
resumes/data\DIGITAL-MEDIA\29002596.pdf,jds\AVIATION\AVIATION_entry.txt,DIGITAL-MEDIA,0.0402,0.05,1,10.0,0.2799401581287384,0.2739,0
resumes/data\DIGITAL-MEDIA\29002596.pdf,jds\AVIATION\AVIATION_senior.txt,DIGITAL-MEDIA,0.0384,0.15,1,12.0,0.3316400051116943,0.2998,0
resumes/data\DIGITAL-MEDIA\29002596.pdf,jds\AVIATION\AVIATION_mid.txt,DIGITAL-MEDIA,0.0528,0.15,1,4.0,0.3760216236114502,0.3684,0
resumes/data\DIGITAL-MEDIA\29915354.pdf,jds\ACCOUNTANT\ACCOUNTANT_senior.txt,DIGITAL-MEDIA,0.0325,0.0,0,16.0,0.2735365033149719,0.2803,0
resumes/data\DIGITAL-MEDIA\29915354.pdf,jds\ACCOUNTANT\ACCOUNTANT_mid.txt,DIGITAL-MEDIA,0.0458,0.05,0,16.0,0.2771069407463074,0.2312,0
resumes/data\DIGITAL-MEDIA\29915354.pdf,jds\ACCOUNTANT\ACCOUNTANT_entry.txt,DIGITAL-MEDIA,0.0263,0.05,0,14.0,0.2570438981056213,0.2563,0
resumes/data\DIGITAL-MEDIA\30504149.pdf,jds\DIGITAL-MEDIA\DIGITAL-MEDIA_mid.txt,DIGITAL-MEDIA,0.3181,0.45,-1,0.0,0.5878533124923706,0.6186,1
resumes/data\DIGITAL-MEDIA\30504149.pdf,jds\DIGITAL-MEDIA\DIGITAL-MEDIA_senior.txt,DIGITAL-MEDIA,0.4205,0.5,-1,0.0,0.683118462562561,0.6776,1
resumes/data\DIGITAL-MEDIA\30504149.pdf,jds\FITNESS\FITNESS_mid.txt,DIGITAL-MEDIA,0.0324,0.1,0,-7.0,0.2140011340379715,0.2033,0
resumes/data\DIGITAL-MEDIA\30504149.pdf,jds\FITNESS\FITNESS_senior.txt,DIGITAL-MEDIA,0.0775,0.15,-2,0.0,0.3040526211261749,0.2986,0
resumes/data\DIGITAL-MEDIA\30504149.pdf,jds\FITNESS\FITNESS_entry.txt,DIGITAL-MEDIA,0.0149,0.05,1,-2.0,0.2739093899726867,0.183,0
resumes/data\DIGITAL-MEDIA\30864828.pdf,jds\TEACHER\TEACHER_mid.txt,DIGITAL-MEDIA,0.0563,0.1,-1,14.0,0.4231571555137634,0.3108,0
resumes/data\DIGITAL-MEDIA\30864828.pdf,jds\TEACHER\TEACHER_entry.txt,DIGITAL-MEDIA,0.063,0.05,0,14.0,0.4351706504821777,0.3022,0
resumes/data\DIGITAL-MEDIA\30864828.pdf,jds\TEACHER\TEACHER_senior.txt,DIGITAL-MEDIA,0.0759,0.2,-2,14.0,0.3947527706623077,0.2745,0
resumes/data\DIGITAL-MEDIA\31162167.pdf,jds\DIGITAL-MEDIA\DIGITAL-MEDIA_entry.txt,DIGITAL-MEDIA,0.2633,0.45,-1,3.0,0.5473573207855225,0.54,1
resumes/data\DIGITAL-MEDIA\31162167.pdf,jds\FINANCE\FINANCE_mid.txt,DIGITAL-MEDIA,0.028,0.0,-2,5.0,0.2537201642990112,0.3287,0
resumes/data\DIGITAL-MEDIA\31162167.pdf,jds\FINANCE\FINANCE_entry.txt,DIGITAL-MEDIA,0.0548,0.1,-2,3.0,0.25108802318573,0.3302,0
resumes/data\DIGITAL-MEDIA\31162167.pdf,jds\FINANCE\FINANCE_senior.txt,DIGITAL-MEDIA,0.0617,0.05,-2,5.0,0.2457982897758484,0.3074,0
resumes/data\DIGITAL-MEDIA\31909493.pdf,jds\DIGITAL-MEDIA\DIGITAL-MEDIA_mid.txt,DIGITAL-MEDIA,0.2685,0.6,-1,12.0,0.5491230487823486,0.6104,1
resumes/data\DIGITAL-MEDIA\31909493.pdf,jds\DIGITAL-MEDIA\DIGITAL-MEDIA_senior.txt,DIGITAL-MEDIA,0.2647,0.4,-1,12.0,0.5337603688240051,0.5928,1
resumes/data\DIGITAL-MEDIA\31909493.pdf,jds\BPO\BPO_entry.txt,DIGITAL-MEDIA,0.0474,0.1,0,10.0,0.372069239616394,0.4436,0
resumes/data\DIGITAL-MEDIA\31929166.pdf,jds\ADVOCATE\ADVOCATE_entry.txt,DIGITAL-MEDIA,0.0338,0.05,-1,3.0,0.2612822651863098,0.356,0
resumes/data\DIGITAL-MEDIA\31929166.pdf,jds\ADVOCATE\ADVOCATE_senior.txt,DIGITAL-MEDIA,0.037,0.05,-1,5.0,0.2355424016714096,0.3378,0
resumes/data\DIGITAL-MEDIA\31929166.pdf,jds\ADVOCATE\ADVOCATE_mid.txt,DIGITAL-MEDIA,0.057,0.1,-1,5.0,0.2211272418498993,0.3036,0
resumes/data\DIGITAL-MEDIA\33542483.pdf,jds\CONSULTANT\CONSULTANT_entry.txt,DIGITAL-MEDIA,0.0381,0.05,-1,9.0,0.2386107295751571,0.2525,0
resumes/data\DIGITAL-MEDIA\33542483.pdf,jds\CONSULTANT\CONSULTANT_senior.txt,DIGITAL-MEDIA,0.0556,0.05,-1,9.0,0.3141463696956634,0.2261,0
resumes/data\DIGITAL-MEDIA\33542483.pdf,jds\CONSULTANT\CONSULTANT_mid.txt,DIGITAL-MEDIA,0.0636,0.05,-1,9.0,0.3417988717556,0.3165,0
resumes/data\DIGITAL-MEDIA\33893326.pdf,jds\DIGITAL-MEDIA\DIGITAL-MEDIA_mid.txt,DIGITAL-MEDIA,0.2583,0.45,0,2.0,0.6189521551132202,0.5229,1
resumes/data\DIGITAL-MEDIA\33893326.pdf,jds\DIGITAL-MEDIA\DIGITAL-MEDIA_senior.txt,DIGITAL-MEDIA,0.2707,0.3,0,2.0,0.6246002912521362,0.5315,1
resumes/data\DIGITAL-MEDIA\33893326.pdf,jds\SALES\SALES_mid.txt,DIGITAL-MEDIA,0.0713,0.15,0,2.0,0.4587317705154419,0.2901,0
resumes/data\DIGITAL-MEDIA\34319869.pdf,jds\AGRICULTURE\AGRICULTURE_entry.txt,DIGITAL-MEDIA,0.0684,0.05,0,0.0,0.2650359869003296,0.1544,0
resumes/data\DIGITAL-MEDIA\34319869.pdf,jds\AGRICULTURE\AGRICULTURE_senior.txt,DIGITAL-MEDIA,0.0574,0.15,-2,0.0,0.3704102635383606,0.3003,0
resumes/data\DIGITAL-MEDIA\34319869.pdf,jds\AGRICULTURE\AGRICULTURE_mid.txt,DIGITAL-MEDIA,0.0859,0.1,-1,-7.0,0.3140982091426849,0.2004,0
resumes/data\DIGITAL-MEDIA\34583750.pdf,jds\AVIATION\AVIATION_entry.txt,DIGITAL-MEDIA,0.0506,0.05,0,20.0,0.3564201593399048,0.2255,0
resumes/data\DIGITAL-MEDIA\34583750.pdf,jds\AVIATION\AVIATION_mid.txt,DIGITAL-MEDIA,0.0474,0.05,0,14.0,0.3379392325878143,0.2157,0
resumes/data\DIGITAL-MEDIA\34583750.pdf,jds\AVIATION\AVIATION_senior.txt,DIGITAL-MEDIA,0.0494,0.05,0,22.0,0.382966011762619,0.248,0
resumes/data\DIGITAL-MEDIA\37739183.pdf,jds\FITNESS\FITNESS_senior.txt,DIGITAL-MEDIA,0.0605,0.2,-2,10.0,0.3072537183761596,0.3776,0
resumes/data\DIGITAL-MEDIA\37739183.pdf,jds\FITNESS\FITNESS_mid.txt,DIGITAL-MEDIA,0.0668,0.15,0,3.0,0.2744935154914856,0.348,0
resumes/data\DIGITAL-MEDIA\37739183.pdf,jds\FITNESS\FITNESS_entry.txt,DIGITAL-MEDIA,0.034,0.05,1,8.0,0.2440527528524398,0.3244,0
resumes/data\DIGITAL-MEDIA\39166680.pdf,jds\DIGITAL-MEDIA\DIGITAL-MEDIA_mid.txt,DIGITAL-MEDIA,0.268,0.5,-1,9.0,0.6166074275970459,0.7082,1
resumes/data\DIGITAL-MEDIA\39166680.pdf,jds\DIGITAL-MEDIA\DIGITAL-MEDIA_senior.txt,DIGITAL-MEDIA,0.2601,0.4,-1,9.0,0.4991714060306549,0.6139,1
resumes/data\DIGITAL-MEDIA\39166680.pdf,jds\AGRICULTURE\AGRICULTURE_mid.txt,DIGITAL-MEDIA,0.0709,0.1,-1,2.0,0.298833966255188,0.4001,0
resumes/data\DIGITAL-MEDIA\39166680.pdf,jds\AGRICULTURE\AGRICULTURE_entry.txt,DIGITAL-MEDIA,0.0557,0.1,0,9.0,0.2918313145637512,0.3646,0
resumes/data\DIGITAL-MEDIA\40311088.pdf,jds\ENGINEERING\ENGINEERING_entry.txt,DIGITAL-MEDIA,0.0501,0.2,0,10.0,0.3048735857009887,0.261,0
resumes/data\DIGITAL-MEDIA\40311088.pdf,jds\ENGINEERING\ENGINEERING_mid.txt,DIGITAL-MEDIA,0.0367,0.05,-1,12.0,0.3302296996116638,0.2937,0
resumes/data\DIGITAL-MEDIA\40311088.pdf,jds\ENGINEERING\ENGINEERING_senior.txt,DIGITAL-MEDIA,0.0426,0.1,-2,12.0,0.3193163871765136,0.2954,0
resumes/data\DIGITAL-MEDIA\40883703.pdf,jds\DIGITAL-MEDIA\DIGITAL-MEDIA_mid.txt,DIGITAL-MEDIA,0.2623,0.55,-1,12.0,0.5898733139038086,0.6763,1
resumes/data\DIGITAL-MEDIA\40883703.pdf,jds\DIGITAL-MEDIA\DIGITAL-MEDIA_senior.txt,DIGITAL-MEDIA,0.2882,0.4,-1,12.0,0.5770747661590576,0.6408,1
resumes/data\DIGITAL-MEDIA\40883703.pdf,jds\CHEF\CHEF_mid.txt,DIGITAL-MEDIA,0.0329,0.1,1,12.0,0.3357119560241699,0.2936,0
resumes/data\DIGITAL-MEDIA\40883703.pdf,jds\CHEF\CHEF_entry.txt,DIGITAL-MEDIA,0.0292,0.0,1,12.0,0.3175040185451507,0.2262,0
resumes/data\DIGITAL-MEDIA\40883703.pdf,jds\CHEF\CHEF_senior.txt,DIGITAL-MEDIA,0.0559,0.15,1,12.0,0.3787931203842163,0.3749,0
resumes/data\DIGITAL-MEDIA\42156237.pdf,jds\BUSINESS-DEVELOPMENT\BUSINESS-DEVELOPMENT_mid.txt,DIGITAL-MEDIA,0.0929,0.2,0,2.0,0.505014181137085,0.4898,0
resumes/data\DIGITAL-MEDIA\42156237.pdf,jds\BUSINESS-DEVELOPMENT\BUSINESS-DEVELOPMENT_entry.txt,DIGITAL-MEDIA,0.0877,0.2,1,8.0,0.4989877939224243,0.5213,0
resumes/data\DIGITAL-MEDIA\50219114.pdf,jds\DIGITAL-MEDIA\DIGITAL-MEDIA_mid.txt,DIGITAL-MEDIA,0.2203,0.55,0,11.0,0.5157326459884644,0.6478,1
resumes/data\DIGITAL-MEDIA\50219114.pdf,jds\DIGITAL-MEDIA\DIGITAL-MEDIA_senior.txt,DIGITAL-MEDIA,0.2123,0.3,0,11.0,0.4835936725139618,0.6329,1
resumes/data\DIGITAL-MEDIA\50219114.pdf,jds\BANKING\BANKING_senior.txt,DIGITAL-MEDIA,0.1171,0.15,0,11.0,0.3456801176071167,0.3103,0
resumes/data\DIGITAL-MEDIA\50219114.pdf,jds\BANKING\BANKING_entry.txt,DIGITAL-MEDIA,0.0623,0.35,1,9.0,0.2636528611183166,0.2306,0
resumes/data\DIGITAL-MEDIA\56952849.pdf,jds\SALES\SALES_senior.txt,DIGITAL-MEDIA,0.0482,0.15,-1,15.0,0.3654034733772278,0.3571,0
resumes/data\DIGITAL-MEDIA\56952849.pdf,jds\SALES\SALES_entry.txt,DIGITAL-MEDIA,0.0467,0.05,0,15.0,0.4079189002513885,0.3608,0
resumes/data\DIGITAL-MEDIA\56952849.pdf,jds\SALES\SALES_mid.txt,DIGITAL-MEDIA,0.0384,0.2,-1,15.0,0.3195176720619201,0.2752,0
resumes/data\DIGITAL-MEDIA\58915642.pdf,jds\TEACHER\TEACHER_senior.txt,DIGITAL-MEDIA,0.0641,0.15,-2,1.0,0.3818084001541137,0.343,0
resumes/data\DIGITAL-MEDIA\58915642.pdf,jds\TEACHER\TEACHER_mid.txt,DIGITAL-MEDIA,0.0683,0.2,-1,1.0,0.3586019277572632,0.2299,0
resumes/data\DIGITAL-MEDIA\58915642.pdf,jds\TEACHER\TEACHER_entry.txt,DIGITAL-MEDIA,0.0648,0.25,0,1.0,0.3539540469646454,0.2155,0
resumes/data\DIGITAL-MEDIA\59011090.pdf,jds\DIGITAL-MEDIA\DIGITAL-MEDIA_entry.txt,DIGITAL-MEDIA,0.3059,0.45,0,9.0,0.4775383174419403,0.6936,1
resumes/data\DIGITAL-MEDIA\59011090.pdf,jds\TEACHER\TEACHER_mid.txt,DIGITAL-MEDIA,0.0392,0.0,-1,11.0,0.3752638101577759,0.2702,0
resumes/data\DIGITAL-MEDIA\59011090.pdf,jds\TEACHER\TEACHER_senior.txt,DIGITAL-MEDIA,0.0316,0.05,-2,11.0,0.4392049610614776,0.2501,0
resumes/data\DIGITAL-MEDIA\59011090.pdf,jds\TEACHER\TEACHER_entry.txt,DIGITAL-MEDIA,0.0767,0.0,0,11.0,0.3756708204746246,0.2493,0
resumes/data\DIGITAL-MEDIA\62700506.pdf,jds\AUTOMOBILE\AUTOMOBILE_mid.txt,DIGITAL-MEDIA,0.172,0.15,0,5.0,0.3741225600242615,0.3512,0
resumes/data\DIGITAL-MEDIA\62700506.pdf,jds\AUTOMOBILE\AUTOMOBILE_entry.txt,DIGITAL-MEDIA,0.1093,0.2,0,11.0,0.4032780826091766,0.2925,0
resumes/data\DIGITAL-MEDIA\70196518.pdf,jds\HEALTHCARE\HEALTHCARE_entry.txt,DIGITAL-MEDIA,0.0223,0.05,0,-2.0,0.2649962902069092,0.2564,0
resumes/data\DIGITAL-MEDIA\70196518.pdf,jds\HEALTHCARE\HEALTHCARE_senior.txt,DIGITAL-MEDIA,0.0173,0.0,-1,0.0,0.2409477829933166,0.2235,0
resumes/data\DIGITAL-MEDIA\70196518.pdf,jds\HEALTHCARE\HEALTHCARE_mid.txt,DIGITAL-MEDIA,0.0241,0.05,-1,0.0,0.2221109569072723,0.1244,0
resumes/data\DIGITAL-MEDIA\73282756.pdf,jds\DIGITAL-MEDIA\DIGITAL-MEDIA_mid.txt,DIGITAL-MEDIA,0.2133,0.6,0,14.0,0.684783935546875,0.6013,1
resumes/data\DIGITAL-MEDIA\73282756.pdf,jds\DIGITAL-MEDIA\DIGITAL-MEDIA_senior.txt,DIGITAL-MEDIA,0.2158,0.45,0,14.0,0.5746735334396362,0.6721,1
resumes/data\DIGITAL-MEDIA\73282756.pdf,jds\BANKING\BANKING_entry.txt,DIGITAL-MEDIA,0.0705,0.25,1,12.0,0.5030511617660522,0.2119,0
resumes/data\DIGITAL-MEDIA\80679862.pdf,jds\DIGITAL-MEDIA\DIGITAL-MEDIA_entry.txt,DIGITAL-MEDIA,0.3511,0.6,0,10.0,0.4033850133419037,0.656,1
resumes/data\DIGITAL-MEDIA\80679862.pdf,jds\DIGITAL-MEDIA\DIGITAL-MEDIA_mid.txt,DIGITAL-MEDIA,0.4006,0.7,-1,12.0,0.5359499454498291,0.7037,1
resumes/data\DIGITAL-MEDIA\80679862.pdf,jds\DIGITAL-MEDIA\DIGITAL-MEDIA_senior.txt,DIGITAL-MEDIA,0.4061,0.25,-1,12.0,0.4328782856464386,0.6732,1
resumes/data\DIGITAL-MEDIA\80679862.pdf,jds\FITNESS\FITNESS_senior.txt,DIGITAL-MEDIA,0.0815,0.15,-2,12.0,0.2518994212150574,0.2645,0
resumes/data\DIGITAL-MEDIA\80679862.pdf,jds\FITNESS\FITNESS_entry.txt,DIGITAL-MEDIA,0.0543,0.15,1,10.0,0.2071198374032974,0.2322,0
resumes/data\DIGITAL-MEDIA\80679862.pdf,jds\FITNESS\FITNESS_mid.txt,DIGITAL-MEDIA,0.0742,0.15,0,5.0,0.2512860000133514,0.2539,0
resumes/data\DIGITAL-MEDIA\81508860.pdf,jds\TEACHER\TEACHER_mid.txt,DIGITAL-MEDIA,0.047,0.1,0,2.0,0.435820996761322,0.3228,0
resumes/data\DIGITAL-MEDIA\81508860.pdf,jds\TEACHER\TEACHER_senior.txt,DIGITAL-MEDIA,0.0492,0.2,-1,2.0,0.3842663168907165,0.3313,0
resumes/data\DIGITAL-MEDIA\81508860.pdf,jds\TEACHER\TEACHER_entry.txt,DIGITAL-MEDIA,0.0778,0.1,1,2.0,0.3622442185878753,0.3103,0
resumes/data\DIGITAL-MEDIA\82929064.pdf,jds\DIGITAL-MEDIA\DIGITAL-MEDIA_entry.txt,DIGITAL-MEDIA,0.2998,0.55,0,9.0,0.6031063795089722,0.6311,1
resumes/data\DIGITAL-MEDIA\82929064.pdf,jds\DIGITAL-MEDIA\DIGITAL-MEDIA_mid.txt,DIGITAL-MEDIA,0.2485,0.45,-1,11.0,0.5435223579406738,0.6347,1
resumes/data\DIGITAL-MEDIA\82929064.pdf,jds\CONSTRUCTION\CONSTRUCTION_mid.txt,DIGITAL-MEDIA,0.05,0.1,-1,11.0,0.2818000316619873,0.2907,0
resumes/data\DIGITAL-MEDIA\82929064.pdf,jds\CONSTRUCTION\CONSTRUCTION_entry.txt,DIGITAL-MEDIA,0.0255,0.05,0,9.0,0.2356880158185959,0.1871,0
resumes/data\DIGITAL-MEDIA\82929064.pdf,jds\CONSTRUCTION\CONSTRUCTION_senior.txt,DIGITAL-MEDIA,0.0402,0.05,-1,11.0,0.2963829934597015,0.2631,0
resumes/data\DIGITAL-MEDIA\90685127.pdf,jds\DIGITAL-MEDIA\DIGITAL-MEDIA_entry.txt,DIGITAL-MEDIA,0.3063,0.55,0,4.0,0.6109135150909424,0.6168,1
resumes/data\DIGITAL-MEDIA\90685127.pdf,jds\DIGITAL-MEDIA\DIGITAL-MEDIA_mid.txt,DIGITAL-MEDIA,0.307,0.5,-1,6.0,0.6338521242141724,0.6687,1
resumes/data\DIGITAL-MEDIA\90685127.pdf,jds\DIGITAL-MEDIA\DIGITAL-MEDIA_senior.txt,DIGITAL-MEDIA,0.3493,0.35,-1,6.0,0.5812203884124756,0.6553,1
resumes/data\DIGITAL-MEDIA\90685127.pdf,jds\BANKING\BANKING_entry.txt,DIGITAL-MEDIA,0.0475,0.2,0,4.0,0.3116593360900879,0.3193,0
resumes/data\DIGITAL-MEDIA\91318828.pdf,jds\AGRICULTURE\AGRICULTURE_mid.txt,DIGITAL-MEDIA,0.0878,0.05,-1,9.0,0.2206129878759384,0.2649,0
resumes/data\DIGITAL-MEDIA\91318828.pdf,jds\AGRICULTURE\AGRICULTURE_senior.txt,DIGITAL-MEDIA,0.0695,0.15,-2,16.0,0.3088125586509704,0.3604,0
resumes/data\DIGITAL-MEDIA\91318828.pdf,jds\AGRICULTURE\AGRICULTURE_entry.txt,DIGITAL-MEDIA,0.0784,0.0,0,16.0,0.2801616787910461,0.2591,0
resumes/data\DIGITAL-MEDIA\91539554.pdf,jds\ACCOUNTANT\ACCOUNTANT_entry.txt,DIGITAL-MEDIA,0.0381,0.0,0,15.0,0.2943497896194458,0.0953,0
resumes/data\DIGITAL-MEDIA\91539554.pdf,jds\ACCOUNTANT\ACCOUNTANT_mid.txt,DIGITAL-MEDIA,0.0449,0.0,0,17.0,0.3106364607810974,0.0989,0
resumes/data\DIGITAL-MEDIA\91539554.pdf,jds\ACCOUNTANT\ACCOUNTANT_senior.txt,DIGITAL-MEDIA,0.0377,0.05,0,17.0,0.3394278287887573,0.0634,0
resumes/data\DIGITAL-MEDIA\94492380.pdf,jds\DIGITAL-MEDIA\DIGITAL-MEDIA_entry.txt,DIGITAL-MEDIA,0.2997,0.5,0,13.0,0.4234383404254913,0.6248,1
resumes/data\DIGITAL-MEDIA\94492380.pdf,jds\DIGITAL-MEDIA\DIGITAL-MEDIA_senior.txt,DIGITAL-MEDIA,0.2606,0.3,-1,15.0,0.5571682453155518,0.5484,1
resumes/data\DIGITAL-MEDIA\94492380.pdf,jds\ENGINEERING\ENGINEERING_senior.txt,DIGITAL-MEDIA,0.046,0.15,-2,15.0,0.2654652893543243,0.2873,0
resumes/data\DIGITAL-MEDIA\94492380.pdf,jds\ENGINEERING\ENGINEERING_entry.txt,DIGITAL-MEDIA,0.0279,0.15,0,13.0,0.2296440154314041,0.1342,0
resumes/data\DIGITAL-MEDIA\94492380.pdf,jds\ENGINEERING\ENGINEERING_mid.txt,DIGITAL-MEDIA,0.0239,0.0,-1,15.0,0.1966032087802887,0.198,0
resumes/data\ENGINEERING\10030015.pdf,jds\BPO\BPO_mid.txt,ENGINEERING,0.0565,0.1,0,23.0,0.4183204770088196,0.4054,0
resumes/data\ENGINEERING\10030015.pdf,jds\BPO\BPO_entry.txt,ENGINEERING,0.0483,0.05,0,21.0,0.3183650970458984,0.2918,0
resumes/data\ENGINEERING\10219099.pdf,jds\HR\HR_entry.txt,ENGINEERING,0.0606,0.05,-2,12.0,0.4045730233192444,0.2394,0
resumes/data\ENGINEERING\10219099.pdf,jds\HR\HR_senior.txt,ENGINEERING,0.0288,0.0,-2,12.0,0.3595637083053589,0.214,0
resumes/data\ENGINEERING\10219099.pdf,jds\HR\HR_mid.txt,ENGINEERING,0.0434,0.05,-2,12.0,0.3779338598251343,0.276,0
resumes/data\ENGINEERING\10624813.pdf,jds\ARTS\ARTS_senior.txt,ENGINEERING,0.0301,0.15,-1,12.0,0.3195827901363373,0.1421,0
resumes/data\ENGINEERING\10624813.pdf,jds\ARTS\ARTS_mid.txt,ENGINEERING,0.0334,0.0,0,12.0,0.3769437968730926,0.2018,0
resumes/data\ENGINEERING\10624813.pdf,jds\ARTS\ARTS_entry.txt,ENGINEERING,0.0402,0.1,1,12.0,0.3149067163467407,0.1722,0
resumes/data\ENGINEERING\10712803.pdf,jds\HEALTHCARE\HEALTHCARE_mid.txt,ENGINEERING,0.0952,0.35,-2,20.0,0.3162874281406402,0.2997,0
resumes/data\ENGINEERING\10712803.pdf,jds\HEALTHCARE\HEALTHCARE_entry.txt,ENGINEERING,0.0571,0.15,-1,18.0,0.2670644521713257,0.2184,0
resumes/data\ENGINEERING\10712803.pdf,jds\HEALTHCARE\HEALTHCARE_senior.txt,ENGINEERING,0.0592,0.15,-2,20.0,0.2766056060791015,0.2464,0
resumes/data\ENGINEERING\10985403.pdf,jds\ENGINEERING\ENGINEERING_mid.txt,ENGINEERING,0.278,0.25,1,5.0,0.5731915235519409,0.4805,1
resumes/data\ENGINEERING\10985403.pdf,jds\SALES\SALES_senior.txt,ENGINEERING,0.0486,0.0,1,5.0,0.299633651971817,0.135,0
resumes/data\ENGINEERING\10985403.pdf,jds\SALES\SALES_mid.txt,ENGINEERING,0.0476,0.0,1,5.0,0.3141649961471557,0.1037,0
resumes/data\ENGINEERING\10985403.pdf,jds\SALES\SALES_entry.txt,ENGINEERING,0.0415,0.0,2,5.0,0.2993439733982086,0.1343,0
resumes/data\ENGINEERING\11890896.pdf,jds\BPO\BPO_entry.txt,ENGINEERING,0.0711,0.25,1,1.0,0.3643922209739685,0.3251,0
resumes/data\ENGINEERING\11981094.pdf,jds\AGRICULTURE\AGRICULTURE_entry.txt,ENGINEERING,0.0404,0.0,0,10.0,0.2851117849349975,0.1601,0
resumes/data\ENGINEERING\11981094.pdf,jds\AGRICULTURE\AGRICULTURE_mid.txt,ENGINEERING,0.0694,0.1,-1,3.0,0.2518954873085022,0.2541,0
resumes/data\ENGINEERING\11981094.pdf,jds\AGRICULTURE\AGRICULTURE_senior.txt,ENGINEERING,0.0644,0.15,-2,10.0,0.3240381479263305,0.2771,0
resumes/data\ENGINEERING\12011623.pdf,jds\DESIGNER\DESIGNER_entry.txt,ENGINEERING,0.0914,0.15,1,4.0,0.4014263749122619,0.4369,0
resumes/data\ENGINEERING\12022566.pdf,jds\BANKING\BANKING_senior.txt,ENGINEERING,0.0344,0.0,0,1.0,0.3080143928527832,0.2926,0
resumes/data\ENGINEERING\12022566.pdf,jds\BANKING\BANKING_entry.txt,ENGINEERING,0.0363,0.1,1,-1.0,0.3106880784034729,0.2697,0
resumes/data\ENGINEERING\12022566.pdf,jds\BANKING\BANKING_mid.txt,ENGINEERING,0.0359,0.1,0,1.0,0.2737515270709991,0.2512,0
resumes/data\ENGINEERING\12472574.pdf,jds\DESIGNER\DESIGNER_entry.txt,ENGINEERING,0.1276,0.4,0,-2.0,0.3490592241287231,0.3421,0
resumes/data\ENGINEERING\12488356.pdf,jds\FITNESS\FITNESS_entry.txt,ENGINEERING,0.0579,0.1,3,-2.0,0.3267151713371277,0.2153,0
resumes/data\ENGINEERING\12488356.pdf,jds\FITNESS\FITNESS_mid.txt,ENGINEERING,0.0961,0.4,2,-7.0,0.324092298746109,0.275,0
resumes/data\ENGINEERING\12488356.pdf,jds\FITNESS\FITNESS_senior.txt,ENGINEERING,0.1076,0.3,0,0.0,0.3355540037155151,0.2741,0
resumes/data\ENGINEERING\12518008.pdf,jds\ENGINEERING\ENGINEERING_mid.txt,ENGINEERING,0.2034,0.3,-1,6.0,0.5996577739715576,0.584,1
resumes/data\ENGINEERING\12518008.pdf,jds\DIGITAL-MEDIA\DIGITAL-MEDIA_senior.txt,ENGINEERING,0.0399,0.1,-1,6.0,0.404901772737503,0.4102,0
resumes/data\ENGINEERING\12518008.pdf,jds\DIGITAL-MEDIA\DIGITAL-MEDIA_entry.txt,ENGINEERING,0.0398,0.05,0,4.0,0.4102811217308044,0.3513,0
resumes/data\ENGINEERING\12748557.pdf,jds\ENGINEERING\ENGINEERING_senior.txt,ENGINEERING,0.2687,0.35,-2,12.0,0.495318591594696,0.4983,1
resumes/data\ENGINEERING\12748557.pdf,jds\INFORMATION-TECHNOLOGY\INFORMATION-TECHNOLOGY_entry.txt,ENGINEERING,0.0835,0.0,0,10.0,0.4039556384086609,0.4035,0
resumes/data\ENGINEERING\13149176.pdf,jds\DIGITAL-MEDIA\DIGITAL-MEDIA_entry.txt,ENGINEERING,0.0383,0.05,0,12.0,0.351502776145935,0.2217,0
resumes/data\ENGINEERING\13149176.pdf,jds\DIGITAL-MEDIA\DIGITAL-MEDIA_senior.txt,ENGINEERING,0.0377,0.15,-1,14.0,0.3340722322463989,0.225,0
resumes/data\ENGINEERING\13149176.pdf,jds\DIGITAL-MEDIA\DIGITAL-MEDIA_mid.txt,ENGINEERING,0.0458,0.25,-1,14.0,0.360547661781311,0.2618,0
resumes/data\ENGINEERING\13264796.pdf,jds\HEALTHCARE\HEALTHCARE_senior.txt,ENGINEERING,0.051,0.2,-1,0.0,0.338660717010498,0.2782,0
resumes/data\ENGINEERING\13264796.pdf,jds\HEALTHCARE\HEALTHCARE_entry.txt,ENGINEERING,0.0574,0.2,0,-2.0,0.3055553436279297,0.3435,0
resumes/data\ENGINEERING\13264796.pdf,jds\HEALTHCARE\HEALTHCARE_mid.txt,ENGINEERING,0.1079,0.35,-1,0.0,0.3042829930782318,0.3052,0
resumes/data\ENGINEERING\14049846.pdf,jds\ENGINEERING\ENGINEERING_entry.txt,ENGINEERING,0.3207,0.35,1,-2.0,0.5719329118728638,0.6807,1
resumes/data\ENGINEERING\14049846.pdf,jds\ENGINEERING\ENGINEERING_mid.txt,ENGINEERING,0.2428,0.3,0,0.0,0.5001974105834961,0.5982,1
resumes/data\ENGINEERING\14049846.pdf,jds\ENGINEERING\ENGINEERING_senior.txt,ENGINEERING,0.2513,0.45,-1,0.0,0.4224620461463928,0.5773,1
resumes/data\ENGINEERING\14049846.pdf,jds\INFORMATION-TECHNOLOGY\INFORMATION-TECHNOLOGY_entry.txt,ENGINEERING,0.0929,0.05,1,-2.0,0.3784732222557068,0.4927,0
resumes/data\ENGINEERING\14206561.pdf,jds\HR\HR_senior.txt,ENGINEERING,0.0296,0.0,-1,12.0,0.3477437496185303,0.3376,0
resumes/data\ENGINEERING\14206561.pdf,jds\HR\HR_entry.txt,ENGINEERING,0.0614,0.05,-1,12.0,0.3627282679080963,0.3311,0
resumes/data\ENGINEERING\14554542.pdf,jds\ARTS\ARTS_entry.txt,ENGINEERING,0.0614,0.1,-1,0.0,0.2441208958625793,0.1131,0
resumes/data\ENGINEERING\14554542.pdf,jds\ARTS\ARTS_senior.txt,ENGINEERING,0.0225,0.1,-3,0.0,0.219191238284111,0.0222,0
resumes/data\ENGINEERING\14554542.pdf,jds\ARTS\ARTS_mid.txt,ENGINEERING,0.0458,0.05,-2,0.0,0.2658615708351135,0.0459,0
resumes/data\ENGINEERING\15139979.pdf,jds\ADVOCATE\ADVOCATE_mid.txt,ENGINEERING,0.0335,0.1,0,20.0,0.3620496988296509,0.296,0
resumes/data\ENGINEERING\15139979.pdf,jds\ADVOCATE\ADVOCATE_senior.txt,ENGINEERING,0.0318,0.1,0,20.0,0.3780052065849304,0.305,0
resumes/data\ENGINEERING\15139979.pdf,jds\ADVOCATE\ADVOCATE_entry.txt,ENGINEERING,0.0448,0.05,0,18.0,0.3994281589984894,0.2953,0
resumes/data\ENGINEERING\15601399.pdf,jds\ACCOUNTANT\ACCOUNTANT_mid.txt,ENGINEERING,0.028,0.0,-1,26.0,0.3575486540794372,0.245,0
resumes/data\ENGINEERING\15601399.pdf,jds\ACCOUNTANT\ACCOUNTANT_entry.txt,ENGINEERING,0.0246,0.0,-1,24.0,0.3354580104351043,0.2675,0
resumes/data\ENGINEERING\15601399.pdf,jds\ACCOUNTANT\ACCOUNTANT_senior.txt,ENGINEERING,0.0515,0.05,-1,26.0,0.3371334671974182,0.2727,0
resumes/data\ENGINEERING\15858254.pdf,jds\DESIGNER\DESIGNER_mid.txt,ENGINEERING,0.1029,0.2,-2,10.0,0.4116708040237427,0.2901,0
resumes/data\ENGINEERING\15858254.pdf,jds\DESIGNER\DESIGNER_entry.txt,ENGINEERING,0.0821,0.2,-1,8.0,0.395748108625412,0.3096,0
resumes/data\ENGINEERING\15941675.pdf,jds\INFORMATION-TECHNOLOGY\INFORMATION-TECHNOLOGY_entry.txt,ENGINEERING,0.0574,0.0,0,23.0,0.4229602217674255,0.4011,0
resumes/data\ENGINEERING\16803215.pdf,jds\SALES\SALES_mid.txt,ENGINEERING,0.0534,0.1,-2,0.0,0.3560348749160766,0.364,0
resumes/data\ENGINEERING\16803215.pdf,jds\SALES\SALES_senior.txt,ENGINEERING,0.0599,0.1,-2,0.0,0.3164799809455871,0.4,0
resumes/data\ENGINEERING\16911115.pdf,jds\BPO\BPO_entry.txt,ENGINEERING,0.1053,0.15,1,16.0,0.4446563124656677,0.3262,0
resumes/data\ENGINEERING\16911115.pdf,jds\BPO\BPO_mid.txt,ENGINEERING,0.0959,0.35,1,18.0,0.505814254283905,0.3396,0
resumes/data\ENGINEERING\16911115.pdf,jds\BPO\BPO_senior.txt,ENGINEERING,0.0555,0.15,0,18.0,0.4404959380626678,0.3967,0
resumes/data\ENGINEERING\17043822.pdf,jds\PUBLIC-RELATIONS\PUBLIC-RELATIONS_mid.txt,ENGINEERING,0.063,0.15,-2,0.0,0.3928746581077575,0.2456,0
resumes/data\ENGINEERING\17043822.pdf,jds\PUBLIC-RELATIONS\PUBLIC-RELATIONS_senior.txt,ENGINEERING,0.0553,0.15,-2,0.0,0.4068109393119812,0.2558,0
resumes/data\ENGINEERING\17043822.pdf,jds\PUBLIC-RELATIONS\PUBLIC-RELATIONS_entry.txt,ENGINEERING,0.0378,0.2,-1,-2.0,0.3566986620426178,0.2309,0
resumes/data\ENGINEERING\17103000.pdf,jds\ENGINEERING\ENGINEERING_mid.txt,ENGINEERING,0.2664,0.35,0,11.0,0.515004575252533,0.5132,1
resumes/data\ENGINEERING\17103000.pdf,jds\ENGINEERING\ENGINEERING_senior.txt,ENGINEERING,0.2855,0.5,-1,11.0,0.5576717853546143,0.5136,1
resumes/data\ENGINEERING\17103000.pdf,jds\CHEF\CHEF_entry.txt,ENGINEERING,0.0324,0.05,2,11.0,0.4216035008430481,0.2189,0
resumes/data\ENGINEERING\17103000.pdf,jds\CHEF\CHEF_senior.txt,ENGINEERING,0.0572,0.0,2,11.0,0.4262016415596008,0.3135,0
resumes/data\ENGINEERING\17103000.pdf,jds\CHEF\CHEF_mid.txt,ENGINEERING,0.055,0.05,2,11.0,0.4417632222175598,0.2803,0
resumes/data\ENGINEERING\17108676.pdf,jds\APPAREL\APPAREL_entry.txt,ENGINEERING,0.0798,0.1,0,9.0,0.3407019972801208,0.4076,0
resumes/data\ENGINEERING\17108676.pdf,jds\APPAREL\APPAREL_senior.txt,ENGINEERING,0.0823,0.1,-1,11.0,0.2930077016353607,0.296,0
resumes/data\ENGINEERING\17108676.pdf,jds\APPAREL\APPAREL_mid.txt,ENGINEERING,0.0659,0.05,-1,11.0,0.2635792195796966,0.2908,0
resumes/data\ENGINEERING\17488801.pdf,jds\ENGINEERING\ENGINEERING_mid.txt,ENGINEERING,0.3679,0.4,-1,4.0,0.4850382804870605,0.421,1
resumes/data\ENGINEERING\17488801.pdf,jds\PUBLIC-RELATIONS\PUBLIC-RELATIONS_mid.txt,ENGINEERING,0.0753,0.1,-1,4.0,0.3926498293876648,0.1072,0
resumes/data\ENGINEERING\17488801.pdf,jds\PUBLIC-RELATIONS\PUBLIC-RELATIONS_senior.txt,ENGINEERING,0.0533,0.1,-1,4.0,0.3466404676437378,0.153,0
resumes/data\ENGINEERING\17488801.pdf,jds\PUBLIC-RELATIONS\PUBLIC-RELATIONS_entry.txt,ENGINEERING,0.049,0.1,0,2.0,0.3543106615543365,0.1308,0
resumes/data\ENGINEERING\17926546.pdf,jds\ENGINEERING\ENGINEERING_mid.txt,ENGINEERING,0.2503,0.4,-3,8.0,0.4604659676551819,0.5145,1
resumes/data\ENGINEERING\17926546.pdf,jds\ARTS\ARTS_senior.txt,ENGINEERING,0.0323,0.1,-4,8.0,0.311396837234497,0.1939,0
resumes/data\ENGINEERING\17926546.pdf,jds\ARTS\ARTS_mid.txt,ENGINEERING,0.066,0.15,-3,8.0,0.4072006940841675,0.2628,0
resumes/data\ENGINEERING\17926546.pdf,jds\ARTS\ARTS_entry.txt,ENGINEERING,0.0822,0.2,-2,8.0,0.3600465357303619,0.2873,0
resumes/data\ENGINEERING\18753367.pdf,jds\BANKING\BANKING_entry.txt,ENGINEERING,0.0602,0.25,1,6.0,0.3221201002597809,0.2737,0
resumes/data\ENGINEERING\18753367.pdf,jds\BANKING\BANKING_mid.txt,ENGINEERING,0.0914,0.15,0,8.0,0.3462527394294739,0.3126,0
resumes/data\ENGINEERING\18753367.pdf,jds\BANKING\BANKING_senior.txt,ENGINEERING,0.0536,0.05,0,8.0,0.2959931194782257,0.3029,0
resumes/data\ENGINEERING\19124258.pdf,jds\PUBLIC-RELATIONS\PUBLIC-RELATIONS_mid.txt,ENGINEERING,0.04,0.05,-1,36.0,0.2804724276065826,0.215,0
resumes/data\ENGINEERING\19124258.pdf,jds\PUBLIC-RELATIONS\PUBLIC-RELATIONS_entry.txt,ENGINEERING,0.041,0.05,0,34.0,0.2392543852329254,0.1827,0
resumes/data\ENGINEERING\19124258.pdf,jds\PUBLIC-RELATIONS\PUBLIC-RELATIONS_senior.txt,ENGINEERING,0.0471,0.05,-1,36.0,0.3186694681644439,0.2003,0
resumes/data\ENGINEERING\19396040.pdf,jds\ACCOUNTANT\ACCOUNTANT_entry.txt,ENGINEERING,0.0661,0.15,-1,0.0,0.3502208590507507,0.5076,0
resumes/data\ENGINEERING\19397727.pdf,jds\FINANCE\FINANCE_entry.txt,ENGINEERING,0.0283,0.0,-1,11.0,0.3110420703887939,0.24,0
resumes/data\ENGINEERING\19397727.pdf,jds\FINANCE\FINANCE_senior.txt,ENGINEERING,0.0244,0.0,-1,13.0,0.2714822888374328,0.2416,0
resumes/data\ENGINEERING\19397727.pdf,jds\FINANCE\FINANCE_mid.txt,ENGINEERING,0.0296,0.0,-1,13.0,0.2866649925708771,0.2073,0
resumes/data\ENGINEERING\19553067.pdf,jds\FINANCE\FINANCE_entry.txt,ENGINEERING,0.0884,0.2,-1,7.0,0.3800371885299682,0.4243,0
resumes/data\ENGINEERING\20566550.pdf,jds\HEALTHCARE\HEALTHCARE_senior.txt,ENGINEERING,0.0264,0.1,-1,0.0,0.2807667255401611,0.3044,0
resumes/data\ENGINEERING\20566550.pdf,jds\HEALTHCARE\HEALTHCARE_entry.txt,ENGINEERING,0.0574,0.2,0,-2.0,0.3201905488967895,0.3345,0
resumes/data\ENGINEERING\20566550.pdf,jds\HEALTHCARE\HEALTHCARE_mid.txt,ENGINEERING,0.0444,0.2,-1,0.0,0.2580902576446533,0.3085,0
resumes/data\ENGINEERING\20882041.pdf,jds\HEALTHCARE\HEALTHCARE_entry.txt,ENGINEERING,0.0527,0.1,0,18.0,0.2809711098670959,0.1642,0
resumes/data\ENGINEERING\20882041.pdf,jds\HEALTHCARE\HEALTHCARE_mid.txt,ENGINEERING,0.0781,0.25,-1,20.0,0.3775472044944763,0.2811,0
resumes/data\ENGINEERING\20882041.pdf,jds\HEALTHCARE\HEALTHCARE_senior.txt,ENGINEERING,0.045,0.1,-1,20.0,0.3493903875350952,0.2531,0
resumes/data\ENGINEERING\20981299.pdf,jds\ENGINEERING\ENGINEERING_mid.txt,ENGINEERING,0.315,0.3,0,3.0,0.6489092111587524,0.5247,1
resumes/data\ENGINEERING\20981299.pdf,jds\HEALTHCARE\HEALTHCARE_mid.txt,ENGINEERING,0.0613,0.15,0,3.0,0.3085325956344604,0.3226,0
resumes/data\ENGINEERING\20981299.pdf,jds\HEALTHCARE\HEALTHCARE_entry.txt,ENGINEERING,0.0485,0.1,1,1.0,0.3870115876197815,0.4152,0
resumes/data\ENGINEERING\20981299.pdf,jds\HEALTHCARE\HEALTHCARE_senior.txt,ENGINEERING,0.0588,0.05,0,3.0,0.2696674466133117,0.2688,0
resumes/data\ENGINEERING\21038022.pdf,jds\ARTS\ARTS_senior.txt,ENGINEERING,0.0487,0.1,-2,14.0,0.2834891974925995,0.2717,0
resumes/data\ENGINEERING\21038022.pdf,jds\ARTS\ARTS_mid.txt,ENGINEERING,0.0725,0.25,-1,14.0,0.428556352853775,0.3379,0
resumes/data\ENGINEERING\21038022.pdf,jds\ARTS\ARTS_entry.txt,ENGINEERING,0.0722,0.25,0,14.0,0.3614819049835205,0.3102,0
resumes/data\ENGINEERING\21298336.pdf,jds\ENGINEERING\ENGINEERING_senior.txt,ENGINEERING,0.2446,0.2,-2,0.0,0.4672698378562927,0.5411,1
resumes/data\ENGINEERING\21298336.pdf,jds\FINANCE\FINANCE_entry.txt,ENGINEERING,0.0238,0.0,-1,-2.0,0.285133421421051,0.3016,0
resumes/data\ENGINEERING\21298336.pdf,jds\FINANCE\FINANCE_mid.txt,ENGINEERING,0.0288,0.0,-1,0.0,0.2999742925167084,0.2969,0
resumes/data\ENGINEERING\21298336.pdf,jds\FINANCE\FINANCE_senior.txt,ENGINEERING,0.0321,0.0,-1,0.0,0.3105325102806091,0.3296,0
resumes/data\ENGINEERING\21629057.pdf,jds\HEALTHCARE\HEALTHCARE_mid.txt,ENGINEERING,0.0515,0.25,-1,12.0,0.2758066952228546,0.225,0
resumes/data\ENGINEERING\21629057.pdf,jds\HEALTHCARE\HEALTHCARE_entry.txt,ENGINEERING,0.0501,0.15,0,10.0,0.367824375629425,0.2945,0
resumes/data\ENGINEERING\21629057.pdf,jds\HEALTHCARE\HEALTHCARE_senior.txt,ENGINEERING,0.0476,0.15,-1,12.0,0.28890460729599,0.1954,0
resumes/data\ENGINEERING\21807224.pdf,jds\HR\HR_entry.txt,ENGINEERING,0.0364,0.0,-1,20.0,0.3342821896076202,0.3693,0
resumes/data\ENGINEERING\21807224.pdf,jds\HR\HR_senior.txt,ENGINEERING,0.0438,0.0,-1,20.0,0.3416163325309753,0.3998,0
resumes/data\ENGINEERING\21847415.pdf,jds\HEALTHCARE\HEALTHCARE_entry.txt,ENGINEERING,0.0674,0.2,0,12.0,0.3105939626693725,0.3011,0
resumes/data\ENGINEERING\21847415.pdf,jds\HEALTHCARE\HEALTHCARE_mid.txt,ENGINEERING,0.0608,0.25,-1,14.0,0.3048629760742187,0.294,0
resumes/data\ENGINEERING\21847415.pdf,jds\HEALTHCARE\HEALTHCARE_senior.txt,ENGINEERING,0.032,0.1,-1,14.0,0.2737306952476501,0.2866,0
resumes/data\ENGINEERING\22605864.pdf,jds\TEACHER\TEACHER_senior.txt,ENGINEERING,0.0476,0.1,-2,10.0,0.3640031218528747,0.3454,0
resumes/data\ENGINEERING\22605864.pdf,jds\TEACHER\TEACHER_entry.txt,ENGINEERING,0.0761,0.1,0,10.0,0.3318960070610046,0.3377,0
resumes/data\ENGINEERING\22605864.pdf,jds\TEACHER\TEACHER_mid.txt,ENGINEERING,0.0717,0.05,-1,10.0,0.3535264432430267,0.3665,0
resumes/data\ENGINEERING\22890839.pdf,jds\FINANCE\FINANCE_senior.txt,ENGINEERING,0.0553,0.0,-1,4.0,0.2672953605651855,0.2146,0
resumes/data\ENGINEERING\22890839.pdf,jds\FINANCE\FINANCE_entry.txt,ENGINEERING,0.0704,0.15,-1,2.0,0.2915725409984588,0.2359,0
resumes/data\ENGINEERING\22890839.pdf,jds\FINANCE\FINANCE_mid.txt,ENGINEERING,0.0364,0.05,-1,4.0,0.2929429411888122,0.2283,0
resumes/data\ENGINEERING\23234047.pdf,jds\PUBLIC-RELATIONS\PUBLIC-RELATIONS_senior.txt,ENGINEERING,0.0218,0.0,-1,18.0,0.3629555404186249,0.2222,0
resumes/data\ENGINEERING\23234047.pdf,jds\PUBLIC-RELATIONS\PUBLIC-RELATIONS_entry.txt,ENGINEERING,0.0164,0.0,0,16.0,0.3322020173072815,0.1936,0
resumes/data\ENGINEERING\23234047.pdf,jds\PUBLIC-RELATIONS\PUBLIC-RELATIONS_mid.txt,ENGINEERING,0.033,0.15,-1,18.0,0.3264775276184082,0.1925,0
resumes/data\ENGINEERING\23438227.pdf,jds\PUBLIC-RELATIONS\PUBLIC-RELATIONS_mid.txt,ENGINEERING,0.0288,0.0,-2,0.0,0.3125353455543518,0.2437,0
resumes/data\ENGINEERING\23438227.pdf,jds\PUBLIC-RELATIONS\PUBLIC-RELATIONS_senior.txt,ENGINEERING,0.038,0.05,-2,0.0,0.2872410118579864,0.2669,0
resumes/data\ENGINEERING\23438227.pdf,jds\PUBLIC-RELATIONS\PUBLIC-RELATIONS_entry.txt,ENGINEERING,0.0441,0.0,-1,-2.0,0.3057510256767273,0.3236,0
resumes/data\ENGINEERING\23497307.pdf,jds\BUSINESS-DEVELOPMENT\BUSINESS-DEVELOPMENT_entry.txt,ENGINEERING,0.0686,0.05,0,-2.0,0.4613698422908783,0.4001,0
resumes/data\ENGINEERING\23497307.pdf,jds\BUSINESS-DEVELOPMENT\BUSINESS-DEVELOPMENT_mid.txt,ENGINEERING,0.1075,0.2,-1,-8.0,0.439785897731781,0.4022,0
resumes/data\ENGINEERING\24322804.pdf,jds\ENGINEERING\ENGINEERING_senior.txt,ENGINEERING,0.2761,0.4,-2,0.0,0.5334001779556274,0.4633,1
resumes/data\ENGINEERING\24322804.pdf,jds\HR\HR_senior.txt,ENGINEERING,0.0569,0.0,-1,0.0,0.4404540657997131,0.3685,0
resumes/data\ENGINEERING\24647794.pdf,jds\BPO\BPO_senior.txt,ENGINEERING,0.066,0.1,0,0.0,0.3400278687477112,0.3476,0
resumes/data\ENGINEERING\24647794.pdf,jds\BPO\BPO_mid.txt,ENGINEERING,0.0633,0.2,1,0.0,0.3185458481311798,0.351,0
resumes/data\ENGINEERING\24647794.pdf,jds\BPO\BPO_entry.txt,ENGINEERING,0.0471,0.0,1,-2.0,0.327998548746109,0.2781,0
resumes/data\ENGINEERING\25425322.pdf,jds\ENGINEERING\ENGINEERING_mid.txt,ENGINEERING,0.3031,0.3,0,6.0,0.5431235432624817,0.4623,1
resumes/data\ENGINEERING\25425322.pdf,jds\SALES\SALES_mid.txt,ENGINEERING,0.0721,0.15,0,6.0,0.4753366708755493,0.3306,0
resumes/data\ENGINEERING\25425322.pdf,jds\SALES\SALES_entry.txt,ENGINEERING,0.0371,0.0,1,6.0,0.3933043181896209,0.3091,0
resumes/data\ENGINEERING\25425322.pdf,jds\SALES\SALES_senior.txt,ENGINEERING,0.0448,0.2,0,6.0,0.4206478297710418,0.3433,0
resumes/data\ENGINEERING\25608963.pdf,jds\AGRICULTURE\AGRICULTURE_senior.txt,ENGINEERING,0.0678,0.15,-3,22.0,0.3521766364574432,0.3256,0
resumes/data\ENGINEERING\25608963.pdf,jds\AGRICULTURE\AGRICULTURE_mid.txt,ENGINEERING,0.0858,0.1,-2,15.0,0.3370381891727447,0.308,0
resumes/data\ENGINEERING\25608963.pdf,jds\AGRICULTURE\AGRICULTURE_entry.txt,ENGINEERING,0.0554,0.0,-1,22.0,0.2878946661949157,0.1894,0
resumes/data\ENGINEERING\25797445.pdf,jds\SALES\SALES_senior.txt,ENGINEERING,0.0202,0.05,-2,26.0,0.2932053506374359,0.3166,0
resumes/data\ENGINEERING\25797445.pdf,jds\SALES\SALES_mid.txt,ENGINEERING,0.0173,0.0,-2,26.0,0.2783820629119873,0.2987,0
resumes/data\ENGINEERING\25797445.pdf,jds\SALES\SALES_entry.txt,ENGINEERING,0.0181,0.0,-1,26.0,0.3541396260261535,0.3329,0
resumes/data\ENGINEERING\25919149.pdf,jds\PUBLIC-RELATIONS\PUBLIC-RELATIONS_entry.txt,ENGINEERING,0.0574,0.05,-1,-2.0,0.3574708104133606,0.3182,0
resumes/data\ENGINEERING\25919149.pdf,jds\PUBLIC-RELATIONS\PUBLIC-RELATIONS_mid.txt,ENGINEERING,0.0508,0.05,-2,0.0,0.4012788534164428,0.3167,0
resumes/data\ENGINEERING\25919149.pdf,jds\PUBLIC-RELATIONS\PUBLIC-RELATIONS_senior.txt,ENGINEERING,0.0732,0.1,-2,0.0,0.435280293226242,0.2975,0
resumes/data\ENGINEERING\25930778.pdf,jds\CONSULTANT\CONSULTANT_mid.txt,ENGINEERING,0.0562,0.0,-1,4.0,0.3378693163394928,0.2329,0
resumes/data\ENGINEERING\25930778.pdf,jds\CONSULTANT\CONSULTANT_entry.txt,ENGINEERING,0.0429,0.05,-1,4.0,0.3186458647251129,0.2609,0
resumes/data\ENGINEERING\25930778.pdf,jds\CONSULTANT\CONSULTANT_senior.txt,ENGINEERING,0.0269,0.0,-1,4.0,0.2919512391090393,0.1716,0
resumes/data\ENGINEERING\26456899.pdf,jds\TEACHER\TEACHER_mid.txt,ENGINEERING,0.0265,0.0,-1,6.0,0.3151811957359314,0.3766,0
resumes/data\ENGINEERING\26456899.pdf,jds\TEACHER\TEACHER_senior.txt,ENGINEERING,0.0293,0.05,-2,6.0,0.3326541781425476,0.2487,0
resumes/data\ENGINEERING\26456899.pdf,jds\TEACHER\TEACHER_entry.txt,ENGINEERING,0.0483,0.0,0,6.0,0.3191632032394409,0.3399,0
resumes/data\ENGINEERING\26834746.pdf,jds\ADVOCATE\ADVOCATE_entry.txt,ENGINEERING,0.0524,0.1,-1,16.0,0.4039155840873718,0.2342,0
resumes/data\ENGINEERING\26834746.pdf,jds\ADVOCATE\ADVOCATE_senior.txt,ENGINEERING,0.0623,0.25,-1,18.0,0.3286030888557434,0.2475,0
resumes/data\ENGINEERING\26834746.pdf,jds\ADVOCATE\ADVOCATE_mid.txt,ENGINEERING,0.0621,0.25,-1,18.0,0.3097509443759918,0.2296,0
resumes/data\ENGINEERING\27152464.pdf,jds\ARTS\ARTS_mid.txt,ENGINEERING,0.053,0.1,0,14.0,0.3846104741096496,0.2826,0
resumes/data\ENGINEERING\27152464.pdf,jds\ARTS\ARTS_senior.txt,ENGINEERING,0.0415,0.15,-1,14.0,0.314443439245224,0.2118,0
resumes/data\ENGINEERING\27152464.pdf,jds\ARTS\ARTS_entry.txt,ENGINEERING,0.0634,0.15,1,14.0,0.3448233008384704,0.2513,0
resumes/data\ENGINEERING\27756469.pdf,jds\TEACHER\TEACHER_senior.txt,ENGINEERING,0.0521,0.15,-1,20.0,0.3165841102600097,0.3014,0
resumes/data\ENGINEERING\27756469.pdf,jds\TEACHER\TEACHER_mid.txt,ENGINEERING,0.0604,0.05,0,20.0,0.3509104549884796,0.3508,0
resumes/data\ENGINEERING\27756469.pdf,jds\TEACHER\TEACHER_entry.txt,ENGINEERING,0.0595,0.05,1,20.0,0.3561365008354187,0.2905,0
resumes/data\ENGINEERING\28005884.pdf,jds\BPO\BPO_senior.txt,ENGINEERING,0.0554,0.05,-1,28.0,0.4440381228923797,0.3896,0
resumes/data\ENGINEERING\28005884.pdf,jds\BPO\BPO_mid.txt,ENGINEERING,0.0549,0.05,0,28.0,0.3830071091651916,0.3342,0
resumes/data\ENGINEERING\28005884.pdf,jds\BPO\BPO_entry.txt,ENGINEERING,0.0516,0.0,0,26.0,0.3907414674758911,0.3344,0
resumes/data\ENGINEERING\28078163.pdf,jds\SALES\SALES_senior.txt,ENGINEERING,0.0387,0.1,-1,10.0,0.2732561826705932,0.3837,0
resumes/data\ENGINEERING\28078163.pdf,jds\SALES\SALES_entry.txt,ENGINEERING,0.0418,0.0,0,10.0,0.2844873368740082,0.4013,0
resumes/data\ENGINEERING\28320387.pdf,jds\DIGITAL-MEDIA\DIGITAL-MEDIA_entry.txt,ENGINEERING,0.0477,0.05,0,-2.0,0.3889164626598358,0.1849,0
resumes/data\ENGINEERING\28320387.pdf,jds\DIGITAL-MEDIA\DIGITAL-MEDIA_senior.txt,ENGINEERING,0.0656,0.2,-1,0.0,0.3847420811653137,0.1995,0
resumes/data\ENGINEERING\28320387.pdf,jds\DIGITAL-MEDIA\DIGITAL-MEDIA_mid.txt,ENGINEERING,0.057,0.1,-1,0.0,0.4149887561798095,0.2507,0
resumes/data\ENGINEERING\28505854.pdf,jds\ARTS\ARTS_mid.txt,ENGINEERING,0.043,0.25,0,6.0,0.262868195772171,0.1633,0
resumes/data\ENGINEERING\28505854.pdf,jds\ARTS\ARTS_entry.txt,ENGINEERING,0.0408,0.25,1,6.0,0.2077950537204742,0.1874,0
resumes/data\ENGINEERING\28505854.pdf,jds\ARTS\ARTS_senior.txt,ENGINEERING,0.0216,0.05,-1,6.0,0.2649462223052978,0.1011,0
resumes/data\ENGINEERING\28628090.pdf,jds\ENGINEERING\ENGINEERING_entry.txt,ENGINEERING,0.2379,0.4,0,18.0,0.4132556915283203,0.5591,1
resumes/data\ENGINEERING\28628090.pdf,jds\ENGINEERING\ENGINEERING_mid.txt,ENGINEERING,0.2816,0.4,-1,20.0,0.5127910375595093,0.5902,1
resumes/data\ENGINEERING\28628090.pdf,jds\ENGINEERING\ENGINEERING_senior.txt,ENGINEERING,0.2392,0.5,-2,20.0,0.4345146715641022,0.6145,1
resumes/data\ENGINEERING\28630325.pdf,jds\APPAREL\APPAREL_entry.txt,ENGINEERING,0.0959,0.05,1,19.0,0.3515246510505676,0.3169,0
resumes/data\ENGINEERING\28631840.pdf,jds\FITNESS\FITNESS_senior.txt,ENGINEERING,0.0794,0.15,-1,14.0,0.2763769328594208,0.2589,0
resumes/data\ENGINEERING\28631840.pdf,jds\FITNESS\FITNESS_mid.txt,ENGINEERING,0.0983,0.2,1,7.0,0.2763559222221374,0.2442,0
resumes/data\ENGINEERING\28631840.pdf,jds\FITNESS\FITNESS_entry.txt,ENGINEERING,0.0543,0.1,2,12.0,0.3549215197563171,0.2349,0
resumes/data\ENGINEERING\28762662.pdf,jds\FINANCE\FINANCE_mid.txt,ENGINEERING,0.0359,0.05,-1,10.0,0.3784430027008056,0.3878,0
resumes/data\ENGINEERING\28762662.pdf,jds\FINANCE\FINANCE_senior.txt,ENGINEERING,0.052,0.0,-1,10.0,0.3353734910488128,0.3541,0
resumes/data\ENGINEERING\28762662.pdf,jds\FINANCE\FINANCE_entry.txt,ENGINEERING,0.0277,0.05,-1,8.0,0.3446758389472961,0.3062,0
resumes/data\ENGINEERING\28831378.pdf,jds\PUBLIC-RELATIONS\PUBLIC-RELATIONS_entry.txt,ENGINEERING,0.0432,0.15,0,18.0,0.3788958191871643,0.0989,0
resumes/data\ENGINEERING\28831378.pdf,jds\PUBLIC-RELATIONS\PUBLIC-RELATIONS_senior.txt,ENGINEERING,0.0339,0.25,-1,20.0,0.3860025703907013,0.0371,0
resumes/data\ENGINEERING\28831378.pdf,jds\PUBLIC-RELATIONS\PUBLIC-RELATIONS_mid.txt,ENGINEERING,0.0413,0.2,-1,20.0,0.3634330034255981,0.0821,0
resumes/data\ENGINEERING\28923650.pdf,jds\ARTS\ARTS_entry.txt,ENGINEERING,0.0574,0.05,2,13.0,0.2436586767435073,0.0658,0
resumes/data\ENGINEERING\28923650.pdf,jds\ARTS\ARTS_mid.txt,ENGINEERING,0.0212,0.0,1,13.0,0.2344241738319397,0.0241,0
resumes/data\ENGINEERING\28923650.pdf,jds\ARTS\ARTS_senior.txt,ENGINEERING,0.01,0.0,0,13.0,0.2169956266880035,0.0369,0
resumes/data\ENGINEERING\30097175.pdf,jds\FITNESS\FITNESS_entry.txt,ENGINEERING,0.0555,0.05,-1,16.0,0.326423168182373,0.2903,0
resumes/data\ENGINEERING\30097175.pdf,jds\FITNESS\FITNESS_mid.txt,ENGINEERING,0.0653,0.25,-2,11.0,0.3649839758872986,0.2505,0
resumes/data\ENGINEERING\30097175.pdf,jds\FITNESS\FITNESS_senior.txt,ENGINEERING,0.035,0.1,-4,18.0,0.3253048956394195,0.1982,0
resumes/data\ENGINEERING\30288581.pdf,jds\ARTS\ARTS_entry.txt,ENGINEERING,0.0334,0.1,1,11.0,0.3419473469257355,0.3553,0
resumes/data\ENGINEERING\30288581.pdf,jds\ARTS\ARTS_senior.txt,ENGINEERING,0.024,0.1,-1,11.0,0.2723746001720428,0.2187,0
resumes/data\ENGINEERING\30288581.pdf,jds\ARTS\ARTS_mid.txt,ENGINEERING,0.0333,0.05,0,11.0,0.359305739402771,0.2826,0
resumes/data\ENGINEERING\30542184.pdf,jds\ARTS\ARTS_senior.txt,ENGINEERING,0.0436,0.15,-3,35.0,0.2718545198440552,0.239,0
resumes/data\ENGINEERING\30542184.pdf,jds\ARTS\ARTS_mid.txt,ENGINEERING,0.0498,0.0,-2,35.0,0.2761638462543487,0.1855,0
resumes/data\ENGINEERING\30542184.pdf,jds\ARTS\ARTS_entry.txt,ENGINEERING,0.04,0.0,-1,35.0,0.2616043388843536,0.1773,0
resumes/data\ENGINEERING\31677347.pdf,jds\ARTS\ARTS_entry.txt,ENGINEERING,0.0549,0.2,0,17.0,0.2786035239696502,0.2596,0
resumes/data\ENGINEERING\31677347.pdf,jds\ARTS\ARTS_senior.txt,ENGINEERING,0.029,0.05,-2,17.0,0.2834335267543793,0.2678,0
resumes/data\ENGINEERING\31677347.pdf,jds\ARTS\ARTS_mid.txt,ENGINEERING,0.0458,0.15,-1,17.0,0.3738021552562713,0.2709,0
resumes/data\ENGINEERING\31684925.pdf,jds\HEALTHCARE\HEALTHCARE_senior.txt,ENGINEERING,0.0236,0.05,-1,12.0,0.3605398833751678,0.162,0
resumes/data\ENGINEERING\31684925.pdf,jds\HEALTHCARE\HEALTHCARE_mid.txt,ENGINEERING,0.0317,0.15,-1,12.0,0.3685734868049621,0.2019,0
resumes/data\ENGINEERING\31684925.pdf,jds\HEALTHCARE\HEALTHCARE_entry.txt,ENGINEERING,0.0303,0.1,0,10.0,0.3435610830783844,0.256,0
resumes/data\ENGINEERING\31694970.pdf,jds\ENGINEERING\ENGINEERING_mid.txt,ENGINEERING,0.2657,0.35,0,0.0,0.4570902585983276,0.5431,1
resumes/data\ENGINEERING\31694970.pdf,jds\HEALTHCARE\HEALTHCARE_senior.txt,ENGINEERING,0.0549,0.05,0,0.0,0.3433361351490021,0.2639,0
resumes/data\ENGINEERING\31694970.pdf,jds\HEALTHCARE\HEALTHCARE_mid.txt,ENGINEERING,0.1007,0.2,0,0.0,0.26564422249794,0.2478,0
resumes/data\ENGINEERING\31694970.pdf,jds\HEALTHCARE\HEALTHCARE_entry.txt,ENGINEERING,0.0614,0.1,1,-2.0,0.2577651739120483,0.2393,0
resumes/data\ENGINEERING\32081266.pdf,jds\ENGINEERING\ENGINEERING_senior.txt,ENGINEERING,0.2318,0.45,-2,0.0,0.4305522441864013,0.5379,1
resumes/data\ENGINEERING\32081266.pdf,jds\FINANCE\FINANCE_mid.txt,ENGINEERING,0.0699,0.2,-1,0.0,0.3467577695846557,0.2454,0
resumes/data\ENGINEERING\32081266.pdf,jds\FINANCE\FINANCE_entry.txt,ENGINEERING,0.0663,0.3,-1,-2.0,0.3081342875957489,0.1236,0
resumes/data\ENGINEERING\32081266.pdf,jds\FINANCE\FINANCE_senior.txt,ENGINEERING,0.0847,0.15,-1,0.0,0.3476099371910095,0.2185,0
resumes/data\ENGINEERING\32802563.pdf,jds\FITNESS\FITNESS_senior.txt,ENGINEERING,0.0176,0.0,-4,0.0,0.1832550764083862,0.0913,0
resumes/data\ENGINEERING\32802563.pdf,jds\FITNESS\FITNESS_entry.txt,ENGINEERING,0.0316,0.0,-1,-2.0,0.1955324411392212,0.1643,0
resumes/data\ENGINEERING\32802563.pdf,jds\FITNESS\FITNESS_mid.txt,ENGINEERING,0.0244,0.05,-2,-7.0,0.2065304517745971,0.1533,0
resumes/data\ENGINEERING\32985311.pdf,jds\BUSINESS-DEVELOPMENT\BUSINESS-DEVELOPMENT_mid.txt,ENGINEERING,0.0674,0.1,-1,-8.0,0.3379996716976166,0.4709,0
resumes/data\ENGINEERING\32985311.pdf,jds\BUSINESS-DEVELOPMENT\BUSINESS-DEVELOPMENT_entry.txt,ENGINEERING,0.0834,0.15,0,-2.0,0.360673189163208,0.445,0
resumes/data\ENGINEERING\33685075.pdf,jds\ENGINEERING\ENGINEERING_entry.txt,ENGINEERING,0.2416,0.45,1,12.0,0.5025522112846375,0.5393,1
resumes/data\ENGINEERING\33685075.pdf,jds\ENGINEERING\ENGINEERING_mid.txt,ENGINEERING,0.2237,0.35,0,14.0,0.5452011823654175,0.5682,1
resumes/data\ENGINEERING\33685075.pdf,jds\PUBLIC-RELATIONS\PUBLIC-RELATIONS_senior.txt,ENGINEERING,0.0315,0.05,0,14.0,0.3948730230331421,0.2936,0
resumes/data\ENGINEERING\33685075.pdf,jds\PUBLIC-RELATIONS\PUBLIC-RELATIONS_mid.txt,ENGINEERING,0.0295,0.1,0,14.0,0.3948420286178589,0.2903,0
resumes/data\ENGINEERING\33685075.pdf,jds\PUBLIC-RELATIONS\PUBLIC-RELATIONS_entry.txt,ENGINEERING,0.0247,0.0,1,12.0,0.3899133205413818,0.308,0
resumes/data\ENGINEERING\35172961.pdf,jds\ADVOCATE\ADVOCATE_senior.txt,ENGINEERING,0.0154,0.05,1,20.0,0.2489302456378936,0.2297,0
resumes/data\ENGINEERING\35172961.pdf,jds\ADVOCATE\ADVOCATE_mid.txt,ENGINEERING,0.0167,0.05,1,20.0,0.2123012393712997,0.1999,0
resumes/data\ENGINEERING\35172961.pdf,jds\ADVOCATE\ADVOCATE_entry.txt,ENGINEERING,0.0222,0.05,1,18.0,0.2714685201644897,0.2409,0
resumes/data\ENGINEERING\35389360.pdf,jds\APPAREL\APPAREL_senior.txt,ENGINEERING,0.0433,0.1,-1,6.0,0.3133323788642883,0.2777,0
resumes/data\ENGINEERING\35389360.pdf,jds\APPAREL\APPAREL_mid.txt,ENGINEERING,0.1039,0.15,-1,6.0,0.2901654839515686,0.3019,0
resumes/data\ENGINEERING\35389360.pdf,jds\APPAREL\APPAREL_entry.txt,ENGINEERING,0.0571,0.05,0,4.0,0.2842394113540649,0.264,0
resumes/data\ENGINEERING\35651876.pdf,jds\ARTS\ARTS_senior.txt,ENGINEERING,0.0179,0.05,-3,0.0,0.210343986749649,0.1954,0
resumes/data\ENGINEERING\35651876.pdf,jds\ARTS\ARTS_mid.txt,ENGINEERING,0.0244,0.05,-2,0.0,0.2975132167339325,0.2227,0
resumes/data\ENGINEERING\35651876.pdf,jds\ARTS\ARTS_entry.txt,ENGINEERING,0.0349,0.05,-1,0.0,0.207353338599205,0.1958,0
resumes/data\ENGINEERING\35737840.pdf,jds\INFORMATION-TECHNOLOGY\INFORMATION-TECHNOLOGY_entry.txt,ENGINEERING,0.0796,0.0,-1,1.0,0.3651102781295776,0.3412,0
resumes/data\ENGINEERING\36149549.pdf,jds\HR\HR_senior.txt,ENGINEERING,0.0665,0.0,0,0.0,0.4096618890762329,0.3725,0
resumes/data\ENGINEERING\36149549.pdf,jds\HR\HR_entry.txt,ENGINEERING,0.0479,0.0,0,0.0,0.4055165350437164,0.3327,0
resumes/data\ENGINEERING\36517781.pdf,jds\TEACHER\TEACHER_entry.txt,ENGINEERING,0.0449,0.1,-2,0.0,0.2948549389839172,0.1633,0
resumes/data\ENGINEERING\36517781.pdf,jds\TEACHER\TEACHER_mid.txt,ENGINEERING,0.0391,0.15,-3,0.0,0.2851426601409912,0.1613,0
resumes/data\ENGINEERING\36517781.pdf,jds\TEACHER\TEACHER_senior.txt,ENGINEERING,0.0393,0.15,-4,0.0,0.2202268540859222,0.1682,0
resumes/data\ENGINEERING\37335325.pdf,jds\HR\HR_senior.txt,ENGINEERING,0.0719,0.1,0,15.0,0.4142625331878662,0.3714,0
resumes/data\ENGINEERING\37335325.pdf,jds\HR\HR_entry.txt,ENGINEERING,0.0473,0.05,0,15.0,0.3757686018943786,0.3437,0
resumes/data\ENGINEERING\38220146.pdf,jds\ENGINEERING\ENGINEERING_entry.txt,ENGINEERING,0.2009,0.45,-1,10.0,0.4980428814888,0.6059,1
resumes/data\ENGINEERING\38220146.pdf,jds\ENGINEERING\ENGINEERING_mid.txt,ENGINEERING,0.2097,0.3,-2,12.0,0.4889091253280639,0.617,1
resumes/data\ENGINEERING\38220146.pdf,jds\FITNESS\FITNESS_mid.txt,ENGINEERING,0.066,0.1,-1,5.0,0.2799230217933655,0.278,0
resumes/data\ENGINEERING\38220146.pdf,jds\FITNESS\FITNESS_senior.txt,ENGINEERING,0.0608,0.15,-3,12.0,0.3268615007400512,0.2948,0
resumes/data\ENGINEERING\38220146.pdf,jds\FITNESS\FITNESS_entry.txt,ENGINEERING,0.0492,0.05,0,10.0,0.2652827501296997,0.2761,0
resumes/data\ENGINEERING\38314236.pdf,jds\ENGINEERING\ENGINEERING_mid.txt,ENGINEERING,0.2495,0.3,-1,20.0,0.561104953289032,0.6385,1
resumes/data\ENGINEERING\38314236.pdf,jds\ENGINEERING\ENGINEERING_senior.txt,ENGINEERING,0.2322,0.4,-2,20.0,0.4934890866279602,0.5916,1
resumes/data\ENGINEERING\38314236.pdf,jds\BANKING\BANKING_entry.txt,ENGINEERING,0.0548,0.15,0,18.0,0.3287013471126556,0.3324,0
resumes/data\ENGINEERING\38314236.pdf,jds\BANKING\BANKING_mid.txt,ENGINEERING,0.0634,0.1,-1,20.0,0.3800427317619324,0.3804,0
resumes/data\ENGINEERING\38314236.pdf,jds\BANKING\BANKING_senior.txt,ENGINEERING,0.0571,0.0,-1,20.0,0.4259878396987915,0.3949,0
resumes/data\ENGINEERING\38535335.pdf,jds\ADVOCATE\ADVOCATE_senior.txt,ENGINEERING,0.022,0.0,-1,26.0,0.3268704712390899,0.3076,0
resumes/data\ENGINEERING\38535335.pdf,jds\ADVOCATE\ADVOCATE_mid.txt,ENGINEERING,0.0348,0.05,-1,26.0,0.3383343517780304,0.3057,0
resumes/data\ENGINEERING\38535335.pdf,jds\ADVOCATE\ADVOCATE_entry.txt,ENGINEERING,0.0299,0.05,-1,24.0,0.3788380026817322,0.3569,0
resumes/data\ENGINEERING\39835894.pdf,jds\SALES\SALES_entry.txt,ENGINEERING,0.0295,0.0,0,11.0,0.3575841188430786,0.318,0
resumes/data\ENGINEERING\39835894.pdf,jds\SALES\SALES_mid.txt,ENGINEERING,0.0573,0.1,-1,11.0,0.2924070656299591,0.3258,0
resumes/data\ENGINEERING\39835894.pdf,jds\SALES\SALES_senior.txt,ENGINEERING,0.0391,0.1,-1,11.0,0.3144056797027588,0.3593,0
resumes/data\ENGINEERING\39855211.pdf,jds\CONSULTANT\CONSULTANT_mid.txt,ENGINEERING,0.0705,0.2,-1,0.0,0.4588920474052429,0.2703,0
resumes/data\ENGINEERING\39855211.pdf,jds\CONSULTANT\CONSULTANT_entry.txt,ENGINEERING,0.1046,0.2,-1,0.0,0.4566572606563568,0.3101,0
resumes/data\ENGINEERING\39855211.pdf,jds\CONSULTANT\CONSULTANT_senior.txt,ENGINEERING,0.0503,0.1,-1,0.0,0.4180015921592712,0.2415,0
resumes/data\ENGINEERING\43752620.pdf,jds\INFORMATION-TECHNOLOGY\INFORMATION-TECHNOLOGY_entry.txt,ENGINEERING,0.0385,0.05,1,-2.0,0.3065670430660248,0.2045,0
resumes/data\ENGINEERING\43752620.pdf,jds\INFORMATION-TECHNOLOGY\INFORMATION-TECHNOLOGY_mid.txt,ENGINEERING,0.0854,0.2,0,0.0,0.3602756261825561,0.1948,0
resumes/data\ENGINEERING\43752620.pdf,jds\INFORMATION-TECHNOLOGY\INFORMATION-TECHNOLOGY_senior.txt,ENGINEERING,0.1468,0.15,0,0.0,0.3837125599384308,0.2472,0
resumes/data\ENGINEERING\44624796.pdf,jds\ARTS\ARTS_senior.txt,ENGINEERING,0.0319,0.1,-2,25.0,0.2424800097942352,0.1872,0
resumes/data\ENGINEERING\44624796.pdf,jds\ARTS\ARTS_mid.txt,ENGINEERING,0.058,0.05,-1,25.0,0.27873295545578,0.2438,0
resumes/data\ENGINEERING\44624796.pdf,jds\ARTS\ARTS_entry.txt,ENGINEERING,0.0515,0.1,0,25.0,0.2544570863246918,0.1949,0
resumes/data\ENGINEERING\47276718.pdf,jds\ENGINEERING\ENGINEERING_entry.txt,ENGINEERING,0.2863,0.45,0,8.0,0.5293129682540894,0.5533,1
resumes/data\ENGINEERING\47276718.pdf,jds\ENGINEERING\ENGINEERING_mid.txt,ENGINEERING,0.2886,0.4,-1,10.0,0.5019916892051697,0.5899,1
resumes/data\ENGINEERING\47276718.pdf,jds\ENGINEERING\ENGINEERING_senior.txt,ENGINEERING,0.3125,0.5,-2,10.0,0.532336950302124,0.5692,1
resumes/data\ENGINEERING\47276718.pdf,jds\CHEF\CHEF_entry.txt,ENGINEERING,0.0438,0.15,1,10.0,0.3757707178592682,0.3072,0
resumes/data\ENGINEERING\47276718.pdf,jds\CHEF\CHEF_senior.txt,ENGINEERING,0.0486,0.05,1,10.0,0.4104267954826355,0.345,0
resumes/data\ENGINEERING\47276718.pdf,jds\CHEF\CHEF_mid.txt,ENGINEERING,0.0509,0.15,1,10.0,0.3375353217124939,0.3452,0
resumes/data\ENGINEERING\47549345.pdf,jds\SALES\SALES_senior.txt,ENGINEERING,0.0293,0.1,0,13.0,0.3465722501277923,0.2785,0
resumes/data\ENGINEERING\47549345.pdf,jds\SALES\SALES_entry.txt,ENGINEERING,0.0238,0.0,1,13.0,0.3089258074760437,0.3031,0
resumes/data\ENGINEERING\47549345.pdf,jds\SALES\SALES_mid.txt,ENGINEERING,0.0247,0.05,0,13.0,0.3678951263427734,0.3098,0
resumes/data\ENGINEERING\47919212.pdf,jds\DIGITAL-MEDIA\DIGITAL-MEDIA_entry.txt,ENGINEERING,0.062,0.0,2,17.0,0.4282254576683044,0.4257,0
resumes/data\ENGINEERING\49127329.pdf,jds\HR\HR_entry.txt,ENGINEERING,0.0554,0.1,0,12.0,0.3713679313659668,0.3564,0
resumes/data\ENGINEERING\50328713.pdf,jds\AGRICULTURE\AGRICULTURE_entry.txt,ENGINEERING,0.0188,0.05,2,12.0,0.2050598263740539,0.1898,0
resumes/data\ENGINEERING\50328713.pdf,jds\AGRICULTURE\AGRICULTURE_senior.txt,ENGINEERING,0.0308,0.15,0,12.0,0.3021316826343536,0.2044,0
resumes/data\ENGINEERING\50328713.pdf,jds\AGRICULTURE\AGRICULTURE_mid.txt,ENGINEERING,0.023,0.05,1,5.0,0.2723923921585083,0.1826,0
resumes/data\ENGINEERING\51588273.pdf,jds\FITNESS\FITNESS_mid.txt,ENGINEERING,0.0428,0.0,0,16.0,0.2859925031661987,0.3137,0
resumes/data\ENGINEERING\51588273.pdf,jds\FITNESS\FITNESS_entry.txt,ENGINEERING,0.0298,0.0,1,21.0,0.252062976360321,0.2512,0
resumes/data\ENGINEERING\51588273.pdf,jds\FITNESS\FITNESS_senior.txt,ENGINEERING,0.0411,0.1,-2,23.0,0.2546270489692688,0.2318,0
resumes/data\ENGINEERING\54227873.pdf,jds\BANKING\BANKING_entry.txt,ENGINEERING,0.0317,0.15,1,15.0,0.2945317924022674,0.2149,0
resumes/data\ENGINEERING\54227873.pdf,jds\BANKING\BANKING_mid.txt,ENGINEERING,0.0427,0.05,0,17.0,0.2282820343971252,0.1889,0
resumes/data\ENGINEERING\54227873.pdf,jds\BANKING\BANKING_senior.txt,ENGINEERING,0.0285,0.05,0,17.0,0.2815925776958465,0.2318,0
resumes/data\ENGINEERING\55595908.pdf,jds\CHEF\CHEF_senior.txt,ENGINEERING,0.0934,0.05,1,0.0,0.3357576131820678,0.312,0
resumes/data\ENGINEERING\55595908.pdf,jds\CHEF\CHEF_mid.txt,ENGINEERING,0.1008,0.15,1,0.0,0.3595976829528808,0.3111,0
resumes/data\ENGINEERING\55953734.pdf,jds\HEALTHCARE\HEALTHCARE_mid.txt,ENGINEERING,0.0385,0.1,0,0.0,0.2728947401046753,0.2717,0
resumes/data\ENGINEERING\55953734.pdf,jds\HEALTHCARE\HEALTHCARE_senior.txt,ENGINEERING,0.0213,0.1,0,0.0,0.2249211370944976,0.2527,0
resumes/data\ENGINEERING\55953734.pdf,jds\HEALTHCARE\HEALTHCARE_entry.txt,ENGINEERING,0.0322,0.05,1,-2.0,0.2842698395252228,0.2639,0
resumes/data\ENGINEERING\56691064.pdf,jds\HR\HR_senior.txt,ENGINEERING,0.014,0.0,0,17.0,0.3247540593147278,0.2227,0
resumes/data\ENGINEERING\56691064.pdf,jds\HR\HR_entry.txt,ENGINEERING,0.0309,0.0,0,17.0,0.3569956421852112,0.2544,0
resumes/data\ENGINEERING\56691064.pdf,jds\HR\HR_mid.txt,ENGINEERING,0.0234,0.0,0,17.0,0.344864547252655,0.298,0
resumes/data\ENGINEERING\60004873.pdf,jds\FINANCE\FINANCE_mid.txt,ENGINEERING,0.0156,0.0,0,1.0,0.320136547088623,0.1554,0
resumes/data\ENGINEERING\60004873.pdf,jds\FINANCE\FINANCE_senior.txt,ENGINEERING,0.0247,0.0,0,1.0,0.3032291233539581,0.1525,0
resumes/data\ENGINEERING\60004873.pdf,jds\FINANCE\FINANCE_entry.txt,ENGINEERING,0.0185,0.0,0,-1.0,0.29773610830307,0.1914,0
resumes/data\ENGINEERING\61579998.pdf,jds\ENGINEERING\ENGINEERING_senior.txt,ENGINEERING,0.2225,0.3,-2,16.0,0.4938563704490661,0.5803,1
resumes/data\ENGINEERING\61579998.pdf,jds\INFORMATION-TECHNOLOGY\INFORMATION-TECHNOLOGY_entry.txt,ENGINEERING,0.1017,0.05,0,14.0,0.4597785174846649,0.4996,0
resumes/data\ENGINEERING\62071407.pdf,jds\HEALTHCARE\HEALTHCARE_mid.txt,ENGINEERING,0.0536,0.2,-1,0.0,0.30545574426651,0.298,0
resumes/data\ENGINEERING\62071407.pdf,jds\HEALTHCARE\HEALTHCARE_senior.txt,ENGINEERING,0.0312,0.05,-1,0.0,0.2819202542304992,0.2824,0
resumes/data\ENGINEERING\62071407.pdf,jds\HEALTHCARE\HEALTHCARE_entry.txt,ENGINEERING,0.0417,0.05,0,-2.0,0.3593643307685852,0.3053,0
resumes/data\ENGINEERING\64468610.pdf,jds\APPAREL\APPAREL_senior.txt,ENGINEERING,0.072,0.2,-1,10.0,0.2631146311759949,0.287,0
resumes/data\ENGINEERING\64468610.pdf,jds\APPAREL\APPAREL_mid.txt,ENGINEERING,0.094,0.2,-1,10.0,0.3410706222057342,0.3274,0
resumes/data\ENGINEERING\64468610.pdf,jds\APPAREL\APPAREL_entry.txt,ENGINEERING,0.0389,0.1,0,8.0,0.272452175617218,0.2381,0
resumes/data\ENGINEERING\64755882.pdf,jds\TEACHER\TEACHER_senior.txt,ENGINEERING,0.0366,0.15,-1,0.0,0.3281864821910858,0.302,0
resumes/data\ENGINEERING\64755882.pdf,jds\TEACHER\TEACHER_mid.txt,ENGINEERING,0.0361,0.1,0,0.0,0.3781138658523559,0.2712,0
resumes/data\ENGINEERING\64755882.pdf,jds\TEACHER\TEACHER_entry.txt,ENGINEERING,0.0456,0.05,1,0.0,0.3592365384101867,0.2598,0
resumes/data\ENGINEERING\74236636.pdf,jds\CHEF\CHEF_mid.txt,ENGINEERING,0.0388,0.1,1,11.0,0.2649722099304199,0.3272,0
resumes/data\ENGINEERING\74236636.pdf,jds\CHEF\CHEF_entry.txt,ENGINEERING,0.062,0.25,1,11.0,0.2839950919151306,0.2781,0
resumes/data\ENGINEERING\74236636.pdf,jds\CHEF\CHEF_senior.txt,ENGINEERING,0.0389,0.05,1,11.0,0.2651364803314209,0.3102,0
resumes/data\ENGINEERING\77828437.pdf,jds\SALES\SALES_mid.txt,ENGINEERING,0.0234,0.05,0,0.0,0.3163794577121734,0.2522,0
resumes/data\ENGINEERING\77828437.pdf,jds\SALES\SALES_senior.txt,ENGINEERING,0.0232,0.05,0,0.0,0.2539896667003631,0.2892,0
resumes/data\ENGINEERING\77828437.pdf,jds\SALES\SALES_entry.txt,ENGINEERING,0.0221,0.0,1,0.0,0.2835698127746582,0.2274,0
resumes/data\ENGINEERING\81125166.pdf,jds\ENGINEERING\ENGINEERING_mid.txt,ENGINEERING,0.3056,0.3,-1,29.0,0.4785148501396179,0.5748,1
resumes/data\ENGINEERING\81125166.pdf,jds\SALES\SALES_entry.txt,ENGINEERING,0.0589,0.15,0,29.0,0.2898650467395782,0.3803,0
resumes/data\ENGINEERING\81125166.pdf,jds\SALES\SALES_mid.txt,ENGINEERING,0.0563,0.1,-1,29.0,0.2001057267189026,0.3915,0
resumes/data\ENGINEERING\81125166.pdf,jds\SALES\SALES_senior.txt,ENGINEERING,0.0469,0.2,-1,29.0,0.2521289587020874,0.3815,0
resumes/data\ENGINEERING\82125182.pdf,jds\DESIGNER\DESIGNER_senior.txt,ENGINEERING,0.0287,0.05,-1,9.0,0.3512555360794067,0.4118,0
resumes/data\ENGINEERING\82125182.pdf,jds\DESIGNER\DESIGNER_entry.txt,ENGINEERING,0.024,0.0,0,7.0,0.3878926038742065,0.3337,0
resumes/data\ENGINEERING\82125182.pdf,jds\DESIGNER\DESIGNER_mid.txt,ENGINEERING,0.0447,0.15,-1,9.0,0.3863939046859741,0.4231,0
resumes/data\ENGINEERING\82246962.pdf,jds\AGRICULTURE\AGRICULTURE_entry.txt,ENGINEERING,0.0581,0.1,-1,10.0,0.3028960227966308,0.2731,0
resumes/data\ENGINEERING\82246962.pdf,jds\AGRICULTURE\AGRICULTURE_mid.txt,ENGINEERING,0.0677,0.1,-2,3.0,0.2990559339523315,0.3498,0
resumes/data\ENGINEERING\82246962.pdf,jds\AGRICULTURE\AGRICULTURE_senior.txt,ENGINEERING,0.0548,0.15,-3,10.0,0.3626339435577392,0.3705,0
resumes/data\ENGINEERING\86209934.pdf,jds\ENGINEERING\ENGINEERING_mid.txt,ENGINEERING,0.2204,0.35,-1,12.0,0.5597754716873169,0.6803,1
resumes/data\ENGINEERING\86209934.pdf,jds\INFORMATION-TECHNOLOGY\INFORMATION-TECHNOLOGY_entry.txt,ENGINEERING,0.0556,0.1,0,10.0,0.4214544892311096,0.4183,0
resumes/data\ENGINEERING\86828820.pdf,jds\ENGINEERING\ENGINEERING_mid.txt,ENGINEERING,0.3076,0.25,0,22.0,0.4266394674777984,0.544,1
resumes/data\ENGINEERING\86828820.pdf,jds\ENGINEERING\ENGINEERING_senior.txt,ENGINEERING,0.255,0.4,-1,22.0,0.4714194536209106,0.5074,1
resumes/data\ENGINEERING\86828820.pdf,jds\BUSINESS-DEVELOPMENT\BUSINESS-DEVELOPMENT_mid.txt,ENGINEERING,0.1005,0.15,0,14.0,0.3979014158248901,0.4415,0
resumes/data\ENGINEERING\86828820.pdf,jds\BUSINESS-DEVELOPMENT\BUSINESS-DEVELOPMENT_entry.txt,ENGINEERING,0.0781,0.1,1,20.0,0.4250320196151733,0.4063,0
resumes/data\ENGINEERING\90280583.pdf,jds\BPO\BPO_entry.txt,ENGINEERING,0.073,0.1,1,-2.0,0.470897912979126,0.4261,0
resumes/data\ENGINEERING\96029688.pdf,jds\ADVOCATE\ADVOCATE_senior.txt,ENGINEERING,0.0108,0.0,0,0.0,0.1974015533924102,0.1863,0
resumes/data\ENGINEERING\96029688.pdf,jds\ADVOCATE\ADVOCATE_entry.txt,ENGINEERING,0.0332,0.0,0,-2.0,0.2996940016746521,0.2632,0
resumes/data\ENGINEERING\96029688.pdf,jds\ADVOCATE\ADVOCATE_mid.txt,ENGINEERING,0.0113,0.0,0,0.0,0.2206824719905853,0.1965,0
resumes/data\FINANCE\10549585.pdf,jds\ARTS\ARTS_entry.txt,FINANCE,0.0553,0.05,0,22.0,0.1478216052055359,0.2398,0
resumes/data\FINANCE\10549585.pdf,jds\ARTS\ARTS_senior.txt,FINANCE,0.0451,0.1,-2,22.0,0.2414464205503463,0.2459,0
resumes/data\FINANCE\10549585.pdf,jds\ARTS\ARTS_mid.txt,FINANCE,0.0477,0.05,-1,22.0,0.2572760879993438,0.3204,0
resumes/data\FINANCE\11490673.pdf,jds\CONSTRUCTION\CONSTRUCTION_entry.txt,FINANCE,0.0392,0.1,0,17.0,0.348306655883789,0.3109,0
resumes/data\FINANCE\11877150.pdf,jds\HEALTHCARE\HEALTHCARE_mid.txt,FINANCE,0.0669,0.15,-2,13.0,0.3331103026866913,0.3286,0
resumes/data\FINANCE\11877150.pdf,jds\HEALTHCARE\HEALTHCARE_senior.txt,FINANCE,0.0255,0.0,-2,13.0,0.3461858928203583,0.3898,0
resumes/data\FINANCE\11877150.pdf,jds\HEALTHCARE\HEALTHCARE_entry.txt,FINANCE,0.0404,0.0,-1,11.0,0.3387246429920196,0.3118,0
resumes/data\FINANCE\12071138.pdf,jds\FINANCE\FINANCE_mid.txt,FINANCE,0.2839,0.45,-1,14.0,0.5777074098587036,0.6684,1
resumes/data\FINANCE\12071138.pdf,jds\FINANCE\FINANCE_senior.txt,FINANCE,0.217,0.4,-1,14.0,0.6064313650131226,0.6778,1
resumes/data\FINANCE\12071138.pdf,jds\CONSTRUCTION\CONSTRUCTION_entry.txt,FINANCE,0.037,0.2,0,12.0,0.3113772869110107,0.3338,0
resumes/data\FINANCE\12858898.pdf,jds\AGRICULTURE\AGRICULTURE_mid.txt,FINANCE,0.075,0.1,0,12.0,0.2681886851787567,0.29,0
resumes/data\FINANCE\12858898.pdf,jds\AGRICULTURE\AGRICULTURE_senior.txt,FINANCE,0.0588,0.1,-1,19.0,0.300758421421051,0.3118,0
resumes/data\FINANCE\12858898.pdf,jds\AGRICULTURE\AGRICULTURE_entry.txt,FINANCE,0.0472,0.0,1,19.0,0.282171756029129,0.3001,0
resumes/data\FINANCE\14106638.pdf,jds\AGRICULTURE\AGRICULTURE_mid.txt,FINANCE,0.0639,0.05,-1,4.0,0.200649619102478,0.2439,0
resumes/data\FINANCE\14106638.pdf,jds\AGRICULTURE\AGRICULTURE_senior.txt,FINANCE,0.0511,0.2,-2,11.0,0.3020719885826111,0.2701,0
resumes/data\FINANCE\14106638.pdf,jds\AGRICULTURE\AGRICULTURE_entry.txt,FINANCE,0.0375,0.05,0,11.0,0.2279156446456909,0.1965,0
resumes/data\FINANCE\14181049.pdf,jds\FINANCE\FINANCE_senior.txt,FINANCE,0.2363,0.45,0,0.0,0.5011739730834961,0.5286,1
resumes/data\FINANCE\14181049.pdf,jds\HEALTHCARE\HEALTHCARE_entry.txt,FINANCE,0.0454,0.1,1,-2.0,0.3882613778114319,0.2595,0
resumes/data\FINANCE\14181049.pdf,jds\HEALTHCARE\HEALTHCARE_mid.txt,FINANCE,0.1183,0.4,0,0.0,0.364991545677185,0.2497,0
resumes/data\FINANCE\14408510.pdf,jds\TEACHER\TEACHER_mid.txt,FINANCE,0.0466,0.1,0,12.0,0.3599222898483276,0.3394,0
resumes/data\FINANCE\14408510.pdf,jds\TEACHER\TEACHER_entry.txt,FINANCE,0.032,0.05,1,12.0,0.3381800353527069,0.3,0
resumes/data\FINANCE\14408510.pdf,jds\TEACHER\TEACHER_senior.txt,FINANCE,0.0283,0.1,-1,12.0,0.4232840538024902,0.2933,0
resumes/data\FINANCE\14413148.pdf,jds\ARTS\ARTS_entry.txt,FINANCE,0.0356,0.05,0,24.0,0.2915642559528351,0.1639,0
resumes/data\FINANCE\14413148.pdf,jds\ARTS\ARTS_mid.txt,FINANCE,0.0392,0.05,-1,24.0,0.3015903234481811,0.2431,0
resumes/data\FINANCE\14413148.pdf,jds\ARTS\ARTS_senior.txt,FINANCE,0.0371,0.15,-2,24.0,0.2964425384998321,0.2304,0
resumes/data\FINANCE\14722634.pdf,jds\FINANCE\FINANCE_senior.txt,FINANCE,0.2854,0.5,-1,0.0,0.6051919460296631,0.599,1
resumes/data\FINANCE\14722634.pdf,jds\TEACHER\TEACHER_senior.txt,FINANCE,0.0478,0.1,-2,0.0,0.3661750555038452,0.276,0
resumes/data\FINANCE\14722634.pdf,jds\TEACHER\TEACHER_entry.txt,FINANCE,0.0698,0.1,0,0.0,0.3635484278202057,0.2293,0
resumes/data\FINANCE\14722634.pdf,jds\TEACHER\TEACHER_mid.txt,FINANCE,0.0765,0.05,-1,0.0,0.4156225323677063,0.2699,0
resumes/data\FINANCE\15011085.pdf,jds\CONSTRUCTION\CONSTRUCTION_entry.txt,FINANCE,0.0367,0.05,0,44.0,0.2640451788902282,0.2672,0
resumes/data\FINANCE\15224503.pdf,jds\APPAREL\APPAREL_senior.txt,FINANCE,0.0476,0.1,-3,45.0,0.2848691046237945,0.273,0
resumes/data\FINANCE\15224503.pdf,jds\APPAREL\APPAREL_mid.txt,FINANCE,0.0713,0.25,-3,45.0,0.3528816998004913,0.3701,0
resumes/data\FINANCE\15224503.pdf,jds\APPAREL\APPAREL_entry.txt,FINANCE,0.0296,0.05,-2,43.0,0.3472095131874084,0.2921,0
resumes/data\FINANCE\15717923.pdf,jds\ADVOCATE\ADVOCATE_mid.txt,FINANCE,0.0366,0.1,0,5.0,0.4456083178520202,0.2677,0
resumes/data\FINANCE\15717923.pdf,jds\ADVOCATE\ADVOCATE_entry.txt,FINANCE,0.0505,0.1,0,3.0,0.455621063709259,0.307,0
resumes/data\FINANCE\15717923.pdf,jds\ADVOCATE\ADVOCATE_senior.txt,FINANCE,0.0322,0.1,0,5.0,0.4454133510589599,0.2679,0
resumes/data\FINANCE\15792052.pdf,jds\AGRICULTURE\AGRICULTURE_senior.txt,FINANCE,0.0526,0.1,-4,16.0,0.3251763582229614,0.3521,0
resumes/data\FINANCE\15792052.pdf,jds\AGRICULTURE\AGRICULTURE_mid.txt,FINANCE,0.0577,0.05,-3,9.0,0.2466176152229309,0.2546,0
resumes/data\FINANCE\15792052.pdf,jds\AGRICULTURE\AGRICULTURE_entry.txt,FINANCE,0.0499,0.1,-2,16.0,0.2902036309242248,0.3467,0
resumes/data\FINANCE\15891494.pdf,jds\FINANCE\FINANCE_mid.txt,FINANCE,0.187,0.3,-1,2.0,0.5125905871391296,0.6134,1
resumes/data\FINANCE\15891494.pdf,jds\AUTOMOBILE\AUTOMOBILE_senior.txt,FINANCE,0.0455,0.05,-1,2.0,0.2943570613861084,0.3274,0
resumes/data\FINANCE\15891494.pdf,jds\AUTOMOBILE\AUTOMOBILE_mid.txt,FINANCE,0.1029,0.1,0,-6.0,0.2973385751247406,0.3762,0
resumes/data\FINANCE\15891494.pdf,jds\AUTOMOBILE\AUTOMOBILE_entry.txt,FINANCE,0.0591,0.1,0,0.0,0.298511803150177,0.3724,0
resumes/data\FINANCE\16426777.pdf,jds\SALES\SALES_entry.txt,FINANCE,0.0784,0.05,1,12.0,0.5050805807113647,0.3266,0
resumes/data\FINANCE\16449850.pdf,jds\FINANCE\FINANCE_mid.txt,FINANCE,0.1907,0.25,-1,14.0,0.4842054843902588,0.6508,1
resumes/data\FINANCE\16449850.pdf,jds\FINANCE\FINANCE_senior.txt,FINANCE,0.1907,0.2,-1,14.0,0.4955009818077087,0.5975,1
resumes/data\FINANCE\16449850.pdf,jds\FITNESS\FITNESS_mid.txt,FINANCE,0.0442,0.1,0,7.0,0.2643594443798065,0.3239,0
resumes/data\FINANCE\16449850.pdf,jds\FITNESS\FITNESS_entry.txt,FINANCE,0.0324,0.05,1,12.0,0.3186658024787903,0.3064,0
resumes/data\FINANCE\16449850.pdf,jds\FITNESS\FITNESS_senior.txt,FINANCE,0.048,0.1,-2,14.0,0.2598515152931213,0.3027,0
resumes/data\FINANCE\17392859.pdf,jds\FINANCE\FINANCE_mid.txt,FINANCE,0.2179,0.35,0,12.0,0.4956180453300476,0.6413,1
resumes/data\FINANCE\17392859.pdf,jds\FINANCE\FINANCE_senior.txt,FINANCE,0.1548,0.2,0,12.0,0.5078039169311523,0.6561,1
resumes/data\FINANCE\17392859.pdf,jds\ADVOCATE\ADVOCATE_mid.txt,FINANCE,0.0496,0.2,0,12.0,0.3452310562133789,0.3321,0
resumes/data\FINANCE\17392859.pdf,jds\ADVOCATE\ADVOCATE_senior.txt,FINANCE,0.0537,0.3,0,12.0,0.3832923769950866,0.3478,0
resumes/data\FINANCE\17392859.pdf,jds\ADVOCATE\ADVOCATE_entry.txt,FINANCE,0.0738,0.25,0,10.0,0.3898065090179443,0.3625,0
resumes/data\FINANCE\17775916.pdf,jds\FINANCE\FINANCE_mid.txt,FINANCE,0.1657,0.45,-1,5.0,0.5195780992507935,0.6607,1
resumes/data\FINANCE\17775916.pdf,jds\FINANCE\FINANCE_senior.txt,FINANCE,0.1642,0.4,-1,5.0,0.5816349983215332,0.664,1
resumes/data\FINANCE\17880988.pdf,jds\CONSULTANT\CONSULTANT_mid.txt,FINANCE,0.0655,0.05,0,19.0,0.3160366714000702,0.3596,0
resumes/data\FINANCE\17880988.pdf,jds\CONSULTANT\CONSULTANT_senior.txt,FINANCE,0.0587,0.1,0,19.0,0.3155754208564758,0.2858,0
resumes/data\FINANCE\18024825.pdf,jds\DIGITAL-MEDIA\DIGITAL-MEDIA_senior.txt,FINANCE,0.0394,0.1,1,16.0,0.4437504410743713,0.3353,0
resumes/data\FINANCE\18024825.pdf,jds\DIGITAL-MEDIA\DIGITAL-MEDIA_mid.txt,FINANCE,0.0265,0.05,1,16.0,0.4661197662353515,0.3975,0
resumes/data\FINANCE\18024825.pdf,jds\DIGITAL-MEDIA\DIGITAL-MEDIA_entry.txt,FINANCE,0.0329,0.0,2,14.0,0.4685011506080627,0.4036,0
resumes/data\FINANCE\18072085.pdf,jds\HEALTHCARE\HEALTHCARE_entry.txt,FINANCE,0.0316,0.05,-1,-1.0,0.4056075811386108,0.4431,0
resumes/data\FINANCE\18072085.pdf,jds\HEALTHCARE\HEALTHCARE_senior.txt,FINANCE,0.0296,0.1,-2,1.0,0.3782000541687011,0.3623,0
resumes/data\FINANCE\18636651.pdf,jds\FINANCE\FINANCE_mid.txt,FINANCE,0.1727,0.3,0,0.0,0.5193108320236206,0.6368,1
resumes/data\FINANCE\18636651.pdf,jds\PUBLIC-RELATIONS\PUBLIC-RELATIONS_entry.txt,FINANCE,0.0323,0.05,1,-2.0,0.4217945039272308,0.418,0
resumes/data\FINANCE\18640927.pdf,jds\CONSULTANT\CONSULTANT_senior.txt,FINANCE,0.0494,0.1,-1,1.0,0.4795544147491455,0.3773,0
resumes/data\FINANCE\18640927.pdf,jds\CONSULTANT\CONSULTANT_entry.txt,FINANCE,0.0363,0.25,-1,1.0,0.4734373092651367,0.3491,0
resumes/data\FINANCE\18975686.pdf,jds\DIGITAL-MEDIA\DIGITAL-MEDIA_entry.txt,FINANCE,0.0412,0.05,0,-2.0,0.5179975032806396,0.4609,0
resumes/data\FINANCE\19147603.pdf,jds\BPO\BPO_entry.txt,FINANCE,0.0402,0.05,0,-2.0,0.4145349562168121,0.3857,0
resumes/data\FINANCE\19147603.pdf,jds\BPO\BPO_senior.txt,FINANCE,0.0562,0.1,-1,0.0,0.414532721042633,0.396,0
resumes/data\FINANCE\19147603.pdf,jds\BPO\BPO_mid.txt,FINANCE,0.0591,0.2,0,0.0,0.3551467955112457,0.3759,0
resumes/data\FINANCE\19243556.pdf,jds\FINANCE\FINANCE_mid.txt,FINANCE,0.2081,0.25,-1,25.0,0.5578975677490234,0.5816,1
resumes/data\FINANCE\19243556.pdf,jds\FINANCE\FINANCE_senior.txt,FINANCE,0.2297,0.4,-1,25.0,0.5678773522377014,0.5738,1
resumes/data\FINANCE\19243556.pdf,jds\ADVOCATE\ADVOCATE_senior.txt,FINANCE,0.0296,0.15,-1,25.0,0.4103806018829345,0.3982,0
resumes/data\FINANCE\19243556.pdf,jds\ADVOCATE\ADVOCATE_entry.txt,FINANCE,0.0333,0.05,-1,23.0,0.414407879114151,0.3933,0
resumes/data\FINANCE\19243556.pdf,jds\ADVOCATE\ADVOCATE_mid.txt,FINANCE,0.0347,0.1,-1,25.0,0.3763177096843719,0.3621,0
resumes/data\FINANCE\19405513.pdf,jds\ENGINEERING\ENGINEERING_entry.txt,FINANCE,0.0328,0.0,0,0.0,0.326640248298645,0.3067,0
resumes/data\FINANCE\19405513.pdf,jds\ENGINEERING\ENGINEERING_mid.txt,FINANCE,0.0406,0.0,-1,2.0,0.3384076952934265,0.3674,0
resumes/data\FINANCE\19405513.pdf,jds\ENGINEERING\ENGINEERING_senior.txt,FINANCE,0.0395,0.15,-2,2.0,0.3477111458778381,0.2866,0
resumes/data\FINANCE\19540089.pdf,jds\PUBLIC-RELATIONS\PUBLIC-RELATIONS_mid.txt,FINANCE,0.0499,0.05,0,10.0,0.4188775718212127,0.3903,0
resumes/data\FINANCE\19540089.pdf,jds\PUBLIC-RELATIONS\PUBLIC-RELATIONS_entry.txt,FINANCE,0.0416,0.1,1,8.0,0.264146625995636,0.267,0
resumes/data\FINANCE\19540089.pdf,jds\PUBLIC-RELATIONS\PUBLIC-RELATIONS_senior.txt,FINANCE,0.0589,0.1,0,10.0,0.4109798669815063,0.3554,0
resumes/data\FINANCE\20275356.pdf,jds\DESIGNER\DESIGNER_entry.txt,FINANCE,0.0326,0.05,0,11.0,0.1710567027330398,0.1748,0
resumes/data\FINANCE\20275356.pdf,jds\DESIGNER\DESIGNER_mid.txt,FINANCE,0.0424,0.1,-1,13.0,0.2632716298103332,0.2174,0
resumes/data\FINANCE\20275356.pdf,jds\DESIGNER\DESIGNER_senior.txt,FINANCE,0.0343,0.15,-1,13.0,0.256939023733139,0.2323,0
resumes/data\FINANCE\20705888.pdf,jds\ENGINEERING\ENGINEERING_entry.txt,FINANCE,0.0357,0.1,0,23.0,0.3680956959724426,0.3107,0
resumes/data\FINANCE\20705888.pdf,jds\ENGINEERING\ENGINEERING_senior.txt,FINANCE,0.0335,0.1,-2,25.0,0.3236231803894043,0.2691,0
resumes/data\FINANCE\20705888.pdf,jds\ENGINEERING\ENGINEERING_mid.txt,FINANCE,0.0272,0.0,-1,25.0,0.3405305743217468,0.3217,0
resumes/data\FINANCE\20836112.pdf,jds\PUBLIC-RELATIONS\PUBLIC-RELATIONS_entry.txt,FINANCE,0.0725,0.15,0,12.0,0.4231913089752197,0.452,0
resumes/data\FINANCE\20880935.pdf,jds\AGRICULTURE\AGRICULTURE_senior.txt,FINANCE,0.0703,0.15,-2,11.0,0.3397507071495056,0.3062,0
resumes/data\FINANCE\20880935.pdf,jds\AGRICULTURE\AGRICULTURE_entry.txt,FINANCE,0.0416,0.0,0,11.0,0.2619077563285827,0.2687,0
resumes/data\FINANCE\20880935.pdf,jds\AGRICULTURE\AGRICULTURE_mid.txt,FINANCE,0.07,0.05,-1,4.0,0.2403897941112518,0.2919,0
resumes/data\FINANCE\20918464.pdf,jds\ADVOCATE\ADVOCATE_mid.txt,FINANCE,0.0534,0.1,0,5.0,0.3532265126705169,0.281,0
resumes/data\FINANCE\20918464.pdf,jds\ADVOCATE\ADVOCATE_entry.txt,FINANCE,0.0664,0.05,0,3.0,0.4393267631530761,0.3639,0
resumes/data\FINANCE\20918464.pdf,jds\ADVOCATE\ADVOCATE_senior.txt,FINANCE,0.0539,0.15,0,5.0,0.4100400805473327,0.3051,0
resumes/data\FINANCE\20969845.pdf,jds\AUTOMOBILE\AUTOMOBILE_entry.txt,FINANCE,0.0391,0.05,1,9.0,0.3087427020072937,0.3275,0
resumes/data\FINANCE\20969845.pdf,jds\AUTOMOBILE\AUTOMOBILE_senior.txt,FINANCE,0.0366,0.05,0,11.0,0.3086221218109131,0.3225,0
resumes/data\FINANCE\20969845.pdf,jds\AUTOMOBILE\AUTOMOBILE_mid.txt,FINANCE,0.0606,0.05,1,3.0,0.3542413413524627,0.4096,0
resumes/data\FINANCE\21912637.pdf,jds\SALES\SALES_entry.txt,FINANCE,0.0366,0.05,1,0.0,0.3990054726600647,0.2999,0
resumes/data\FINANCE\21912637.pdf,jds\SALES\SALES_senior.txt,FINANCE,0.0657,0.2,0,0.0,0.4033531844615936,0.3717,0
resumes/data\FINANCE\21912637.pdf,jds\SALES\SALES_mid.txt,FINANCE,0.0703,0.15,0,0.0,0.389087975025177,0.3147,0
resumes/data\FINANCE\22492537.pdf,jds\HR\HR_senior.txt,FINANCE,0.0608,0.05,-1,5.0,0.3971309065818786,0.3389,0
resumes/data\FINANCE\22492537.pdf,jds\HR\HR_entry.txt,FINANCE,0.0681,0.05,-1,5.0,0.3642658591270447,0.3426,0
resumes/data\FINANCE\22492537.pdf,jds\HR\HR_mid.txt,FINANCE,0.0671,0.1,-1,5.0,0.3495563864707947,0.3861,0
resumes/data\FINANCE\22622351.pdf,jds\BPO\BPO_mid.txt,FINANCE,0.075,0.25,-2,14.0,0.3851473331451416,0.3724,0
resumes/data\FINANCE\22622351.pdf,jds\BPO\BPO_senior.txt,FINANCE,0.0625,0.2,-3,14.0,0.418261706829071,0.3766,0
resumes/data\FINANCE\22622351.pdf,jds\BPO\BPO_entry.txt,FINANCE,0.0547,0.15,-2,12.0,0.355852723121643,0.3705,0
resumes/data\FINANCE\22720697.pdf,jds\DESIGNER\DESIGNER_entry.txt,FINANCE,0.0458,0.0,-1,18.0,0.3561262190341949,0.2362,0
resumes/data\FINANCE\22720697.pdf,jds\DESIGNER\DESIGNER_senior.txt,FINANCE,0.0396,0.15,-2,20.0,0.2649559676647186,0.2378,0
resumes/data\FINANCE\22720697.pdf,jds\DESIGNER\DESIGNER_mid.txt,FINANCE,0.0456,0.05,-2,20.0,0.3226568102836609,0.2616,0
resumes/data\FINANCE\23354541.pdf,jds\BPO\BPO_entry.txt,FINANCE,0.0444,0.05,0,13.0,0.3699395060539245,0.2733,0
resumes/data\FINANCE\23354541.pdf,jds\BPO\BPO_senior.txt,FINANCE,0.0384,0.0,-1,15.0,0.4159516394138336,0.3061,0
resumes/data\FINANCE\23354541.pdf,jds\BPO\BPO_mid.txt,FINANCE,0.0349,0.05,0,15.0,0.3800825476646423,0.2622,0
resumes/data\FINANCE\23573064.pdf,jds\APPAREL\APPAREL_entry.txt,FINANCE,0.0497,0.0,0,0.0,0.2730874121189117,0.2937,0
resumes/data\FINANCE\23573064.pdf,jds\APPAREL\APPAREL_senior.txt,FINANCE,0.0627,0.1,-1,2.0,0.286021739244461,0.2789,0
resumes/data\FINANCE\23955183.pdf,jds\FITNESS\FITNESS_entry.txt,FINANCE,0.0514,0.05,1,18.0,0.3328092098236084,0.3547,0
resumes/data\FINANCE\23955183.pdf,jds\FITNESS\FITNESS_mid.txt,FINANCE,0.0538,0.2,0,13.0,0.3197943866252899,0.4103,0
resumes/data\FINANCE\23955183.pdf,jds\FITNESS\FITNESS_senior.txt,FINANCE,0.0386,0.1,-2,20.0,0.355989396572113,0.3847,0
resumes/data\FINANCE\24411323.pdf,jds\HEALTHCARE\HEALTHCARE_entry.txt,FINANCE,0.0501,0.1,0,-2.0,0.4324822723865509,0.1979,0
resumes/data\FINANCE\24411323.pdf,jds\HEALTHCARE\HEALTHCARE_senior.txt,FINANCE,0.0293,0.1,-1,0.0,0.3481353521347046,0.2752,0
resumes/data\FINANCE\24411323.pdf,jds\HEALTHCARE\HEALTHCARE_mid.txt,FINANCE,0.0611,0.2,-1,0.0,0.3905211091041565,0.2539,0
resumes/data\FINANCE\24530382.pdf,jds\ARTS\ARTS_senior.txt,FINANCE,0.0433,0.1,-2,18.0,0.2725352644920349,0.2331,0
resumes/data\FINANCE\24530382.pdf,jds\ARTS\ARTS_mid.txt,FINANCE,0.0501,0.1,-1,18.0,0.2951364815235138,0.2976,0
resumes/data\FINANCE\24530382.pdf,jds\ARTS\ARTS_entry.txt,FINANCE,0.0452,0.05,0,18.0,0.2397863864898681,0.2155,0
resumes/data\FINANCE\24553863.pdf,jds\ADVOCATE\ADVOCATE_mid.txt,FINANCE,0.0503,0.2,-1,16.0,0.3767472505569458,0.3164,0
resumes/data\FINANCE\24553863.pdf,jds\ADVOCATE\ADVOCATE_entry.txt,FINANCE,0.0564,0.15,-1,14.0,0.4020231664180755,0.3499,0
resumes/data\FINANCE\24553863.pdf,jds\ADVOCATE\ADVOCATE_senior.txt,FINANCE,0.0973,0.3,-1,16.0,0.3888631463050842,0.3393,0
resumes/data\FINANCE\24611721.pdf,jds\ADVOCATE\ADVOCATE_entry.txt,FINANCE,0.0644,0.1,-1,13.0,0.3952562510967254,0.42,0
resumes/data\FINANCE\24611721.pdf,jds\ADVOCATE\ADVOCATE_senior.txt,FINANCE,0.0518,0.1,-1,15.0,0.3938326239585876,0.3662,0
resumes/data\FINANCE\24611721.pdf,jds\ADVOCATE\ADVOCATE_mid.txt,FINANCE,0.062,0.2,-1,15.0,0.3763765692710876,0.3347,0
resumes/data\FINANCE\24670867.pdf,jds\FINANCE\FINANCE_senior.txt,FINANCE,0.1969,0.4,-1,12.0,0.5066291689872742,0.6056,1
resumes/data\FINANCE\24670867.pdf,jds\FITNESS\FITNESS_senior.txt,FINANCE,0.0431,0.1,-2,12.0,0.2484204322099685,0.1695,0
resumes/data\FINANCE\24670867.pdf,jds\FITNESS\FITNESS_mid.txt,FINANCE,0.048,0.15,0,5.0,0.2013450562953949,0.2152,0
resumes/data\FINANCE\24670867.pdf,jds\FITNESS\FITNESS_entry.txt,FINANCE,0.0403,0.1,1,10.0,0.2420014590024948,0.2472,0
resumes/data\FINANCE\24833063.pdf,jds\FINANCE\FINANCE_mid.txt,FINANCE,0.1978,0.35,0,15.0,0.6013399362564087,0.7104,1
resumes/data\FINANCE\24833063.pdf,jds\FINANCE\FINANCE_senior.txt,FINANCE,0.185,0.4,0,15.0,0.5393916368484497,0.6441,1
resumes/data\FINANCE\24833063.pdf,jds\BPO\BPO_entry.txt,FINANCE,0.0342,0.05,1,13.0,0.4465726017951965,0.4499,0
resumes/data\FINANCE\24854026.pdf,jds\FITNESS\FITNESS_entry.txt,FINANCE,0.0346,0.0,2,19.0,0.2844352424144745,0.2853,0
resumes/data\FINANCE\24854026.pdf,jds\FITNESS\FITNESS_senior.txt,FINANCE,0.0539,0.05,-1,21.0,0.2934897541999817,0.2659,0
resumes/data\FINANCE\24854026.pdf,jds\FITNESS\FITNESS_mid.txt,FINANCE,0.0522,0.1,1,14.0,0.2892041206359863,0.2962,0
resumes/data\FINANCE\24967652.pdf,jds\TEACHER\TEACHER_entry.txt,FINANCE,0.0614,0.1,0,0.0,0.305031269788742,0.1367,0
resumes/data\FINANCE\24967652.pdf,jds\TEACHER\TEACHER_mid.txt,FINANCE,0.0376,0.1,-1,0.0,0.336170494556427,0.2024,0
resumes/data\FINANCE\24967652.pdf,jds\TEACHER\TEACHER_senior.txt,FINANCE,0.0343,0.1,-2,0.0,0.3005517125129699,0.1963,0
resumes/data\FINANCE\25330083.pdf,jds\PUBLIC-RELATIONS\PUBLIC-RELATIONS_entry.txt,FINANCE,0.0411,0.0,0,17.0,0.4451050162315368,0.2983,0
resumes/data\FINANCE\25330083.pdf,jds\PUBLIC-RELATIONS\PUBLIC-RELATIONS_senior.txt,FINANCE,0.0513,0.05,-1,19.0,0.4000765085220337,0.3295,0
resumes/data\FINANCE\25330083.pdf,jds\PUBLIC-RELATIONS\PUBLIC-RELATIONS_mid.txt,FINANCE,0.0536,0.1,-1,19.0,0.4324511289596557,0.4017,0
resumes/data\FINANCE\25497147.pdf,jds\INFORMATION-TECHNOLOGY\INFORMATION-TECHNOLOGY_entry.txt,FINANCE,0.0467,0.05,0,-2.0,0.3171722590923309,0.2338,0
resumes/data\FINANCE\25497147.pdf,jds\INFORMATION-TECHNOLOGY\INFORMATION-TECHNOLOGY_mid.txt,FINANCE,0.0397,0.1,-1,0.0,0.289746344089508,0.2061,0
resumes/data\FINANCE\25497147.pdf,jds\INFORMATION-TECHNOLOGY\INFORMATION-TECHNOLOGY_senior.txt,FINANCE,0.0272,0.05,-1,0.0,0.2397878766059875,0.1749,0
resumes/data\FINANCE\25678238.pdf,jds\HEALTHCARE\HEALTHCARE_entry.txt,FINANCE,0.0584,0.1,1,17.0,0.429203450679779,0.3576,0
resumes/data\FINANCE\25678238.pdf,jds\HEALTHCARE\HEALTHCARE_mid.txt,FINANCE,0.0583,0.2,0,19.0,0.3375765681266784,0.3931,0
resumes/data\FINANCE\26013403.pdf,jds\AGRICULTURE\AGRICULTURE_entry.txt,FINANCE,0.0397,0.0,0,28.0,0.2835058867931366,0.2145,0
resumes/data\FINANCE\26013403.pdf,jds\AGRICULTURE\AGRICULTURE_senior.txt,FINANCE,0.058,0.1,-2,28.0,0.2859798669815063,0.323,0
resumes/data\FINANCE\26013403.pdf,jds\AGRICULTURE\AGRICULTURE_mid.txt,FINANCE,0.0669,0.05,-1,21.0,0.2633083760738373,0.2967,0
resumes/data\FINANCE\26231609.pdf,jds\HR\HR_entry.txt,FINANCE,0.0429,0.05,-1,14.0,0.4365992844104767,0.3495,0
resumes/data\FINANCE\26231609.pdf,jds\HR\HR_senior.txt,FINANCE,0.0523,0.0,-1,14.0,0.4109819531440735,0.3365,0
resumes/data\FINANCE\26530575.pdf,jds\AGRICULTURE\AGRICULTURE_entry.txt,FINANCE,0.0566,0.15,0,1.0,0.2268007546663284,0.1868,0
resumes/data\FINANCE\26530575.pdf,jds\AGRICULTURE\AGRICULTURE_mid.txt,FINANCE,0.0715,0.1,-1,-6.0,0.2508128881454468,0.2393,0
resumes/data\FINANCE\26530575.pdf,jds\AGRICULTURE\AGRICULTURE_senior.txt,FINANCE,0.0595,0.25,-2,1.0,0.3198151588439941,0.2261,0
resumes/data\FINANCE\26750846.pdf,jds\BPO\BPO_mid.txt,FINANCE,0.0511,0.15,-1,16.0,0.294659823179245,0.3197,0
resumes/data\FINANCE\26750846.pdf,jds\BPO\BPO_senior.txt,FINANCE,0.0593,0.25,-2,16.0,0.3455089032649994,0.3761,0
resumes/data\FINANCE\26750846.pdf,jds\BPO\BPO_entry.txt,FINANCE,0.031,0.0,-1,14.0,0.3162766695022583,0.2928,0
resumes/data\FINANCE\26767199.pdf,jds\TEACHER\TEACHER_mid.txt,FINANCE,0.0389,0.0,0,24.0,0.3599853515625,0.2271,0
resumes/data\FINANCE\26767199.pdf,jds\TEACHER\TEACHER_entry.txt,FINANCE,0.0506,0.0,1,24.0,0.337090253829956,0.1832,0
resumes/data\FINANCE\26767199.pdf,jds\TEACHER\TEACHER_senior.txt,FINANCE,0.0352,0.05,-1,24.0,0.3866800367832184,0.2158,0
resumes/data\FINANCE\26961846.pdf,jds\AGRICULTURE\AGRICULTURE_senior.txt,FINANCE,0.0415,0.05,-2,4.0,0.3366247415542602,0.3004,0
resumes/data\FINANCE\26961846.pdf,jds\AGRICULTURE\AGRICULTURE_entry.txt,FINANCE,0.0339,0.0,0,4.0,0.3276593387126922,0.2603,0
resumes/data\FINANCE\26961846.pdf,jds\AGRICULTURE\AGRICULTURE_mid.txt,FINANCE,0.0488,0.05,-1,-3.0,0.2762278616428375,0.2637,0
resumes/data\FINANCE\27018361.pdf,jds\ADVOCATE\ADVOCATE_mid.txt,FINANCE,0.0672,0.25,-1,9.0,0.3436413407325744,0.3427,0
resumes/data\FINANCE\27018361.pdf,jds\ADVOCATE\ADVOCATE_entry.txt,FINANCE,0.0692,0.1,-1,7.0,0.3755538463592529,0.4347,0
resumes/data\FINANCE\27330027.pdf,jds\CHEF\CHEF_senior.txt,FINANCE,0.0218,0.05,2,14.0,0.3108325004577636,0.2826,0
resumes/data\FINANCE\27330027.pdf,jds\CHEF\CHEF_mid.txt,FINANCE,0.0164,0.05,2,14.0,0.283527135848999,0.2402,0
resumes/data\FINANCE\27330027.pdf,jds\CHEF\CHEF_entry.txt,FINANCE,0.026,0.1,2,14.0,0.2889710664749145,0.2263,0
resumes/data\FINANCE\27409087.pdf,jds\FITNESS\FITNESS_entry.txt,FINANCE,0.0475,0.15,0,11.0,0.2959285080432892,0.2369,0
resumes/data\FINANCE\27409087.pdf,jds\FITNESS\FITNESS_mid.txt,FINANCE,0.0581,0.25,-1,6.0,0.2668689787387848,0.303,0
resumes/data\FINANCE\27409087.pdf,jds\FITNESS\FITNESS_senior.txt,FINANCE,0.0447,0.25,-3,13.0,0.2398146688938141,0.2051,0
resumes/data\FINANCE\27789372.pdf,jds\ARTS\ARTS_mid.txt,FINANCE,0.055,0.0,-1,3.0,0.3242198228836059,0.1931,0
resumes/data\FINANCE\27789372.pdf,jds\ARTS\ARTS_entry.txt,FINANCE,0.0484,0.0,0,3.0,0.2337365299463272,0.1427,0
resumes/data\FINANCE\27789372.pdf,jds\ARTS\ARTS_senior.txt,FINANCE,0.0404,0.0,-2,3.0,0.2910061478614807,0.1785,0
resumes/data\FINANCE\27914096.pdf,jds\FINANCE\FINANCE_mid.txt,FINANCE,0.3061,0.55,-1,23.0,0.6100045442581177,0.6201,1
resumes/data\FINANCE\27914096.pdf,jds\FINANCE\FINANCE_senior.txt,FINANCE,0.2539,0.5,-1,23.0,0.5809074640274048,0.5634,1
resumes/data\FINANCE\27914096.pdf,jds\CHEF\CHEF_senior.txt,FINANCE,0.0726,0.1,1,23.0,0.416191965341568,0.3819,0
resumes/data\FINANCE\27914096.pdf,jds\CHEF\CHEF_mid.txt,FINANCE,0.0732,0.2,1,23.0,0.3643246591091156,0.3201,0
resumes/data\FINANCE\27914096.pdf,jds\CHEF\CHEF_entry.txt,FINANCE,0.0704,0.1,1,23.0,0.3525419235229492,0.2762,0
resumes/data\FINANCE\28396458.pdf,jds\ENGINEERING\ENGINEERING_entry.txt,FINANCE,0.0301,0.0,-2,12.0,0.3607477843761444,0.3428,0
resumes/data\FINANCE\28396458.pdf,jds\ENGINEERING\ENGINEERING_senior.txt,FINANCE,0.0481,0.25,-4,14.0,0.4099584221839905,0.3109,0
resumes/data\FINANCE\28396458.pdf,jds\ENGINEERING\ENGINEERING_mid.txt,FINANCE,0.0357,0.05,-3,14.0,0.3915954232215881,0.3719,0
resumes/data\FINANCE\28398216.pdf,jds\SALES\SALES_entry.txt,FINANCE,0.0377,0.0,0,0.0,0.3720487356185913,0.3494,0
resumes/data\FINANCE\28398216.pdf,jds\SALES\SALES_senior.txt,FINANCE,0.0518,0.15,-1,0.0,0.3299105167388916,0.3973,0
resumes/data\FINANCE\28522529.pdf,jds\FINANCE\FINANCE_mid.txt,FINANCE,0.2118,0.45,-1,19.0,0.5824615359306335,0.6876,1
resumes/data\FINANCE\28522529.pdf,jds\FINANCE\FINANCE_senior.txt,FINANCE,0.2037,0.35,-1,19.0,0.5196080803871155,0.6387,1
resumes/data\FINANCE\28522529.pdf,jds\AUTOMOBILE\AUTOMOBILE_entry.txt,FINANCE,0.0385,0.2,0,17.0,0.4092397689819336,0.3305,0
resumes/data\FINANCE\28522529.pdf,jds\AUTOMOBILE\AUTOMOBILE_mid.txt,FINANCE,0.1325,0.2,0,11.0,0.4329971671104431,0.3728,0
resumes/data\FINANCE\28522529.pdf,jds\AUTOMOBILE\AUTOMOBILE_senior.txt,FINANCE,0.053,0.05,-1,19.0,0.4359406530857086,0.3237,0
resumes/data\FINANCE\28623782.pdf,jds\ENGINEERING\ENGINEERING_mid.txt,FINANCE,0.0381,0.05,0,2.0,0.312911182641983,0.3988,0
resumes/data\FINANCE\28623782.pdf,jds\ENGINEERING\ENGINEERING_entry.txt,FINANCE,0.0335,0.15,1,0.0,0.218647614121437,0.3349,0
resumes/data\FINANCE\28623782.pdf,jds\ENGINEERING\ENGINEERING_senior.txt,FINANCE,0.0455,0.2,-1,2.0,0.2993129193782806,0.3663,0
resumes/data\FINANCE\28724469.pdf,jds\BPO\BPO_entry.txt,FINANCE,0.093,0.15,0,12.0,0.5017666816711426,0.4248,0
resumes/data\FINANCE\28758002.pdf,jds\FINANCE\FINANCE_mid.txt,FINANCE,0.1986,0.35,0,0.0,0.4835295975208282,0.6353,1
resumes/data\FINANCE\28758002.pdf,jds\BPO\BPO_entry.txt,FINANCE,0.0497,0.15,1,-2.0,0.4005147814750671,0.4197,0
resumes/data\FINANCE\29494962.pdf,jds\ARTS\ARTS_mid.txt,FINANCE,0.0757,0.15,0,25.0,0.3401702642440796,0.294,0
resumes/data\FINANCE\29494962.pdf,jds\ARTS\ARTS_senior.txt,FINANCE,0.0343,0.05,-1,25.0,0.3167788386344909,0.2702,0
resumes/data\FINANCE\29494962.pdf,jds\ARTS\ARTS_entry.txt,FINANCE,0.0712,0.2,1,25.0,0.322843074798584,0.1923,0
resumes/data\FINANCE\29612672.pdf,jds\AVIATION\AVIATION_mid.txt,FINANCE,0.0576,0.05,1,10.0,0.4080116748809814,0.3519,0
resumes/data\FINANCE\29612672.pdf,jds\AVIATION\AVIATION_entry.txt,FINANCE,0.0505,0.0,1,16.0,0.4039023220539093,0.3748,0
resumes/data\FINANCE\29612672.pdf,jds\AVIATION\AVIATION_senior.txt,FINANCE,0.0563,0.1,1,18.0,0.4105010628700256,0.386,0
resumes/data\FINANCE\29648950.pdf,jds\TEACHER\TEACHER_entry.txt,FINANCE,0.0469,0.05,0,2.0,0.3154726326465606,0.2277,0
resumes/data\FINANCE\29648950.pdf,jds\TEACHER\TEACHER_senior.txt,FINANCE,0.0274,0.15,-2,2.0,0.3756444156169891,0.211,0
resumes/data\FINANCE\29648950.pdf,jds\TEACHER\TEACHER_mid.txt,FINANCE,0.037,0.0,-1,2.0,0.3961650133132934,0.2896,0
resumes/data\FINANCE\29998869.pdf,jds\APPAREL\APPAREL_mid.txt,FINANCE,0.0486,0.1,0,24.0,0.262255311012268,0.2381,0
resumes/data\FINANCE\29998869.pdf,jds\APPAREL\APPAREL_senior.txt,FINANCE,0.074,0.15,0,24.0,0.2189912945032119,0.2831,0
resumes/data\FINANCE\29998869.pdf,jds\APPAREL\APPAREL_entry.txt,FINANCE,0.0257,0.15,1,22.0,0.1242006197571754,0.2082,0
resumes/data\FINANCE\31948488.pdf,jds\SALES\SALES_entry.txt,FINANCE,0.0295,0.05,0,9.0,0.343108057975769,0.3939,0
resumes/data\FINANCE\33685988.pdf,jds\ADVOCATE\ADVOCATE_senior.txt,FINANCE,0.0312,0.05,-1,5.0,0.3845995962619781,0.3101,0
resumes/data\FINANCE\33685988.pdf,jds\ADVOCATE\ADVOCATE_mid.txt,FINANCE,0.0284,0.05,-1,5.0,0.371607095003128,0.3335,0
resumes/data\FINANCE\33685988.pdf,jds\ADVOCATE\ADVOCATE_entry.txt,FINANCE,0.0474,0.1,-1,3.0,0.343052327632904,0.3644,0
resumes/data\FINANCE\34250007.pdf,jds\CHEF\CHEF_mid.txt,FINANCE,0.049,0.1,1,14.0,0.3411236405372619,0.3921,0
resumes/data\FINANCE\34250007.pdf,jds\CHEF\CHEF_senior.txt,FINANCE,0.044,0.0,1,14.0,0.3590178489685058,0.3859,0
resumes/data\FINANCE\34250007.pdf,jds\CHEF\CHEF_entry.txt,FINANCE,0.0563,0.15,1,14.0,0.3208204507827759,0.3336,0
resumes/data\FINANCE\38225199.pdf,jds\AGRICULTURE\AGRICULTURE_entry.txt,FINANCE,0.0575,0.15,-1,14.0,0.2066089212894439,0.2569,0
resumes/data\FINANCE\38225199.pdf,jds\AGRICULTURE\AGRICULTURE_mid.txt,FINANCE,0.0858,0.1,-2,7.0,0.2725653648376465,0.2999,0
resumes/data\FINANCE\38225199.pdf,jds\AGRICULTURE\AGRICULTURE_senior.txt,FINANCE,0.0895,0.2,-3,14.0,0.2571933567523956,0.3043,0
resumes/data\FINANCE\38441665.pdf,jds\FITNESS\FITNESS_senior.txt,FINANCE,0.0484,0.2,-2,23.0,0.3169656991958618,0.3102,0
resumes/data\FINANCE\38441665.pdf,jds\FITNESS\FITNESS_mid.txt,FINANCE,0.0744,0.3,0,16.0,0.3209296464920044,0.3478,0
resumes/data\FINANCE\38441665.pdf,jds\FITNESS\FITNESS_entry.txt,FINANCE,0.0343,0.1,1,21.0,0.2480875849723816,0.3129,0
resumes/data\FINANCE\38907798.pdf,jds\ARTS\ARTS_mid.txt,FINANCE,0.0442,0.1,-1,4.0,0.3130262792110443,0.2654,0
resumes/data\FINANCE\38907798.pdf,jds\ARTS\ARTS_senior.txt,FINANCE,0.0276,0.0,-2,4.0,0.3080853521823883,0.2373,0
resumes/data\FINANCE\38907798.pdf,jds\ARTS\ARTS_entry.txt,FINANCE,0.0329,0.0,0,4.0,0.2794455885887146,0.2413,0
resumes/data\FINANCE\39295103.pdf,jds\APPAREL\APPAREL_senior.txt,FINANCE,0.0481,0.1,-1,0.0,0.3139213323593139,0.2621,0
resumes/data\FINANCE\39295103.pdf,jds\APPAREL\APPAREL_entry.txt,FINANCE,0.0302,0.05,0,-2.0,0.2368242740631103,0.2341,0
resumes/data\FINANCE\39295103.pdf,jds\APPAREL\APPAREL_mid.txt,FINANCE,0.0517,0.05,-1,0.0,0.3001450300216675,0.3041,0
resumes/data\FINANCE\39675895.pdf,jds\BPO\BPO_entry.txt,FINANCE,0.0428,0.0,1,8.0,0.4191459417343139,0.4084,0
resumes/data\FINANCE\47410104.pdf,jds\CHEF\CHEF_senior.txt,FINANCE,0.0696,0.05,2,16.0,0.323147714138031,0.281,0
resumes/data\FINANCE\47410104.pdf,jds\CHEF\CHEF_entry.txt,FINANCE,0.0316,0.0,2,16.0,0.2507115602493286,0.2083,0
resumes/data\FINANCE\47410104.pdf,jds\CHEF\CHEF_mid.txt,FINANCE,0.0718,0.05,2,16.0,0.2334559857845306,0.2083,0
resumes/data\FINANCE\57088974.pdf,jds\HEALTHCARE\HEALTHCARE_senior.txt,FINANCE,0.0422,0.1,-2,28.0,0.34320729970932,0.2965,0
resumes/data\FINANCE\57088974.pdf,jds\HEALTHCARE\HEALTHCARE_entry.txt,FINANCE,0.0572,0.15,-1,26.0,0.3316643834114074,0.2517,0
resumes/data\FINANCE\57088974.pdf,jds\HEALTHCARE\HEALTHCARE_mid.txt,FINANCE,0.0692,0.2,-2,28.0,0.3743177354335785,0.3287,0
resumes/data\FINANCE\58165257.pdf,jds\HEALTHCARE\HEALTHCARE_entry.txt,FINANCE,0.0253,0.05,0,9.0,0.3095423579216003,0.2142,0
resumes/data\FINANCE\58165257.pdf,jds\HEALTHCARE\HEALTHCARE_mid.txt,FINANCE,0.0472,0.05,-1,11.0,0.3268686532974243,0.216,0
resumes/data\FINANCE\58165257.pdf,jds\HEALTHCARE\HEALTHCARE_senior.txt,FINANCE,0.0408,0.2,-1,11.0,0.2907647788524627,0.2447,0
resumes/data\FINANCE\59450123.pdf,jds\DIGITAL-MEDIA\DIGITAL-MEDIA_senior.txt,FINANCE,0.0561,0.1,0,18.0,0.4531158804893493,0.3092,0
resumes/data\FINANCE\59450123.pdf,jds\DIGITAL-MEDIA\DIGITAL-MEDIA_mid.txt,FINANCE,0.0734,0.15,0,18.0,0.45645672082901,0.372,0
resumes/data\FINANCE\59450123.pdf,jds\DIGITAL-MEDIA\DIGITAL-MEDIA_entry.txt,FINANCE,0.0537,0.15,1,16.0,0.4099714756011963,0.2884,0
resumes/data\FINANCE\59777056.pdf,jds\APPAREL\APPAREL_mid.txt,FINANCE,0.0722,0.0,-1,15.0,0.3418081402778625,0.3124,0
resumes/data\FINANCE\59777056.pdf,jds\APPAREL\APPAREL_senior.txt,FINANCE,0.0558,0.0,-1,15.0,0.3281863331794739,0.2113,0
resumes/data\FINANCE\59777056.pdf,jds\APPAREL\APPAREL_entry.txt,FINANCE,0.0464,0.0,0,13.0,0.2688732445240021,0.221,0
resumes/data\FINANCE\59818742.pdf,jds\FINANCE\FINANCE_mid.txt,FINANCE,0.1944,0.4,0,1.0,0.6538898944854736,0.6536,1
resumes/data\FINANCE\59938965.pdf,jds\APPAREL\APPAREL_senior.txt,FINANCE,0.0659,0.1,-1,3.0,0.3548852205276489,0.3121,0
resumes/data\FINANCE\59938965.pdf,jds\APPAREL\APPAREL_mid.txt,FINANCE,0.0671,0.0,-1,3.0,0.3470816910266876,0.3697,0
resumes/data\FINANCE\59938965.pdf,jds\APPAREL\APPAREL_entry.txt,FINANCE,0.039,0.05,0,1.0,0.3194822371006012,0.2511,0
resumes/data\FINANCE\61634281.pdf,jds\INFORMATION-TECHNOLOGY\INFORMATION-TECHNOLOGY_senior.txt,FINANCE,0.0477,0.15,-1,18.0,0.3382222056388855,0.3918,0
resumes/data\FINANCE\61634281.pdf,jds\INFORMATION-TECHNOLOGY\INFORMATION-TECHNOLOGY_mid.txt,FINANCE,0.0749,0.1,-1,18.0,0.2913067042827606,0.271,0
resumes/data\FINANCE\61634281.pdf,jds\INFORMATION-TECHNOLOGY\INFORMATION-TECHNOLOGY_entry.txt,FINANCE,0.0496,0.0,0,16.0,0.2895548343658447,0.2973,0
resumes/data\FINANCE\62850928.pdf,jds\FINANCE\FINANCE_mid.txt,FINANCE,0.188,0.4,-1,27.0,0.4603996872901916,0.6516,1
resumes/data\FINANCE\62850928.pdf,jds\FINANCE\FINANCE_senior.txt,FINANCE,0.2031,0.45,-1,27.0,0.4540297985076904,0.6176,1
resumes/data\FINANCE\62850928.pdf,jds\ARTS\ARTS_mid.txt,FINANCE,0.0471,0.15,-1,27.0,0.2396894991397857,0.3276,0
resumes/data\FINANCE\62850928.pdf,jds\ARTS\ARTS_senior.txt,FINANCE,0.0377,0.0,-2,27.0,0.2590207755565643,0.3075,0
resumes/data\FINANCE\62850928.pdf,jds\ARTS\ARTS_entry.txt,FINANCE,0.0435,0.05,0,27.0,0.2059618234634399,0.2492,0
resumes/data\FINANCE\66741193.pdf,jds\TEACHER\TEACHER_entry.txt,FINANCE,0.0369,0.0,0,12.0,0.2639015316963196,0.2106,0
resumes/data\FINANCE\66741193.pdf,jds\TEACHER\TEACHER_mid.txt,FINANCE,0.0403,0.05,-1,12.0,0.3183709979057312,0.2729,0
resumes/data\FINANCE\66741193.pdf,jds\TEACHER\TEACHER_senior.txt,FINANCE,0.0244,0.05,-2,12.0,0.2532789409160614,0.3044,0
resumes/data\FINANCE\69487178.pdf,jds\AVIATION\AVIATION_senior.txt,FINANCE,0.0768,0.2,1,0.0,0.4281648695468902,0.3211,0
resumes/data\FINANCE\69487178.pdf,jds\AVIATION\AVIATION_entry.txt,FINANCE,0.0576,0.05,1,-2.0,0.3267481327056885,0.228,0
resumes/data\FINANCE\69487178.pdf,jds\AVIATION\AVIATION_mid.txt,FINANCE,0.0602,0.05,1,-8.0,0.3440242111682892,0.2842,0
resumes/data\FINANCE\70541112.pdf,jds\AUTOMOBILE\AUTOMOBILE_senior.txt,FINANCE,0.0634,0.25,0,12.0,0.3663102984428406,0.3887,0
resumes/data\FINANCE\72136463.pdf,jds\HR\HR_senior.txt,FINANCE,0.048,0.05,0,0.0,0.3108597993850708,0.3732,0
resumes/data\FINANCE\72136463.pdf,jds\HR\HR_entry.txt,FINANCE,0.047,0.0,0,0.0,0.3616006672382355,0.4078,0
resumes/data\FINANCE\74512244.pdf,jds\DESIGNER\DESIGNER_mid.txt,FINANCE,0.0445,0.1,0,5.0,0.3635102808475494,0.2622,0
resumes/data\FINANCE\74512244.pdf,jds\DESIGNER\DESIGNER_senior.txt,FINANCE,0.0376,0.3,0,5.0,0.3322215378284454,0.2403,0
resumes/data\FINANCE\74512244.pdf,jds\DESIGNER\DESIGNER_entry.txt,FINANCE,0.0444,0.0,1,3.0,0.314580500125885,0.2004,0
resumes/data\FINANCE\74849878.pdf,jds\CONSTRUCTION\CONSTRUCTION_entry.txt,FINANCE,0.0375,0.05,0,-2.0,0.3960950970649719,0.3896,0
resumes/data\FINANCE\74849878.pdf,jds\CONSTRUCTION\CONSTRUCTION_senior.txt,FINANCE,0.0424,0.05,-1,0.0,0.4059383869171142,0.3494,0
resumes/data\FINANCE\74849878.pdf,jds\CONSTRUCTION\CONSTRUCTION_mid.txt,FINANCE,0.0376,0.0,-1,0.0,0.382237821817398,0.354,0
resumes/data\FINANCE\76454959.pdf,jds\FINANCE\FINANCE_senior.txt,FINANCE,0.2218,0.3,-1,0.0,0.6552963256835938,0.5642,1
resumes/data\FINANCE\76454959.pdf,jds\DIGITAL-MEDIA\DIGITAL-MEDIA_mid.txt,FINANCE,0.0508,0.1,-1,0.0,0.4078254103660583,0.3746,0
resumes/data\FINANCE\76454959.pdf,jds\DIGITAL-MEDIA\DIGITAL-MEDIA_senior.txt,FINANCE,0.076,0.2,-1,0.0,0.4293976426124573,0.3327,0
resumes/data\FINANCE\76454959.pdf,jds\DIGITAL-MEDIA\DIGITAL-MEDIA_entry.txt,FINANCE,0.0375,0.05,0,-2.0,0.4400237202644348,0.3544,0
resumes/data\FINANCE\77638654.pdf,jds\HR\HR_senior.txt,FINANCE,0.0747,0.15,-2,26.0,0.4268715977668762,0.3194,0
resumes/data\FINANCE\77638654.pdf,jds\HR\HR_mid.txt,FINANCE,0.0649,0.1,-2,26.0,0.3843803405761719,0.2997,0
resumes/data\FINANCE\77638654.pdf,jds\HR\HR_entry.txt,FINANCE,0.0885,0.1,-2,26.0,0.4212769567966461,0.3296,0
resumes/data\FINANCE\78229715.pdf,jds\TEACHER\TEACHER_mid.txt,FINANCE,0.0377,0.0,-1,11.0,0.2873433828353882,0.2292,0
resumes/data\FINANCE\78229715.pdf,jds\TEACHER\TEACHER_entry.txt,FINANCE,0.0344,0.0,0,11.0,0.289962500333786,0.2172,0
resumes/data\FINANCE\78229715.pdf,jds\TEACHER\TEACHER_senior.txt,FINANCE,0.0248,0.1,-2,11.0,0.2377444803714752,0.2433,0
resumes/data\FINANCE\81217013.pdf,jds\HEALTHCARE\HEALTHCARE_entry.txt,FINANCE,0.0596,0.15,1,9.0,0.3714471459388733,0.3308,0
resumes/data\FINANCE\81677620.pdf,jds\FINANCE\FINANCE_mid.txt,FINANCE,0.2077,0.3,0,14.0,0.674296498298645,0.7072,1
resumes/data\FINANCE\81677620.pdf,jds\FINANCE\FINANCE_senior.txt,FINANCE,0.2053,0.35,0,14.0,0.5813870429992676,0.669,1
resumes/data\FINANCE\81677620.pdf,jds\AVIATION\AVIATION_mid.txt,FINANCE,0.0779,0.15,1,6.0,0.4211767911911011,0.4384,0
resumes/data\FINANCE\81677620.pdf,jds\AVIATION\AVIATION_entry.txt,FINANCE,0.0615,0.15,1,12.0,0.4021435976028442,0.3801,0
resumes/data\FINANCE\84356308.pdf,jds\FINANCE\FINANCE_entry.txt,FINANCE,0.2582,0.4,0,14.0,0.5313841104507446,0.5326,1
resumes/data\FINANCE\84356308.pdf,jds\FINANCE\FINANCE_mid.txt,FINANCE,0.2934,0.55,0,16.0,0.5946213006973267,0.6416,1
resumes/data\FINANCE\84356308.pdf,jds\FINANCE\FINANCE_senior.txt,FINANCE,0.2891,0.5,0,16.0,0.5282753705978394,0.5919,1
resumes/data\FINANCE\84373843.pdf,jds\HR\HR_entry.txt,FINANCE,0.0373,0.05,-2,4.0,0.3548104763031006,0.3309,0
resumes/data\FINANCE\84373843.pdf,jds\HR\HR_senior.txt,FINANCE,0.0407,0.05,-2,4.0,0.323568046092987,0.3426,0
resumes/data\FINANCE\84373843.pdf,jds\HR\HR_mid.txt,FINANCE,0.0481,0.2,-2,4.0,0.3357243537902832,0.3241,0
resumes/data\FINANCE\86549455.pdf,jds\CONSULTANT\CONSULTANT_entry.txt,FINANCE,0.0517,0.2,0,24.0,0.332133412361145,0.4062,0
resumes/data\FINANCE\86595128.pdf,jds\DIGITAL-MEDIA\DIGITAL-MEDIA_entry.txt,FINANCE,0.1041,0.25,1,10.0,0.4433732628822326,0.3601,0
resumes/data\FINANCE\88038965.pdf,jds\CONSULTANT\CONSULTANT_entry.txt,FINANCE,0.0748,0.1,-1,18.0,0.3145217299461365,0.3101,0
resumes/data\FINANCE\88038965.pdf,jds\CONSULTANT\CONSULTANT_senior.txt,FINANCE,0.0504,0.15,-1,18.0,0.3493237495422363,0.3344,0
resumes/data\FINANCE\88038965.pdf,jds\CONSULTANT\CONSULTANT_mid.txt,FINANCE,0.075,0.1,-1,18.0,0.3892850875854492,0.3238,0
resumes/data\FINANCE\91564103.pdf,jds\CHEF\CHEF_senior.txt,FINANCE,0.045,0.15,1,0.0,0.3414043188095093,0.2342,0
resumes/data\FINANCE\91564103.pdf,jds\CHEF\CHEF_mid.txt,FINANCE,0.0517,0.15,1,0.0,0.2727329730987549,0.2175,0
resumes/data\FINANCE\91564103.pdf,jds\CHEF\CHEF_entry.txt,FINANCE,0.0338,0.05,1,0.0,0.29673832654953,0.1877,0
resumes/data\FINANCE\92524964.pdf,jds\SALES\SALES_entry.txt,FINANCE,0.0577,0.1,0,0.0,0.4676105380058288,0.3846,0
resumes/data\FINANCE\93653247.pdf,jds\SALES\SALES_entry.txt,FINANCE,0.0268,0.0,1,0.0,0.4122025966644287,0.4273,0
resumes/data\FINANCE\95519832.pdf,jds\CONSULTANT\CONSULTANT_senior.txt,FINANCE,0.0489,0.1,-1,9.0,0.3991552591323852,0.3977,0
resumes/data\FINANCE\98513424.pdf,jds\AVIATION\AVIATION_mid.txt,FINANCE,0.0989,0.1,1,-6.0,0.3699348270893097,0.3766,0
resumes/data\FINANCE\98513424.pdf,jds\AVIATION\AVIATION_entry.txt,FINANCE,0.0843,0.05,1,0.0,0.2843742668628692,0.2539,0
resumes/data\FITNESS\10235429.pdf,jds\CONSTRUCTION\CONSTRUCTION_mid.txt,FITNESS,0.0588,0.2,-2,29.0,0.3284986019134521,0.2003,0
resumes/data\FITNESS\10235429.pdf,jds\CONSTRUCTION\CONSTRUCTION_entry.txt,FITNESS,0.0355,0.15,-1,27.0,0.413266122341156,0.1692,0
resumes/data\FITNESS\10235429.pdf,jds\CONSTRUCTION\CONSTRUCTION_senior.txt,FITNESS,0.0855,0.15,-2,29.0,0.3065095543861389,0.228,0
resumes/data\FITNESS\10268614.pdf,jds\CONSTRUCTION\CONSTRUCTION_mid.txt,FITNESS,0.0449,0.0,0,2.0,0.2673558592796325,0.2155,0
resumes/data\FITNESS\10268614.pdf,jds\CONSTRUCTION\CONSTRUCTION_senior.txt,FITNESS,0.0742,0.15,0,2.0,0.2815119326114654,0.2479,0
resumes/data\FITNESS\10268614.pdf,jds\CONSTRUCTION\CONSTRUCTION_entry.txt,FITNESS,0.0323,0.05,1,0.0,0.2388209104537964,0.216,0
resumes/data\FITNESS\10333051.pdf,jds\PUBLIC-RELATIONS\PUBLIC-RELATIONS_entry.txt,FITNESS,0.0226,0.1,1,14.0,0.2905485332012176,0.2824,0
resumes/data\FITNESS\10333051.pdf,jds\PUBLIC-RELATIONS\PUBLIC-RELATIONS_mid.txt,FITNESS,0.0396,0.05,0,16.0,0.3057026267051697,0.3344,0
resumes/data\FITNESS\10333051.pdf,jds\PUBLIC-RELATIONS\PUBLIC-RELATIONS_senior.txt,FITNESS,0.066,0.15,0,16.0,0.3060482740402221,0.3688,0
resumes/data\FITNESS\10428916.pdf,jds\AUTOMOBILE\AUTOMOBILE_senior.txt,FITNESS,0.046,0.0,-1,11.0,0.3239848017692566,0.1986,0
resumes/data\FITNESS\10428916.pdf,jds\AUTOMOBILE\AUTOMOBILE_entry.txt,FITNESS,0.0781,0.1,0,9.0,0.3056067824363708,0.214,0
resumes/data\FITNESS\10428916.pdf,jds\AUTOMOBILE\AUTOMOBILE_mid.txt,FITNESS,0.1014,0.15,0,3.0,0.2934174537658691,0.2015,0
resumes/data\FITNESS\10568350.pdf,jds\BANKING\BANKING_entry.txt,FITNESS,0.0972,0.3,-1,11.0,0.359562337398529,0.3664,0
resumes/data\FITNESS\10568350.pdf,jds\BANKING\BANKING_senior.txt,FITNESS,0.038,0.1,-2,13.0,0.3260707259178161,0.3262,0
resumes/data\FITNESS\10816645.pdf,jds\FITNESS\FITNESS_entry.txt,FITNESS,0.3329,0.3,1,29.0,0.5990788340568542,0.5704,1
resumes/data\FITNESS\10816645.pdf,jds\FITNESS\FITNESS_mid.txt,FITNESS,0.2939,0.35,0,24.0,0.5904039144515991,0.686,1
resumes/data\FITNESS\10816645.pdf,jds\FITNESS\FITNESS_senior.txt,FITNESS,0.3514,0.25,-2,31.0,0.5776656866073608,0.6765,1
resumes/data\FITNESS\10816645.pdf,jds\INFORMATION-TECHNOLOGY\INFORMATION-TECHNOLOGY_entry.txt,FITNESS,0.0371,0.0,0,29.0,0.240594670176506,0.1369,0
resumes/data\FITNESS\10816645.pdf,jds\INFORMATION-TECHNOLOGY\INFORMATION-TECHNOLOGY_mid.txt,FITNESS,0.045,0.05,-1,31.0,0.1932975798845291,0.1269,0
resumes/data\FITNESS\10816645.pdf,jds\INFORMATION-TECHNOLOGY\INFORMATION-TECHNOLOGY_senior.txt,FITNESS,0.0196,0.05,-1,31.0,0.1756114214658737,0.1673,0
resumes/data\FITNESS\10969918.pdf,jds\CONSTRUCTION\CONSTRUCTION_entry.txt,FITNESS,0.0525,0.05,-1,8.0,0.2643784284591675,0.2726,0
resumes/data\FITNESS\10969918.pdf,jds\CONSTRUCTION\CONSTRUCTION_senior.txt,FITNESS,0.0282,0.05,-2,10.0,0.2672114372253418,0.2136,0
resumes/data\FITNESS\10969918.pdf,jds\CONSTRUCTION\CONSTRUCTION_mid.txt,FITNESS,0.0332,0.05,-2,10.0,0.2342950701713562,0.2361,0
resumes/data\FITNESS\11130200.pdf,jds\TEACHER\TEACHER_mid.txt,FITNESS,0.0412,0.05,-2,10.0,0.1663679182529449,0.1178,0
resumes/data\FITNESS\11130200.pdf,jds\TEACHER\TEACHER_senior.txt,FITNESS,0.0453,0.1,-3,10.0,0.187092438340187,0.0251,0
resumes/data\FITNESS\11130200.pdf,jds\TEACHER\TEACHER_entry.txt,FITNESS,0.0539,0.05,-1,10.0,0.1542630195617675,0.1375,0
resumes/data\FITNESS\11332602.pdf,jds\CONSTRUCTION\CONSTRUCTION_mid.txt,FITNESS,0.0761,0.2,-1,12.0,0.3908837735652923,0.321,0
resumes/data\FITNESS\11332602.pdf,jds\CONSTRUCTION\CONSTRUCTION_entry.txt,FITNESS,0.0437,0.05,0,10.0,0.2680174708366394,0.2331,0
resumes/data\FITNESS\11332602.pdf,jds\CONSTRUCTION\CONSTRUCTION_senior.txt,FITNESS,0.0956,0.2,-1,12.0,0.4142764210700989,0.3341,0
resumes/data\FITNESS\11522068.pdf,jds\APPAREL\APPAREL_entry.txt,FITNESS,0.0494,0.0,-2,0.0,0.2488997876644134,0.2777,0
resumes/data\FITNESS\11522068.pdf,jds\APPAREL\APPAREL_mid.txt,FITNESS,0.0625,0.05,-3,2.0,0.2103301584720611,0.2187,0
resumes/data\FITNESS\11522068.pdf,jds\APPAREL\APPAREL_senior.txt,FITNESS,0.0443,0.0,-3,2.0,0.1809448599815368,0.1987,0
resumes/data\FITNESS\12019284.pdf,jds\FITNESS\FITNESS_mid.txt,FITNESS,0.2929,0.35,1,0.0,0.6149646043777466,0.6899,1
resumes/data\FITNESS\12019284.pdf,jds\FITNESS\FITNESS_senior.txt,FITNESS,0.2866,0.45,-1,7.0,0.6364060640335083,0.726,1
resumes/data\FITNESS\12019284.pdf,jds\ARTS\ARTS_mid.txt,FITNESS,0.054,0.1,0,7.0,0.30475515127182,0.2855,0
resumes/data\FITNESS\12019284.pdf,jds\ARTS\ARTS_senior.txt,FITNESS,0.0497,0.2,-1,7.0,0.3235737085342407,0.26,0
resumes/data\FITNESS\12019284.pdf,jds\ARTS\ARTS_entry.txt,FITNESS,0.0535,0.15,1,7.0,0.3030970692634582,0.2224,0
resumes/data\FITNESS\12092347.pdf,jds\ACCOUNTANT\ACCOUNTANT_senior.txt,FITNESS,0.0422,0.1,-2,0.0,0.312003880739212,0.3408,0
resumes/data\FITNESS\12092347.pdf,jds\ACCOUNTANT\ACCOUNTANT_mid.txt,FITNESS,0.0461,0.0,-2,0.0,0.3561450242996216,0.2799,0
resumes/data\FITNESS\12092347.pdf,jds\ACCOUNTANT\ACCOUNTANT_entry.txt,FITNESS,0.0741,0.1,-2,-2.0,0.3301849365234375,0.3512,0
resumes/data\FITNESS\12695799.pdf,jds\ENGINEERING\ENGINEERING_entry.txt,FITNESS,0.0493,0.1,0,8.0,0.2372804582118988,0.3543,0
resumes/data\FITNESS\12791244.pdf,jds\CHEF\CHEF_senior.txt,FITNESS,0.0286,0.0,1,0.0,0.3319901823997497,0.1059,0
resumes/data\FITNESS\12791244.pdf,jds\CHEF\CHEF_entry.txt,FITNESS,0.056,0.1,1,0.0,0.2779891490936279,0.1183,0
resumes/data\FITNESS\12791244.pdf,jds\CHEF\CHEF_mid.txt,FITNESS,0.0323,0.05,1,0.0,0.2916923463344574,0.1402,0
resumes/data\FITNESS\12923795.pdf,jds\ADVOCATE\ADVOCATE_entry.txt,FITNESS,0.0316,0.0,-1,16.0,0.4258702993392944,0.3721,0
resumes/data\FITNESS\12923795.pdf,jds\ADVOCATE\ADVOCATE_mid.txt,FITNESS,0.0305,0.1,-1,18.0,0.4416762888431549,0.3932,0
resumes/data\FITNESS\12938389.pdf,jds\ACCOUNTANT\ACCOUNTANT_entry.txt,FITNESS,0.0893,0.1,0,11.0,0.4840092658996582,0.389,0
resumes/data\FITNESS\13037145.pdf,jds\CONSTRUCTION\CONSTRUCTION_entry.txt,FITNESS,0.0341,0.05,-2,9.0,0.2821339070796966,0.3227,0
resumes/data\FITNESS\13037145.pdf,jds\CONSTRUCTION\CONSTRUCTION_mid.txt,FITNESS,0.0409,0.05,-3,11.0,0.2443238496780395,0.2653,0
resumes/data\FITNESS\13037145.pdf,jds\CONSTRUCTION\CONSTRUCTION_senior.txt,FITNESS,0.0441,0.05,-3,11.0,0.2987439930438995,0.2997,0
resumes/data\FITNESS\13367322.pdf,jds\PUBLIC-RELATIONS\PUBLIC-RELATIONS_senior.txt,FITNESS,0.0274,0.0,-2,18.0,0.2724807262420654,0.1914,0
resumes/data\FITNESS\13367322.pdf,jds\PUBLIC-RELATIONS\PUBLIC-RELATIONS_entry.txt,FITNESS,0.0413,0.05,-1,16.0,0.2732636630535126,0.2298,0
resumes/data\FITNESS\13367322.pdf,jds\PUBLIC-RELATIONS\PUBLIC-RELATIONS_mid.txt,FITNESS,0.0399,0.15,-2,18.0,0.3030738830566406,0.2795,0
resumes/data\FITNESS\13675377.pdf,jds\BPO\BPO_entry.txt,FITNESS,0.0509,0.1,0,28.0,0.2837946712970733,0.2465,0
resumes/data\FITNESS\13675377.pdf,jds\BPO\BPO_senior.txt,FITNESS,0.0943,0.1,-1,30.0,0.3316594362258911,0.2958,0
resumes/data\FITNESS\13675377.pdf,jds\BPO\BPO_mid.txt,FITNESS,0.0658,0.2,0,30.0,0.3102394044399261,0.2802,0
resumes/data\FITNESS\14107571.pdf,jds\HR\HR_mid.txt,FITNESS,0.044,0.05,-1,22.0,0.2596392631530761,0.1644,0
resumes/data\FITNESS\14107571.pdf,jds\HR\HR_entry.txt,FITNESS,0.0378,0.05,-1,22.0,0.3602017760276794,0.2721,0
resumes/data\FITNESS\14107571.pdf,jds\HR\HR_senior.txt,FITNESS,0.0537,0.05,-1,22.0,0.2916249632835388,0.1479,0
resumes/data\FITNESS\14515954.pdf,jds\FITNESS\FITNESS_senior.txt,FITNESS,0.248,0.3,-2,0.0,0.5964299440383911,0.6036,1
resumes/data\FITNESS\14515954.pdf,jds\AVIATION\AVIATION_mid.txt,FITNESS,0.0611,0.1,0,-8.0,0.3178321719169616,0.3183,0
resumes/data\FITNESS\14515954.pdf,jds\AVIATION\AVIATION_senior.txt,FITNESS,0.0762,0.15,0,0.0,0.2887985706329345,0.3658,0
resumes/data\FITNESS\14515954.pdf,jds\AVIATION\AVIATION_entry.txt,FITNESS,0.0673,0.05,0,-2.0,0.246191531419754,0.2241,0
resumes/data\FITNESS\15293959.pdf,jds\FITNESS\FITNESS_entry.txt,FITNESS,0.3816,0.65,2,11.0,0.6560376286506653,0.7548,1
resumes/data\FITNESS\15293959.pdf,jds\FITNESS\FITNESS_senior.txt,FITNESS,0.2446,0.4,-1,13.0,0.6760118007659912,0.6753,1
resumes/data\FITNESS\15293959.pdf,jds\TEACHER\TEACHER_mid.txt,FITNESS,0.0341,0.0,0,13.0,0.3850884437561035,0.2835,0
resumes/data\FITNESS\15293959.pdf,jds\TEACHER\TEACHER_senior.txt,FITNESS,0.0183,0.1,-1,13.0,0.3234702050685882,0.2471,0
resumes/data\FITNESS\15293959.pdf,jds\TEACHER\TEACHER_entry.txt,FITNESS,0.0452,0.0,1,13.0,0.399664044380188,0.2628,0
resumes/data\FITNESS\15932017.pdf,jds\DESIGNER\DESIGNER_mid.txt,FITNESS,0.0401,0.0,-2,5.0,0.3049149811267853,0.3008,0
resumes/data\FITNESS\15932017.pdf,jds\DESIGNER\DESIGNER_senior.txt,FITNESS,0.0239,0.0,-2,5.0,0.2839287519454956,0.2598,0
resumes/data\FITNESS\15932017.pdf,jds\DESIGNER\DESIGNER_entry.txt,FITNESS,0.0399,0.0,-1,3.0,0.3262754678726196,0.2895,0
resumes/data\FITNESS\16038911.pdf,jds\FITNESS\FITNESS_entry.txt,FITNESS,0.3359,0.55,0,-2.0,0.5617575645446777,0.6868,1
resumes/data\FITNESS\16038911.pdf,jds\FITNESS\FITNESS_senior.txt,FITNESS,0.2642,0.3,-3,0.0,0.6694753766059875,0.6343,1
resumes/data\FITNESS\16038911.pdf,jds\ACCOUNTANT\ACCOUNTANT_mid.txt,FITNESS,0.0368,0.1,-2,0.0,0.2318218499422073,0.2973,0
resumes/data\FITNESS\16038911.pdf,jds\ACCOUNTANT\ACCOUNTANT_senior.txt,FITNESS,0.0286,0.0,-2,0.0,0.2323338091373443,0.2689,0
resumes/data\FITNESS\16038911.pdf,jds\ACCOUNTANT\ACCOUNTANT_entry.txt,FITNESS,0.0298,0.05,-2,-2.0,0.206374317407608,0.2543,0
resumes/data\FITNESS\16474898.pdf,jds\FITNESS\FITNESS_entry.txt,FITNESS,0.3246,0.45,2,14.0,0.5765402317047119,0.5811,1
resumes/data\FITNESS\16474898.pdf,jds\FITNESS\FITNESS_mid.txt,FITNESS,0.2972,0.6,1,9.0,0.6565227508544922,0.6972,1
resumes/data\FITNESS\16474898.pdf,jds\FITNESS\FITNESS_senior.txt,FITNESS,0.3232,0.4,-1,16.0,0.6550922989845276,0.6147,1
resumes/data\FITNESS\16474898.pdf,jds\BUSINESS-DEVELOPMENT\BUSINESS-DEVELOPMENT_mid.txt,FITNESS,0.0422,0.0,0,8.0,0.3288789689540863,0.131,0
resumes/data\FITNESS\16474898.pdf,jds\BUSINESS-DEVELOPMENT\BUSINESS-DEVELOPMENT_entry.txt,FITNESS,0.0482,0.15,1,14.0,0.3818563818931579,0.1612,0
resumes/data\FITNESS\16474898.pdf,jds\BUSINESS-DEVELOPMENT\BUSINESS-DEVELOPMENT_senior.txt,FITNESS,0.0491,0.05,0,16.0,0.2482554614543914,0.132,0
resumes/data\FITNESS\16605352.pdf,jds\DIGITAL-MEDIA\DIGITAL-MEDIA_senior.txt,FITNESS,0.045,0.0,-2,9.0,0.318758487701416,0.0906,0
resumes/data\FITNESS\16605352.pdf,jds\DIGITAL-MEDIA\DIGITAL-MEDIA_mid.txt,FITNESS,0.0451,0.05,-2,9.0,0.3470391035079956,0.2151,0
resumes/data\FITNESS\16605352.pdf,jds\DIGITAL-MEDIA\DIGITAL-MEDIA_entry.txt,FITNESS,0.0481,0.05,-1,7.0,0.3442974090576172,0.2238,0
resumes/data\FITNESS\17163375.pdf,jds\BUSINESS-DEVELOPMENT\BUSINESS-DEVELOPMENT_entry.txt,FITNESS,0.0296,0.05,0,11.0,0.22999107837677,0.1931,0
resumes/data\FITNESS\17163375.pdf,jds\BUSINESS-DEVELOPMENT\BUSINESS-DEVELOPMENT_mid.txt,FITNESS,0.046,0.05,-1,5.0,0.2233778834342956,0.2318,0
resumes/data\FITNESS\17163375.pdf,jds\BUSINESS-DEVELOPMENT\BUSINESS-DEVELOPMENT_senior.txt,FITNESS,0.034,0.1,-1,13.0,0.182004913687706,0.1834,0
resumes/data\FITNESS\17166018.pdf,jds\ARTS\ARTS_senior.txt,FITNESS,0.0403,0.1,-2,20.0,0.254258394241333,0.2218,0
resumes/data\FITNESS\17166018.pdf,jds\ARTS\ARTS_entry.txt,FITNESS,0.0396,0.05,0,20.0,0.291903555393219,0.2718,0
resumes/data\FITNESS\17166018.pdf,jds\ARTS\ARTS_mid.txt,FITNESS,0.0574,0.1,-1,20.0,0.2442556917667389,0.2249,0
resumes/data\FITNESS\17286050.pdf,jds\AVIATION\AVIATION_mid.txt,FITNESS,0.0406,0.05,1,33.0,0.2396375089883804,0.2429,0
resumes/data\FITNESS\17286050.pdf,jds\AVIATION\AVIATION_senior.txt,FITNESS,0.0247,0.0,1,41.0,0.21369269490242,0.214,0
resumes/data\FITNESS\17286050.pdf,jds\AVIATION\AVIATION_entry.txt,FITNESS,0.0421,0.05,1,39.0,0.2199102342128753,0.2406,0
resumes/data\FITNESS\17431847.pdf,jds\AGRICULTURE\AGRICULTURE_senior.txt,FITNESS,0.0407,0.05,-2,55.0,0.299433171749115,0.1759,0
resumes/data\FITNESS\17431847.pdf,jds\AGRICULTURE\AGRICULTURE_mid.txt,FITNESS,0.0362,0.05,-1,48.0,0.2811982631683349,0.1925,0
resumes/data\FITNESS\17431847.pdf,jds\AGRICULTURE\AGRICULTURE_entry.txt,FITNESS,0.0232,0.05,0,55.0,0.2286602556705474,0.164,0
resumes/data\FITNESS\17576030.pdf,jds\ACCOUNTANT\ACCOUNTANT_mid.txt,FITNESS,0.0233,0.0,-3,12.0,0.2936048507690429,0.1814,0
resumes/data\FITNESS\17576030.pdf,jds\ACCOUNTANT\ACCOUNTANT_senior.txt,FITNESS,0.0297,0.0,-3,12.0,0.352520227432251,0.1938,0
resumes/data\FITNESS\17576030.pdf,jds\ACCOUNTANT\ACCOUNTANT_entry.txt,FITNESS,0.0207,0.0,-3,10.0,0.3189245164394378,0.1639,0
resumes/data\FITNESS\17658471.pdf,jds\AUTOMOBILE\AUTOMOBILE_senior.txt,FITNESS,0.0241,0.05,-1,5.0,0.2031995803117752,0.1601,0
resumes/data\FITNESS\17658471.pdf,jds\AUTOMOBILE\AUTOMOBILE_mid.txt,FITNESS,0.053,0.05,0,-3.0,0.2212528884410858,0.1995,0
resumes/data\FITNESS\17658471.pdf,jds\AUTOMOBILE\AUTOMOBILE_entry.txt,FITNESS,0.0424,0.05,0,3.0,0.2564943432807922,0.2637,0
resumes/data\FITNESS\17660419.pdf,jds\FITNESS\FITNESS_senior.txt,FITNESS,0.2286,0.2,-1,58.0,0.5991932153701782,0.618,1
resumes/data\FITNESS\17660419.pdf,jds\AVIATION\AVIATION_entry.txt,FITNESS,0.0401,0.0,1,56.0,0.3022025227546692,0.2489,0
resumes/data\FITNESS\17660419.pdf,jds\AVIATION\AVIATION_mid.txt,FITNESS,0.0245,0.0,1,50.0,0.298229455947876,0.2986,0
resumes/data\FITNESS\17660419.pdf,jds\AVIATION\AVIATION_senior.txt,FITNESS,0.0349,0.1,1,58.0,0.3111752867698669,0.255,0
resumes/data\FITNESS\17915015.pdf,jds\FITNESS\FITNESS_senior.txt,FITNESS,0.3139,0.45,-2,47.0,0.6366915106773376,0.5571,1
resumes/data\FITNESS\17915015.pdf,jds\HR\HR_mid.txt,FITNESS,0.047,0.15,-1,47.0,0.2965673506259918,0.3052,0
resumes/data\FITNESS\17915015.pdf,jds\HR\HR_entry.txt,FITNESS,0.0417,0.05,-1,47.0,0.3663652837276459,0.3622,0
resumes/data\FITNESS\17915015.pdf,jds\HR\HR_senior.txt,FITNESS,0.0441,0.05,-1,47.0,0.314342200756073,0.3113,0
resumes/data\FITNESS\18767449.pdf,jds\INFORMATION-TECHNOLOGY\INFORMATION-TECHNOLOGY_mid.txt,FITNESS,0.0596,0.0,-1,131.0,0.4105162322521209,0.257,0
resumes/data\FITNESS\18767449.pdf,jds\INFORMATION-TECHNOLOGY\INFORMATION-TECHNOLOGY_senior.txt,FITNESS,0.042,0.1,-1,131.0,0.2700388431549072,0.2392,0
resumes/data\FITNESS\18767449.pdf,jds\INFORMATION-TECHNOLOGY\INFORMATION-TECHNOLOGY_entry.txt,FITNESS,0.0542,0.0,0,129.0,0.3583457469940185,0.2572,0
resumes/data\FITNESS\19037403.pdf,jds\FITNESS\FITNESS_entry.txt,FITNESS,0.3088,0.65,1,40.0,0.5745714902877808,0.6689,1
resumes/data\FITNESS\19037403.pdf,jds\BANKING\BANKING_entry.txt,FITNESS,0.0647,0.25,0,40.0,0.3132486343383789,0.2914,0
resumes/data\FITNESS\19037403.pdf,jds\BANKING\BANKING_senior.txt,FITNESS,0.0588,0.1,-1,42.0,0.3257153928279876,0.2629,0
resumes/data\FITNESS\19037403.pdf,jds\BANKING\BANKING_mid.txt,FITNESS,0.0874,0.25,-1,42.0,0.3835611343383789,0.2558,0
resumes/data\FITNESS\19599699.pdf,jds\BPO\BPO_mid.txt,FITNESS,0.0324,0.0,0,6.0,0.2607932686805725,0.3061,0
resumes/data\FITNESS\19599699.pdf,jds\BPO\BPO_senior.txt,FITNESS,0.0528,0.05,-1,6.0,0.2937781810760498,0.294,0
resumes/data\FITNESS\19599699.pdf,jds\BPO\BPO_entry.txt,FITNESS,0.0249,0.0,0,4.0,0.2108514904975891,0.2056,0
resumes/data\FITNESS\19774173.pdf,jds\SALES\SALES_senior.txt,FITNESS,0.0834,0.1,-2,10.0,0.3070650398731231,0.3127,0
resumes/data\FITNESS\19774173.pdf,jds\SALES\SALES_mid.txt,FITNESS,0.0726,0.1,-2,10.0,0.4002937376499176,0.3555,0
resumes/data\FITNESS\19938081.pdf,jds\AUTOMOBILE\AUTOMOBILE_entry.txt,FITNESS,0.1617,0.2,0,-2.0,0.3270587027072906,0.2909,0
resumes/data\FITNESS\19938081.pdf,jds\AUTOMOBILE\AUTOMOBILE_senior.txt,FITNESS,0.0428,0.15,-1,0.0,0.2904113531112671,0.2331,0
resumes/data\FITNESS\19975121.pdf,jds\APPAREL\APPAREL_mid.txt,FITNESS,0.0343,0.0,-1,29.0,0.351690798997879,0.4049,0
resumes/data\FITNESS\19975121.pdf,jds\APPAREL\APPAREL_senior.txt,FITNESS,0.0218,0.0,-1,29.0,0.3169810175895691,0.3593,0
resumes/data\FITNESS\19975121.pdf,jds\APPAREL\APPAREL_entry.txt,FITNESS,0.0296,0.0,0,27.0,0.3697896301746368,0.3744,0
resumes/data\FITNESS\20255404.pdf,jds\PUBLIC-RELATIONS\PUBLIC-RELATIONS_entry.txt,FITNESS,0.0368,0.05,0,10.0,0.3313402533531189,0.3024,0
resumes/data\FITNESS\20279756.pdf,jds\FITNESS\FITNESS_entry.txt,FITNESS,0.3748,0.65,1,18.0,0.6631600856781006,0.6797,1
resumes/data\FITNESS\20279756.pdf,jds\FITNESS\FITNESS_senior.txt,FITNESS,0.2283,0.45,-2,20.0,0.5911831855773926,0.6384,1
resumes/data\FITNESS\20279756.pdf,jds\INFORMATION-TECHNOLOGY\INFORMATION-TECHNOLOGY_mid.txt,FITNESS,0.0423,0.05,-1,20.0,0.4093879461288452,0.2101,0
resumes/data\FITNESS\20279756.pdf,jds\INFORMATION-TECHNOLOGY\INFORMATION-TECHNOLOGY_senior.txt,FITNESS,0.0268,0.05,-1,20.0,0.4165145456790924,0.2775,0
resumes/data\FITNESS\20279756.pdf,jds\INFORMATION-TECHNOLOGY\INFORMATION-TECHNOLOGY_entry.txt,FITNESS,0.0343,0.0,0,18.0,0.400010198354721,0.212,0
resumes/data\FITNESS\20457611.pdf,jds\FITNESS\FITNESS_entry.txt,FITNESS,0.1867,0.45,2,0.0,0.3906710147857666,0.6589,1
resumes/data\FITNESS\20457611.pdf,jds\APPAREL\APPAREL_mid.txt,FITNESS,0.095,0.15,0,2.0,0.381743460893631,0.2976,0
resumes/data\FITNESS\20457611.pdf,jds\APPAREL\APPAREL_entry.txt,FITNESS,0.0563,0.15,1,0.0,0.3147006928920746,0.3044,0
resumes/data\FITNESS\20457611.pdf,jds\APPAREL\APPAREL_senior.txt,FITNESS,0.0591,0.1,0,2.0,0.3372663855552673,0.2816,0
resumes/data\FITNESS\20565486.pdf,jds\FITNESS\FITNESS_entry.txt,FITNESS,0.3387,0.65,2,7.0,0.5359624624252319,0.6096,1
resumes/data\FITNESS\20565486.pdf,jds\FITNESS\FITNESS_mid.txt,FITNESS,0.3037,0.7,1,2.0,0.5880507230758667,0.6957,1
resumes/data\FITNESS\20565486.pdf,jds\FITNESS\FITNESS_senior.txt,FITNESS,0.3071,0.4,-1,9.0,0.5620325803756714,0.6855,1
resumes/data\FITNESS\20565486.pdf,jds\AUTOMOBILE\AUTOMOBILE_senior.txt,FITNESS,0.0454,0.1,0,9.0,0.2598916888236999,0.2664,0
resumes/data\FITNESS\20565486.pdf,jds\AUTOMOBILE\AUTOMOBILE_entry.txt,FITNESS,0.0862,0.05,1,7.0,0.2291817367076873,0.2428,0
resumes/data\FITNESS\20565486.pdf,jds\AUTOMOBILE\AUTOMOBILE_mid.txt,FITNESS,0.1266,0.2,1,1.0,0.2364550828933715,0.2696,0
resumes/data\FITNESS\21122155.pdf,jds\CHEF\CHEF_mid.txt,FITNESS,0.0263,0.05,2,12.0,0.2398920953273773,0.2002,0
resumes/data\FITNESS\21122155.pdf,jds\CHEF\CHEF_entry.txt,FITNESS,0.0376,0.15,2,12.0,0.2445122599601745,0.1907,0
resumes/data\FITNESS\21122155.pdf,jds\CHEF\CHEF_senior.txt,FITNESS,0.0248,0.0,2,12.0,0.2214651554822921,0.2044,0
resumes/data\FITNESS\21178545.pdf,jds\AUTOMOBILE\AUTOMOBILE_entry.txt,FITNESS,0.0193,0.05,2,33.0,0.1892135739326477,0.0878,0
resumes/data\FITNESS\21178545.pdf,jds\AUTOMOBILE\AUTOMOBILE_mid.txt,FITNESS,0.0398,0.1,2,27.0,0.1911170184612274,0.1327,0
resumes/data\FITNESS\21178545.pdf,jds\AUTOMOBILE\AUTOMOBILE_senior.txt,FITNESS,0.018,0.0,1,35.0,0.1992511749267578,0.1144,0
resumes/data\FITNESS\21238396.pdf,jds\DESIGNER\DESIGNER_senior.txt,FITNESS,0.0349,0.05,-1,12.0,0.3252675235271454,0.2356,0
resumes/data\FITNESS\21238396.pdf,jds\DESIGNER\DESIGNER_mid.txt,FITNESS,0.0347,0.0,-1,12.0,0.3828462362289428,0.2671,0
resumes/data\FITNESS\21238396.pdf,jds\DESIGNER\DESIGNER_entry.txt,FITNESS,0.04,0.0,0,10.0,0.3628924489021301,0.3268,0
resumes/data\FITNESS\22093368.pdf,jds\BUSINESS-DEVELOPMENT\BUSINESS-DEVELOPMENT_mid.txt,FITNESS,0.0735,0.05,0,-3.0,0.3976409435272217,0.3548,0
resumes/data\FITNESS\22093368.pdf,jds\BUSINESS-DEVELOPMENT\BUSINESS-DEVELOPMENT_entry.txt,FITNESS,0.0688,0.2,1,3.0,0.3825713992118835,0.3252,0
resumes/data\FITNESS\22093368.pdf,jds\BUSINESS-DEVELOPMENT\BUSINESS-DEVELOPMENT_senior.txt,FITNESS,0.0704,0.15,0,5.0,0.3794574439525604,0.3747,0
resumes/data\FITNESS\22488036.pdf,jds\SALES\SALES_entry.txt,FITNESS,0.0503,0.05,1,1.0,0.3150081634521484,0.3091,0
resumes/data\FITNESS\22488036.pdf,jds\SALES\SALES_senior.txt,FITNESS,0.0534,0.15,0,1.0,0.2713357210159302,0.3034,0
resumes/data\FITNESS\22488036.pdf,jds\SALES\SALES_mid.txt,FITNESS,0.0535,0.1,0,1.0,0.298115074634552,0.3152,0
resumes/data\FITNESS\22855060.pdf,jds\HR\HR_mid.txt,FITNESS,0.0561,0.15,-2,16.0,0.3363138437271118,0.2488,0
resumes/data\FITNESS\22855060.pdf,jds\HR\HR_senior.txt,FITNESS,0.0567,0.15,-2,16.0,0.3323016762733459,0.2449,0
resumes/data\FITNESS\22855060.pdf,jds\HR\HR_entry.txt,FITNESS,0.0536,0.05,-2,16.0,0.3763557970523834,0.2972,0
resumes/data\FITNESS\23004695.pdf,jds\BPO\BPO_entry.txt,FITNESS,0.0994,0.1,0,-2.0,0.4207883179187774,0.393,0
resumes/data\FITNESS\23063986.pdf,jds\ACCOUNTANT\ACCOUNTANT_entry.txt,FITNESS,0.0537,0.25,-1,28.0,0.3790463209152221,0.3643,0
resumes/data\FITNESS\23063986.pdf,jds\ACCOUNTANT\ACCOUNTANT_mid.txt,FITNESS,0.0671,0.15,-1,30.0,0.3096224963665008,0.3203,0
resumes/data\FITNESS\23063986.pdf,jds\ACCOUNTANT\ACCOUNTANT_senior.txt,FITNESS,0.0738,0.1,-1,30.0,0.3001455068588257,0.2942,0
resumes/data\FITNESS\24219583.pdf,jds\APPAREL\APPAREL_entry.txt,FITNESS,0.0238,0.05,0,23.0,0.1945293843746185,0.2236,0
resumes/data\FITNESS\24219583.pdf,jds\APPAREL\APPAREL_senior.txt,FITNESS,0.0202,0.05,-1,25.0,0.2224825322628021,0.1903,0
resumes/data\FITNESS\24219583.pdf,jds\APPAREL\APPAREL_mid.txt,FITNESS,0.0246,0.0,-1,25.0,0.1944659650325775,0.1741,0
resumes/data\FITNESS\24251588.pdf,jds\FITNESS\FITNESS_entry.txt,FITNESS,0.4599,0.6,1,8.0,0.6386375427246094,0.6857,1
resumes/data\FITNESS\24251588.pdf,jds\FITNESS\FITNESS_mid.txt,FITNESS,0.337,0.5,0,3.0,0.6131555438041687,0.721,1
resumes/data\FITNESS\24251588.pdf,jds\FITNESS\FITNESS_senior.txt,FITNESS,0.3508,0.45,-2,10.0,0.6292703747749329,0.6833,1
resumes/data\FITNESS\24251588.pdf,jds\AVIATION\AVIATION_senior.txt,FITNESS,0.063,0.15,0,10.0,0.3801542222499847,0.2098,0
resumes/data\FITNESS\24251588.pdf,jds\AVIATION\AVIATION_entry.txt,FITNESS,0.1006,0.1,0,8.0,0.3278049230575561,0.1939,0
resumes/data\FITNESS\24251588.pdf,jds\AVIATION\AVIATION_mid.txt,FITNESS,0.098,0.15,0,2.0,0.350361168384552,0.1876,0
resumes/data\FITNESS\24444525.pdf,jds\FITNESS\FITNESS_entry.txt,FITNESS,0.4007,0.6,1,4.0,0.5863261222839355,0.7307,1
resumes/data\FITNESS\24444525.pdf,jds\FITNESS\FITNESS_mid.txt,FITNESS,0.2982,0.55,0,-1.0,0.5590448975563049,0.7018,1
resumes/data\FITNESS\24444525.pdf,jds\FITNESS\FITNESS_senior.txt,FITNESS,0.2768,0.35,-2,6.0,0.6483709812164307,0.6706,1
resumes/data\FITNESS\24444525.pdf,jds\DIGITAL-MEDIA\DIGITAL-MEDIA_entry.txt,FITNESS,0.0312,0.0,0,4.0,0.3825442194938659,0.2841,0
resumes/data\FITNESS\24444525.pdf,jds\DIGITAL-MEDIA\DIGITAL-MEDIA_senior.txt,FITNESS,0.024,0.1,-1,6.0,0.316838800907135,0.2367,0
resumes/data\FITNESS\24444525.pdf,jds\DIGITAL-MEDIA\DIGITAL-MEDIA_mid.txt,FITNESS,0.0354,0.1,-1,6.0,0.3432002663612366,0.2895,0
resumes/data\FITNESS\24708621.pdf,jds\ACCOUNTANT\ACCOUNTANT_mid.txt,FITNESS,0.0801,0.15,-1,18.0,0.3534506857395172,0.3194,0
resumes/data\FITNESS\24708621.pdf,jds\ACCOUNTANT\ACCOUNTANT_senior.txt,FITNESS,0.0852,0.1,-1,18.0,0.343065083026886,0.3597,0
resumes/data\FITNESS\24708621.pdf,jds\ACCOUNTANT\ACCOUNTANT_entry.txt,FITNESS,0.0446,0.1,-1,16.0,0.3551031947135925,0.3267,0
resumes/data\FITNESS\24767027.pdf,jds\CONSTRUCTION\CONSTRUCTION_entry.txt,FITNESS,0.0225,0.1,0,2.0,0.3391650319099426,0.1323,0
resumes/data\FITNESS\24767027.pdf,jds\CONSTRUCTION\CONSTRUCTION_mid.txt,FITNESS,0.042,0.15,-1,4.0,0.3612891733646393,0.2191,0
resumes/data\FITNESS\24767027.pdf,jds\CONSTRUCTION\CONSTRUCTION_senior.txt,FITNESS,0.0405,0.15,-1,4.0,0.3547148704528808,0.2802,0
resumes/data\FITNESS\24905947.pdf,jds\AUTOMOBILE\AUTOMOBILE_senior.txt,FITNESS,0.0564,0.1,-1,10.0,0.4093348681926727,0.2592,0
resumes/data\FITNESS\24905947.pdf,jds\AUTOMOBILE\AUTOMOBILE_mid.txt,FITNESS,0.2185,0.2,0,2.0,0.3942922353744507,0.2833,0
resumes/data\FITNESS\24905947.pdf,jds\AUTOMOBILE\AUTOMOBILE_entry.txt,FITNESS,0.1356,0.1,0,8.0,0.3944708108901977,0.2575,0
resumes/data\FITNESS\24994145.pdf,jds\FITNESS\FITNESS_entry.txt,FITNESS,0.3537,0.6,1,40.0,0.5636305809020996,0.5451,1
resumes/data\FITNESS\24994145.pdf,jds\FITNESS\FITNESS_senior.txt,FITNESS,0.2079,0.35,-2,42.0,0.5877777934074402,0.5702,1
resumes/data\FITNESS\24994145.pdf,jds\APPAREL\APPAREL_entry.txt,FITNESS,0.0302,0.05,0,40.0,0.2968915700912475,0.2229,0
resumes/data\FITNESS\24994145.pdf,jds\APPAREL\APPAREL_senior.txt,FITNESS,0.0197,0.05,-1,42.0,0.343898057937622,0.2819,0
resumes/data\FITNESS\24994145.pdf,jds\APPAREL\APPAREL_mid.txt,FITNESS,0.0191,0.0,-1,42.0,0.3572033643722534,0.2629,0
resumes/data\FITNESS\25482567.pdf,jds\FITNESS\FITNESS_senior.txt,FITNESS,0.2138,0.35,-1,0.0,0.5804553031921387,0.6586,1
resumes/data\FITNESS\25482567.pdf,jds\BANKING\BANKING_entry.txt,FITNESS,0.0677,0.2,1,-2.0,0.3455210328102112,0.2912,0
resumes/data\FITNESS\25482567.pdf,jds\BANKING\BANKING_senior.txt,FITNESS,0.0927,0.1,0,0.0,0.4136047959327698,0.3221,0
resumes/data\FITNESS\25507648.pdf,jds\ARTS\ARTS_entry.txt,FITNESS,0.0478,0.15,-1,0.0,0.2963565289974212,0.121,0
resumes/data\FITNESS\25507648.pdf,jds\ARTS\ARTS_mid.txt,FITNESS,0.0505,0.15,-2,0.0,0.3819155097007751,0.2265,0
resumes/data\FITNESS\25507648.pdf,jds\ARTS\ARTS_senior.txt,FITNESS,0.0271,0.0,-3,0.0,0.3296808302402496,0.1631,0
resumes/data\FITNESS\25838512.pdf,jds\AGRICULTURE\AGRICULTURE_entry.txt,FITNESS,0.0581,0.05,0,10.0,0.3317350149154663,0.3307,0
resumes/data\FITNESS\25838512.pdf,jds\AGRICULTURE\AGRICULTURE_mid.txt,FITNESS,0.0748,0.05,-1,3.0,0.266686737537384,0.3533,0
resumes/data\FITNESS\25838512.pdf,jds\AGRICULTURE\AGRICULTURE_senior.txt,FITNESS,0.0777,0.15,-2,10.0,0.3417308926582336,0.3715,0
resumes/data\FITNESS\26459032.pdf,jds\ADVOCATE\ADVOCATE_entry.txt,FITNESS,0.1058,0.2,0,25.0,0.5027735829353333,0.2266,0
resumes/data\FITNESS\26459032.pdf,jds\ADVOCATE\ADVOCATE_senior.txt,FITNESS,0.0706,0.15,0,27.0,0.4753505885601043,0.2542,0
resumes/data\FITNESS\26459032.pdf,jds\ADVOCATE\ADVOCATE_mid.txt,FITNESS,0.1094,0.15,0,27.0,0.5317056179046631,0.2481,0
resumes/data\FITNESS\27084878.pdf,jds\TEACHER\TEACHER_senior.txt,FITNESS,0.0433,0.05,-2,13.0,0.3120761215686798,0.1878,0
resumes/data\FITNESS\27084878.pdf,jds\TEACHER\TEACHER_entry.txt,FITNESS,0.059,0.0,0,13.0,0.347126692533493,0.2042,0
resumes/data\FITNESS\27084878.pdf,jds\TEACHER\TEACHER_mid.txt,FITNESS,0.049,0.05,-1,13.0,0.3469536304473877,0.2171,0
resumes/data\FITNESS\27397245.pdf,jds\APPAREL\APPAREL_entry.txt,FITNESS,0.0396,0.0,-1,12.0,0.3661242723464966,0.3162,0
resumes/data\FITNESS\27397245.pdf,jds\APPAREL\APPAREL_senior.txt,FITNESS,0.0325,0.05,-2,14.0,0.4573873877525329,0.3872,0
resumes/data\FITNESS\27903191.pdf,jds\BUSINESS-DEVELOPMENT\BUSINESS-DEVELOPMENT_senior.txt,FITNESS,0.0945,0.15,-1,25.0,0.3729597628116607,0.3242,0
resumes/data\FITNESS\27903191.pdf,jds\BUSINESS-DEVELOPMENT\BUSINESS-DEVELOPMENT_entry.txt,FITNESS,0.1028,0.15,0,23.0,0.3963122963905334,0.4551,0
resumes/data\FITNESS\27903191.pdf,jds\BUSINESS-DEVELOPMENT\BUSINESS-DEVELOPMENT_mid.txt,FITNESS,0.1016,0.05,-1,17.0,0.3439137041568756,0.3306,0
resumes/data\FITNESS\27974588.pdf,jds\FITNESS\FITNESS_entry.txt,FITNESS,0.3125,0.5,1,24.0,0.610378086566925,0.63,1
resumes/data\FITNESS\27974588.pdf,jds\APPAREL\APPAREL_senior.txt,FITNESS,0.0154,0.0,-1,26.0,0.4196398258209228,0.2306,0
resumes/data\FITNESS\27974588.pdf,jds\APPAREL\APPAREL_entry.txt,FITNESS,0.0147,0.0,0,24.0,0.3563104271888733,0.2413,0
resumes/data\FITNESS\27974588.pdf,jds\APPAREL\APPAREL_mid.txt,FITNESS,0.0221,0.0,-1,26.0,0.4439847469329834,0.2226,0
resumes/data\FITNESS\28172023.pdf,jds\AUTOMOBILE\AUTOMOBILE_senior.txt,FITNESS,0.0336,0.05,-1,22.0,0.2187762558460235,0.2188,0
resumes/data\FITNESS\28172023.pdf,jds\AUTOMOBILE\AUTOMOBILE_mid.txt,FITNESS,0.0604,0.1,0,14.0,0.2587285041809082,0.2587,0
resumes/data\FITNESS\28172023.pdf,jds\AUTOMOBILE\AUTOMOBILE_entry.txt,FITNESS,0.0527,0.1,0,20.0,0.2354268580675125,0.2354,0
resumes/data\FITNESS\28321954.pdf,jds\AGRICULTURE\AGRICULTURE_entry.txt,FITNESS,0.0253,0.0,-1,10.0,0.1978151053190231,0.1097,0
resumes/data\FITNESS\28321954.pdf,jds\AGRICULTURE\AGRICULTURE_mid.txt,FITNESS,0.0451,0.1,-2,3.0,0.2316051125526428,0.1828,0
resumes/data\FITNESS\28321954.pdf,jds\AGRICULTURE\AGRICULTURE_senior.txt,FITNESS,0.0357,0.0,-3,10.0,0.2544140815734863,0.1852,0
resumes/data\FITNESS\28669770.pdf,jds\FITNESS\FITNESS_entry.txt,FITNESS,0.4049,0.65,2,-2.0,0.5807642936706543,0.6585,1
resumes/data\FITNESS\28669770.pdf,jds\FITNESS\FITNESS_senior.txt,FITNESS,0.2722,0.35,-1,0.0,0.6293767690658569,0.5463,1
resumes/data\FITNESS\28669770.pdf,jds\CONSTRUCTION\CONSTRUCTION_entry.txt,FITNESS,0.048,0.1,1,-2.0,0.2873091101646423,0.2788,0
resumes/data\FITNESS\28669770.pdf,jds\CONSTRUCTION\CONSTRUCTION_senior.txt,FITNESS,0.0632,0.2,0,0.0,0.3285014927387237,0.3218,0
resumes/data\FITNESS\28669770.pdf,jds\CONSTRUCTION\CONSTRUCTION_mid.txt,FITNESS,0.0671,0.15,0,0.0,0.3284544348716736,0.3171,0
resumes/data\FITNESS\29165698.pdf,jds\APPAREL\APPAREL_senior.txt,FITNESS,0.0512,0.0,-1,2.0,0.2921698093414306,0.3033,0
resumes/data\FITNESS\29165698.pdf,jds\APPAREL\APPAREL_entry.txt,FITNESS,0.0326,0.0,0,0.0,0.3117257952690124,0.2641,0
resumes/data\FITNESS\29306433.pdf,jds\AVIATION\AVIATION_mid.txt,FITNESS,0.1511,0.15,0,6.0,0.4237061738967895,0.3493,0
resumes/data\FITNESS\29306433.pdf,jds\AVIATION\AVIATION_entry.txt,FITNESS,0.1317,0.1,0,12.0,0.3816221356391907,0.319,0
resumes/data\FITNESS\29319314.pdf,jds\APPAREL\APPAREL_entry.txt,FITNESS,0.0398,0.05,1,8.0,0.3319352269172668,0.2631,0
resumes/data\FITNESS\29319314.pdf,jds\APPAREL\APPAREL_mid.txt,FITNESS,0.0758,0.05,0,10.0,0.3223080933094024,0.3513,0
resumes/data\FITNESS\29319314.pdf,jds\APPAREL\APPAREL_senior.txt,FITNESS,0.055,0.15,0,10.0,0.3058136403560638,0.2903,0
resumes/data\FITNESS\29425788.pdf,jds\INFORMATION-TECHNOLOGY\INFORMATION-TECHNOLOGY_entry.txt,FITNESS,0.0127,0.0,1,8.0,0.2115143537521362,0.1646,0
resumes/data\FITNESS\29425788.pdf,jds\INFORMATION-TECHNOLOGY\INFORMATION-TECHNOLOGY_mid.txt,FITNESS,0.0212,0.0,0,10.0,0.2398383319377899,0.205,0
resumes/data\FITNESS\29425788.pdf,jds\INFORMATION-TECHNOLOGY\INFORMATION-TECHNOLOGY_senior.txt,FITNESS,0.024,0.05,0,10.0,0.2109488397836685,0.1481,0
resumes/data\FITNESS\29573698.pdf,jds\AUTOMOBILE\AUTOMOBILE_mid.txt,FITNESS,0.1564,0.1,-1,2.0,0.3414166867733001,0.2389,0
resumes/data\FITNESS\29573698.pdf,jds\AUTOMOBILE\AUTOMOBILE_senior.txt,FITNESS,0.052,0.05,-2,10.0,0.2931084036827087,0.2109,0
resumes/data\FITNESS\29573698.pdf,jds\AUTOMOBILE\AUTOMOBILE_entry.txt,FITNESS,0.111,0.1,-1,8.0,0.3520825505256653,0.2308,0
resumes/data\FITNESS\29792535.pdf,jds\FITNESS\FITNESS_entry.txt,FITNESS,0.3141,0.55,2,12.0,0.5715532898902893,0.6122,1
resumes/data\FITNESS\29792535.pdf,jds\FITNESS\FITNESS_senior.txt,FITNESS,0.3117,0.45,-1,14.0,0.5946050882339478,0.6833,1
resumes/data\FITNESS\29792535.pdf,jds\AVIATION\AVIATION_senior.txt,FITNESS,0.0548,0.15,1,14.0,0.3735631704330444,0.3112,0
resumes/data\FITNESS\29792535.pdf,jds\AVIATION\AVIATION_entry.txt,FITNESS,0.0907,0.1,1,12.0,0.3774556219577789,0.2553,0
resumes/data\FITNESS\29792535.pdf,jds\AVIATION\AVIATION_mid.txt,FITNESS,0.0509,0.05,1,6.0,0.3952134251594543,0.314,0
resumes/data\FITNESS\30757456.pdf,jds\APPAREL\APPAREL_mid.txt,FITNESS,0.0259,0.0,-1,21.0,0.3354396522045135,0.2733,0
resumes/data\FITNESS\30757456.pdf,jds\APPAREL\APPAREL_entry.txt,FITNESS,0.0384,0.05,0,19.0,0.3477247357368469,0.3021,0
resumes/data\FITNESS\30757456.pdf,jds\APPAREL\APPAREL_senior.txt,FITNESS,0.0532,0.25,-1,21.0,0.3675088882446289,0.3089,0
resumes/data\FITNESS\30990885.pdf,jds\APPAREL\APPAREL_senior.txt,FITNESS,0.0351,0.1,-1,58.0,0.3533707857131958,0.2644,0
resumes/data\FITNESS\30990885.pdf,jds\APPAREL\APPAREL_entry.txt,FITNESS,0.019,0.0,0,56.0,0.291307270526886,0.2252,0
resumes/data\FITNESS\30990885.pdf,jds\APPAREL\APPAREL_mid.txt,FITNESS,0.0271,0.05,-1,58.0,0.3386338055133819,0.2918,0
resumes/data\FITNESS\31042953.pdf,jds\CONSTRUCTION\CONSTRUCTION_senior.txt,FITNESS,0.0747,0.15,-1,17.0,0.3498880565166473,0.3162,0
resumes/data\FITNESS\31042953.pdf,jds\CONSTRUCTION\CONSTRUCTION_mid.txt,FITNESS,0.0853,0.15,-1,17.0,0.3369672298431396,0.3274,0
resumes/data\FITNESS\31042953.pdf,jds\CONSTRUCTION\CONSTRUCTION_entry.txt,FITNESS,0.0448,0.05,0,15.0,0.4205237329006195,0.2344,0
resumes/data\FITNESS\31556198.pdf,jds\AGRICULTURE\AGRICULTURE_mid.txt,FITNESS,0.0539,0.05,0,5.0,0.3131060302257538,0.2508,0
resumes/data\FITNESS\31556198.pdf,jds\AGRICULTURE\AGRICULTURE_senior.txt,FITNESS,0.0653,0.1,-1,12.0,0.338934063911438,0.2603,0
resumes/data\FITNESS\31556198.pdf,jds\AGRICULTURE\AGRICULTURE_entry.txt,FITNESS,0.0333,0.0,1,12.0,0.2881805002689361,0.1735,0
resumes/data\FITNESS\32517106.pdf,jds\FITNESS\FITNESS_entry.txt,FITNESS,0.2934,0.65,2,-2.0,0.6147195100784302,0.6385,1
resumes/data\FITNESS\32517106.pdf,jds\CONSULTANT\CONSULTANT_mid.txt,FITNESS,0.0486,0.05,0,0.0,0.3252856731414795,0.2522,0
resumes/data\FITNESS\32517106.pdf,jds\CONSULTANT\CONSULTANT_senior.txt,FITNESS,0.0483,0.1,0,0.0,0.2905830144882202,0.27,0
resumes/data\FITNESS\32517106.pdf,jds\CONSULTANT\CONSULTANT_entry.txt,FITNESS,0.0403,0.15,0,0.0,0.3557259142398834,0.3005,0
resumes/data\FITNESS\32636041.pdf,jds\FITNESS\FITNESS_senior.txt,FITNESS,0.1957,0.35,-2,13.0,0.6028460264205933,0.6079,1
resumes/data\FITNESS\32636041.pdf,jds\TEACHER\TEACHER_mid.txt,FITNESS,0.0512,0.15,-1,13.0,0.3691632747650146,0.3444,0
resumes/data\FITNESS\32636041.pdf,jds\TEACHER\TEACHER_entry.txt,FITNESS,0.0606,0.15,0,13.0,0.3010031878948211,0.3095,0
resumes/data\FITNESS\32636041.pdf,jds\TEACHER\TEACHER_senior.txt,FITNESS,0.0571,0.25,-2,13.0,0.3768846988677978,0.3518,0
resumes/data\FITNESS\32651555.pdf,jds\BUSINESS-DEVELOPMENT\BUSINESS-DEVELOPMENT_mid.txt,FITNESS,0.0654,0.15,-2,6.0,0.3159201741218567,0.3215,0
resumes/data\FITNESS\32651555.pdf,jds\BUSINESS-DEVELOPMENT\BUSINESS-DEVELOPMENT_entry.txt,FITNESS,0.0686,0.15,-1,12.0,0.3188456892967224,0.3139,0
resumes/data\FITNESS\32651555.pdf,jds\BUSINESS-DEVELOPMENT\BUSINESS-DEVELOPMENT_senior.txt,FITNESS,0.087,0.25,-2,14.0,0.2923267781734466,0.274,0
resumes/data\FITNESS\34151183.pdf,jds\ENGINEERING\ENGINEERING_senior.txt,FITNESS,0.0545,0.25,-2,15.0,0.1961126774549484,0.1241,0
resumes/data\FITNESS\34151183.pdf,jds\ENGINEERING\ENGINEERING_mid.txt,FITNESS,0.0377,0.05,-1,15.0,0.2541780173778534,0.2849,0
resumes/data\FITNESS\34151183.pdf,jds\ENGINEERING\ENGINEERING_entry.txt,FITNESS,0.0442,0.05,0,13.0,0.2332389056682586,0.2428,0
resumes/data\FITNESS\34792238.pdf,jds\FITNESS\FITNESS_senior.txt,FITNESS,0.2756,0.45,-2,29.0,0.5187219381332397,0.6759,1
resumes/data\FITNESS\34792238.pdf,jds\ACCOUNTANT\ACCOUNTANT_senior.txt,FITNESS,0.0783,0.3,-1,29.0,0.2265478521585464,0.3608,0
resumes/data\FITNESS\34792238.pdf,jds\ACCOUNTANT\ACCOUNTANT_mid.txt,FITNESS,0.0897,0.25,-1,29.0,0.2170592546463012,0.3097,0
resumes/data\FITNESS\34792238.pdf,jds\ACCOUNTANT\ACCOUNTANT_entry.txt,FITNESS,0.0722,0.3,-1,27.0,0.2625402212142944,0.3004,0
resumes/data\FITNESS\35302620.pdf,jds\ARTS\ARTS_mid.txt,FITNESS,0.0508,0.05,-1,0.0,0.3811500668525696,0.1911,0
resumes/data\FITNESS\35302620.pdf,jds\ARTS\ARTS_senior.txt,FITNESS,0.0386,0.1,-2,0.0,0.2805562913417816,0.2444,0
resumes/data\FITNESS\35302620.pdf,jds\ARTS\ARTS_entry.txt,FITNESS,0.0564,0.05,0,0.0,0.3727916777133941,0.1409,0
resumes/data\FITNESS\36139251.pdf,jds\FITNESS\FITNESS_entry.txt,FITNESS,0.3069,0.5,1,13.0,0.5526342988014221,0.6331,1
resumes/data\FITNESS\36139251.pdf,jds\FITNESS\FITNESS_mid.txt,FITNESS,0.313,0.7,0,8.0,0.6004389524459839,0.6638,1
resumes/data\FITNESS\36139251.pdf,jds\FITNESS\FITNESS_senior.txt,FITNESS,0.2772,0.35,-2,15.0,0.6172815561294556,0.7044,1
resumes/data\FITNESS\36139251.pdf,jds\AUTOMOBILE\AUTOMOBILE_entry.txt,FITNESS,0.0548,0.1,0,13.0,0.3273097574710846,0.2442,0
resumes/data\FITNESS\36139251.pdf,jds\AUTOMOBILE\AUTOMOBILE_mid.txt,FITNESS,0.0639,0.05,0,7.0,0.3074952661991119,0.2504,0
resumes/data\FITNESS\36139251.pdf,jds\AUTOMOBILE\AUTOMOBILE_senior.txt,FITNESS,0.0495,0.1,-1,15.0,0.2787595987319946,0.2576,0
resumes/data\FITNESS\37087824.pdf,jds\CHEF\CHEF_entry.txt,FITNESS,0.1019,0.1,1,20.0,0.3530793190002441,0.2706,0
resumes/data\FITNESS\38108845.pdf,jds\BANKING\BANKING_mid.txt,FITNESS,0.1007,0.25,-1,9.0,0.3663824498653412,0.316,0
resumes/data\FITNESS\38108845.pdf,jds\BANKING\BANKING_senior.txt,FITNESS,0.0952,0.2,-1,9.0,0.3803227841854095,0.2913,0
resumes/data\FITNESS\38108845.pdf,jds\BANKING\BANKING_entry.txt,FITNESS,0.0985,0.35,0,7.0,0.3690770864486694,0.2103,0
resumes/data\FITNESS\38642923.pdf,jds\FITNESS\FITNESS_entry.txt,FITNESS,0.3059,0.45,2,0.0,0.66905677318573,0.7407,1
resumes/data\FITNESS\38642923.pdf,jds\FITNESS\FITNESS_mid.txt,FITNESS,0.2433,0.4,1,-5.0,0.6669870018959045,0.7616,1
resumes/data\FITNESS\38642923.pdf,jds\FITNESS\FITNESS_senior.txt,FITNESS,0.243,0.4,-1,2.0,0.6046666502952576,0.7126,1
resumes/data\FITNESS\38642923.pdf,jds\INFORMATION-TECHNOLOGY\INFORMATION-TECHNOLOGY_senior.txt,FITNESS,0.0237,0.0,0,2.0,0.399932324886322,0.3031,0
resumes/data\FITNESS\38642923.pdf,jds\INFORMATION-TECHNOLOGY\INFORMATION-TECHNOLOGY_mid.txt,FITNESS,0.0272,0.0,0,2.0,0.4302807450294494,0.2997,0
resumes/data\FITNESS\38642923.pdf,jds\INFORMATION-TECHNOLOGY\INFORMATION-TECHNOLOGY_entry.txt,FITNESS,0.0256,0.0,1,0.0,0.385856032371521,0.279,0
resumes/data\FITNESS\38650096.pdf,jds\CONSTRUCTION\CONSTRUCTION_mid.txt,FITNESS,0.0349,0.1,-1,24.0,0.2672430276870727,0.1839,0
resumes/data\FITNESS\38650096.pdf,jds\CONSTRUCTION\CONSTRUCTION_senior.txt,FITNESS,0.042,0.05,-1,24.0,0.3122882843017578,0.1658,0
resumes/data\FITNESS\38650096.pdf,jds\CONSTRUCTION\CONSTRUCTION_entry.txt,FITNESS,0.0242,0.0,0,22.0,0.2837747931480407,0.1994,0
resumes/data\FITNESS\39805617.pdf,jds\FINANCE\FINANCE_mid.txt,FITNESS,0.0253,0.0,-1,16.0,0.3143179416656494,0.2169,0
resumes/data\FITNESS\39805617.pdf,jds\FINANCE\FINANCE_entry.txt,FITNESS,0.0365,0.1,-1,14.0,0.3092916011810303,0.2047,0
resumes/data\FITNESS\39805617.pdf,jds\FINANCE\FINANCE_senior.txt,FITNESS,0.0388,0.1,-1,16.0,0.2658095359802246,0.1771,0
resumes/data\FITNESS\45656814.pdf,jds\APPAREL\APPAREL_entry.txt,FITNESS,0.0203,0.05,0,9.0,0.2890756130218506,0.1969,0
resumes/data\FITNESS\45656814.pdf,jds\APPAREL\APPAREL_mid.txt,FITNESS,0.0251,0.0,-1,11.0,0.3355238139629364,0.181,0
resumes/data\FITNESS\45656814.pdf,jds\APPAREL\APPAREL_senior.txt,FITNESS,0.0185,0.05,-1,11.0,0.2806400656700134,0.1971,0
resumes/data\FITNESS\52684666.pdf,jds\ENGINEERING\ENGINEERING_entry.txt,FITNESS,0.0286,0.05,0,11.0,0.2163567841053009,0.2431,0
resumes/data\FITNESS\52684666.pdf,jds\ENGINEERING\ENGINEERING_senior.txt,FITNESS,0.0404,0.2,-2,13.0,0.2871778011322021,0.1682,0
resumes/data\FITNESS\52684666.pdf,jds\ENGINEERING\ENGINEERING_mid.txt,FITNESS,0.0373,0.05,-1,13.0,0.2953420877456665,0.2805,0
resumes/data\FITNESS\54259150.pdf,jds\APPAREL\APPAREL_senior.txt,FITNESS,0.0942,0.15,-1,31.0,0.3893391788005829,0.2549,0
resumes/data\FITNESS\54259150.pdf,jds\APPAREL\APPAREL_entry.txt,FITNESS,0.0321,0.05,0,29.0,0.3212401866912842,0.2887,0
resumes/data\FITNESS\54259150.pdf,jds\APPAREL\APPAREL_mid.txt,FITNESS,0.076,0.1,-1,31.0,0.433127760887146,0.2744,0
resumes/data\FITNESS\55746506.pdf,jds\ENGINEERING\ENGINEERING_senior.txt,FITNESS,0.042,0.15,-2,32.0,0.3448629081249237,0.2215,0
resumes/data\FITNESS\55746506.pdf,jds\ENGINEERING\ENGINEERING_entry.txt,FITNESS,0.0252,0.05,0,30.0,0.3411552309989929,0.3021,0
resumes/data\FITNESS\55746506.pdf,jds\ENGINEERING\ENGINEERING_mid.txt,FITNESS,0.0332,0.0,-1,32.0,0.3355205655097961,0.2807,0
resumes/data\FITNESS\56286525.pdf,jds\CONSULTANT\CONSULTANT_senior.txt,FITNESS,0.0866,0.1,0,24.0,0.4610756039619446,0.3103,0
resumes/data\FITNESS\56286525.pdf,jds\CONSULTANT\CONSULTANT_entry.txt,FITNESS,0.084,0.2,0,24.0,0.4274591505527496,0.3109,0
resumes/data\FITNESS\57575888.pdf,jds\BUSINESS-DEVELOPMENT\BUSINESS-DEVELOPMENT_senior.txt,FITNESS,0.0516,0.2,0,23.0,0.3356766700744629,0.1992,0
resumes/data\FITNESS\57575888.pdf,jds\BUSINESS-DEVELOPMENT\BUSINESS-DEVELOPMENT_entry.txt,FITNESS,0.039,0.15,1,21.0,0.3897911608219147,0.207,0
resumes/data\FITNESS\57575888.pdf,jds\BUSINESS-DEVELOPMENT\BUSINESS-DEVELOPMENT_mid.txt,FITNESS,0.0625,0.2,0,15.0,0.3377242684364319,0.2238,0
resumes/data\FITNESS\59487170.pdf,jds\FITNESS\FITNESS_senior.txt,FITNESS,0.3935,0.3,-2,50.0,0.6993600130081177,0.5494,1
resumes/data\FITNESS\59487170.pdf,jds\TEACHER\TEACHER_senior.txt,FITNESS,0.0495,0.1,-2,50.0,0.3667665719985962,0.342,0
resumes/data\FITNESS\59487170.pdf,jds\TEACHER\TEACHER_mid.txt,FITNESS,0.0561,0.1,-1,50.0,0.3985564708709717,0.3699,0
resumes/data\FITNESS\59487170.pdf,jds\TEACHER\TEACHER_entry.txt,FITNESS,0.0456,0.0,0,50.0,0.3665575385093689,0.2853,0
resumes/data\FITNESS\62870550.pdf,jds\AVIATION\AVIATION_mid.txt,FITNESS,0.0758,0.1,0,-5.0,0.3597660958766937,0.3241,0
resumes/data\FITNESS\62870550.pdf,jds\AVIATION\AVIATION_senior.txt,FITNESS,0.0548,0.2,0,3.0,0.2951161563396454,0.2704,0
resumes/data\FITNESS\62870550.pdf,jds\AVIATION\AVIATION_entry.txt,FITNESS,0.0733,0.1,0,1.0,0.4004491865634918,0.2625,0
resumes/data\FITNESS\63282405.pdf,jds\FINANCE\FINANCE_mid.txt,FITNESS,0.0599,0.05,-1,12.0,0.4276263117790222,0.1878,0
resumes/data\FITNESS\63282405.pdf,jds\FINANCE\FINANCE_senior.txt,FITNESS,0.0606,0.15,-1,12.0,0.3675841093063354,0.1332,0
resumes/data\FITNESS\63282405.pdf,jds\FINANCE\FINANCE_entry.txt,FITNESS,0.0534,0.15,-1,10.0,0.4102680683135986,0.2367,0
resumes/data\FITNESS\67032711.pdf,jds\ADVOCATE\ADVOCATE_mid.txt,FITNESS,0.0641,0.1,-1,9.0,0.4020556509494781,0.2458,0
resumes/data\FITNESS\67032711.pdf,jds\ADVOCATE\ADVOCATE_entry.txt,FITNESS,0.041,0.05,-1,7.0,0.4441761374473572,0.2095,0
resumes/data\FITNESS\67032711.pdf,jds\ADVOCATE\ADVOCATE_senior.txt,FITNESS,0.0583,0.1,-1,9.0,0.4229974150657654,0.2715,0
resumes/data\FITNESS\69666645.pdf,jds\DIGITAL-MEDIA\DIGITAL-MEDIA_mid.txt,FITNESS,0.026,0.1,-2,11.0,0.2407192587852478,0.2049,0
resumes/data\FITNESS\69666645.pdf,jds\DIGITAL-MEDIA\DIGITAL-MEDIA_senior.txt,FITNESS,0.0303,0.1,-2,11.0,0.2057349383831024,0.1202,0
resumes/data\FITNESS\69666645.pdf,jds\DIGITAL-MEDIA\DIGITAL-MEDIA_entry.txt,FITNESS,0.0244,0.05,-1,9.0,0.2802407145500183,0.2504,0
resumes/data\FITNESS\70603826.pdf,jds\FITNESS\FITNESS_entry.txt,FITNESS,0.3795,0.65,2,-2.0,0.518524169921875,0.5536,1
resumes/data\FITNESS\70603826.pdf,jds\FITNESS\FITNESS_mid.txt,FITNESS,0.3127,0.75,1,-7.0,0.5764833092689514,0.6692,1
resumes/data\FITNESS\70603826.pdf,jds\FITNESS\FITNESS_senior.txt,FITNESS,0.3006,0.45,-1,0.0,0.6080377101898193,0.6085,1
resumes/data\FITNESS\70603826.pdf,jds\DIGITAL-MEDIA\DIGITAL-MEDIA_entry.txt,FITNESS,0.0359,0.0,1,-2.0,0.3960979580879211,0.269,0
resumes/data\FITNESS\70603826.pdf,jds\DIGITAL-MEDIA\DIGITAL-MEDIA_senior.txt,FITNESS,0.0289,0.15,0,0.0,0.3134898543357849,0.223,0
resumes/data\FITNESS\70603826.pdf,jds\DIGITAL-MEDIA\DIGITAL-MEDIA_mid.txt,FITNESS,0.0418,0.1,0,0.0,0.3243078291416168,0.2634,0
resumes/data\FITNESS\75156649.pdf,jds\HR\HR_senior.txt,FITNESS,0.0306,0.0,-1,9.0,0.3854942321777344,0.2828,0
resumes/data\FITNESS\75156649.pdf,jds\HR\HR_mid.txt,FITNESS,0.0525,0.1,-1,9.0,0.4285267293453216,0.33,0
resumes/data\FITNESS\75156649.pdf,jds\HR\HR_entry.txt,FITNESS,0.0584,0.1,-1,9.0,0.4748055934906006,0.4003,0
resumes/data\FITNESS\76530505.pdf,jds\ENGINEERING\ENGINEERING_mid.txt,FITNESS,0.0384,0.0,-1,17.0,0.3191392123699188,0.2717,0
resumes/data\FITNESS\76530505.pdf,jds\ENGINEERING\ENGINEERING_entry.txt,FITNESS,0.0636,0.1,0,15.0,0.3582851588726043,0.2242,0
resumes/data\FITNESS\76530505.pdf,jds\ENGINEERING\ENGINEERING_senior.txt,FITNESS,0.0413,0.05,-2,17.0,0.3152158260345459,0.2113,0
resumes/data\FITNESS\77266989.pdf,jds\CONSULTANT\CONSULTANT_entry.txt,FITNESS,0.0511,0.15,0,26.0,0.4986042976379394,0.387,0
resumes/data\FITNESS\80000092.pdf,jds\TEACHER\TEACHER_senior.txt,FITNESS,0.0592,0.15,-3,9.0,0.374911367893219,0.2748,0
resumes/data\FITNESS\80000092.pdf,jds\TEACHER\TEACHER_mid.txt,FITNESS,0.0465,0.1,-2,9.0,0.341563731431961,0.2347,0
resumes/data\FITNESS\80000092.pdf,jds\TEACHER\TEACHER_entry.txt,FITNESS,0.0859,0.15,-1,9.0,0.3478624224662781,0.2398,0
resumes/data\FITNESS\89858892.pdf,jds\HR\HR_entry.txt,FITNESS,0.066,0.05,-2,6.0,0.4509257674217224,0.3078,0
resumes/data\FITNESS\89858892.pdf,jds\HR\HR_senior.txt,FITNESS,0.0656,0.05,-2,6.0,0.4121671020984649,0.3029,0
resumes/data\FITNESS\89858892.pdf,jds\HR\HR_mid.txt,FITNESS,0.0953,0.25,-2,6.0,0.4120373129844665,0.3065,0
resumes/data\FITNESS\90365216.pdf,jds\BPO\BPO_entry.txt,FITNESS,0.0949,0.2,0,0.0,0.4140674173831939,0.3793,0
resumes/data\FITNESS\95085510.pdf,jds\BUSINESS-DEVELOPMENT\BUSINESS-DEVELOPMENT_mid.txt,FITNESS,0.1161,0.1,0,11.0,0.4032580852508545,0.4309,0
resumes/data\FITNESS\95085510.pdf,jds\BUSINESS-DEVELOPMENT\BUSINESS-DEVELOPMENT_entry.txt,FITNESS,0.1178,0.25,1,17.0,0.4232800304889679,0.412,0
resumes/data\FITNESS\95769832.pdf,jds\INFORMATION-TECHNOLOGY\INFORMATION-TECHNOLOGY_entry.txt,FITNESS,0.0548,0.05,-2,-2.0,0.3518913984298706,0.2516,0
resumes/data\FITNESS\95769832.pdf,jds\INFORMATION-TECHNOLOGY\INFORMATION-TECHNOLOGY_senior.txt,FITNESS,0.0321,0.1,-3,0.0,0.3004135489463806,0.1936,0
resumes/data\FITNESS\95769832.pdf,jds\INFORMATION-TECHNOLOGY\INFORMATION-TECHNOLOGY_mid.txt,FITNESS,0.0462,0.05,-3,0.0,0.3420109152793884,0.2326,0
resumes/data\FITNESS\96761538.pdf,jds\CONSTRUCTION\CONSTRUCTION_senior.txt,FITNESS,0.0413,0.0,-1,12.0,0.1835740804672241,0.1017,0
resumes/data\FITNESS\96761538.pdf,jds\CONSTRUCTION\CONSTRUCTION_entry.txt,FITNESS,0.0476,0.05,0,10.0,0.2147513628005981,0.1449,0
resumes/data\FITNESS\96761538.pdf,jds\CONSTRUCTION\CONSTRUCTION_mid.txt,FITNESS,0.0479,0.15,-1,12.0,0.221915990114212,0.1244,0
resumes/data\FITNESS\97123005.pdf,jds\CONSULTANT\CONSULTANT_senior.txt,FITNESS,0.0685,0.2,-1,15.0,0.4380974173545837,0.3871,0
resumes/data\HEALTHCARE\10062724.pdf,jds\CONSTRUCTION\CONSTRUCTION_mid.txt,HEALTHCARE,0.0643,0.25,0,24.0,0.235477864742279,0.1588,0
resumes/data\HEALTHCARE\10062724.pdf,jds\CONSTRUCTION\CONSTRUCTION_senior.txt,HEALTHCARE,0.0687,0.15,0,24.0,0.2413304448127746,0.1654,0
resumes/data\HEALTHCARE\10062724.pdf,jds\CONSTRUCTION\CONSTRUCTION_entry.txt,HEALTHCARE,0.0541,0.15,1,22.0,0.1810133755207061,0.1549,0
resumes/data\HEALTHCARE\10076271.pdf,jds\TEACHER\TEACHER_entry.txt,HEALTHCARE,0.0479,0.1,1,18.0,0.3312402069568634,0.2655,0
resumes/data\HEALTHCARE\10076271.pdf,jds\TEACHER\TEACHER_senior.txt,HEALTHCARE,0.0455,0.15,-1,18.0,0.2806774079799652,0.3104,0
resumes/data\HEALTHCARE\10076271.pdf,jds\TEACHER\TEACHER_mid.txt,HEALTHCARE,0.0487,0.1,0,18.0,0.3684540092945099,0.3076,0
resumes/data\HEALTHCARE\10466208.pdf,jds\BUSINESS-DEVELOPMENT\BUSINESS-DEVELOPMENT_entry.txt,HEALTHCARE,0.1207,0.2,0,-2.0,0.366742342710495,0.3888,0
resumes/data\HEALTHCARE\10466208.pdf,jds\BUSINESS-DEVELOPMENT\BUSINESS-DEVELOPMENT_mid.txt,HEALTHCARE,0.154,0.15,-1,-8.0,0.3225661516189575,0.3845,0
resumes/data\HEALTHCARE\10480456.pdf,jds\ACCOUNTANT\ACCOUNTANT_senior.txt,HEALTHCARE,0.0586,0.15,1,15.0,0.3769315779209137,0.3515,0
resumes/data\HEALTHCARE\10480456.pdf,jds\ACCOUNTANT\ACCOUNTANT_mid.txt,HEALTHCARE,0.054,0.05,1,15.0,0.3094591498374939,0.3557,0
resumes/data\HEALTHCARE\10480456.pdf,jds\ACCOUNTANT\ACCOUNTANT_entry.txt,HEALTHCARE,0.0353,0.05,1,13.0,0.3340968191623688,0.3604,0
resumes/data\HEALTHCARE\10568183.pdf,jds\DIGITAL-MEDIA\DIGITAL-MEDIA_senior.txt,HEALTHCARE,0.0257,0.05,-1,11.0,0.2519575357437134,0.1156,0
resumes/data\HEALTHCARE\10568183.pdf,jds\DIGITAL-MEDIA\DIGITAL-MEDIA_mid.txt,HEALTHCARE,0.0357,0.1,-1,11.0,0.3202534317970276,0.2221,0
resumes/data\HEALTHCARE\10568183.pdf,jds\DIGITAL-MEDIA\DIGITAL-MEDIA_entry.txt,HEALTHCARE,0.0302,0.0,0,9.0,0.3219078779220581,0.2104,0
resumes/data\HEALTHCARE\11378657.pdf,jds\BPO\BPO_entry.txt,HEALTHCARE,0.1025,0.15,-1,33.0,0.4140674173831939,0.4011,0
resumes/data\HEALTHCARE\11605833.pdf,jds\CHEF\CHEF_mid.txt,HEALTHCARE,0.0356,0.05,1,14.0,0.2409545183181762,0.273,0
resumes/data\HEALTHCARE\11605833.pdf,jds\CHEF\CHEF_senior.txt,HEALTHCARE,0.0316,0.0,1,14.0,0.21815125644207,0.2333,0
resumes/data\HEALTHCARE\11605833.pdf,jds\CHEF\CHEF_entry.txt,HEALTHCARE,0.0458,0.05,1,14.0,0.2753720581531524,0.2747,0
resumes/data\HEALTHCARE\11653906.pdf,jds\INFORMATION-TECHNOLOGY\INFORMATION-TECHNOLOGY_entry.txt,HEALTHCARE,0.0396,0.05,1,13.0,0.2728217244148254,0.2099,0
resumes/data\HEALTHCARE\11653906.pdf,jds\INFORMATION-TECHNOLOGY\INFORMATION-TECHNOLOGY_mid.txt,HEALTHCARE,0.0566,0.25,0,15.0,0.2755936682224273,0.2488,0
resumes/data\HEALTHCARE\11653906.pdf,jds\INFORMATION-TECHNOLOGY\INFORMATION-TECHNOLOGY_senior.txt,HEALTHCARE,0.0675,0.15,0,15.0,0.3111012578010559,0.2948,0
resumes/data\HEALTHCARE\11704150.pdf,jds\TEACHER\TEACHER_entry.txt,HEALTHCARE,0.0587,0.05,-1,0.0,0.2363103628158569,0.1755,0
resumes/data\HEALTHCARE\11704150.pdf,jds\TEACHER\TEACHER_mid.txt,HEALTHCARE,0.045,0.05,-2,0.0,0.2444492578506469,0.1737,0
resumes/data\HEALTHCARE\11704150.pdf,jds\TEACHER\TEACHER_senior.txt,HEALTHCARE,0.0469,0.1,-3,0.0,0.2186299413442611,0.1425,0
resumes/data\HEALTHCARE\12315079.pdf,jds\FINANCE\FINANCE_senior.txt,HEALTHCARE,0.0724,0.4,-1,19.0,0.366208553314209,0.3562,0
resumes/data\HEALTHCARE\12315079.pdf,jds\FINANCE\FINANCE_mid.txt,HEALTHCARE,0.0644,0.2,-1,19.0,0.4023464918136596,0.3639,0
resumes/data\HEALTHCARE\12315079.pdf,jds\FINANCE\FINANCE_entry.txt,HEALTHCARE,0.0399,0.2,-1,17.0,0.3480820059776306,0.3239,0
resumes/data\HEALTHCARE\12333703.pdf,jds\PUBLIC-RELATIONS\PUBLIC-RELATIONS_mid.txt,HEALTHCARE,0.0487,0.15,-1,0.0,0.3168699741363525,0.3147,0
resumes/data\HEALTHCARE\12333703.pdf,jds\PUBLIC-RELATIONS\PUBLIC-RELATIONS_senior.txt,HEALTHCARE,0.0291,0.05,-1,0.0,0.3545375764369964,0.2534,0
resumes/data\HEALTHCARE\12333703.pdf,jds\PUBLIC-RELATIONS\PUBLIC-RELATIONS_entry.txt,HEALTHCARE,0.0284,0.05,0,-2.0,0.3819306194782257,0.2653,0
resumes/data\HEALTHCARE\12613221.pdf,jds\AVIATION\AVIATION_mid.txt,HEALTHCARE,0.0592,0.0,0,3.0,0.3654342293739319,0.3203,0
resumes/data\HEALTHCARE\12613221.pdf,jds\AVIATION\AVIATION_entry.txt,HEALTHCARE,0.0636,0.05,0,9.0,0.4502180516719818,0.3479,0
resumes/data\HEALTHCARE\12613221.pdf,jds\AVIATION\AVIATION_senior.txt,HEALTHCARE,0.0603,0.05,0,11.0,0.3591582179069519,0.2778,0
resumes/data\HEALTHCARE\12938200.pdf,jds\BUSINESS-DEVELOPMENT\BUSINESS-DEVELOPMENT_mid.txt,HEALTHCARE,0.0509,0.05,0,9.0,0.3356018662452698,0.2881,0
resumes/data\HEALTHCARE\12938200.pdf,jds\BUSINESS-DEVELOPMENT\BUSINESS-DEVELOPMENT_entry.txt,HEALTHCARE,0.066,0.15,1,15.0,0.4182697534561157,0.2703,0
resumes/data\HEALTHCARE\12938200.pdf,jds\BUSINESS-DEVELOPMENT\BUSINESS-DEVELOPMENT_senior.txt,HEALTHCARE,0.0343,0.05,0,17.0,0.3352843523025512,0.2705,0
resumes/data\HEALTHCARE\13352113.pdf,jds\INFORMATION-TECHNOLOGY\INFORMATION-TECHNOLOGY_mid.txt,HEALTHCARE,0.0446,0.1,-2,2.0,0.4672864079475403,0.2422,0
resumes/data\HEALTHCARE\13352113.pdf,jds\INFORMATION-TECHNOLOGY\INFORMATION-TECHNOLOGY_entry.txt,HEALTHCARE,0.0415,0.05,-1,0.0,0.4296565055847168,0.2101,0
resumes/data\HEALTHCARE\13352113.pdf,jds\INFORMATION-TECHNOLOGY\INFORMATION-TECHNOLOGY_senior.txt,HEALTHCARE,0.0347,0.1,-2,2.0,0.3243767917156219,0.1738,0
resumes/data\HEALTHCARE\13565152.pdf,jds\INFORMATION-TECHNOLOGY\INFORMATION-TECHNOLOGY_entry.txt,HEALTHCARE,0.0759,0.0,-1,7.0,0.3696503341197967,0.2943,0
resumes/data\HEALTHCARE\13565152.pdf,jds\INFORMATION-TECHNOLOGY\INFORMATION-TECHNOLOGY_mid.txt,HEALTHCARE,0.0584,0.2,-2,9.0,0.3897302150726318,0.3008,0
resumes/data\HEALTHCARE\13565152.pdf,jds\INFORMATION-TECHNOLOGY\INFORMATION-TECHNOLOGY_senior.txt,HEALTHCARE,0.0564,0.2,-2,9.0,0.2900086045265198,0.2343,0
resumes/data\HEALTHCARE\13575312.pdf,jds\AGRICULTURE\AGRICULTURE_senior.txt,HEALTHCARE,0.0745,0.15,-1,20.0,0.3567626178264618,0.3661,0
resumes/data\HEALTHCARE\13575312.pdf,jds\AGRICULTURE\AGRICULTURE_mid.txt,HEALTHCARE,0.0971,0.05,0,13.0,0.2879899144172668,0.3218,0
resumes/data\HEALTHCARE\13575312.pdf,jds\AGRICULTURE\AGRICULTURE_entry.txt,HEALTHCARE,0.0778,0.1,1,20.0,0.3100241422653198,0.2587,0
resumes/data\HEALTHCARE\14062078.pdf,jds\AVIATION\AVIATION_mid.txt,HEALTHCARE,0.0344,0.05,-1,0.0,0.2670040130615234,0.2689,0
resumes/data\HEALTHCARE\14062078.pdf,jds\AVIATION\AVIATION_entry.txt,HEALTHCARE,0.033,0.05,-1,6.0,0.2672680616378784,0.2129,0
resumes/data\HEALTHCARE\14062078.pdf,jds\AVIATION\AVIATION_senior.txt,HEALTHCARE,0.0254,0.1,-1,8.0,0.274633526802063,0.2859,0
resumes/data\HEALTHCARE\14667957.pdf,jds\FINANCE\FINANCE_mid.txt,HEALTHCARE,0.0279,0.05,0,16.0,0.3159931898117065,0.2101,0
resumes/data\HEALTHCARE\14667957.pdf,jds\FINANCE\FINANCE_senior.txt,HEALTHCARE,0.0345,0.1,0,16.0,0.3326101899147033,0.2239,0
resumes/data\HEALTHCARE\14667957.pdf,jds\FINANCE\FINANCE_entry.txt,HEALTHCARE,0.0232,0.1,0,14.0,0.3191090226173401,0.2328,0
resumes/data\HEALTHCARE\15499825.pdf,jds\AVIATION\AVIATION_mid.txt,HEALTHCARE,0.0576,0.1,0,5.0,0.3283665776252746,0.2554,0
resumes/data\HEALTHCARE\15499825.pdf,jds\AVIATION\AVIATION_senior.txt,HEALTHCARE,0.0467,0.2,0,13.0,0.3113995492458343,0.2404,0
resumes/data\HEALTHCARE\15499825.pdf,jds\AVIATION\AVIATION_entry.txt,HEALTHCARE,0.0477,0.05,0,11.0,0.3146144151687622,0.2355,0
resumes/data\HEALTHCARE\15636923.pdf,jds\PUBLIC-RELATIONS\PUBLIC-RELATIONS_senior.txt,HEALTHCARE,0.046,0.0,-2,4.0,0.2880476415157318,0.1679,0
resumes/data\HEALTHCARE\15636923.pdf,jds\PUBLIC-RELATIONS\PUBLIC-RELATIONS_mid.txt,HEALTHCARE,0.0642,0.15,-2,4.0,0.3385089933872223,0.2757,0
resumes/data\HEALTHCARE\15636923.pdf,jds\PUBLIC-RELATIONS\PUBLIC-RELATIONS_entry.txt,HEALTHCARE,0.0565,0.05,-1,2.0,0.3599616885185241,0.2793,0
resumes/data\HEALTHCARE\15680735.pdf,jds\ACCOUNTANT\ACCOUNTANT_senior.txt,HEALTHCARE,0.076,0.15,-1,13.0,0.3613357841968536,0.2654,0
resumes/data\HEALTHCARE\15680735.pdf,jds\ACCOUNTANT\ACCOUNTANT_entry.txt,HEALTHCARE,0.0377,0.15,-1,11.0,0.3796545267105102,0.2115,0
resumes/data\HEALTHCARE\15680735.pdf,jds\ACCOUNTANT\ACCOUNTANT_mid.txt,HEALTHCARE,0.077,0.1,-1,13.0,0.3445162773132324,0.2193,0
resumes/data\HEALTHCARE\16121387.pdf,jds\AVIATION\AVIATION_senior.txt,HEALTHCARE,0.0887,0.3,0,0.0,0.3266487717628479,0.2703,0
resumes/data\HEALTHCARE\16121387.pdf,jds\AVIATION\AVIATION_mid.txt,HEALTHCARE,0.1145,0.15,0,-8.0,0.2721778154373169,0.2445,0
resumes/data\HEALTHCARE\16121387.pdf,jds\AVIATION\AVIATION_entry.txt,HEALTHCARE,0.0901,0.15,0,-2.0,0.278786838054657,0.2527,0
resumes/data\HEALTHCARE\16132195.pdf,jds\SALES\SALES_senior.txt,HEALTHCARE,0.0233,0.1,-2,0.0,0.2326050102710724,0.2156,0
resumes/data\HEALTHCARE\16132195.pdf,jds\SALES\SALES_mid.txt,HEALTHCARE,0.0247,0.05,-2,0.0,0.2638039886951446,0.2054,0
resumes/data\HEALTHCARE\16132195.pdf,jds\SALES\SALES_entry.txt,HEALTHCARE,0.0181,0.0,-1,0.0,0.3205246925354004,0.2708,0
resumes/data\HEALTHCARE\16356151.pdf,jds\HEALTHCARE\HEALTHCARE_entry.txt,HEALTHCARE,0.2803,0.4,0,18.0,0.5459938049316406,0.5885,1
resumes/data\HEALTHCARE\16356151.pdf,jds\FINANCE\FINANCE_entry.txt,HEALTHCARE,0.0524,0.05,-1,18.0,0.3230760097503662,0.2655,0
resumes/data\HEALTHCARE\16356151.pdf,jds\FINANCE\FINANCE_mid.txt,HEALTHCARE,0.0456,0.0,-1,20.0,0.2806427776813507,0.2098,0
resumes/data\HEALTHCARE\16356151.pdf,jds\FINANCE\FINANCE_senior.txt,HEALTHCARE,0.0592,0.1,-1,20.0,0.286897599697113,0.252,0
resumes/data\HEALTHCARE\16702198.pdf,jds\ARTS\ARTS_entry.txt,HEALTHCARE,0.031,0.1,0,25.0,0.3480398058891296,0.1726,0
resumes/data\HEALTHCARE\16702198.pdf,jds\ARTS\ARTS_senior.txt,HEALTHCARE,0.043,0.15,-2,25.0,0.3441590964794159,0.1669,0
resumes/data\HEALTHCARE\16702198.pdf,jds\ARTS\ARTS_mid.txt,HEALTHCARE,0.0339,0.05,-1,25.0,0.3769271969795227,0.243,0
resumes/data\HEALTHCARE\17539842.pdf,jds\DESIGNER\DESIGNER_mid.txt,HEALTHCARE,0.0213,0.05,0,14.0,0.230492427945137,0.2749,0
resumes/data\HEALTHCARE\17539842.pdf,jds\DESIGNER\DESIGNER_senior.txt,HEALTHCARE,0.019,0.0,0,14.0,0.2016519606113433,0.2098,0
resumes/data\HEALTHCARE\17539842.pdf,jds\DESIGNER\DESIGNER_entry.txt,HEALTHCARE,0.0337,0.0,1,12.0,0.2502836287021637,0.2774,0
resumes/data\HEALTHCARE\17545780.pdf,jds\SALES\SALES_entry.txt,HEALTHCARE,0.0313,0.1,0,12.0,0.3591365814208984,0.3811,0
resumes/data\HEALTHCARE\17545780.pdf,jds\SALES\SALES_mid.txt,HEALTHCARE,0.0358,0.1,-1,12.0,0.2804620265960693,0.2838,0
resumes/data\HEALTHCARE\17545780.pdf,jds\SALES\SALES_senior.txt,HEALTHCARE,0.0279,0.05,-1,12.0,0.3256667554378509,0.3555,0
resumes/data\HEALTHCARE\17624934.pdf,jds\HEALTHCARE\HEALTHCARE_mid.txt,HEALTHCARE,0.3151,0.5,0,21.0,0.575476884841919,0.4848,1
resumes/data\HEALTHCARE\17624934.pdf,jds\HEALTHCARE\HEALTHCARE_senior.txt,HEALTHCARE,0.1868,0.4,0,21.0,0.6080747842788696,0.6337,1
resumes/data\HEALTHCARE\17624934.pdf,jds\BUSINESS-DEVELOPMENT\BUSINESS-DEVELOPMENT_entry.txt,HEALTHCARE,0.0681,0.1,1,19.0,0.3818222880363464,0.3611,0
resumes/data\HEALTHCARE\17624934.pdf,jds\BUSINESS-DEVELOPMENT\BUSINESS-DEVELOPMENT_mid.txt,HEALTHCARE,0.0946,0.0,0,13.0,0.3848865032196045,0.3453,0
resumes/data\HEALTHCARE\17864043.pdf,jds\TEACHER\TEACHER_senior.txt,HEALTHCARE,0.0406,0.1,-2,11.0,0.3407362699508667,0.3255,0
resumes/data\HEALTHCARE\17864043.pdf,jds\TEACHER\TEACHER_entry.txt,HEALTHCARE,0.0729,0.1,0,11.0,0.3052713871002197,0.3098,0
resumes/data\HEALTHCARE\17864043.pdf,jds\TEACHER\TEACHER_mid.txt,HEALTHCARE,0.0546,0.1,-1,11.0,0.3529163599014282,0.342,0
resumes/data\HEALTHCARE\17960690.pdf,jds\BANKING\BANKING_entry.txt,HEALTHCARE,0.0376,0.05,0,21.0,0.2632510662078857,0.2353,0
resumes/data\HEALTHCARE\17960690.pdf,jds\BANKING\BANKING_senior.txt,HEALTHCARE,0.054,0.15,-1,23.0,0.31036376953125,0.3343,0
resumes/data\HEALTHCARE\17960690.pdf,jds\BANKING\BANKING_mid.txt,HEALTHCARE,0.0382,0.0,-1,23.0,0.302528440952301,0.2518,0
resumes/data\HEALTHCARE\17963031.pdf,jds\ACCOUNTANT\ACCOUNTANT_entry.txt,HEALTHCARE,0.0524,0.15,0,18.0,0.2994250655174255,0.3204,0
resumes/data\HEALTHCARE\17963031.pdf,jds\ACCOUNTANT\ACCOUNTANT_mid.txt,HEALTHCARE,0.0765,0.1,0,20.0,0.3008985519409179,0.3181,0
resumes/data\HEALTHCARE\18129173.pdf,jds\ENGINEERING\ENGINEERING_senior.txt,HEALTHCARE,0.0592,0.2,-2,4.0,0.3604501485824585,0.3365,0
resumes/data\HEALTHCARE\18129173.pdf,jds\ENGINEERING\ENGINEERING_mid.txt,HEALTHCARE,0.0483,0.1,-1,4.0,0.3551049530506134,0.3872,0
resumes/data\HEALTHCARE\18129173.pdf,jds\ENGINEERING\ENGINEERING_entry.txt,HEALTHCARE,0.0345,0.05,0,2.0,0.2905498147010803,0.3071,0
resumes/data\HEALTHCARE\18484846.pdf,jds\BPO\BPO_entry.txt,HEALTHCARE,0.0672,0.15,-1,29.0,0.4887329339981079,0.4846,0
resumes/data\HEALTHCARE\18714571.pdf,jds\BPO\BPO_senior.txt,HEALTHCARE,0.0346,0.1,-2,12.0,0.3571914434432983,0.4045,0
resumes/data\HEALTHCARE\18714571.pdf,jds\BPO\BPO_entry.txt,HEALTHCARE,0.0441,0.1,-1,10.0,0.40872323513031,0.3233,0
resumes/data\HEALTHCARE\18714571.pdf,jds\BPO\BPO_mid.txt,HEALTHCARE,0.0467,0.15,-1,12.0,0.3696152865886688,0.2734,0
resumes/data\HEALTHCARE\18784594.pdf,jds\ENGINEERING\ENGINEERING_entry.txt,HEALTHCARE,0.0492,0.05,1,18.0,0.332018494606018,0.2672,0
resumes/data\HEALTHCARE\18784594.pdf,jds\ENGINEERING\ENGINEERING_senior.txt,HEALTHCARE,0.0976,0.25,-1,20.0,0.3976116776466369,0.2547,0
resumes/data\HEALTHCARE\18784594.pdf,jds\ENGINEERING\ENGINEERING_mid.txt,HEALTHCARE,0.0588,0.05,0,20.0,0.4097834825515747,0.3233,0
resumes/data\HEALTHCARE\18949843.pdf,jds\CHEF\CHEF_senior.txt,HEALTHCARE,0.0499,0.05,1,3.0,0.2523810863494873,0.1181,0
resumes/data\HEALTHCARE\18949843.pdf,jds\CHEF\CHEF_mid.txt,HEALTHCARE,0.066,0.15,1,3.0,0.3338207006454468,0.1393,0
resumes/data\HEALTHCARE\18949843.pdf,jds\CHEF\CHEF_entry.txt,HEALTHCARE,0.0428,0.15,1,3.0,0.3045924603939056,0.1268,0
resumes/data\HEALTHCARE\19090468.pdf,jds\DESIGNER\DESIGNER_mid.txt,HEALTHCARE,0.0743,0.1,-1,12.0,0.2765952944755554,0.3192,0
resumes/data\HEALTHCARE\19090468.pdf,jds\DESIGNER\DESIGNER_entry.txt,HEALTHCARE,0.0694,0.15,0,10.0,0.2290983647108078,0.2336,0
resumes/data\HEALTHCARE\19090468.pdf,jds\DESIGNER\DESIGNER_senior.txt,HEALTHCARE,0.0592,0.2,-1,12.0,0.3075608015060425,0.294,0
resumes/data\HEALTHCARE\20110597.pdf,jds\ARTS\ARTS_entry.txt,HEALTHCARE,0.0256,0.0,-1,0.0,0.3152177035808563,0.1731,0
resumes/data\HEALTHCARE\20110597.pdf,jds\ARTS\ARTS_senior.txt,HEALTHCARE,0.0253,0.1,-3,0.0,0.2890198826789856,0.14,0
resumes/data\HEALTHCARE\20110597.pdf,jds\ARTS\ARTS_mid.txt,HEALTHCARE,0.0354,0.05,-2,0.0,0.3477097153663635,0.2194,0
resumes/data\HEALTHCARE\20172393.pdf,jds\HEALTHCARE\HEALTHCARE_senior.txt,HEALTHCARE,0.2141,0.4,-1,20.0,0.4944296479225158,0.5677,1
resumes/data\HEALTHCARE\20172393.pdf,jds\FINANCE\FINANCE_senior.txt,HEALTHCARE,0.0717,0.1,-1,20.0,0.253516137599945,0.2963,0
resumes/data\HEALTHCARE\20172393.pdf,jds\FINANCE\FINANCE_mid.txt,HEALTHCARE,0.0505,0.05,-1,20.0,0.2432749420404434,0.3343,0
resumes/data\HEALTHCARE\20172393.pdf,jds\FINANCE\FINANCE_entry.txt,HEALTHCARE,0.104,0.15,-1,18.0,0.2637342810630798,0.3585,0
resumes/data\HEALTHCARE\20211577.pdf,jds\AGRICULTURE\AGRICULTURE_entry.txt,HEALTHCARE,0.0512,0.0,-1,12.0,0.3689275979995727,0.3447,0
resumes/data\HEALTHCARE\20211577.pdf,jds\AGRICULTURE\AGRICULTURE_senior.txt,HEALTHCARE,0.0454,0.1,-3,12.0,0.3800105154514313,0.3669,0
resumes/data\HEALTHCARE\20211577.pdf,jds\AGRICULTURE\AGRICULTURE_mid.txt,HEALTHCARE,0.0524,0.05,-2,5.0,0.3352951407432556,0.3677,0
resumes/data\HEALTHCARE\20736486.pdf,jds\HEALTHCARE\HEALTHCARE_entry.txt,HEALTHCARE,0.2249,0.45,-2,19.0,0.5839711427688599,0.6311,1
resumes/data\HEALTHCARE\20736486.pdf,jds\CHEF\CHEF_senior.txt,HEALTHCARE,0.0553,0.05,-1,21.0,0.2799687385559082,0.3194,0
resumes/data\HEALTHCARE\20736486.pdf,jds\CHEF\CHEF_mid.txt,HEALTHCARE,0.0596,0.2,-1,21.0,0.2755668759346008,0.3338,0
resumes/data\HEALTHCARE\20736486.pdf,jds\CHEF\CHEF_entry.txt,HEALTHCARE,0.0594,0.15,-1,21.0,0.2663733065128326,0.3207,0
resumes/data\HEALTHCARE\20748468.pdf,jds\DESIGNER\DESIGNER_entry.txt,HEALTHCARE,0.0537,0.05,1,-2.0,0.2986773252487182,0.2592,0
resumes/data\HEALTHCARE\20748468.pdf,jds\DESIGNER\DESIGNER_senior.txt,HEALTHCARE,0.0481,0.1,0,0.0,0.3654412925243377,0.3189,0
resumes/data\HEALTHCARE\20748468.pdf,jds\DESIGNER\DESIGNER_mid.txt,HEALTHCARE,0.0493,0.1,0,0.0,0.3839859962463379,0.3531,0
resumes/data\HEALTHCARE\20835760.pdf,jds\AUTOMOBILE\AUTOMOBILE_entry.txt,HEALTHCARE,0.0563,0.1,1,17.0,0.2693706750869751,0.1905,0
resumes/data\HEALTHCARE\20835760.pdf,jds\AUTOMOBILE\AUTOMOBILE_mid.txt,HEALTHCARE,0.1123,0.15,1,11.0,0.2892253994941711,0.2598,0
resumes/data\HEALTHCARE\20835760.pdf,jds\AUTOMOBILE\AUTOMOBILE_senior.txt,HEALTHCARE,0.0717,0.1,0,19.0,0.2694866359233856,0.2922,0
resumes/data\HEALTHCARE\21866029.pdf,jds\DESIGNER\DESIGNER_entry.txt,HEALTHCARE,0.061,0.15,1,7.0,0.3273295164108276,0.296,0
resumes/data\HEALTHCARE\21866029.pdf,jds\DESIGNER\DESIGNER_senior.txt,HEALTHCARE,0.0491,0.15,0,9.0,0.4024889171123504,0.367,0
resumes/data\HEALTHCARE\22008817.pdf,jds\HR\HR_mid.txt,HEALTHCARE,0.1164,0.35,0,13.0,0.4221912622451782,0.3117,0
resumes/data\HEALTHCARE\22008817.pdf,jds\HR\HR_entry.txt,HEALTHCARE,0.0867,0.15,0,13.0,0.3693842887878418,0.2716,0
resumes/data\HEALTHCARE\22008817.pdf,jds\HR\HR_senior.txt,HEALTHCARE,0.0754,0.1,0,13.0,0.3866552710533142,0.3003,0
resumes/data\HEALTHCARE\23110214.pdf,jds\HR\HR_entry.txt,HEALTHCARE,0.0517,0.05,-1,14.0,0.3395884037017822,0.4044,0
resumes/data\HEALTHCARE\23138078.pdf,jds\BPO\BPO_entry.txt,HEALTHCARE,0.0941,0.15,1,18.0,0.406537801027298,0.3568,0
resumes/data\HEALTHCARE\23617240.pdf,jds\CONSTRUCTION\CONSTRUCTION_mid.txt,HEALTHCARE,0.0883,0.25,-1,0.0,0.3331014811992645,0.2032,0
resumes/data\HEALTHCARE\23617240.pdf,jds\CONSTRUCTION\CONSTRUCTION_entry.txt,HEALTHCARE,0.0536,0.2,0,-2.0,0.2591497898101806,0.2395,0
resumes/data\HEALTHCARE\23617240.pdf,jds\CONSTRUCTION\CONSTRUCTION_senior.txt,HEALTHCARE,0.098,0.35,-1,0.0,0.3034749925136566,0.2534,0
resumes/data\HEALTHCARE\23814777.pdf,jds\TEACHER\TEACHER_entry.txt,HEALTHCARE,0.0443,0.05,-1,0.0,0.265311598777771,0.2813,0
resumes/data\HEALTHCARE\23814777.pdf,jds\TEACHER\TEACHER_senior.txt,HEALTHCARE,0.0585,0.1,-3,0.0,0.209049254655838,0.2686,0
resumes/data\HEALTHCARE\23814777.pdf,jds\TEACHER\TEACHER_mid.txt,HEALTHCARE,0.0307,0.05,-2,0.0,0.2451332956552505,0.3033,0
resumes/data\HEALTHCARE\23918545.pdf,jds\HR\HR_mid.txt,HEALTHCARE,0.0454,0.1,-2,3.0,0.3534501194953918,0.3261,0
resumes/data\HEALTHCARE\23918545.pdf,jds\HR\HR_senior.txt,HEALTHCARE,0.0268,0.05,-2,3.0,0.3314184546470642,0.2712,0
resumes/data\HEALTHCARE\23918545.pdf,jds\HR\HR_entry.txt,HEALTHCARE,0.0516,0.05,-2,3.0,0.3680233359336853,0.314,0
resumes/data\HEALTHCARE\23944036.pdf,jds\TEACHER\TEACHER_entry.txt,HEALTHCARE,0.043,0.15,0,12.0,0.3632499575614929,0.2282,0
resumes/data\HEALTHCARE\23944036.pdf,jds\TEACHER\TEACHER_senior.txt,HEALTHCARE,0.0647,0.25,-2,12.0,0.3820042014122009,0.3078,0
resumes/data\HEALTHCARE\23944036.pdf,jds\TEACHER\TEACHER_mid.txt,HEALTHCARE,0.0456,0.2,-1,12.0,0.3835436105728149,0.2815,0
resumes/data\HEALTHCARE\24025053.pdf,jds\CONSULTANT\CONSULTANT_senior.txt,HEALTHCARE,0.0523,0.1,0,1.0,0.3382354378700256,0.405,0
resumes/data\HEALTHCARE\24550866.pdf,jds\AVIATION\AVIATION_entry.txt,HEALTHCARE,0.0944,0.1,1,47.0,0.2867435812950134,0.2805,0
resumes/data\HEALTHCARE\24550866.pdf,jds\AVIATION\AVIATION_mid.txt,HEALTHCARE,0.11,0.1,1,41.0,0.339630663394928,0.324,0
resumes/data\HEALTHCARE\24550866.pdf,jds\AVIATION\AVIATION_senior.txt,HEALTHCARE,0.1085,0.15,1,49.0,0.3333876430988312,0.3009,0
resumes/data\HEALTHCARE\25328428.pdf,jds\SALES\SALES_mid.txt,HEALTHCARE,0.0445,0.1,-3,0.0,0.3121775388717651,0.1573,0
resumes/data\HEALTHCARE\25328428.pdf,jds\SALES\SALES_entry.txt,HEALTHCARE,0.0457,0.0,-2,0.0,0.3375110626220703,0.2403,0
resumes/data\HEALTHCARE\25328428.pdf,jds\SALES\SALES_senior.txt,HEALTHCARE,0.0459,0.1,-3,0.0,0.3186022639274597,0.1514,0
resumes/data\HEALTHCARE\25451319.pdf,jds\AGRICULTURE\AGRICULTURE_mid.txt,HEALTHCARE,0.0738,0.1,-1,-7.0,0.2548218965530395,0.2861,0
resumes/data\HEALTHCARE\25451319.pdf,jds\AGRICULTURE\AGRICULTURE_senior.txt,HEALTHCARE,0.0554,0.05,-2,0.0,0.3098282516002655,0.2965,0
resumes/data\HEALTHCARE\25451319.pdf,jds\AGRICULTURE\AGRICULTURE_entry.txt,HEALTHCARE,0.0483,0.05,0,0.0,0.2519930899143219,0.214,0
resumes/data\HEALTHCARE\25834360.pdf,jds\HEALTHCARE\HEALTHCARE_entry.txt,HEALTHCARE,0.2385,0.4,0,23.0,0.592451274394989,0.5658,1
resumes/data\HEALTHCARE\25834360.pdf,jds\CHEF\CHEF_senior.txt,HEALTHCARE,0.0204,0.0,1,25.0,0.3312148153781891,0.2769,0
resumes/data\HEALTHCARE\25834360.pdf,jds\CHEF\CHEF_mid.txt,HEALTHCARE,0.0256,0.1,1,25.0,0.344261109828949,0.2816,0
resumes/data\HEALTHCARE\25834360.pdf,jds\CHEF\CHEF_entry.txt,HEALTHCARE,0.0377,0.15,1,25.0,0.3646052777767181,0.3118,0
resumes/data\HEALTHCARE\25974844.pdf,jds\AUTOMOBILE\AUTOMOBILE_senior.txt,HEALTHCARE,0.0295,0.1,-1,31.0,0.2674504518508911,0.2403,0
resumes/data\HEALTHCARE\25974844.pdf,jds\AUTOMOBILE\AUTOMOBILE_mid.txt,HEALTHCARE,0.0605,0.05,0,23.0,0.2739585340023041,0.2389,0
resumes/data\HEALTHCARE\25974844.pdf,jds\AUTOMOBILE\AUTOMOBILE_entry.txt,HEALTHCARE,0.0324,0.05,0,29.0,0.2649829387664795,0.1781,0
resumes/data\HEALTHCARE\26125407.pdf,jds\CONSTRUCTION\CONSTRUCTION_mid.txt,HEALTHCARE,0.0409,0.1,0,15.0,0.3128357231616974,0.2886,0
resumes/data\HEALTHCARE\26125407.pdf,jds\CONSTRUCTION\CONSTRUCTION_senior.txt,HEALTHCARE,0.0499,0.1,0,15.0,0.2998867332935333,0.267,0
resumes/data\HEALTHCARE\26125407.pdf,jds\CONSTRUCTION\CONSTRUCTION_entry.txt,HEALTHCARE,0.0213,0.05,1,13.0,0.2775762677192688,0.2221,0
resumes/data\HEALTHCARE\26585242.pdf,jds\ACCOUNTANT\ACCOUNTANT_entry.txt,HEALTHCARE,0.0522,0.2,-1,21.0,0.4640620648860931,0.4415,0
resumes/data\HEALTHCARE\26908066.pdf,jds\AVIATION\AVIATION_senior.txt,HEALTHCARE,0.0474,0.1,0,16.0,0.2871786057949066,0.3976,0
resumes/data\HEALTHCARE\26908066.pdf,jds\AVIATION\AVIATION_mid.txt,HEALTHCARE,0.0519,0.05,0,8.0,0.2975695431232452,0.3499,0
resumes/data\HEALTHCARE\26908066.pdf,jds\AVIATION\AVIATION_entry.txt,HEALTHCARE,0.0356,0.0,0,14.0,0.2931419014930725,0.2983,0
resumes/data\HEALTHCARE\26958533.pdf,jds\INFORMATION-TECHNOLOGY\INFORMATION-TECHNOLOGY_entry.txt,HEALTHCARE,0.0607,0.05,-1,37.0,0.3411580324172973,0.3104,0
resumes/data\HEALTHCARE\26958533.pdf,jds\INFORMATION-TECHNOLOGY\INFORMATION-TECHNOLOGY_senior.txt,HEALTHCARE,0.0248,0.1,-2,39.0,0.2935027778148651,0.3377,0
resumes/data\HEALTHCARE\26958533.pdf,jds\INFORMATION-TECHNOLOGY\INFORMATION-TECHNOLOGY_mid.txt,HEALTHCARE,0.0597,0.2,-2,39.0,0.3454343378543854,0.3556,0
resumes/data\HEALTHCARE\27030979.pdf,jds\BANKING\BANKING_senior.txt,HEALTHCARE,0.0502,0.1,-2,5.0,0.3634929656982422,0.3356,0
resumes/data\HEALTHCARE\27030979.pdf,jds\BANKING\BANKING_entry.txt,HEALTHCARE,0.1001,0.4,-1,3.0,0.384296715259552,0.3248,0
resumes/data\HEALTHCARE\27030979.pdf,jds\BANKING\BANKING_mid.txt,HEALTHCARE,0.1053,0.15,-2,5.0,0.4243428707122803,0.3203,0
resumes/data\HEALTHCARE\27090089.pdf,jds\CHEF\CHEF_mid.txt,HEALTHCARE,0.0574,0.15,1,12.0,0.2589938044548034,0.3601,0
resumes/data\HEALTHCARE\27090089.pdf,jds\CHEF\CHEF_senior.txt,HEALTHCARE,0.0641,0.05,1,12.0,0.3004525303840637,0.3766,0
resumes/data\HEALTHCARE\27090089.pdf,jds\CHEF\CHEF_entry.txt,HEALTHCARE,0.0661,0.15,1,12.0,0.2391347587108612,0.3321,0
resumes/data\HEALTHCARE\27917969.pdf,jds\BPO\BPO_entry.txt,HEALTHCARE,0.0966,0.15,1,-2.0,0.3837097883224487,0.3198,0
resumes/data\HEALTHCARE\28423028.pdf,jds\HEALTHCARE\HEALTHCARE_mid.txt,HEALTHCARE,0.2939,0.7,-1,60.0,0.501509428024292,0.489,1
resumes/data\HEALTHCARE\28423028.pdf,jds\HEALTHCARE\HEALTHCARE_senior.txt,HEALTHCARE,0.2797,0.65,-1,60.0,0.558107316493988,0.5044,1
resumes/data\HEALTHCARE\28423028.pdf,jds\AVIATION\AVIATION_entry.txt,HEALTHCARE,0.0954,0.1,0,58.0,0.3358354568481445,0.2139,0
resumes/data\HEALTHCARE\28423028.pdf,jds\AVIATION\AVIATION_mid.txt,HEALTHCARE,0.1274,0.1,0,52.0,0.3836573958396911,0.2556,0
resumes/data\HEALTHCARE\28423028.pdf,jds\AVIATION\AVIATION_senior.txt,HEALTHCARE,0.1254,0.4,0,60.0,0.4038997888565063,0.2819,0
resumes/data\HEALTHCARE\28670024.pdf,jds\AUTOMOBILE\AUTOMOBILE_mid.txt,HEALTHCARE,0.0802,0.2,1,-3.0,0.2730697989463806,0.3095,0
resumes/data\HEALTHCARE\28670024.pdf,jds\AUTOMOBILE\AUTOMOBILE_senior.txt,HEALTHCARE,0.0417,0.05,0,5.0,0.2572382092475891,0.2474,0
resumes/data\HEALTHCARE\28670024.pdf,jds\AUTOMOBILE\AUTOMOBILE_entry.txt,HEALTHCARE,0.0746,0.1,1,3.0,0.2981931567192077,0.327,0
resumes/data\HEALTHCARE\28745844.pdf,jds\ACCOUNTANT\ACCOUNTANT_entry.txt,HEALTHCARE,0.0561,0.05,-1,-2.0,0.4364779889583587,0.4275,0
resumes/data\HEALTHCARE\29134372.pdf,jds\DIGITAL-MEDIA\DIGITAL-MEDIA_entry.txt,HEALTHCARE,0.0564,0.1,0,8.0,0.4298543334007263,0.3705,0
resumes/data\HEALTHCARE\29134372.pdf,jds\DIGITAL-MEDIA\DIGITAL-MEDIA_mid.txt,HEALTHCARE,0.0552,0.1,-1,10.0,0.4771388173103332,0.4036,0
resumes/data\HEALTHCARE\29134372.pdf,jds\DIGITAL-MEDIA\DIGITAL-MEDIA_senior.txt,HEALTHCARE,0.0434,0.05,-1,10.0,0.3823130130767822,0.3345,0
resumes/data\HEALTHCARE\29992154.pdf,jds\ADVOCATE\ADVOCATE_mid.txt,HEALTHCARE,0.048,0.1,-2,1.0,0.2599292695522308,0.2207,0
resumes/data\HEALTHCARE\29992154.pdf,jds\ADVOCATE\ADVOCATE_senior.txt,HEALTHCARE,0.0349,0.05,-2,1.0,0.2694865465164184,0.2599,0
resumes/data\HEALTHCARE\29992154.pdf,jds\ADVOCATE\ADVOCATE_entry.txt,HEALTHCARE,0.0332,0.05,-2,-1.0,0.2777788043022156,0.2316,0
resumes/data\HEALTHCARE\31395710.pdf,jds\ARTS\ARTS_entry.txt,HEALTHCARE,0.0138,0.0,0,0.0,0.3064090013504028,0.2446,0
resumes/data\HEALTHCARE\31395710.pdf,jds\ARTS\ARTS_mid.txt,HEALTHCARE,0.0143,0.05,-1,0.0,0.3429060876369476,0.2094,0
resumes/data\HEALTHCARE\31395710.pdf,jds\ARTS\ARTS_senior.txt,HEALTHCARE,0.0123,0.0,-2,0.0,0.2713371813297272,0.1603,0
resumes/data\HEALTHCARE\31926950.pdf,jds\INFORMATION-TECHNOLOGY\INFORMATION-TECHNOLOGY_entry.txt,HEALTHCARE,0.0607,0.0,0,9.0,0.3750685453414917,0.3719,0
resumes/data\HEALTHCARE\31926950.pdf,jds\INFORMATION-TECHNOLOGY\INFORMATION-TECHNOLOGY_senior.txt,HEALTHCARE,0.0402,0.05,-1,11.0,0.3398913741111755,0.3597,0
resumes/data\HEALTHCARE\31926950.pdf,jds\INFORMATION-TECHNOLOGY\INFORMATION-TECHNOLOGY_mid.txt,HEALTHCARE,0.0588,0.05,-1,11.0,0.3505923748016357,0.3621,0
resumes/data\HEALTHCARE\32219038.pdf,jds\DIGITAL-MEDIA\DIGITAL-MEDIA_senior.txt,HEALTHCARE,0.0369,0.1,-1,4.0,0.3234131634235382,0.2628,0
resumes/data\HEALTHCARE\32219038.pdf,jds\DIGITAL-MEDIA\DIGITAL-MEDIA_mid.txt,HEALTHCARE,0.0513,0.1,-1,4.0,0.4036026895046234,0.3585,0
resumes/data\HEALTHCARE\32219038.pdf,jds\DIGITAL-MEDIA\DIGITAL-MEDIA_entry.txt,HEALTHCARE,0.0522,0.05,0,2.0,0.4381745457649231,0.3746,0
resumes/data\HEALTHCARE\32563518.pdf,jds\BANKING\BANKING_entry.txt,HEALTHCARE,0.0784,0.3,1,12.0,0.3878604769706726,0.336,0
resumes/data\HEALTHCARE\33750209.pdf,jds\BPO\BPO_mid.txt,HEALTHCARE,0.0968,0.25,0,7.0,0.2873254716396332,0.2318,0
resumes/data\HEALTHCARE\33750209.pdf,jds\BPO\BPO_senior.txt,HEALTHCARE,0.0976,0.2,-1,7.0,0.3609204292297363,0.2909,0
resumes/data\HEALTHCARE\33750209.pdf,jds\BPO\BPO_entry.txt,HEALTHCARE,0.0986,0.1,0,5.0,0.4065374732017517,0.244,0
resumes/data\HEALTHCARE\33803142.pdf,jds\HEALTHCARE\HEALTHCARE_mid.txt,HEALTHCARE,0.3196,0.65,-1,0.0,0.5455870628356934,0.4862,1
resumes/data\HEALTHCARE\33803142.pdf,jds\HEALTHCARE\HEALTHCARE_senior.txt,HEALTHCARE,0.2148,0.45,-1,0.0,0.6359995603561401,0.5798,1
resumes/data\HEALTHCARE\33803142.pdf,jds\ARTS\ARTS_mid.txt,HEALTHCARE,0.0469,0.05,-1,0.0,0.2803924083709717,0.3323,0
resumes/data\HEALTHCARE\33803142.pdf,jds\ARTS\ARTS_entry.txt,HEALTHCARE,0.0363,0.0,0,0.0,0.1647559404373169,0.2014,0
resumes/data\HEALTHCARE\33803142.pdf,jds\ARTS\ARTS_senior.txt,HEALTHCARE,0.0445,0.05,-2,0.0,0.2434708178043365,0.2648,0
resumes/data\HEALTHCARE\34594746.pdf,jds\BUSINESS-DEVELOPMENT\BUSINESS-DEVELOPMENT_entry.txt,HEALTHCARE,0.0952,0.25,-1,8.0,0.4013130664825439,0.3741,0
resumes/data\HEALTHCARE\34594746.pdf,jds\BUSINESS-DEVELOPMENT\BUSINESS-DEVELOPMENT_mid.txt,HEALTHCARE,0.1189,0.25,-2,2.0,0.3795594573020935,0.399,0
resumes/data\HEALTHCARE\34962725.pdf,jds\AUTOMOBILE\AUTOMOBILE_mid.txt,HEALTHCARE,0.0911,0.1,0,-7.0,0.2598719596862793,0.2368,0
resumes/data\HEALTHCARE\34962725.pdf,jds\AUTOMOBILE\AUTOMOBILE_entry.txt,HEALTHCARE,0.0548,0.1,0,-1.0,0.2056455761194229,0.2341,0
resumes/data\HEALTHCARE\34962725.pdf,jds\AUTOMOBILE\AUTOMOBILE_senior.txt,HEALTHCARE,0.0382,0.0,-1,1.0,0.2333405762910843,0.2136,0
resumes/data\HEALTHCARE\35422305.pdf,jds\HEALTHCARE\HEALTHCARE_senior.txt,HEALTHCARE,0.2712,0.55,-1,12.0,0.4771386384963989,0.5238,1
resumes/data\HEALTHCARE\35422305.pdf,jds\BUSINESS-DEVELOPMENT\BUSINESS-DEVELOPMENT_mid.txt,HEALTHCARE,0.0726,0.25,-1,4.0,0.3343633711338043,0.2624,0
resumes/data\HEALTHCARE\35422305.pdf,jds\BUSINESS-DEVELOPMENT\BUSINESS-DEVELOPMENT_entry.txt,HEALTHCARE,0.049,0.25,0,10.0,0.3793828189373016,0.2716,0
resumes/data\HEALTHCARE\35422305.pdf,jds\BUSINESS-DEVELOPMENT\BUSINESS-DEVELOPMENT_senior.txt,HEALTHCARE,0.0888,0.35,-1,12.0,0.4131227135658264,0.2757,0
resumes/data\HEALTHCARE\35579812.pdf,jds\BANKING\BANKING_mid.txt,HEALTHCARE,0.0759,0.1,-1,31.0,0.3464329540729522,0.248,0
resumes/data\HEALTHCARE\35579812.pdf,jds\BANKING\BANKING_senior.txt,HEALTHCARE,0.0411,0.0,-1,31.0,0.3995603322982788,0.2775,0
resumes/data\HEALTHCARE\35579812.pdf,jds\BANKING\BANKING_entry.txt,HEALTHCARE,0.058,0.15,0,29.0,0.3586456775665283,0.2701,0
resumes/data\HEALTHCARE\36625776.pdf,jds\ACCOUNTANT\ACCOUNTANT_mid.txt,HEALTHCARE,0.097,0.2,0,15.0,0.2761312127113342,0.1975,0
resumes/data\HEALTHCARE\36625776.pdf,jds\ACCOUNTANT\ACCOUNTANT_entry.txt,HEALTHCARE,0.0423,0.05,0,13.0,0.2317370176315307,0.2039,0
resumes/data\HEALTHCARE\36625776.pdf,jds\ACCOUNTANT\ACCOUNTANT_senior.txt,HEALTHCARE,0.0847,0.2,0,15.0,0.3233782649040222,0.2267,0
resumes/data\HEALTHCARE\36861863.pdf,jds\CONSULTANT\CONSULTANT_senior.txt,HEALTHCARE,0.0686,0.15,-1,0.0,0.3936973810195923,0.3758,0
resumes/data\HEALTHCARE\36861863.pdf,jds\CONSULTANT\CONSULTANT_entry.txt,HEALTHCARE,0.052,0.05,-1,0.0,0.3751822710037231,0.3862,0
resumes/data\HEALTHCARE\36868767.pdf,jds\DESIGNER\DESIGNER_senior.txt,HEALTHCARE,0.0246,0.15,0,19.0,0.2207133173942566,0.2164,0
resumes/data\HEALTHCARE\36868767.pdf,jds\DESIGNER\DESIGNER_mid.txt,HEALTHCARE,0.0235,0.0,0,19.0,0.2825753688812256,0.2874,0
resumes/data\HEALTHCARE\36868767.pdf,jds\DESIGNER\DESIGNER_entry.txt,HEALTHCARE,0.0347,0.0,1,17.0,0.2087226510047912,0.2096,0
resumes/data\HEALTHCARE\37001381.pdf,jds\APPAREL\APPAREL_senior.txt,HEALTHCARE,0.0446,0.0,-1,16.0,0.3029413521289825,0.2775,0
resumes/data\HEALTHCARE\37001381.pdf,jds\APPAREL\APPAREL_entry.txt,HEALTHCARE,0.041,0.0,0,14.0,0.3351052403450012,0.2857,0
resumes/data\HEALTHCARE\37001381.pdf,jds\APPAREL\APPAREL_mid.txt,HEALTHCARE,0.0559,0.0,-1,16.0,0.3420673906803131,0.3082,0
resumes/data\HEALTHCARE\37374340.pdf,jds\CHEF\CHEF_entry.txt,HEALTHCARE,0.078,0.15,2,20.0,0.2610101997852325,0.2341,0
resumes/data\HEALTHCARE\37374340.pdf,jds\CHEF\CHEF_mid.txt,HEALTHCARE,0.0741,0.2,2,20.0,0.258815050125122,0.2255,0
resumes/data\HEALTHCARE\37374340.pdf,jds\CHEF\CHEF_senior.txt,HEALTHCARE,0.0744,0.1,2,20.0,0.3528710305690765,0.2621,0
resumes/data\HEALTHCARE\39082090.pdf,jds\PUBLIC-RELATIONS\PUBLIC-RELATIONS_senior.txt,HEALTHCARE,0.06,0.05,0,0.0,0.4055724143981933,0.3033,0
resumes/data\HEALTHCARE\39082090.pdf,jds\PUBLIC-RELATIONS\PUBLIC-RELATIONS_entry.txt,HEALTHCARE,0.0667,0.05,1,-2.0,0.4676677584648132,0.3421,0
resumes/data\HEALTHCARE\39082090.pdf,jds\PUBLIC-RELATIONS\PUBLIC-RELATIONS_mid.txt,HEALTHCARE,0.0758,0.15,0,0.0,0.4718720912933349,0.3505,0
resumes/data\HEALTHCARE\41910253.pdf,jds\BPO\BPO_entry.txt,HEALTHCARE,0.0998,0.15,0,22.0,0.4717874526977539,0.3319,0
resumes/data\HEALTHCARE\43994605.pdf,jds\HEALTHCARE\HEALTHCARE_entry.txt,HEALTHCARE,0.2348,0.5,0,13.0,0.6923917531967163,0.6773,1
resumes/data\HEALTHCARE\43994605.pdf,jds\CONSULTANT\CONSULTANT_senior.txt,HEALTHCARE,0.0485,0.05,-1,15.0,0.420571506023407,0.3363,0
resumes/data\HEALTHCARE\43994605.pdf,jds\CONSULTANT\CONSULTANT_mid.txt,HEALTHCARE,0.057,0.0,-1,15.0,0.4276095628738403,0.327,0
resumes/data\HEALTHCARE\43994605.pdf,jds\CONSULTANT\CONSULTANT_entry.txt,HEALTHCARE,0.0638,0.2,-1,15.0,0.449274867773056,0.3362,0
resumes/data\HEALTHCARE\45907524.pdf,jds\HR\HR_entry.txt,HEALTHCARE,0.0621,0.05,-1,18.0,0.3856359124183655,0.3355,0
resumes/data\HEALTHCARE\45907524.pdf,jds\HR\HR_senior.txt,HEALTHCARE,0.0325,0.0,-1,18.0,0.3880552947521209,0.2617,0
resumes/data\HEALTHCARE\45907524.pdf,jds\HR\HR_mid.txt,HEALTHCARE,0.0464,0.1,-1,18.0,0.4094269871711731,0.2459,0
resumes/data\HEALTHCARE\46349752.pdf,jds\AUTOMOBILE\AUTOMOBILE_senior.txt,HEALTHCARE,0.0392,0.05,-2,13.0,0.2414030283689499,0.2164,0
resumes/data\HEALTHCARE\46349752.pdf,jds\AUTOMOBILE\AUTOMOBILE_mid.txt,HEALTHCARE,0.0487,0.0,-1,5.0,0.2826550900936126,0.2855,0
resumes/data\HEALTHCARE\46349752.pdf,jds\AUTOMOBILE\AUTOMOBILE_entry.txt,HEALTHCARE,0.0429,0.0,-1,11.0,0.2889089584350586,0.2241,0
resumes/data\HEALTHCARE\49325370.pdf,jds\FINANCE\FINANCE_mid.txt,HEALTHCARE,0.0559,0.15,0,13.0,0.2919676899909973,0.2008,0
resumes/data\HEALTHCARE\49325370.pdf,jds\FINANCE\FINANCE_entry.txt,HEALTHCARE,0.0702,0.2,0,11.0,0.2933037281036377,0.2183,0
resumes/data\HEALTHCARE\49325370.pdf,jds\FINANCE\FINANCE_senior.txt,HEALTHCARE,0.0641,0.15,0,13.0,0.2830307483673095,0.2031,0
resumes/data\HEALTHCARE\51777546.pdf,jds\APPAREL\APPAREL_mid.txt,HEALTHCARE,0.068,0.05,0,0.0,0.3351086378097534,0.3133,0
resumes/data\HEALTHCARE\51777546.pdf,jds\APPAREL\APPAREL_entry.txt,HEALTHCARE,0.0453,0.05,1,-2.0,0.351700484752655,0.2525,0
resumes/data\HEALTHCARE\51777546.pdf,jds\APPAREL\APPAREL_senior.txt,HEALTHCARE,0.0603,0.05,0,0.0,0.3665634095668793,0.2382,0
resumes/data\HEALTHCARE\54934269.pdf,jds\ENGINEERING\ENGINEERING_mid.txt,HEALTHCARE,0.033,0.0,0,17.0,0.326615959405899,0.2679,0
resumes/data\HEALTHCARE\54934269.pdf,jds\ENGINEERING\ENGINEERING_senior.txt,HEALTHCARE,0.0331,0.05,-1,17.0,0.2893818616867065,0.1381,0
resumes/data\HEALTHCARE\54934269.pdf,jds\ENGINEERING\ENGINEERING_entry.txt,HEALTHCARE,0.0418,0.05,1,15.0,0.3254745006561279,0.2774,0
resumes/data\HEALTHCARE\56520872.pdf,jds\BUSINESS-DEVELOPMENT\BUSINESS-DEVELOPMENT_mid.txt,HEALTHCARE,0.0603,0.05,0,2.0,0.2929919958114624,0.2678,0
resumes/data\HEALTHCARE\56520872.pdf,jds\BUSINESS-DEVELOPMENT\BUSINESS-DEVELOPMENT_senior.txt,HEALTHCARE,0.0403,0.1,0,10.0,0.3295338451862335,0.2636,0
resumes/data\HEALTHCARE\56520872.pdf,jds\BUSINESS-DEVELOPMENT\BUSINESS-DEVELOPMENT_entry.txt,HEALTHCARE,0.0474,0.05,1,8.0,0.2692365050315857,0.2301,0
resumes/data\HEALTHCARE\58879993.pdf,jds\DESIGNER\DESIGNER_entry.txt,HEALTHCARE,0.0649,0.05,0,7.0,0.3220128417015075,0.3463,0
resumes/data\HEALTHCARE\58879993.pdf,jds\DESIGNER\DESIGNER_mid.txt,HEALTHCARE,0.0588,0.15,-1,9.0,0.3684895634651184,0.3986,0
resumes/data\HEALTHCARE\58879993.pdf,jds\DESIGNER\DESIGNER_senior.txt,HEALTHCARE,0.0644,0.15,-1,9.0,0.3645727038383484,0.3592,0
resumes/data\HEALTHCARE\60624892.pdf,jds\ARTS\ARTS_senior.txt,HEALTHCARE,0.0522,0.15,-2,12.0,0.3655349612236023,0.35,0
resumes/data\HEALTHCARE\60624892.pdf,jds\ARTS\ARTS_mid.txt,HEALTHCARE,0.0642,0.2,-1,12.0,0.385053813457489,0.3866,0
resumes/data\HEALTHCARE\60624892.pdf,jds\ARTS\ARTS_entry.txt,HEALTHCARE,0.0421,0.15,0,12.0,0.3328173458576202,0.3655,0
resumes/data\HEALTHCARE\64471954.pdf,jds\AVIATION\AVIATION_entry.txt,HEALTHCARE,0.0737,0.0,-1,21.0,0.4813238084316253,0.3333,0
resumes/data\HEALTHCARE\64471954.pdf,jds\AVIATION\AVIATION_senior.txt,HEALTHCARE,0.0312,0.1,-1,23.0,0.3331665396690368,0.3371,0
resumes/data\HEALTHCARE\64471954.pdf,jds\AVIATION\AVIATION_mid.txt,HEALTHCARE,0.0817,0.05,-1,15.0,0.4291901588439941,0.3281,0
resumes/data\HEALTHCARE\69199666.pdf,jds\AUTOMOBILE\AUTOMOBILE_entry.txt,HEALTHCARE,0.0536,0.1,0,4.0,0.2484387159347534,0.237,0
resumes/data\HEALTHCARE\69199666.pdf,jds\AUTOMOBILE\AUTOMOBILE_mid.txt,HEALTHCARE,0.0514,0.1,0,-2.0,0.3015332221984863,0.2659,0
resumes/data\HEALTHCARE\69199666.pdf,jds\AUTOMOBILE\AUTOMOBILE_senior.txt,HEALTHCARE,0.0273,0.0,-1,6.0,0.2596282362937927,0.2369,0
resumes/data\HEALTHCARE\75297735.pdf,jds\AUTOMOBILE\AUTOMOBILE_senior.txt,HEALTHCARE,0.0742,0.2,0,25.0,0.3419765532016754,0.3363,0
resumes/data\HEALTHCARE\75297735.pdf,jds\AUTOMOBILE\AUTOMOBILE_mid.txt,HEALTHCARE,0.0951,0.05,1,17.0,0.3278369903564453,0.3247,0
resumes/data\HEALTHCARE\75297735.pdf,jds\AUTOMOBILE\AUTOMOBILE_entry.txt,HEALTHCARE,0.0407,0.05,1,23.0,0.3330155611038208,0.2624,0
resumes/data\HEALTHCARE\75744306.pdf,jds\APPAREL\APPAREL_mid.txt,HEALTHCARE,0.0507,0.05,-1,3.0,0.3106211423873901,0.3018,0
resumes/data\HEALTHCARE\75744306.pdf,jds\APPAREL\APPAREL_entry.txt,HEALTHCARE,0.0525,0.1,0,1.0,0.2746026515960693,0.2431,0
resumes/data\HEALTHCARE\75744306.pdf,jds\APPAREL\APPAREL_senior.txt,HEALTHCARE,0.0525,0.2,-1,3.0,0.3131939470767975,0.3059,0
resumes/data\HEALTHCARE\80876647.pdf,jds\CONSTRUCTION\CONSTRUCTION_senior.txt,HEALTHCARE,0.0226,0.05,-2,3.0,0.2573667168617248,0.0678,0
resumes/data\HEALTHCARE\80876647.pdf,jds\CONSTRUCTION\CONSTRUCTION_mid.txt,HEALTHCARE,0.0198,0.0,-2,3.0,0.2652975916862488,0.1016,0
resumes/data\HEALTHCARE\80876647.pdf,jds\CONSTRUCTION\CONSTRUCTION_entry.txt,HEALTHCARE,0.0255,0.0,-1,1.0,0.305567592382431,0.0949,0
resumes/data\HEALTHCARE\85417107.pdf,jds\ENGINEERING\ENGINEERING_entry.txt,HEALTHCARE,0.0517,0.05,1,19.0,0.3069515824317932,0.3355,0
resumes/data\HEALTHCARE\85417107.pdf,jds\ENGINEERING\ENGINEERING_senior.txt,HEALTHCARE,0.0682,0.1,-1,21.0,0.3026096820831299,0.3474,0
resumes/data\HEALTHCARE\85417107.pdf,jds\ENGINEERING\ENGINEERING_mid.txt,HEALTHCARE,0.0578,0.05,0,21.0,0.3273637890815735,0.3372,0
resumes/data\HEALTHCARE\85421438.pdf,jds\CONSTRUCTION\CONSTRUCTION_entry.txt,HEALTHCARE,0.0396,0.1,0,9.0,0.2603835463523865,0.2444,0
resumes/data\HEALTHCARE\85421438.pdf,jds\CONSTRUCTION\CONSTRUCTION_senior.txt,HEALTHCARE,0.0812,0.15,-1,11.0,0.3667594492435455,0.3318,0
resumes/data\HEALTHCARE\85421438.pdf,jds\CONSTRUCTION\CONSTRUCTION_mid.txt,HEALTHCARE,0.0856,0.1,-1,11.0,0.3294996917247772,0.3294,0
resumes/data\HEALTHCARE\87520378.pdf,jds\AUTOMOBILE\AUTOMOBILE_entry.txt,HEALTHCARE,0.1231,0.2,-1,7.0,0.2855014503002167,0.3136,0
resumes/data\HEALTHCARE\87520378.pdf,jds\AUTOMOBILE\AUTOMOBILE_mid.txt,HEALTHCARE,0.1764,0.3,-1,1.0,0.3208696246147156,0.344,0
resumes/data\HEALTHCARE\87520378.pdf,jds\AUTOMOBILE\AUTOMOBILE_senior.txt,HEALTHCARE,0.0511,0.05,-2,9.0,0.3209624886512756,0.347,0
resumes/data\HEALTHCARE\91478356.pdf,jds\INFORMATION-TECHNOLOGY\INFORMATION-TECHNOLOGY_entry.txt,HEALTHCARE,0.0236,0.0,-1,9.0,0.1445654481649398,0.1956,0
resumes/data\HEALTHCARE\91478356.pdf,jds\INFORMATION-TECHNOLOGY\INFORMATION-TECHNOLOGY_senior.txt,HEALTHCARE,0.0183,0.1,-2,11.0,0.0992485284805297,0.1405,0
resumes/data\HEALTHCARE\91478356.pdf,jds\INFORMATION-TECHNOLOGY\INFORMATION-TECHNOLOGY_mid.txt,HEALTHCARE,0.0227,0.0,-2,11.0,0.1666205078363418,0.2175,0
resumes/data\HEALTHCARE\93988900.pdf,jds\AGRICULTURE\AGRICULTURE_entry.txt,HEALTHCARE,0.0759,0.1,-1,4.0,0.2495467364788055,0.2973,0
resumes/data\HEALTHCARE\93988900.pdf,jds\AGRICULTURE\AGRICULTURE_mid.txt,HEALTHCARE,0.119,0.05,-2,-3.0,0.2877772450447082,0.377,0
resumes/data\HEALTHCARE\95011061.pdf,jds\CHEF\CHEF_entry.txt,HEALTHCARE,0.0543,0.05,1,20.0,0.3473822772502899,0.2049,0
resumes/data\HEALTHCARE\95011061.pdf,jds\CHEF\CHEF_mid.txt,HEALTHCARE,0.0531,0.1,1,20.0,0.3541213572025299,0.2559,0
resumes/data\HEALTHCARE\95011061.pdf,jds\CHEF\CHEF_senior.txt,HEALTHCARE,0.0407,0.05,1,20.0,0.2869815230369568,0.3042,0
resumes/data\HEALTHCARE\97169343.pdf,jds\ARTS\ARTS_entry.txt,HEALTHCARE,0.0243,0.0,-1,26.0,0.2773504853248596,0.2296,0
resumes/data\HEALTHCARE\97169343.pdf,jds\ARTS\ARTS_senior.txt,HEALTHCARE,0.0183,0.1,-3,26.0,0.2768363654613495,0.2514,0
resumes/data\HEALTHCARE\97169343.pdf,jds\ARTS\ARTS_mid.txt,HEALTHCARE,0.0291,0.05,-2,26.0,0.3522456884384155,0.3051,0
resumes/data\HEALTHCARE\98300955.pdf,jds\TEACHER\TEACHER_mid.txt,HEALTHCARE,0.0552,0.0,-1,8.0,0.3682506084442138,0.2002,0
resumes/data\HEALTHCARE\98300955.pdf,jds\TEACHER\TEACHER_senior.txt,HEALTHCARE,0.0492,0.1,-2,8.0,0.3411139845848083,0.2085,0
resumes/data\HEALTHCARE\98300955.pdf,jds\TEACHER\TEACHER_entry.txt,HEALTHCARE,0.0664,0.15,0,8.0,0.3613706529140472,0.1715,0
resumes/data\HEALTHCARE\98309114.pdf,jds\PUBLIC-RELATIONS\PUBLIC-RELATIONS_senior.txt,HEALTHCARE,0.0722,0.2,0,20.0,0.3757498562335968,0.3672,0
resumes/data\HEALTHCARE\98309114.pdf,jds\PUBLIC-RELATIONS\PUBLIC-RELATIONS_entry.txt,HEALTHCARE,0.0427,0.15,1,18.0,0.3263418674468994,0.3015,0
resumes/data\HEALTHCARE\98309114.pdf,jds\PUBLIC-RELATIONS\PUBLIC-RELATIONS_mid.txt,HEALTHCARE,0.0839,0.15,0,20.0,0.3336940705776214,0.3498,0
resumes/data\HR\10399912.pdf,jds\ADVOCATE\ADVOCATE_senior.txt,HR,0.0391,0.2,-1,0.0,0.3556609153747558,0.2926,0
resumes/data\HR\10399912.pdf,jds\ADVOCATE\ADVOCATE_mid.txt,HR,0.0727,0.3,-1,0.0,0.3618506193161011,0.3087,0
resumes/data\HR\10399912.pdf,jds\ADVOCATE\ADVOCATE_entry.txt,HR,0.1018,0.3,-1,-2.0,0.3996444940567016,0.3546,0
resumes/data\HR\10694288.pdf,jds\PUBLIC-RELATIONS\PUBLIC-RELATIONS_entry.txt,HR,0.0453,0.05,0,15.0,0.423734575510025,0.2845,0
resumes/data\HR\10694288.pdf,jds\PUBLIC-RELATIONS\PUBLIC-RELATIONS_senior.txt,HR,0.0505,0.05,-1,17.0,0.3605073988437652,0.241,0
resumes/data\HR\10694288.pdf,jds\PUBLIC-RELATIONS\PUBLIC-RELATIONS_mid.txt,HR,0.0562,0.15,-1,17.0,0.3714944124221802,0.3058,0
resumes/data\HR\11480899.pdf,jds\HR\HR_entry.txt,HR,0.259,0.15,0,10.0,0.5740819573402405,0.6623,1
resumes/data\HR\11480899.pdf,jds\HR\HR_mid.txt,HR,0.3289,0.5,0,10.0,0.5809640884399414,0.6851,1
resumes/data\HR\11480899.pdf,jds\HR\HR_senior.txt,HR,0.2586,0.3,0,10.0,0.5835561752319336,0.6864,1
resumes/data\HR\11592605.pdf,jds\AGRICULTURE\AGRICULTURE_senior.txt,HR,0.0453,0.05,-2,0.0,0.3076167702674866,0.281,0
resumes/data\HR\11592605.pdf,jds\AGRICULTURE\AGRICULTURE_mid.txt,HR,0.0734,0.05,-1,-7.0,0.2653167247772217,0.3014,0
resumes/data\HR\11592605.pdf,jds\AGRICULTURE\AGRICULTURE_entry.txt,HR,0.0445,0.05,0,0.0,0.2866831421852112,0.2546,0
resumes/data\HR\11698189.pdf,jds\DIGITAL-MEDIA\DIGITAL-MEDIA_mid.txt,HR,0.0491,0.15,0,11.0,0.4518281519412994,0.3334,0
resumes/data\HR\11698189.pdf,jds\DIGITAL-MEDIA\DIGITAL-MEDIA_entry.txt,HR,0.0615,0.05,1,9.0,0.4682711958885193,0.3492,0
resumes/data\HR\11698189.pdf,jds\DIGITAL-MEDIA\DIGITAL-MEDIA_senior.txt,HR,0.0547,0.1,0,11.0,0.4105406403541565,0.2346,0
resumes/data\HR\11763983.pdf,jds\HR\HR_entry.txt,HR,0.2731,0.2,0,13.0,0.5331933498382568,0.6354,1
resumes/data\HR\11763983.pdf,jds\HR\HR_mid.txt,HR,0.1907,0.35,0,13.0,0.492465615272522,0.5996,1
resumes/data\HR\11763983.pdf,jds\DIGITAL-MEDIA\DIGITAL-MEDIA_entry.txt,HR,0.0443,0.0,1,11.0,0.3563310205936432,0.3877,0
resumes/data\HR\11763983.pdf,jds\DIGITAL-MEDIA\DIGITAL-MEDIA_senior.txt,HR,0.0205,0.0,0,13.0,0.2915904521942138,0.3166,0
resumes/data\HR\11763983.pdf,jds\DIGITAL-MEDIA\DIGITAL-MEDIA_mid.txt,HR,0.0355,0.1,0,13.0,0.3156866431236267,0.3859,0
resumes/data\HR\11847784.pdf,jds\HR\HR_entry.txt,HR,0.1861,0.15,-1,15.0,0.5706589221954346,0.6292,1
resumes/data\HR\11847784.pdf,jds\HR\HR_mid.txt,HR,0.1965,0.35,-1,15.0,0.5712058544158936,0.6055,1
resumes/data\HR\11847784.pdf,jds\HR\HR_senior.txt,HR,0.1855,0.25,-1,15.0,0.5621849894523621,0.6213,1
resumes/data\HR\12786012.pdf,jds\HR\HR_entry.txt,HR,0.2308,0.15,0,13.0,0.6038761138916016,0.5984,1
resumes/data\HR\12786012.pdf,jds\HR\HR_mid.txt,HR,0.2166,0.3,0,13.0,0.5104230642318726,0.5947,1
resumes/data\HR\12786012.pdf,jds\TEACHER\TEACHER_senior.txt,HR,0.0487,0.15,-1,13.0,0.3180786967277527,0.3549,0
resumes/data\HR\12786012.pdf,jds\TEACHER\TEACHER_entry.txt,HR,0.067,0.05,1,13.0,0.3273943662643432,0.3507,0
resumes/data\HR\12786012.pdf,jds\TEACHER\TEACHER_mid.txt,HR,0.0506,0.05,0,13.0,0.3593055307865143,0.371,0
resumes/data\HR\13376919.pdf,jds\HR\HR_entry.txt,HR,0.2733,0.25,0,0.0,0.6028938889503479,0.5763,1
resumes/data\HR\13376919.pdf,jds\HR\HR_mid.txt,HR,0.2682,0.4,0,0.0,0.6369015574455261,0.5523,1
resumes/data\HR\13376919.pdf,jds\HR\HR_senior.txt,HR,0.2,0.15,0,0.0,0.5662509202957153,0.5902,1
resumes/data\HR\13376919.pdf,jds\CHEF\CHEF_mid.txt,HR,0.0489,0.05,2,0.0,0.3446558117866516,0.2151,0
resumes/data\HR\13376919.pdf,jds\CHEF\CHEF_senior.txt,HR,0.0573,0.05,2,0.0,0.3710962831974029,0.2129,0
resumes/data\HR\13376919.pdf,jds\CHEF\CHEF_entry.txt,HR,0.0509,0.1,2,0.0,0.3737002611160278,0.1616,0
resumes/data\HR\13520837.pdf,jds\HR\HR_entry.txt,HR,0.2575,0.35,-1,0.0,0.5462421178817749,0.5986,1
resumes/data\HR\13879043.pdf,jds\HR\HR_entry.txt,HR,0.2947,0.15,0,7.0,0.5964840650558472,0.5973,1
resumes/data\HR\13879043.pdf,jds\HR\HR_mid.txt,HR,0.2973,0.45,0,7.0,0.6285934448242188,0.6346,1
resumes/data\HR\13879043.pdf,jds\HR\HR_senior.txt,HR,0.2526,0.35,0,7.0,0.6363123655319214,0.5628,1
resumes/data\HR\13879043.pdf,jds\DESIGNER\DESIGNER_senior.txt,HR,0.0427,0.05,0,7.0,0.3677261471748352,0.2773,0
resumes/data\HR\13879043.pdf,jds\DESIGNER\DESIGNER_entry.txt,HR,0.0469,0.0,1,5.0,0.3930858373641968,0.2636,0
resumes/data\HR\13879043.pdf,jds\DESIGNER\DESIGNER_mid.txt,HR,0.0642,0.15,0,7.0,0.3863653838634491,0.3331,0
resumes/data\HR\14225422.pdf,jds\HR\HR_entry.txt,HR,0.2354,0.15,0,14.0,0.5209026336669922,0.6415,1
resumes/data\HR\14225422.pdf,jds\HR\HR_mid.txt,HR,0.212,0.35,0,14.0,0.5154073238372803,0.5749,1
resumes/data\HR\14225422.pdf,jds\FINANCE\FINANCE_mid.txt,HR,0.0692,0.05,0,14.0,0.3568118512630462,0.3211,0
resumes/data\HR\14225422.pdf,jds\FINANCE\FINANCE_senior.txt,HR,0.088,0.2,0,14.0,0.2979606986045837,0.3475,0
resumes/data\HR\14225422.pdf,jds\FINANCE\FINANCE_entry.txt,HR,0.0742,0.15,0,12.0,0.39972123503685,0.3023,0
resumes/data\HR\14256329.pdf,jds\HR\HR_entry.txt,HR,0.1479,0.1,-1,14.0,0.625678300857544,0.6665,1
resumes/data\HR\14256329.pdf,jds\PUBLIC-RELATIONS\PUBLIC-RELATIONS_senior.txt,HR,0.0413,0.0,-1,14.0,0.4032243192195892,0.3923,0
resumes/data\HR\14256329.pdf,jds\PUBLIC-RELATIONS\PUBLIC-RELATIONS_mid.txt,HR,0.0413,0.05,-1,14.0,0.3828690648078918,0.3799,0
resumes/data\HR\14256329.pdf,jds\PUBLIC-RELATIONS\PUBLIC-RELATIONS_entry.txt,HR,0.0437,0.05,0,12.0,0.4034536480903625,0.3828,0
resumes/data\HR\14640322.pdf,jds\HR\HR_entry.txt,HR,0.3023,0.35,-1,8.0,0.5452771782875061,0.572,1
resumes/data\HR\14640322.pdf,jds\HR\HR_mid.txt,HR,0.2357,0.3,-1,8.0,0.5726531147956848,0.5254,1
resumes/data\HR\14640322.pdf,jds\ENGINEERING\ENGINEERING_mid.txt,HR,0.0631,0.05,-1,8.0,0.3487430810928345,0.3132,0
resumes/data\HR\14640322.pdf,jds\ENGINEERING\ENGINEERING_entry.txt,HR,0.0501,0.0,0,6.0,0.3333954215049743,0.3077,0
resumes/data\HR\14640322.pdf,jds\ENGINEERING\ENGINEERING_senior.txt,HR,0.0688,0.1,-2,8.0,0.3148072957992553,0.3002,0
resumes/data\HR\14886205.pdf,jds\TEACHER\TEACHER_mid.txt,HR,0.05,0.05,-1,12.0,0.488517552614212,0.2709,0
resumes/data\HR\14886205.pdf,jds\TEACHER\TEACHER_entry.txt,HR,0.0642,0.05,0,12.0,0.4277885556221008,0.1949,0
resumes/data\HR\14886205.pdf,jds\TEACHER\TEACHER_senior.txt,HR,0.0467,0.15,-2,12.0,0.4141365587711334,0.2507,0
resumes/data\HR\15041689.pdf,jds\HR\HR_entry.txt,HR,0.299,0.25,-2,11.0,0.5004492998123169,0.4995,1
resumes/data\HR\15041689.pdf,jds\HR\HR_mid.txt,HR,0.2514,0.45,-2,11.0,0.5357319116592407,0.5421,1
resumes/data\HR\15041689.pdf,jds\HR\HR_senior.txt,HR,0.2353,0.2,-2,11.0,0.553451418876648,0.5428,1
resumes/data\HR\15041689.pdf,jds\HEALTHCARE\HEALTHCARE_senior.txt,HR,0.0495,0.1,-2,11.0,0.3519439399242401,0.3309,0
resumes/data\HR\15041689.pdf,jds\HEALTHCARE\HEALTHCARE_entry.txt,HR,0.0488,0.1,-1,9.0,0.441647469997406,0.3853,0
resumes/data\HR\15375009.pdf,jds\HR\HR_entry.txt,HR,0.2169,0.1,0,10.0,0.5596135258674622,0.5947,1
resumes/data\HR\15375009.pdf,jds\HR\HR_mid.txt,HR,0.2059,0.55,0,10.0,0.5085003972053528,0.6259,1
resumes/data\HR\15375009.pdf,jds\TEACHER\TEACHER_senior.txt,HR,0.0436,0.15,-1,10.0,0.293860375881195,0.3312,0
resumes/data\HR\15375009.pdf,jds\TEACHER\TEACHER_entry.txt,HR,0.0631,0.1,1,10.0,0.2737370133399963,0.3163,0
resumes/data\HR\15375009.pdf,jds\TEACHER\TEACHER_mid.txt,HR,0.0376,0.05,0,10.0,0.3249337077140808,0.3536,0
resumes/data\HR\15575117.pdf,jds\HEALTHCARE\HEALTHCARE_senior.txt,HR,0.0469,0.15,0,20.0,0.3007291853427887,0.3372,0
resumes/data\HR\15575117.pdf,jds\HEALTHCARE\HEALTHCARE_entry.txt,HR,0.0835,0.2,1,18.0,0.380201518535614,0.4874,0
resumes/data\HR\15575117.pdf,jds\HEALTHCARE\HEALTHCARE_mid.txt,HR,0.0481,0.25,0,20.0,0.2910710871219635,0.2916,0
resumes/data\HR\15576950.pdf,jds\HR\HR_entry.txt,HR,0.1885,0.15,-2,11.0,0.5342804789543152,0.6078,1
resumes/data\HR\15576950.pdf,jds\FINANCE\FINANCE_mid.txt,HR,0.0305,0.05,-2,11.0,0.3475748300552368,0.285,0
resumes/data\HR\15576950.pdf,jds\FINANCE\FINANCE_entry.txt,HR,0.0369,0.05,-2,9.0,0.3034539520740509,0.295,0
resumes/data\HR\15576950.pdf,jds\FINANCE\FINANCE_senior.txt,HR,0.0426,0.1,-2,11.0,0.3249516487121582,0.2751,0
resumes/data\HR\16861758.pdf,jds\BANKING\BANKING_senior.txt,HR,0.0314,0.05,-1,26.0,0.2964518964290619,0.2973,0
resumes/data\HR\16861758.pdf,jds\BANKING\BANKING_mid.txt,HR,0.0557,0.1,-1,26.0,0.3063012957572937,0.3214,0
resumes/data\HR\16861758.pdf,jds\BANKING\BANKING_entry.txt,HR,0.066,0.25,0,24.0,0.3296172320842743,0.2977,0
resumes/data\HR\16877897.pdf,jds\HR\HR_entry.txt,HR,0.2519,0.15,0,0.0,0.6094207763671875,0.6968,1
resumes/data\HR\16877897.pdf,jds\HR\HR_mid.txt,HR,0.2053,0.2,0,0.0,0.6265254020690918,0.672,1
resumes/data\HR\16877897.pdf,jds\HR\HR_senior.txt,HR,0.1884,0.2,0,0.0,0.6397968530654907,0.66,1
resumes/data\HR\16877897.pdf,jds\PUBLIC-RELATIONS\PUBLIC-RELATIONS_entry.txt,HR,0.0522,0.05,1,-2.0,0.4593263864517212,0.4396,0
resumes/data\HR\17150707.pdf,jds\HR\HR_entry.txt,HR,0.2861,0.15,-1,13.0,0.5168099403381348,0.5515,1
resumes/data\HR\17150707.pdf,jds\HR\HR_mid.txt,HR,0.1975,0.25,-1,13.0,0.5323996543884277,0.6375,1
resumes/data\HR\17150707.pdf,jds\HEALTHCARE\HEALTHCARE_entry.txt,HR,0.0751,0.1,0,11.0,0.4608894288539886,0.4015,0
resumes/data\HR\17150707.pdf,jds\HEALTHCARE\HEALTHCARE_mid.txt,HR,0.0603,0.2,-1,13.0,0.3866923749446869,0.3543,0
resumes/data\HR\17150707.pdf,jds\HEALTHCARE\HEALTHCARE_senior.txt,HR,0.0369,0.05,-1,13.0,0.3080251812934875,0.332,0
resumes/data\HR\17412079.pdf,jds\HR\HR_entry.txt,HR,0.3068,0.15,0,7.0,0.5684069395065308,0.6224,1
resumes/data\HR\17412079.pdf,jds\HR\HR_mid.txt,HR,0.3072,0.45,0,7.0,0.5707731246948242,0.6674,1
resumes/data\HR\17412079.pdf,jds\HR\HR_senior.txt,HR,0.2599,0.35,0,7.0,0.5517374277114868,0.5626,1
resumes/data\HR\17412079.pdf,jds\APPAREL\APPAREL_mid.txt,HR,0.104,0.1,0,7.0,0.4025217294692993,0.3214,0
resumes/data\HR\17412079.pdf,jds\APPAREL\APPAREL_senior.txt,HR,0.0858,0.05,0,7.0,0.3747581839561462,0.3015,0
resumes/data\HR\17412079.pdf,jds\APPAREL\APPAREL_entry.txt,HR,0.0544,0.1,1,5.0,0.3346865177154541,0.314,0
resumes/data\HR\17422560.pdf,jds\BPO\BPO_entry.txt,HR,0.0698,0.2,0,28.0,0.4074312150478363,0.3696,0
resumes/data\HR\17422560.pdf,jds\BPO\BPO_mid.txt,HR,0.0677,0.2,0,30.0,0.3492398262023926,0.3858,0
resumes/data\HR\17812897.pdf,jds\HR\HR_entry.txt,HR,0.3487,0.15,-1,13.0,0.5029683709144592,0.6452,1
resumes/data\HR\17812897.pdf,jds\HR\HR_mid.txt,HR,0.3358,0.55,-1,13.0,0.5353281497955322,0.6508,1
resumes/data\HR\17812897.pdf,jds\HR\HR_senior.txt,HR,0.3187,0.4,-1,13.0,0.5321080088615417,0.6624,1
resumes/data\HR\17812897.pdf,jds\APPAREL\APPAREL_senior.txt,HR,0.0723,0.1,-1,13.0,0.3901799619197845,0.3356,0
resumes/data\HR\17812897.pdf,jds\APPAREL\APPAREL_entry.txt,HR,0.038,0.1,0,11.0,0.3233642578125,0.3172,0
resumes/data\HR\17855844.pdf,jds\HR\HR_mid.txt,HR,0.2686,0.55,-1,13.0,0.5349375605583191,0.5157,1
resumes/data\HR\17855844.pdf,jds\HR\HR_senior.txt,HR,0.2476,0.35,-1,13.0,0.4957046210765838,0.5221,1
resumes/data\HR\17855844.pdf,jds\AUTOMOBILE\AUTOMOBILE_mid.txt,HR,0.0774,0.05,0,5.0,0.3062566816806793,0.3222,0
resumes/data\HR\17855844.pdf,jds\AUTOMOBILE\AUTOMOBILE_entry.txt,HR,0.0362,0.1,0,11.0,0.2731426656246185,0.2503,0
resumes/data\HR\17855844.pdf,jds\AUTOMOBILE\AUTOMOBILE_senior.txt,HR,0.0835,0.2,-1,13.0,0.324765533208847,0.3281,0
resumes/data\HR\18084150.pdf,jds\HR\HR_entry.txt,HR,0.2377,0.15,0,14.0,0.5022035837173462,0.5865,1
resumes/data\HR\18084150.pdf,jds\HR\HR_mid.txt,HR,0.2256,0.3,0,14.0,0.4820729494094848,0.6043,1
resumes/data\HR\18084150.pdf,jds\HR\HR_senior.txt,HR,0.1956,0.2,0,14.0,0.527498722076416,0.6016,1
resumes/data\HR\18084150.pdf,jds\ENGINEERING\ENGINEERING_senior.txt,HR,0.0624,0.2,-1,14.0,0.3493286967277527,0.3172,0
resumes/data\HR\18084150.pdf,jds\ENGINEERING\ENGINEERING_mid.txt,HR,0.0394,0.0,0,14.0,0.3018297553062439,0.3546,0
resumes/data\HR\18084150.pdf,jds\ENGINEERING\ENGINEERING_entry.txt,HR,0.0329,0.1,1,12.0,0.2967637181282043,0.3213,0
resumes/data\HR\18155310.pdf,jds\PUBLIC-RELATIONS\PUBLIC-RELATIONS_senior.txt,HR,0.0436,0.1,-1,14.0,0.3736742436885834,0.3256,0
resumes/data\HR\18155310.pdf,jds\PUBLIC-RELATIONS\PUBLIC-RELATIONS_mid.txt,HR,0.0634,0.2,-1,14.0,0.4205832481384277,0.3487,0
resumes/data\HR\18155310.pdf,jds\PUBLIC-RELATIONS\PUBLIC-RELATIONS_entry.txt,HR,0.0353,0.1,0,12.0,0.4282537698745727,0.3435,0
resumes/data\HR\18297650.pdf,jds\HR\HR_entry.txt,HR,0.256,0.35,-1,0.0,0.6045349836349487,0.634,1
resumes/data\HR\18316239.pdf,jds\HR\HR_entry.txt,HR,0.3191,0.2,-1,0.0,0.5530812740325928,0.6372,1
resumes/data\HR\18316239.pdf,jds\HR\HR_mid.txt,HR,0.285,0.3,-1,0.0,0.5591896772384644,0.6459,1
resumes/data\HR\18316239.pdf,jds\HR\HR_senior.txt,HR,0.2672,0.25,-1,0.0,0.5532677173614502,0.6356,1
resumes/data\HR\18316239.pdf,jds\AVIATION\AVIATION_entry.txt,HR,0.0777,0.05,0,-2.0,0.3172087967395782,0.3481,0
resumes/data\HR\18316239.pdf,jds\AVIATION\AVIATION_mid.txt,HR,0.0798,0.05,0,-8.0,0.3408301770687103,0.4123,0
resumes/data\HR\18334783.pdf,jds\APPAREL\APPAREL_entry.txt,HR,0.049,0.1,1,18.0,0.350904643535614,0.3776,0
resumes/data\HR\18334783.pdf,jds\APPAREL\APPAREL_senior.txt,HR,0.0564,0.05,0,20.0,0.3777572214603424,0.3615,0
resumes/data\HR\18422164.pdf,jds\HR\HR_entry.txt,HR,0.2275,0.15,-1,18.0,0.4913766086101532,0.5638,1
resumes/data\HR\18422164.pdf,jds\DIGITAL-MEDIA\DIGITAL-MEDIA_entry.txt,HR,0.0431,0.0,0,16.0,0.4082855582237243,0.3053,0
resumes/data\HR\18422164.pdf,jds\DIGITAL-MEDIA\DIGITAL-MEDIA_senior.txt,HR,0.0248,0.0,-1,18.0,0.3864032626152038,0.2619,0
resumes/data\HR\18422164.pdf,jds\DIGITAL-MEDIA\DIGITAL-MEDIA_mid.txt,HR,0.0346,0.05,-1,18.0,0.4656225740909576,0.349,0
resumes/data\HR\18557164.pdf,jds\HR\HR_mid.txt,HR,0.2113,0.4,-1,24.0,0.5087617635726929,0.7106,1
resumes/data\HR\18557164.pdf,jds\HR\HR_senior.txt,HR,0.1736,0.2,-1,24.0,0.5139633417129517,0.6267,1
resumes/data\HR\18557164.pdf,jds\TEACHER\TEACHER_senior.txt,HR,0.0367,0.1,-2,24.0,0.40142422914505,0.3437,0
resumes/data\HR\18557164.pdf,jds\TEACHER\TEACHER_entry.txt,HR,0.0798,0.1,0,24.0,0.4225674569606781,0.3526,0
resumes/data\HR\18731098.pdf,jds\SALES\SALES_senior.txt,HR,0.0491,0.15,0,20.0,0.4149030447006225,0.3372,0
resumes/data\HR\18731098.pdf,jds\SALES\SALES_mid.txt,HR,0.0737,0.2,0,20.0,0.440579891204834,0.3503,0
resumes/data\HR\18731098.pdf,jds\SALES\SALES_entry.txt,HR,0.0516,0.05,1,20.0,0.4715096950531006,0.3395,0
resumes/data\HR\18827609.pdf,jds\HR\HR_entry.txt,HR,0.221,0.35,-1,3.0,0.6355099081993103,0.6713,1
resumes/data\HR\18827609.pdf,jds\HR\HR_mid.txt,HR,0.2199,0.35,-1,3.0,0.6386640071868896,0.6392,1
resumes/data\HR\18827609.pdf,jds\HR\HR_senior.txt,HR,0.2075,0.3,-1,3.0,0.5756257772445679,0.6599,1
resumes/data\HR\19179079.pdf,jds\HR\HR_entry.txt,HR,0.2377,0.4,-1,11.0,0.6106988191604614,0.6269,1
resumes/data\HR\19179079.pdf,jds\HR\HR_mid.txt,HR,0.1774,0.3,-1,11.0,0.5962357521057129,0.6165,1
resumes/data\HR\19179079.pdf,jds\CHEF\CHEF_entry.txt,HR,0.0686,0.15,1,11.0,0.3637093901634216,0.1789,0
resumes/data\HR\19179079.pdf,jds\CHEF\CHEF_senior.txt,HR,0.0732,0.1,1,11.0,0.4290013015270233,0.2367,0
resumes/data\HR\19179079.pdf,jds\CHEF\CHEF_mid.txt,HR,0.0661,0.2,1,11.0,0.4161337912082672,0.2317,0
resumes/data\HR\19336728.pdf,jds\ACCOUNTANT\ACCOUNTANT_entry.txt,HR,0.0541,0.0,-2,20.0,0.2586735785007477,0.3325,0
resumes/data\HR\19336728.pdf,jds\ACCOUNTANT\ACCOUNTANT_senior.txt,HR,0.0549,0.05,-2,22.0,0.235338494181633,0.298,0
resumes/data\HR\19336728.pdf,jds\ACCOUNTANT\ACCOUNTANT_mid.txt,HR,0.068,0.0,-2,22.0,0.2729622721672058,0.3584,0
resumes/data\HR\19616406.pdf,jds\HR\HR_entry.txt,HR,0.2236,0.25,-1,21.0,0.4766742587089538,0.5867,1
resumes/data\HR\19616406.pdf,jds\AVIATION\AVIATION_entry.txt,HR,0.0538,0.05,0,19.0,0.3235122561454773,0.3661,0
resumes/data\HR\19616406.pdf,jds\AVIATION\AVIATION_mid.txt,HR,0.0563,0.05,0,13.0,0.3076247572898865,0.3817,0
resumes/data\HR\19867922.pdf,jds\HR\HR_entry.txt,HR,0.2611,0.25,0,11.0,0.5458089113235474,0.6199,1
resumes/data\HR\19867922.pdf,jds\TEACHER\TEACHER_senior.txt,HR,0.0318,0.05,-1,11.0,0.4131132960319519,0.3032,0
resumes/data\HR\19867922.pdf,jds\TEACHER\TEACHER_entry.txt,HR,0.0387,0.0,1,11.0,0.4373712241649627,0.2962,0
resumes/data\HR\19867922.pdf,jds\TEACHER\TEACHER_mid.txt,HR,0.038,0.05,0,11.0,0.4091387987136841,0.3239,0
resumes/data\HR\20417897.pdf,jds\CHEF\CHEF_mid.txt,HR,0.0684,0.15,2,12.0,0.3263493180274963,0.3262,0
resumes/data\HR\20417897.pdf,jds\CHEF\CHEF_entry.txt,HR,0.0671,0.2,2,12.0,0.3558493852615356,0.2756,0
resumes/data\HR\20417897.pdf,jds\CHEF\CHEF_senior.txt,HR,0.0641,0.1,2,12.0,0.3434714078903198,0.3054,0
resumes/data\HR\20806155.pdf,jds\ENGINEERING\ENGINEERING_entry.txt,HR,0.0399,0.2,1,-2.0,0.3591812252998352,0.3677,0
resumes/data\HR\20806155.pdf,jds\ENGINEERING\ENGINEERING_senior.txt,HR,0.0639,0.25,-1,0.0,0.3394562005996704,0.3749,0
resumes/data\HR\20806155.pdf,jds\ENGINEERING\ENGINEERING_mid.txt,HR,0.0436,0.05,0,0.0,0.3612053394317627,0.3733,0
resumes/data\HR\20925036.pdf,jds\HR\HR_entry.txt,HR,0.3064,0.3,0,0.0,0.546635627746582,0.6095,1
resumes/data\HR\20925036.pdf,jds\HR\HR_mid.txt,HR,0.2382,0.5,0,0.0,0.5447938442230225,0.5324,1
resumes/data\HR\20925036.pdf,jds\ARTS\ARTS_senior.txt,HR,0.0434,0.15,-1,0.0,0.3312808275222778,0.2389,0
resumes/data\HR\20925036.pdf,jds\ARTS\ARTS_mid.txt,HR,0.0476,0.1,0,0.0,0.375894695520401,0.2609,0
resumes/data\HR\20925036.pdf,jds\ARTS\ARTS_entry.txt,HR,0.0385,0.05,1,0.0,0.3100866675376892,0.2503,0
resumes/data\HR\20993320.pdf,jds\HR\HR_entry.txt,HR,0.2417,0.15,0,15.0,0.5314019918441772,0.5214,1
resumes/data\HR\20993320.pdf,jds\FITNESS\FITNESS_entry.txt,HR,0.0675,0.2,2,13.0,0.3080191910266876,0.3712,0
resumes/data\HR\20993320.pdf,jds\FITNESS\FITNESS_mid.txt,HR,0.0774,0.25,1,8.0,0.2954674959182739,0.3634,0
resumes/data\HR\20993320.pdf,jds\FITNESS\FITNESS_senior.txt,HR,0.0608,0.15,-1,15.0,0.3236437141895294,0.2967,0
resumes/data\HR\21265194.pdf,jds\HR\HR_mid.txt,HR,0.2299,0.45,-1,19.0,0.6068437099456787,0.6683,1
resumes/data\HR\21265194.pdf,jds\AVIATION\AVIATION_mid.txt,HR,0.0766,0.1,0,11.0,0.3964148759841919,0.3598,0
resumes/data\HR\21265194.pdf,jds\AVIATION\AVIATION_senior.txt,HR,0.1085,0.05,0,19.0,0.3499560952186584,0.3142,0
resumes/data\HR\21265194.pdf,jds\AVIATION\AVIATION_entry.txt,HR,0.0643,0.05,0,17.0,0.4131637215614319,0.2652,0
resumes/data\HR\21830565.pdf,jds\HR\HR_entry.txt,HR,0.2949,0.2,-1,6.0,0.4997755289077759,0.5733,1
resumes/data\HR\21830565.pdf,jds\HR\HR_mid.txt,HR,0.288,0.45,-1,6.0,0.5493922233581543,0.6131,1
resumes/data\HR\21830565.pdf,jds\HR\HR_senior.txt,HR,0.2564,0.25,-1,6.0,0.5188106298446655,0.597,1
resumes/data\HR\21830565.pdf,jds\CONSTRUCTION\CONSTRUCTION_entry.txt,HR,0.071,0.25,0,4.0,0.3275559544563293,0.3225,0
resumes/data\HR\21830565.pdf,jds\CONSTRUCTION\CONSTRUCTION_senior.txt,HR,0.1043,0.3,-1,6.0,0.3286646008491516,0.3141,0
resumes/data\HR\21830565.pdf,jds\CONSTRUCTION\CONSTRUCTION_mid.txt,HR,0.0698,0.1,-1,6.0,0.3140023052692413,0.2793,0
resumes/data\HR\22323967.pdf,jds\ENGINEERING\ENGINEERING_mid.txt,HR,0.0766,0.1,0,11.0,0.3871890604496002,0.3604,0
resumes/data\HR\22323967.pdf,jds\ENGINEERING\ENGINEERING_entry.txt,HR,0.0518,0.05,1,9.0,0.2939732670783996,0.3189,0
resumes/data\HR\23155093.pdf,jds\FITNESS\FITNESS_mid.txt,HR,0.0975,0.2,0,4.0,0.3772587776184082,0.388,0
resumes/data\HR\23155093.pdf,jds\FITNESS\FITNESS_senior.txt,HR,0.0569,0.1,-2,11.0,0.3506564199924469,0.3221,0
resumes/data\HR\23155093.pdf,jds\FITNESS\FITNESS_entry.txt,HR,0.064,0.15,1,9.0,0.363617330789566,0.3542,0
resumes/data\HR\23408537.pdf,jds\HR\HR_entry.txt,HR,0.2092,0.15,-1,2.0,0.5451337099075317,0.6269,1
resumes/data\HR\23408537.pdf,jds\BANKING\BANKING_senior.txt,HR,0.0563,0.2,-1,2.0,0.3402045667171478,0.3772,0
resumes/data\HR\23408537.pdf,jds\BANKING\BANKING_entry.txt,HR,0.0506,0.2,0,0.0,0.3953111171722412,0.3651,0
resumes/data\HR\23510685.pdf,jds\HR\HR_entry.txt,HR,0.2614,0.2,0,6.0,0.6215512156486511,0.5732,1
resumes/data\HR\23510685.pdf,jds\HR\HR_mid.txt,HR,0.2896,0.45,0,6.0,0.6131558418273926,0.6449,1
resumes/data\HR\23510685.pdf,jds\HR\HR_senior.txt,HR,0.3233,0.4,0,6.0,0.6908986568450928,0.6174,1
resumes/data\HR\23510685.pdf,jds\ENGINEERING\ENGINEERING_entry.txt,HR,0.0812,0.1,1,4.0,0.4951784014701843,0.4121,0
resumes/data\HR\23914451.pdf,jds\HR\HR_entry.txt,HR,0.1846,0.2,-1,25.0,0.578579306602478,0.6555,1
resumes/data\HR\23914451.pdf,jds\HR\HR_mid.txt,HR,0.2187,0.6,-1,25.0,0.5323158502578735,0.6429,1
resumes/data\HR\23914451.pdf,jds\BPO\BPO_entry.txt,HR,0.1292,0.2,0,23.0,0.3756161630153656,0.3979,0
resumes/data\HR\24184357.pdf,jds\HR\HR_entry.txt,HR,0.2244,0.2,-1,1.0,0.4981957077980041,0.6149,1
resumes/data\HR\24184357.pdf,jds\HR\HR_mid.txt,HR,0.2657,0.4,-1,1.0,0.5285261869430542,0.6004,1
resumes/data\HR\24184357.pdf,jds\APPAREL\APPAREL_senior.txt,HR,0.101,0.15,-1,1.0,0.3050547242164612,0.304,0
resumes/data\HR\24184357.pdf,jds\APPAREL\APPAREL_entry.txt,HR,0.0514,0.15,0,-1.0,0.296320766210556,0.3245,0
resumes/data\HR\24402267.pdf,jds\HR\HR_entry.txt,HR,0.2125,0.15,0,2.0,0.611311674118042,0.7023,1
resumes/data\HR\24402267.pdf,jds\HR\HR_mid.txt,HR,0.1669,0.25,0,2.0,0.5618371963500977,0.6811,1
resumes/data\HR\24402267.pdf,jds\HR\HR_senior.txt,HR,0.1405,0.15,0,2.0,0.54946368932724,0.6788,1
resumes/data\HR\24402267.pdf,jds\ENGINEERING\ENGINEERING_entry.txt,HR,0.0562,0.1,1,0.0,0.3737413883209228,0.4181,0
resumes/data\HR\24402267.pdf,jds\ENGINEERING\ENGINEERING_senior.txt,HR,0.0582,0.1,-1,2.0,0.3547903895378113,0.3798,0
resumes/data\HR\24402267.pdf,jds\ENGINEERING\ENGINEERING_mid.txt,HR,0.0584,0.1,0,2.0,0.3396791219711303,0.4,0
resumes/data\HR\24508725.pdf,jds\HR\HR_entry.txt,HR,0.319,0.15,0,6.0,0.5707904100418091,0.6861,1
resumes/data\HR\24508725.pdf,jds\HR\HR_mid.txt,HR,0.2978,0.4,0,6.0,0.5169684886932373,0.6306,1
resumes/data\HR\24508725.pdf,jds\HR\HR_senior.txt,HR,0.2275,0.1,0,6.0,0.5623492002487183,0.6304,1
resumes/data\HR\24508725.pdf,jds\AVIATION\AVIATION_mid.txt,HR,0.1347,0.15,1,-2.0,0.4644236266613006,0.4561,0
resumes/data\HR\24508725.pdf,jds\AVIATION\AVIATION_senior.txt,HR,0.0992,0.2,1,6.0,0.4678822755813598,0.3347,0
resumes/data\HR\25150191.pdf,jds\HR\HR_entry.txt,HR,0.2258,0.2,0,10.0,0.5073848962783813,0.5579,1
resumes/data\HR\25150191.pdf,jds\BANKING\BANKING_senior.txt,HR,0.0764,0.1,0,10.0,0.4719590544700622,0.3362,0
resumes/data\HR\25150191.pdf,jds\BANKING\BANKING_entry.txt,HR,0.0994,0.3,1,8.0,0.4400402307510376,0.3046,0
resumes/data\HR\25676643.pdf,jds\HR\HR_entry.txt,HR,0.2827,0.25,-1,10.0,0.6415208578109741,0.6737,1
resumes/data\HR\25676643.pdf,jds\HR\HR_mid.txt,HR,0.2531,0.35,-1,10.0,0.5712536573410034,0.6293,1
resumes/data\HR\25676643.pdf,jds\HR\HR_senior.txt,HR,0.1983,0.35,-1,10.0,0.5820428729057312,0.6338,1
resumes/data\HR\25676643.pdf,jds\SALES\SALES_senior.txt,HR,0.0625,0.25,-1,10.0,0.4084102511405945,0.3937,0
resumes/data\HR\25724495.pdf,jds\HR\HR_entry.txt,HR,0.2194,0.25,0,3.0,0.55500328540802,0.6756,1
resumes/data\HR\25724495.pdf,jds\HR\HR_mid.txt,HR,0.2109,0.45,0,3.0,0.6235129237174988,0.7109,1
resumes/data\HR\25724495.pdf,jds\HR\HR_senior.txt,HR,0.1542,0.2,0,3.0,0.5921186208724976,0.6723,1
resumes/data\HR\25724495.pdf,jds\CHEF\CHEF_senior.txt,HR,0.0596,0.05,2,3.0,0.3559555411338806,0.3297,0
resumes/data\HR\25724495.pdf,jds\CHEF\CHEF_mid.txt,HR,0.0608,0.15,2,3.0,0.3107832372188568,0.2874,0
resumes/data\HR\25724495.pdf,jds\CHEF\CHEF_entry.txt,HR,0.0526,0.05,2,3.0,0.299391895532608,0.2562,0
resumes/data\HR\25824789.pdf,jds\TEACHER\TEACHER_senior.txt,HR,0.0655,0.2,-2,19.0,0.4197176694869995,0.3413,0
resumes/data\HR\25824789.pdf,jds\TEACHER\TEACHER_mid.txt,HR,0.05,0.15,-1,19.0,0.4482603669166565,0.3004,0
resumes/data\HR\25824789.pdf,jds\TEACHER\TEACHER_entry.txt,HR,0.0849,0.15,0,19.0,0.4237062931060791,0.2951,0
resumes/data\HR\26048718.pdf,jds\HR\HR_mid.txt,HR,0.2371,0.35,1,12.0,0.4339340925216675,0.5974,1
resumes/data\HR\26048718.pdf,jds\AUTOMOBILE\AUTOMOBILE_senior.txt,HR,0.0636,0.1,1,12.0,0.3497507572174072,0.2838,0
resumes/data\HR\26048718.pdf,jds\AUTOMOBILE\AUTOMOBILE_entry.txt,HR,0.067,0.15,2,10.0,0.2983555495738983,0.2391,0
resumes/data\HR\26048718.pdf,jds\AUTOMOBILE\AUTOMOBILE_mid.txt,HR,0.1313,0.3,2,4.0,0.3069721460342407,0.2565,0
resumes/data\HR\26202430.pdf,jds\HR\HR_entry.txt,HR,0.2163,0.15,0,0.0,0.5638846158981323,0.598,1
resumes/data\HR\26202430.pdf,jds\HR\HR_mid.txt,HR,0.2314,0.35,0,0.0,0.6377946734428406,0.7006,1
resumes/data\HR\26202430.pdf,jds\AGRICULTURE\AGRICULTURE_senior.txt,HR,0.0452,0.2,-1,0.0,0.3380111157894134,0.3341,0
resumes/data\HR\26202430.pdf,jds\AGRICULTURE\AGRICULTURE_mid.txt,HR,0.0567,0.1,0,-7.0,0.2722136378288269,0.3022,0
resumes/data\HR\26202430.pdf,jds\AGRICULTURE\AGRICULTURE_entry.txt,HR,0.0494,0.05,1,0.0,0.2745795249938965,0.3149,0
resumes/data\HR\26289308.pdf,jds\HR\HR_entry.txt,HR,0.2444,0.2,-1,4.0,0.5068129301071167,0.6202,1
resumes/data\HR\26289308.pdf,jds\HR\HR_mid.txt,HR,0.28,0.6,-1,4.0,0.5122189521789551,0.6294,1
resumes/data\HR\26289308.pdf,jds\HR\HR_senior.txt,HR,0.2377,0.3,-1,4.0,0.5398269295692444,0.6063,1
resumes/data\HR\26289308.pdf,jds\AUTOMOBILE\AUTOMOBILE_entry.txt,HR,0.0687,0.1,0,2.0,0.2946512699127197,0.3034,0
resumes/data\HR\26289308.pdf,jds\AUTOMOBILE\AUTOMOBILE_senior.txt,HR,0.0641,0.05,-1,4.0,0.3498170375823974,0.3414,0
resumes/data\HR\26289308.pdf,jds\AUTOMOBILE\AUTOMOBILE_mid.txt,HR,0.1318,0.1,0,-4.0,0.3419075906276703,0.3528,0
resumes/data\HR\26671167.pdf,jds\APPAREL\APPAREL_senior.txt,HR,0.0549,0.1,-2,12.0,0.3660861849784851,0.3495,0
resumes/data\HR\26671167.pdf,jds\APPAREL\APPAREL_entry.txt,HR,0.0371,0.05,-1,10.0,0.3509511351585388,0.33,0
resumes/data\HR\26780935.pdf,jds\BANKING\BANKING_entry.txt,HR,0.0565,0.15,0,20.0,0.3301801681518554,0.3162,0
resumes/data\HR\26780935.pdf,jds\BANKING\BANKING_senior.txt,HR,0.0719,0.05,-1,22.0,0.4141416251659393,0.3643,0
resumes/data\HR\27018550.pdf,jds\DESIGNER\DESIGNER_mid.txt,HR,0.0377,0.0,-1,6.0,0.3590379357337951,0.3428,0
resumes/data\HR\27018550.pdf,jds\DESIGNER\DESIGNER_senior.txt,HR,0.038,0.05,-1,6.0,0.3500221967697143,0.285,0
resumes/data\HR\27018550.pdf,jds\DESIGNER\DESIGNER_entry.txt,HR,0.0367,0.0,0,4.0,0.3408603370189667,0.2664,0
resumes/data\HR\27165830.pdf,jds\HR\HR_mid.txt,HR,0.2285,0.45,-1,16.0,0.5674725770950317,0.5833,1
resumes/data\HR\27165830.pdf,jds\AUTOMOBILE\AUTOMOBILE_senior.txt,HR,0.0748,0.15,-1,16.0,0.3480424582958221,0.3417,0
resumes/data\HR\27165830.pdf,jds\AUTOMOBILE\AUTOMOBILE_entry.txt,HR,0.0704,0.1,0,14.0,0.3328927755355835,0.225,0
resumes/data\HR\27165830.pdf,jds\AUTOMOBILE\AUTOMOBILE_mid.txt,HR,0.1298,0.2,0,8.0,0.3373768925666809,0.276,0
resumes/data\HR\27490876.pdf,jds\HR\HR_entry.txt,HR,0.2124,0.1,0,16.0,0.5437114238739014,0.5761,1
resumes/data\HR\27490876.pdf,jds\CONSTRUCTION\CONSTRUCTION_mid.txt,HR,0.0562,0.2,0,16.0,0.3494889140129089,0.3498,0
resumes/data\HR\27490876.pdf,jds\CONSTRUCTION\CONSTRUCTION_entry.txt,HR,0.0402,0.05,1,14.0,0.4224661290645599,0.3824,0
resumes/data\HR\27490876.pdf,jds\CONSTRUCTION\CONSTRUCTION_senior.txt,HR,0.0771,0.15,0,16.0,0.3690016865730285,0.3493,0
resumes/data\HR\27496514.pdf,jds\APPAREL\APPAREL_senior.txt,HR,0.0443,0.05,0,14.0,0.318493902683258,0.2928,0
resumes/data\HR\27496514.pdf,jds\APPAREL\APPAREL_entry.txt,HR,0.0271,0.0,1,12.0,0.2828605771064758,0.2534,0
resumes/data\HR\27496514.pdf,jds\APPAREL\APPAREL_mid.txt,HR,0.0575,0.05,0,14.0,0.3348084688186645,0.3352,0
resumes/data\HR\27523575.pdf,jds\BPO\BPO_entry.txt,HR,0.0743,0.1,0,15.0,0.4263144731521606,0.3851,0
resumes/data\HR\27847081.pdf,jds\HR\HR_entry.txt,HR,0.2356,0.15,-1,31.0,0.5938581228256226,0.6112,1
resumes/data\HR\27847081.pdf,jds\HR\HR_mid.txt,HR,0.1868,0.3,-1,31.0,0.6116354465484619,0.6241,1
resumes/data\HR\27847081.pdf,jds\INFORMATION-TECHNOLOGY\INFORMATION-TECHNOLOGY_entry.txt,HR,0.0672,0.0,0,29.0,0.4465765357017517,0.5171,0
resumes/data\HR\28175164.pdf,jds\HR\HR_entry.txt,HR,0.3056,0.25,0,14.0,0.5412890911102295,0.5764,1
resumes/data\HR\28175164.pdf,jds\HR\HR_mid.txt,HR,0.3577,0.7,0,14.0,0.5287736654281616,0.6647,1
resumes/data\HR\28175164.pdf,jds\HR\HR_senior.txt,HR,0.3236,0.3,0,14.0,0.5696070194244385,0.6623,1
resumes/data\HR\28175164.pdf,jds\ADVOCATE\ADVOCATE_mid.txt,HR,0.0508,0.3,0,14.0,0.3693597316741943,0.3022,0
resumes/data\HR\28175164.pdf,jds\ADVOCATE\ADVOCATE_senior.txt,HR,0.0829,0.25,0,14.0,0.3830724656581878,0.3166,0
resumes/data\HR\28175164.pdf,jds\ADVOCATE\ADVOCATE_entry.txt,HR,0.0505,0.05,0,12.0,0.3587988018989563,0.2947,0
resumes/data\HR\28419173.pdf,jds\APPAREL\APPAREL_senior.txt,HR,0.0716,0.25,-1,0.0,0.4094383120536804,0.2418,0
resumes/data\HR\28419173.pdf,jds\APPAREL\APPAREL_entry.txt,HR,0.056,0.1,0,-2.0,0.4152968525886535,0.2862,0
resumes/data\HR\28419173.pdf,jds\APPAREL\APPAREL_mid.txt,HR,0.0798,0.05,-1,0.0,0.4715551733970642,0.3069,0
resumes/data\HR\28640735.pdf,jds\HR\HR_mid.txt,HR,0.2162,0.45,-1,20.0,0.5022657513618469,0.591,1
resumes/data\HR\28640735.pdf,jds\HEALTHCARE\HEALTHCARE_entry.txt,HR,0.0516,0.1,0,18.0,0.3392743468284607,0.4407,0
resumes/data\HR\28808263.pdf,jds\AVIATION\AVIATION_mid.txt,HR,0.0678,0.1,0,-8.0,0.3405220508575439,0.2928,0
resumes/data\HR\28808263.pdf,jds\AVIATION\AVIATION_entry.txt,HR,0.0652,0.0,0,-2.0,0.3630093038082123,0.3058,0
resumes/data\HR\28808263.pdf,jds\AVIATION\AVIATION_senior.txt,HR,0.0328,0.05,0,0.0,0.3575760126113891,0.291,0
resumes/data\HR\28828844.pdf,jds\HR\HR_entry.txt,HR,0.2426,0.3,-1,14.0,0.5821207165718079,0.592,1
resumes/data\HR\28828844.pdf,jds\HR\HR_mid.txt,HR,0.2054,0.4,-1,14.0,0.5892952680587769,0.5938,1
resumes/data\HR\28828844.pdf,jds\FINANCE\FINANCE_senior.txt,HR,0.0657,0.15,-1,14.0,0.3029949367046356,0.2673,0
resumes/data\HR\28828844.pdf,jds\FINANCE\FINANCE_mid.txt,HR,0.0414,0.0,-1,14.0,0.3105419278144836,0.2637,0
resumes/data\HR\28828844.pdf,jds\FINANCE\FINANCE_entry.txt,HR,0.0483,0.1,-1,12.0,0.3225566744804382,0.2775,0
resumes/data\HR\29091445.pdf,jds\HR\HR_entry.txt,HR,0.2105,0.15,-1,17.0,0.4964909553527832,0.5893,1
resumes/data\HR\29091445.pdf,jds\ARTS\ARTS_senior.txt,HR,0.0303,0.1,-2,17.0,0.3682077527046203,0.2505,0
resumes/data\HR\29091445.pdf,jds\ARTS\ARTS_mid.txt,HR,0.0428,0.2,-1,17.0,0.4788081049919128,0.2926,0
resumes/data\HR\29091445.pdf,jds\ARTS\ARTS_entry.txt,HR,0.0449,0.1,0,17.0,0.4406896233558655,0.2516,0
resumes/data\HR\29149998.pdf,jds\HR\HR_entry.txt,HR,0.1595,0.1,-1,10.0,0.4829277992248535,0.6578,1
resumes/data\HR\29149998.pdf,jds\ARTS\ARTS_entry.txt,HR,0.0477,0.0,0,10.0,0.2650588750839233,0.29,0
resumes/data\HR\29149998.pdf,jds\ARTS\ARTS_senior.txt,HR,0.0523,0.1,-2,10.0,0.2148986011743545,0.2512,0
resumes/data\HR\29149998.pdf,jds\ARTS\ARTS_mid.txt,HR,0.0702,0.1,-1,10.0,0.2847813665866852,0.3229,0
resumes/data\HR\29297973.pdf,jds\ENGINEERING\ENGINEERING_entry.txt,HR,0.0515,0.15,0,8.0,0.3706105351448059,0.3734,0
resumes/data\HR\29297973.pdf,jds\ENGINEERING\ENGINEERING_senior.txt,HR,0.0427,0.1,-2,10.0,0.4328762888908386,0.3177,0
resumes/data\HR\29297973.pdf,jds\ENGINEERING\ENGINEERING_mid.txt,HR,0.0493,0.05,-1,10.0,0.4008228182792663,0.3917,0
resumes/data\HR\29564653.pdf,jds\CONSTRUCTION\CONSTRUCTION_mid.txt,HR,0.0566,0.05,-1,13.0,0.3714064359664917,0.3893,0
resumes/data\HR\29564653.pdf,jds\CONSTRUCTION\CONSTRUCTION_entry.txt,HR,0.0433,0.05,0,11.0,0.3577520847320556,0.3885,0
resumes/data\HR\29564653.pdf,jds\CONSTRUCTION\CONSTRUCTION_senior.txt,HR,0.0503,0.1,-1,13.0,0.3290434181690216,0.3354,0
resumes/data\HR\30163002.pdf,jds\BPO\BPO_entry.txt,HR,0.0792,0.15,0,2.0,0.4538286328315735,0.4302,0
resumes/data\HR\30563572.pdf,jds\HR\HR_entry.txt,HR,0.2362,0.35,-1,17.0,0.5803131461143494,0.603,1
resumes/data\HR\30563572.pdf,jds\HR\HR_mid.txt,HR,0.3429,0.4,-1,17.0,0.5970563292503357,0.7137,1
resumes/data\HR\30563572.pdf,jds\HR\HR_senior.txt,HR,0.2718,0.25,-1,17.0,0.6336648464202881,0.616,1
resumes/data\HR\30563572.pdf,jds\TEACHER\TEACHER_senior.txt,HR,0.0315,0.05,-2,17.0,0.4414931535720825,0.3634,0
resumes/data\HR\30563572.pdf,jds\TEACHER\TEACHER_entry.txt,HR,0.0612,0.1,0,17.0,0.4128506481647491,0.3347,0
resumes/data\HR\30563572.pdf,jds\TEACHER\TEACHER_mid.txt,HR,0.0518,0.05,-1,17.0,0.4164127111434936,0.3654,0
resumes/data\HR\30646367.pdf,jds\HEALTHCARE\HEALTHCARE_mid.txt,HR,0.0232,0.05,0,0.0,0.3734761476516723,0.2761,0
resumes/data\HR\30646367.pdf,jds\HEALTHCARE\HEALTHCARE_entry.txt,HR,0.0507,0.15,1,-2.0,0.4785157442092895,0.4178,0
resumes/data\HR\30646367.pdf,jds\HEALTHCARE\HEALTHCARE_senior.txt,HR,0.0192,0.15,0,0.0,0.3289855718612671,0.2134,0
resumes/data\HR\30862904.pdf,jds\HR\HR_entry.txt,HR,0.2694,0.35,-1,10.0,0.6059286594390869,0.6227,1
resumes/data\HR\30862904.pdf,jds\HR\HR_mid.txt,HR,0.2883,0.35,-1,10.0,0.5628522634506226,0.6214,1
resumes/data\HR\30862904.pdf,jds\HR\HR_senior.txt,HR,0.22,0.2,-1,10.0,0.5594494342803955,0.6389,1
resumes/data\HR\32308556.pdf,jds\HEALTHCARE\HEALTHCARE_senior.txt,HR,0.0687,0.2,1,5.0,0.4483749568462372,0.3042,0
resumes/data\HR\32308556.pdf,jds\HEALTHCARE\HEALTHCARE_entry.txt,HR,0.0587,0.05,2,3.0,0.3968285918235779,0.3063,0
resumes/data\HR\32896934.pdf,jds\HR\HR_entry.txt,HR,0.323,0.2,-1,10.0,0.5346744060516357,0.5325,1
resumes/data\HR\32896934.pdf,jds\HR\HR_mid.txt,HR,0.2699,0.3,-1,10.0,0.5773755311965942,0.5595,1
resumes/data\HR\32896934.pdf,jds\HR\HR_senior.txt,HR,0.2272,0.15,-1,10.0,0.6112068891525269,0.5416,1
resumes/data\HR\32896934.pdf,jds\FINANCE\FINANCE_entry.txt,HR,0.0749,0.15,-1,8.0,0.3276677131652832,0.2136,0
resumes/data\HR\32896934.pdf,jds\FINANCE\FINANCE_senior.txt,HR,0.0759,0.2,-1,10.0,0.3057441711425781,0.2259,0
resumes/data\HR\32896934.pdf,jds\FINANCE\FINANCE_mid.txt,HR,0.0538,0.1,-1,10.0,0.3968047499656677,0.2326,0
resumes/data\HR\32947778.pdf,jds\HR\HR_entry.txt,HR,0.2691,0.2,-1,0.0,0.5667484402656555,0.608,1
resumes/data\HR\32947778.pdf,jds\HR\HR_mid.txt,HR,0.2329,0.4,-1,0.0,0.6158180832862854,0.6565,1
resumes/data\HR\32947778.pdf,jds\HR\HR_senior.txt,HR,0.1929,0.15,-1,0.0,0.5716132521629333,0.6271,1
resumes/data\HR\32947778.pdf,jds\AGRICULTURE\AGRICULTURE_mid.txt,HR,0.0909,0.1,-1,-7.0,0.2365873157978058,0.2715,0
resumes/data\HR\32947778.pdf,jds\AGRICULTURE\AGRICULTURE_senior.txt,HR,0.0627,0.05,-2,0.0,0.2951065301895141,0.2563,0
resumes/data\HR\32947778.pdf,jds\AGRICULTURE\AGRICULTURE_entry.txt,HR,0.0719,0.1,0,0.0,0.3037942945957184,0.2234,0
resumes/data\HR\32977530.pdf,jds\AUTOMOBILE\AUTOMOBILE_mid.txt,HR,0.1414,0.15,0,-8.0,0.2975518107414245,0.334,0
resumes/data\HR\32977530.pdf,jds\AUTOMOBILE\AUTOMOBILE_entry.txt,HR,0.0923,0.15,0,-2.0,0.2729481756687164,0.3381,0
resumes/data\HR\32977530.pdf,jds\AUTOMOBILE\AUTOMOBILE_senior.txt,HR,0.0464,0.15,-1,0.0,0.2399829477071762,0.2876,0
resumes/data\HR\33176873.pdf,jds\ADVOCATE\ADVOCATE_senior.txt,HR,0.0583,0.15,0,20.0,0.3442862629890442,0.2742,0
resumes/data\HR\33176873.pdf,jds\ADVOCATE\ADVOCATE_entry.txt,HR,0.0684,0.15,0,18.0,0.3788180947303772,0.2712,0
resumes/data\HR\33176873.pdf,jds\ADVOCATE\ADVOCATE_mid.txt,HR,0.0447,0.05,0,20.0,0.3656472563743591,0.2805,0
resumes/data\HR\34554248.pdf,jds\HR\HR_entry.txt,HR,0.2364,0.15,0,9.0,0.4808157086372375,0.5591,1
resumes/data\HR\34554248.pdf,jds\HR\HR_mid.txt,HR,0.2526,0.25,0,9.0,0.4533275067806244,0.5271,1
resumes/data\HR\34554248.pdf,jds\TEACHER\TEACHER_senior.txt,HR,0.0517,0.05,-1,9.0,0.2865777313709259,0.2547,0
resumes/data\HR\34554248.pdf,jds\TEACHER\TEACHER_mid.txt,HR,0.0612,0.0,0,9.0,0.3466981053352356,0.2907,0
resumes/data\HR\34554248.pdf,jds\TEACHER\TEACHER_entry.txt,HR,0.0616,0.05,1,9.0,0.31821408867836,0.235,0
resumes/data\HR\34740556.pdf,jds\HR\HR_entry.txt,HR,0.2946,0.15,-1,8.0,0.5512232184410095,0.5898,1
resumes/data\HR\34740556.pdf,jds\HR\HR_mid.txt,HR,0.3083,0.55,-1,8.0,0.6094534993171692,0.6609,1
resumes/data\HR\34740556.pdf,jds\HR\HR_senior.txt,HR,0.2729,0.15,-1,8.0,0.5414413809776306,0.6014,1
resumes/data\HR\34740556.pdf,jds\DIGITAL-MEDIA\DIGITAL-MEDIA_senior.txt,HR,0.0304,0.0,-1,8.0,0.3322494626045227,0.2976,0
resumes/data\HR\34740556.pdf,jds\DIGITAL-MEDIA\DIGITAL-MEDIA_mid.txt,HR,0.0387,0.1,-1,8.0,0.3547794222831726,0.39,0
resumes/data\HR\34740556.pdf,jds\DIGITAL-MEDIA\DIGITAL-MEDIA_entry.txt,HR,0.0402,0.05,0,6.0,0.3246961832046509,0.3549,0
resumes/data\HR\39081840.pdf,jds\DESIGNER\DESIGNER_entry.txt,HR,0.0382,0.05,0,9.0,0.2169456034898758,0.2341,0
resumes/data\HR\39081840.pdf,jds\DESIGNER\DESIGNER_mid.txt,HR,0.0453,0.05,-1,11.0,0.2559799551963806,0.2759,0
resumes/data\HR\39081840.pdf,jds\DESIGNER\DESIGNER_senior.txt,HR,0.0274,0.1,-1,11.0,0.23531574010849,0.229,0
resumes/data\HR\39650734.pdf,jds\DIGITAL-MEDIA\DIGITAL-MEDIA_mid.txt,HR,0.0766,0.25,0,5.0,0.4650866389274597,0.3495,0
resumes/data\HR\39650734.pdf,jds\DIGITAL-MEDIA\DIGITAL-MEDIA_entry.txt,HR,0.0647,0.25,1,3.0,0.4760451316833496,0.3665,0
resumes/data\HR\39650734.pdf,jds\DIGITAL-MEDIA\DIGITAL-MEDIA_senior.txt,HR,0.0625,0.2,0,5.0,0.3664624691009521,0.2668,0
resumes/data\HR\39970711.pdf,jds\HR\HR_senior.txt,HR,0.2328,0.3,0,15.0,0.4917093515396118,0.5755,1
resumes/data\HR\39970711.pdf,jds\DESIGNER\DESIGNER_senior.txt,HR,0.0359,0.1,0,15.0,0.3307683765888214,0.2772,0
resumes/data\HR\39970711.pdf,jds\DESIGNER\DESIGNER_mid.txt,HR,0.0471,0.05,0,15.0,0.3484569787979126,0.3045,0
resumes/data\HR\39970711.pdf,jds\DESIGNER\DESIGNER_entry.txt,HR,0.0354,0.05,1,13.0,0.337230384349823,0.2469,0
resumes/data\HR\41523474.pdf,jds\HR\HR_entry.txt,HR,0.2353,0.15,0,1.0,0.6094173192977905,0.5685,1
resumes/data\HR\41523474.pdf,jds\CHEF\CHEF_entry.txt,HR,0.0612,0.0,2,1.0,0.3907252252101898,0.2462,0
resumes/data\HR\41523474.pdf,jds\CHEF\CHEF_senior.txt,HR,0.0932,0.1,2,1.0,0.4653373658657074,0.2813,0
resumes/data\HR\41523474.pdf,jds\CHEF\CHEF_mid.txt,HR,0.0815,0.15,2,1.0,0.4309836328029632,0.2849,0
resumes/data\HR\44476983.pdf,jds\HR\HR_entry.txt,HR,0.2544,0.35,-1,0.0,0.5461169481277466,0.5618,1
resumes/data\HR\44476983.pdf,jds\HR\HR_mid.txt,HR,0.3174,0.6,-1,0.0,0.5809465646743774,0.6714,1
resumes/data\HR\44476983.pdf,jds\HR\HR_senior.txt,HR,0.2314,0.25,-1,0.0,0.5665496587753296,0.5955,1
resumes/data\HR\44476983.pdf,jds\DIGITAL-MEDIA\DIGITAL-MEDIA_senior.txt,HR,0.0694,0.15,-1,0.0,0.3965138792991638,0.3115,0
resumes/data\HR\44476983.pdf,jds\DIGITAL-MEDIA\DIGITAL-MEDIA_entry.txt,HR,0.0719,0.05,0,-2.0,0.423982560634613,0.3848,0
resumes/data\HR\46258701.pdf,jds\HR\HR_entry.txt,HR,0.2413,0.2,-1,14.0,0.4895763397216797,0.6416,1
resumes/data\HR\46258701.pdf,jds\AVIATION\AVIATION_entry.txt,HR,0.0432,0.05,0,12.0,0.3728113174438476,0.3776,0
resumes/data\HR\46258701.pdf,jds\AVIATION\AVIATION_mid.txt,HR,0.0457,0.05,0,6.0,0.3472875356674194,0.4325,0
resumes/data\HR\46258701.pdf,jds\AVIATION\AVIATION_senior.txt,HR,0.037,0.15,0,14.0,0.3502758145332336,0.4127,0
resumes/data\HR\47470864.pdf,jds\TEACHER\TEACHER_entry.txt,HR,0.052,0.05,0,9.0,0.3374795317649841,0.2363,0
resumes/data\HR\47470864.pdf,jds\TEACHER\TEACHER_senior.txt,HR,0.0427,0.05,-2,9.0,0.3379307389259338,0.2118,0
resumes/data\HR\47470864.pdf,jds\TEACHER\TEACHER_mid.txt,HR,0.0442,0.05,-1,9.0,0.3155197203159332,0.2336,0
resumes/data\HR\49937469.pdf,jds\HR\HR_entry.txt,HR,0.2168,0.15,-1,24.0,0.5064401626586914,0.6538,1
resumes/data\HR\49937469.pdf,jds\INFORMATION-TECHNOLOGY\INFORMATION-TECHNOLOGY_senior.txt,HR,0.0526,0.05,-1,24.0,0.2978460192680359,0.3667,0
resumes/data\HR\49937469.pdf,jds\INFORMATION-TECHNOLOGY\INFORMATION-TECHNOLOGY_mid.txt,HR,0.0456,0.15,-1,24.0,0.3542806208133697,0.3899,0
resumes/data\HR\49937469.pdf,jds\INFORMATION-TECHNOLOGY\INFORMATION-TECHNOLOGY_entry.txt,HR,0.0398,0.0,0,22.0,0.3570548892021179,0.384,0
resumes/data\HR\51769822.pdf,jds\CHEF\CHEF_senior.txt,HR,0.0517,0.05,1,30.0,0.3294796347618103,0.3617,0
resumes/data\HR\51769822.pdf,jds\CHEF\CHEF_mid.txt,HR,0.0581,0.1,1,30.0,0.3489478826522827,0.3671,0
resumes/data\HR\51769822.pdf,jds\CHEF\CHEF_entry.txt,HR,0.0756,0.1,1,30.0,0.3073916733264923,0.2956,0
resumes/data\HR\52979663.pdf,jds\ADVOCATE\ADVOCATE_mid.txt,HR,0.0338,0.1,-1,27.0,0.3235858380794525,0.2271,0
resumes/data\HR\52979663.pdf,jds\ADVOCATE\ADVOCATE_senior.txt,HR,0.0522,0.2,-1,27.0,0.3283793330192566,0.2377,0
resumes/data\HR\52979663.pdf,jds\ADVOCATE\ADVOCATE_entry.txt,HR,0.0513,0.15,-1,25.0,0.293548583984375,0.2321,0
resumes/data\HR\57667857.pdf,jds\HR\HR_entry.txt,HR,0.2286,0.15,-2,11.0,0.6181703209877014,0.6211,1
resumes/data\HR\57667857.pdf,jds\HR\HR_mid.txt,HR,0.2108,0.55,-2,11.0,0.5226585865020752,0.6081,1
resumes/data\HR\57667857.pdf,jds\APPAREL\APPAREL_entry.txt,HR,0.0508,0.05,-1,9.0,0.4092322587966919,0.2909,0
resumes/data\HR\57667857.pdf,jds\APPAREL\APPAREL_senior.txt,HR,0.0659,0.15,-2,11.0,0.3847136795520782,0.3194,0
resumes/data\HR\57667857.pdf,jds\APPAREL\APPAREL_mid.txt,HR,0.069,0.1,-2,11.0,0.3922151327133178,0.3691,0
resumes/data\HR\59962788.pdf,jds\HR\HR_entry.txt,HR,0.2271,0.25,0,0.0,0.5304758548736572,0.6277,1
resumes/data\HR\59962788.pdf,jds\HR\HR_mid.txt,HR,0.2015,0.25,0,0.0,0.5571815967559814,0.684,1
resumes/data\HR\59962788.pdf,jds\HR\HR_senior.txt,HR,0.1778,0.3,0,0.0,0.6050447225570679,0.6425,1
resumes/data\HR\59962788.pdf,jds\CHEF\CHEF_senior.txt,HR,0.0734,0.1,2,0.0,0.3841601908206939,0.2849,0
resumes/data\HR\59962788.pdf,jds\CHEF\CHEF_entry.txt,HR,0.0741,0.2,2,0.0,0.3419898152351379,0.2161,0
resumes/data\HR\59962788.pdf,jds\CHEF\CHEF_mid.txt,HR,0.0703,0.15,2,0.0,0.3447291254997253,0.259,0
resumes/data\HR\72231872.pdf,jds\HR\HR_entry.txt,HR,0.2655,0.2,-1,9.0,0.5572673082351685,0.6115,1
resumes/data\HR\72231872.pdf,jds\CONSTRUCTION\CONSTRUCTION_entry.txt,HR,0.068,0.1,0,7.0,0.3514804244041443,0.3353,0
resumes/data\HR\72231872.pdf,jds\CONSTRUCTION\CONSTRUCTION_senior.txt,HR,0.0802,0.2,-1,9.0,0.3832345008850097,0.3524,0
resumes/data\HR\72231872.pdf,jds\CONSTRUCTION\CONSTRUCTION_mid.txt,HR,0.0744,0.25,-1,9.0,0.3781668841838836,0.3141,0
resumes/data\HR\73077810.pdf,jds\HR\HR_entry.txt,HR,0.2513,0.15,-1,9.0,0.5445183515548706,0.6476,1
resumes/data\HR\73077810.pdf,jds\HR\HR_mid.txt,HR,0.2195,0.45,-1,9.0,0.5544438362121582,0.5836,1
resumes/data\HR\73077810.pdf,jds\CHEF\CHEF_mid.txt,HR,0.0567,0.05,1,9.0,0.2632147371768951,0.2606,0
resumes/data\HR\73077810.pdf,jds\CHEF\CHEF_entry.txt,HR,0.05,0.1,1,9.0,0.2486089915037155,0.2072,0
resumes/data\HR\73077810.pdf,jds\CHEF\CHEF_senior.txt,HR,0.0508,0.0,1,9.0,0.2910245954990387,0.2442,0
resumes/data\HR\80162314.pdf,jds\HR\HR_entry.txt,HR,0.282,0.25,0,0.0,0.5989630222320557,0.6259,1
resumes/data\HR\80162314.pdf,jds\HR\HR_mid.txt,HR,0.2364,0.25,0,0.0,0.5006657838821411,0.5741,1
resumes/data\HR\80162314.pdf,jds\HR\HR_senior.txt,HR,0.2457,0.3,0,0.0,0.4905173778533935,0.6256,1
resumes/data\HR\80162314.pdf,jds\HEALTHCARE\HEALTHCARE_senior.txt,HR,0.0466,0.2,0,0.0,0.3176951706409454,0.3096,0
resumes/data\HR\80162314.pdf,jds\HEALTHCARE\HEALTHCARE_entry.txt,HR,0.0534,0.05,1,-2.0,0.4642068743705749,0.4835,0
resumes/data\HR\80162314.pdf,jds\HEALTHCARE\HEALTHCARE_mid.txt,HR,0.0897,0.25,0,0.0,0.3463594019412994,0.3153,0
resumes/data\HR\86184722.pdf,jds\HR\HR_entry.txt,HR,0.2495,0.2,0,14.0,0.5139774084091187,0.649,1
resumes/data\HR\86184722.pdf,jds\HR\HR_mid.txt,HR,0.2304,0.5,0,14.0,0.4880909919738769,0.6766,1
resumes/data\HR\86184722.pdf,jds\CONSTRUCTION\CONSTRUCTION_entry.txt,HR,0.0311,0.1,1,12.0,0.3391845524311065,0.4105,0
resumes/data\HR\87968870.pdf,jds\HR\HR_entry.txt,HR,0.2354,0.1,-1,12.0,0.5534121990203857,0.628,1
resumes/data\HR\87968870.pdf,jds\HR\HR_mid.txt,HR,0.2321,0.35,-1,12.0,0.5597769618034363,0.6365,1
resumes/data\HR\87968870.pdf,jds\FINANCE\FINANCE_entry.txt,HR,0.0347,0.0,-1,10.0,0.2862696349620819,0.2205,0
resumes/data\HR\87968870.pdf,jds\FINANCE\FINANCE_senior.txt,HR,0.075,0.2,-1,12.0,0.2892990708351135,0.2274,0
resumes/data\HR\87968870.pdf,jds\FINANCE\FINANCE_mid.txt,HR,0.0451,0.05,-1,12.0,0.3290969729423523,0.2292,0
resumes/data\HR\91930382.pdf,jds\ENGINEERING\ENGINEERING_entry.txt,HR,0.0617,0.15,1,24.0,0.3868298232555389,0.4153,0
resumes/data\HR\91930382.pdf,jds\ENGINEERING\ENGINEERING_senior.txt,HR,0.0762,0.15,-1,26.0,0.3983297049999237,0.3745,0
resumes/data\HR\91930382.pdf,jds\ENGINEERING\ENGINEERING_mid.txt,HR,0.0556,0.05,0,26.0,0.3479595780372619,0.3932,0
resumes/data\HR\93002334.pdf,jds\HR\HR_entry.txt,HR,0.2392,0.15,-1,7.0,0.5185528993606567,0.563,1
resumes/data\HR\93002334.pdf,jds\HR\HR_mid.txt,HR,0.1885,0.3,-1,7.0,0.5576112270355225,0.6043,1
resumes/data\HR\93002334.pdf,jds\ENGINEERING\ENGINEERING_entry.txt,HR,0.0467,0.05,0,5.0,0.3463177978992462,0.3521,0
resumes/data\HR\93002334.pdf,jds\ENGINEERING\ENGINEERING_mid.txt,HR,0.0477,0.1,-1,7.0,0.4103186726570129,0.3658,0
resumes/data\HR\93002334.pdf,jds\ENGINEERING\ENGINEERING_senior.txt,HR,0.042,0.1,-2,7.0,0.3481977880001068,0.3411,0
resumes/data\HR\93112113.pdf,jds\HR\HR_entry.txt,HR,0.2344,0.2,-1,13.0,0.4785329699516296,0.5835,1
resumes/data\HR\93112113.pdf,jds\HR\HR_mid.txt,HR,0.2125,0.4,-1,13.0,0.4849677383899688,0.5751,1
resumes/data\HR\93112113.pdf,jds\FINANCE\FINANCE_entry.txt,HR,0.0774,0.2,-1,11.0,0.3112377822399139,0.2249,0
resumes/data\HR\93112113.pdf,jds\FINANCE\FINANCE_mid.txt,HR,0.0747,0.1,-1,13.0,0.3389193415641784,0.2672,0
resumes/data\HR\93112113.pdf,jds\FINANCE\FINANCE_senior.txt,HR,0.0891,0.2,-1,13.0,0.3170588612556457,0.2367,0
resumes/data\INFORMATION-TECHNOLOGY\10089434.pdf,jds\SALES\SALES_senior.txt,INFORMATION-TECHNOLOGY,0.0345,0.1,-1,19.0,0.3214679956436157,0.3443,0
resumes/data\INFORMATION-TECHNOLOGY\10089434.pdf,jds\SALES\SALES_mid.txt,INFORMATION-TECHNOLOGY,0.0329,0.15,-1,19.0,0.2519991099834442,0.2713,0
resumes/data\INFORMATION-TECHNOLOGY\10089434.pdf,jds\SALES\SALES_entry.txt,INFORMATION-TECHNOLOGY,0.0234,0.0,0,19.0,0.3389937877655029,0.3612,0
resumes/data\INFORMATION-TECHNOLOGY\10247517.pdf,jds\SALES\SALES_senior.txt,INFORMATION-TECHNOLOGY,0.0466,0.15,0,13.0,0.3974874913692474,0.4083,0
resumes/data\INFORMATION-TECHNOLOGY\10247517.pdf,jds\SALES\SALES_entry.txt,INFORMATION-TECHNOLOGY,0.0258,0.0,1,13.0,0.4159283936023712,0.3802,0
resumes/data\INFORMATION-TECHNOLOGY\10265057.pdf,jds\HEALTHCARE\HEALTHCARE_senior.txt,INFORMATION-TECHNOLOGY,0.0389,0.05,-1,14.0,0.2265564352273941,0.2665,0
resumes/data\INFORMATION-TECHNOLOGY\10265057.pdf,jds\HEALTHCARE\HEALTHCARE_mid.txt,INFORMATION-TECHNOLOGY,0.0601,0.2,-1,14.0,0.2946648001670837,0.2978,0
resumes/data\INFORMATION-TECHNOLOGY\10265057.pdf,jds\HEALTHCARE\HEALTHCARE_entry.txt,INFORMATION-TECHNOLOGY,0.0435,0.1,0,12.0,0.2654659748077392,0.3088,0
resumes/data\INFORMATION-TECHNOLOGY\10553553.pdf,jds\ARTS\ARTS_senior.txt,INFORMATION-TECHNOLOGY,0.0284,0.1,-1,13.0,0.2640411853790283,0.2434,0
resumes/data\INFORMATION-TECHNOLOGY\10553553.pdf,jds\ARTS\ARTS_entry.txt,INFORMATION-TECHNOLOGY,0.0413,0.1,1,13.0,0.2616037726402282,0.1862,0
resumes/data\INFORMATION-TECHNOLOGY\10553553.pdf,jds\ARTS\ARTS_mid.txt,INFORMATION-TECHNOLOGY,0.0474,0.15,0,13.0,0.2461601495742797,0.3162,0
resumes/data\INFORMATION-TECHNOLOGY\10641230.pdf,jds\FITNESS\FITNESS_entry.txt,INFORMATION-TECHNOLOGY,0.051,0.1,0,-2.0,0.3525803387165069,0.3076,0
resumes/data\INFORMATION-TECHNOLOGY\10641230.pdf,jds\FITNESS\FITNESS_senior.txt,INFORMATION-TECHNOLOGY,0.0662,0.1,-3,0.0,0.2984567582607269,0.2892,0
resumes/data\INFORMATION-TECHNOLOGY\10641230.pdf,jds\FITNESS\FITNESS_mid.txt,INFORMATION-TECHNOLOGY,0.0756,0.15,-1,-7.0,0.2908312976360321,0.313,0
resumes/data\INFORMATION-TECHNOLOGY\10839851.pdf,jds\FITNESS\FITNESS_mid.txt,INFORMATION-TECHNOLOGY,0.047,0.05,0,1.0,0.140738382935524,0.249,0
resumes/data\INFORMATION-TECHNOLOGY\10839851.pdf,jds\FITNESS\FITNESS_entry.txt,INFORMATION-TECHNOLOGY,0.0408,0.1,1,6.0,0.2553839087486267,0.2799,0
resumes/data\INFORMATION-TECHNOLOGY\10839851.pdf,jds\FITNESS\FITNESS_senior.txt,INFORMATION-TECHNOLOGY,0.0374,0.0,-2,8.0,0.1373510360717773,0.2257,0
resumes/data\INFORMATION-TECHNOLOGY\10840430.pdf,jds\PUBLIC-RELATIONS\PUBLIC-RELATIONS_entry.txt,INFORMATION-TECHNOLOGY,0.0619,0.2,0,10.0,0.3767860233783722,0.4466,0
resumes/data\INFORMATION-TECHNOLOGY\11580408.pdf,jds\APPAREL\APPAREL_entry.txt,INFORMATION-TECHNOLOGY,0.0567,0.05,0,24.0,0.2651159167289734,0.3045,0
resumes/data\INFORMATION-TECHNOLOGY\11580408.pdf,jds\APPAREL\APPAREL_mid.txt,INFORMATION-TECHNOLOGY,0.0488,0.1,-1,26.0,0.2709510326385498,0.3804,0
resumes/data\INFORMATION-TECHNOLOGY\11580408.pdf,jds\APPAREL\APPAREL_senior.txt,INFORMATION-TECHNOLOGY,0.0496,0.05,-1,26.0,0.2923771440982818,0.2912,0
resumes/data\INFORMATION-TECHNOLOGY\11584809.pdf,jds\ADVOCATE\ADVOCATE_senior.txt,INFORMATION-TECHNOLOGY,0.0346,0.05,0,18.0,0.3306182026863098,0.2186,0
resumes/data\INFORMATION-TECHNOLOGY\11584809.pdf,jds\ADVOCATE\ADVOCATE_entry.txt,INFORMATION-TECHNOLOGY,0.0404,0.0,0,16.0,0.3749363422393799,0.2249,0
resumes/data\INFORMATION-TECHNOLOGY\11584809.pdf,jds\ADVOCATE\ADVOCATE_mid.txt,INFORMATION-TECHNOLOGY,0.0324,0.05,0,18.0,0.269230842590332,0.191,0
resumes/data\INFORMATION-TECHNOLOGY\11957080.pdf,jds\CONSTRUCTION\CONSTRUCTION_senior.txt,INFORMATION-TECHNOLOGY,0.0485,0.15,-1,26.0,0.2998518645763397,0.359,0
resumes/data\INFORMATION-TECHNOLOGY\11957080.pdf,jds\CONSTRUCTION\CONSTRUCTION_entry.txt,INFORMATION-TECHNOLOGY,0.0762,0.2,0,24.0,0.342821717262268,0.3913,0
resumes/data\INFORMATION-TECHNOLOGY\12045067.pdf,jds\BUSINESS-DEVELOPMENT\BUSINESS-DEVELOPMENT_mid.txt,INFORMATION-TECHNOLOGY,0.0512,0.1,0,8.0,0.3459981679916382,0.3037,0
resumes/data\INFORMATION-TECHNOLOGY\12045067.pdf,jds\BUSINESS-DEVELOPMENT\BUSINESS-DEVELOPMENT_entry.txt,INFORMATION-TECHNOLOGY,0.0461,0.1,1,14.0,0.3175501227378845,0.2904,0
resumes/data\INFORMATION-TECHNOLOGY\12045067.pdf,jds\BUSINESS-DEVELOPMENT\BUSINESS-DEVELOPMENT_senior.txt,INFORMATION-TECHNOLOGY,0.0456,0.2,0,16.0,0.3625494241714477,0.2812,0
resumes/data\INFORMATION-TECHNOLOGY\12334140.pdf,jds\ARTS\ARTS_senior.txt,INFORMATION-TECHNOLOGY,0.0331,0.15,-2,0.0,0.297315239906311,0.1867,0
resumes/data\INFORMATION-TECHNOLOGY\12334140.pdf,jds\ARTS\ARTS_mid.txt,INFORMATION-TECHNOLOGY,0.0346,0.05,-1,0.0,0.3740341663360595,0.1842,0
resumes/data\INFORMATION-TECHNOLOGY\12334140.pdf,jds\ARTS\ARTS_entry.txt,INFORMATION-TECHNOLOGY,0.0466,0.1,0,0.0,0.324177622795105,0.1342,0
resumes/data\INFORMATION-TECHNOLOGY\12635195.pdf,jds\BUSINESS-DEVELOPMENT\BUSINESS-DEVELOPMENT_mid.txt,INFORMATION-TECHNOLOGY,0.0405,0.05,0,20.0,0.3472912311553955,0.2396,0
resumes/data\INFORMATION-TECHNOLOGY\12635195.pdf,jds\BUSINESS-DEVELOPMENT\BUSINESS-DEVELOPMENT_entry.txt,INFORMATION-TECHNOLOGY,0.0444,0.05,1,26.0,0.3620994091033935,0.2879,0
resumes/data\INFORMATION-TECHNOLOGY\12635195.pdf,jds\BUSINESS-DEVELOPMENT\BUSINESS-DEVELOPMENT_senior.txt,INFORMATION-TECHNOLOGY,0.0458,0.15,0,28.0,0.3262091875076294,0.2668,0
resumes/data\INFORMATION-TECHNOLOGY\12763627.pdf,jds\HEALTHCARE\HEALTHCARE_entry.txt,INFORMATION-TECHNOLOGY,0.0327,0.1,0,12.0,0.256401389837265,0.2646,0
resumes/data\INFORMATION-TECHNOLOGY\12763627.pdf,jds\HEALTHCARE\HEALTHCARE_senior.txt,INFORMATION-TECHNOLOGY,0.0204,0.05,-1,14.0,0.2012856304645538,0.212,0
resumes/data\INFORMATION-TECHNOLOGY\12763627.pdf,jds\HEALTHCARE\HEALTHCARE_mid.txt,INFORMATION-TECHNOLOGY,0.0427,0.2,-1,14.0,0.2304438650608062,0.1962,0
resumes/data\INFORMATION-TECHNOLOGY\13385306.pdf,jds\AGRICULTURE\AGRICULTURE_entry.txt,INFORMATION-TECHNOLOGY,0.0653,0.1,1,0.0,0.33289834856987,0.275,0
resumes/data\INFORMATION-TECHNOLOGY\13385306.pdf,jds\AGRICULTURE\AGRICULTURE_mid.txt,INFORMATION-TECHNOLOGY,0.0634,0.1,0,-7.0,0.3385290205478668,0.3041,0
resumes/data\INFORMATION-TECHNOLOGY\13385306.pdf,jds\AGRICULTURE\AGRICULTURE_senior.txt,INFORMATION-TECHNOLOGY,0.053,0.1,-1,0.0,0.3479035198688507,0.3415,0
resumes/data\INFORMATION-TECHNOLOGY\13477922.pdf,jds\DESIGNER\DESIGNER_mid.txt,INFORMATION-TECHNOLOGY,0.0329,0.1,0,23.0,0.3420713543891907,0.3402,0
resumes/data\INFORMATION-TECHNOLOGY\13477922.pdf,jds\DESIGNER\DESIGNER_entry.txt,INFORMATION-TECHNOLOGY,0.0324,0.1,1,21.0,0.347929447889328,0.3246,0
resumes/data\INFORMATION-TECHNOLOGY\13477922.pdf,jds\DESIGNER\DESIGNER_senior.txt,INFORMATION-TECHNOLOGY,0.0145,0.0,0,23.0,0.3003907799720764,0.2516,0
resumes/data\INFORMATION-TECHNOLOGY\13836471.pdf,jds\HR\HR_senior.txt,INFORMATION-TECHNOLOGY,0.013,0.0,-1,25.0,0.2848496735095978,0.2925,0
resumes/data\INFORMATION-TECHNOLOGY\13836471.pdf,jds\HR\HR_mid.txt,INFORMATION-TECHNOLOGY,0.0257,0.1,-1,25.0,0.3471657037734985,0.3615,0
resumes/data\INFORMATION-TECHNOLOGY\13836471.pdf,jds\HR\HR_entry.txt,INFORMATION-TECHNOLOGY,0.0503,0.1,-1,25.0,0.3088191151618957,0.3692,0
resumes/data\INFORMATION-TECHNOLOGY\14789139.pdf,jds\FITNESS\FITNESS_entry.txt,INFORMATION-TECHNOLOGY,0.0606,0.15,2,11.0,0.2525041699409485,0.2663,0
resumes/data\INFORMATION-TECHNOLOGY\14789139.pdf,jds\FITNESS\FITNESS_mid.txt,INFORMATION-TECHNOLOGY,0.0631,0.1,1,6.0,0.2742630243301391,0.2899,0
resumes/data\INFORMATION-TECHNOLOGY\14789139.pdf,jds\FITNESS\FITNESS_senior.txt,INFORMATION-TECHNOLOGY,0.0863,0.25,-1,13.0,0.3743019998073578,0.3501,0
resumes/data\INFORMATION-TECHNOLOGY\15118506.pdf,jds\TEACHER\TEACHER_senior.txt,INFORMATION-TECHNOLOGY,0.0381,0.1,-2,14.0,0.2905309796333313,0.3151,0
resumes/data\INFORMATION-TECHNOLOGY\15118506.pdf,jds\TEACHER\TEACHER_mid.txt,INFORMATION-TECHNOLOGY,0.0394,0.0,-1,14.0,0.3302662968635559,0.2745,0
resumes/data\INFORMATION-TECHNOLOGY\15118506.pdf,jds\TEACHER\TEACHER_entry.txt,INFORMATION-TECHNOLOGY,0.0578,0.05,0,14.0,0.3374576270580292,0.2116,0
resumes/data\INFORMATION-TECHNOLOGY\15297298.pdf,jds\BANKING\BANKING_entry.txt,INFORMATION-TECHNOLOGY,0.0834,0.3,1,14.0,0.4561399519443512,0.4127,0
resumes/data\INFORMATION-TECHNOLOGY\15651486.pdf,jds\FITNESS\FITNESS_senior.txt,INFORMATION-TECHNOLOGY,0.0306,0.05,-2,11.0,0.2887637615203857,0.2947,0
resumes/data\INFORMATION-TECHNOLOGY\15651486.pdf,jds\FITNESS\FITNESS_mid.txt,INFORMATION-TECHNOLOGY,0.0296,0.05,0,4.0,0.2573590874671936,0.276,0
resumes/data\INFORMATION-TECHNOLOGY\15651486.pdf,jds\FITNESS\FITNESS_entry.txt,INFORMATION-TECHNOLOGY,0.0333,0.1,1,9.0,0.2202890813350677,0.342,0
resumes/data\INFORMATION-TECHNOLOGY\15791766.pdf,jds\AUTOMOBILE\AUTOMOBILE_senior.txt,INFORMATION-TECHNOLOGY,0.0745,0.1,0,9.0,0.4116535484790802,0.3114,0
resumes/data\INFORMATION-TECHNOLOGY\15791766.pdf,jds\AUTOMOBILE\AUTOMOBILE_entry.txt,INFORMATION-TECHNOLOGY,0.081,0.2,1,7.0,0.329437255859375,0.3216,0
resumes/data\INFORMATION-TECHNOLOGY\15802627.pdf,jds\PUBLIC-RELATIONS\PUBLIC-RELATIONS_entry.txt,INFORMATION-TECHNOLOGY,0.0384,0.15,0,15.0,0.4114380180835724,0.2995,0
resumes/data\INFORMATION-TECHNOLOGY\15802627.pdf,jds\PUBLIC-RELATIONS\PUBLIC-RELATIONS_mid.txt,INFORMATION-TECHNOLOGY,0.0685,0.2,-1,17.0,0.4340611696243286,0.3627,0
resumes/data\INFORMATION-TECHNOLOGY\16186411.pdf,jds\AVIATION\AVIATION_senior.txt,INFORMATION-TECHNOLOGY,0.0201,0.0,1,2.0,0.3217821419239044,0.255,0
resumes/data\INFORMATION-TECHNOLOGY\16186411.pdf,jds\AVIATION\AVIATION_entry.txt,INFORMATION-TECHNOLOGY,0.0199,0.05,1,0.0,0.3822184801101684,0.2957,0
resumes/data\INFORMATION-TECHNOLOGY\16186411.pdf,jds\AVIATION\AVIATION_mid.txt,INFORMATION-TECHNOLOGY,0.0289,0.1,1,-6.0,0.3643006086349487,0.2824,0
resumes/data\INFORMATION-TECHNOLOGY\16533554.pdf,jds\HEALTHCARE\HEALTHCARE_senior.txt,INFORMATION-TECHNOLOGY,0.0452,0.1,-1,30.0,0.2641627788543701,0.1921,0
resumes/data\INFORMATION-TECHNOLOGY\16533554.pdf,jds\HEALTHCARE\HEALTHCARE_entry.txt,INFORMATION-TECHNOLOGY,0.0768,0.1,0,28.0,0.3071711957454681,0.2836,0
resumes/data\INFORMATION-TECHNOLOGY\16533554.pdf,jds\HEALTHCARE\HEALTHCARE_mid.txt,INFORMATION-TECHNOLOGY,0.0823,0.25,-1,30.0,0.3028241395950317,0.2068,0
resumes/data\INFORMATION-TECHNOLOGY\16899268.pdf,jds\PUBLIC-RELATIONS\PUBLIC-RELATIONS_entry.txt,INFORMATION-TECHNOLOGY,0.0506,0.15,0,18.0,0.3883543014526367,0.3255,0
resumes/data\INFORMATION-TECHNOLOGY\17111768.pdf,jds\AVIATION\AVIATION_entry.txt,INFORMATION-TECHNOLOGY,0.0937,0.1,1,14.0,0.4582873284816742,0.3909,0
resumes/data\INFORMATION-TECHNOLOGY\17111768.pdf,jds\AVIATION\AVIATION_mid.txt,INFORMATION-TECHNOLOGY,0.1103,0.15,1,8.0,0.503447413444519,0.5094,0
resumes/data\INFORMATION-TECHNOLOGY\17641670.pdf,jds\PUBLIC-RELATIONS\PUBLIC-RELATIONS_senior.txt,INFORMATION-TECHNOLOGY,0.0565,0.0,-1,1.0,0.3371812701225281,0.3527,0
resumes/data\INFORMATION-TECHNOLOGY\17641670.pdf,jds\PUBLIC-RELATIONS\PUBLIC-RELATIONS_entry.txt,INFORMATION-TECHNOLOGY,0.0477,0.05,0,-1.0,0.3168526291847229,0.3935,0
resumes/data\INFORMATION-TECHNOLOGY\17688766.pdf,jds\CHEF\CHEF_mid.txt,INFORMATION-TECHNOLOGY,0.0517,0.1,1,21.0,0.2470604479312896,0.232,0
resumes/data\INFORMATION-TECHNOLOGY\17688766.pdf,jds\CHEF\CHEF_entry.txt,INFORMATION-TECHNOLOGY,0.0463,0.05,1,21.0,0.2534202337265014,0.1959,0
resumes/data\INFORMATION-TECHNOLOGY\17688766.pdf,jds\CHEF\CHEF_senior.txt,INFORMATION-TECHNOLOGY,0.0541,0.05,1,21.0,0.2311206758022308,0.2396,0
resumes/data\INFORMATION-TECHNOLOGY\17987433.pdf,jds\ACCOUNTANT\ACCOUNTANT_senior.txt,INFORMATION-TECHNOLOGY,0.0192,0.0,0,0.0,0.323137104511261,0.2599,0
resumes/data\INFORMATION-TECHNOLOGY\17987433.pdf,jds\ACCOUNTANT\ACCOUNTANT_mid.txt,INFORMATION-TECHNOLOGY,0.0559,0.1,0,0.0,0.2879365086555481,0.2016,0
resumes/data\INFORMATION-TECHNOLOGY\17987433.pdf,jds\ACCOUNTANT\ACCOUNTANT_entry.txt,INFORMATION-TECHNOLOGY,0.0343,0.05,0,-2.0,0.3330321311950683,0.3018,0
resumes/data\INFORMATION-TECHNOLOGY\18067556.pdf,jds\BPO\BPO_entry.txt,INFORMATION-TECHNOLOGY,0.0496,0.15,1,5.0,0.3996502161026001,0.2972,0
resumes/data\INFORMATION-TECHNOLOGY\18159866.pdf,jds\PUBLIC-RELATIONS\PUBLIC-RELATIONS_entry.txt,INFORMATION-TECHNOLOGY,0.0375,0.15,0,20.0,0.3897882103919983,0.3126,0
resumes/data\INFORMATION-TECHNOLOGY\18159866.pdf,jds\PUBLIC-RELATIONS\PUBLIC-RELATIONS_mid.txt,INFORMATION-TECHNOLOGY,0.0716,0.25,-1,22.0,0.4022545516490936,0.3558,0
resumes/data\INFORMATION-TECHNOLOGY\18176523.pdf,jds\AUTOMOBILE\AUTOMOBILE_mid.txt,INFORMATION-TECHNOLOGY,0.1171,0.1,1,12.0,0.3395000696182251,0.283,0
resumes/data\INFORMATION-TECHNOLOGY\18176523.pdf,jds\AUTOMOBILE\AUTOMOBILE_entry.txt,INFORMATION-TECHNOLOGY,0.0687,0.15,1,18.0,0.4692798554897308,0.2209,0
resumes/data\INFORMATION-TECHNOLOGY\18176523.pdf,jds\AUTOMOBILE\AUTOMOBILE_senior.txt,INFORMATION-TECHNOLOGY,0.0762,0.15,0,20.0,0.3640811145305633,0.2777,0
resumes/data\INFORMATION-TECHNOLOGY\18187364.pdf,jds\BUSINESS-DEVELOPMENT\BUSINESS-DEVELOPMENT_mid.txt,INFORMATION-TECHNOLOGY,0.0681,0.15,0,5.0,0.3094925880432129,0.3213,0
resumes/data\INFORMATION-TECHNOLOGY\18187364.pdf,jds\BUSINESS-DEVELOPMENT\BUSINESS-DEVELOPMENT_entry.txt,INFORMATION-TECHNOLOGY,0.0569,0.2,1,11.0,0.3972567021846771,0.2997,0
resumes/data\INFORMATION-TECHNOLOGY\18187364.pdf,jds\BUSINESS-DEVELOPMENT\BUSINESS-DEVELOPMENT_senior.txt,INFORMATION-TECHNOLOGY,0.0711,0.25,0,13.0,0.3505180478096008,0.3414,0
resumes/data\INFORMATION-TECHNOLOGY\18301617.pdf,jds\TEACHER\TEACHER_mid.txt,INFORMATION-TECHNOLOGY,0.0439,0.05,-1,15.0,0.3191148936748504,0.3318,0
resumes/data\INFORMATION-TECHNOLOGY\18301617.pdf,jds\TEACHER\TEACHER_entry.txt,INFORMATION-TECHNOLOGY,0.0472,0.0,0,15.0,0.324855089187622,0.3022,0
resumes/data\INFORMATION-TECHNOLOGY\18301617.pdf,jds\TEACHER\TEACHER_senior.txt,INFORMATION-TECHNOLOGY,0.064,0.25,-2,15.0,0.298215389251709,0.3533,0
resumes/data\INFORMATION-TECHNOLOGY\18752129.pdf,jds\ADVOCATE\ADVOCATE_mid.txt,INFORMATION-TECHNOLOGY,0.0448,0.05,-1,0.0,0.3171472549438476,0.2781,0
resumes/data\INFORMATION-TECHNOLOGY\18752129.pdf,jds\ADVOCATE\ADVOCATE_senior.txt,INFORMATION-TECHNOLOGY,0.0348,0.05,-1,0.0,0.3680678009986877,0.3285,0
resumes/data\INFORMATION-TECHNOLOGY\18752129.pdf,jds\ADVOCATE\ADVOCATE_entry.txt,INFORMATION-TECHNOLOGY,0.0305,0.0,-1,-2.0,0.3950099349021911,0.3104,0
resumes/data\INFORMATION-TECHNOLOGY\19201175.pdf,jds\CHEF\CHEF_entry.txt,INFORMATION-TECHNOLOGY,0.128,0.4,1,18.0,0.46485435962677,0.2196,0
resumes/data\INFORMATION-TECHNOLOGY\19201175.pdf,jds\CHEF\CHEF_mid.txt,INFORMATION-TECHNOLOGY,0.1049,0.3,1,18.0,0.5233818292617798,0.2698,0
resumes/data\INFORMATION-TECHNOLOGY\19201175.pdf,jds\CHEF\CHEF_senior.txt,INFORMATION-TECHNOLOGY,0.0825,0.15,1,18.0,0.5085161924362183,0.1945,0
resumes/data\INFORMATION-TECHNOLOGY\19796840.pdf,jds\BPO\BPO_entry.txt,INFORMATION-TECHNOLOGY,0.0653,0.1,0,8.0,0.3979247212409973,0.4366,0
resumes/data\INFORMATION-TECHNOLOGY\19850482.pdf,jds\AVIATION\AVIATION_entry.txt,INFORMATION-TECHNOLOGY,0.0758,0.1,0,-2.0,0.3193903565406799,0.3331,0
resumes/data\INFORMATION-TECHNOLOGY\19850482.pdf,jds\AVIATION\AVIATION_mid.txt,INFORMATION-TECHNOLOGY,0.0722,0.05,0,-8.0,0.3643671870231628,0.3946,0
resumes/data\INFORMATION-TECHNOLOGY\20001721.pdf,jds\HR\HR_senior.txt,INFORMATION-TECHNOLOGY,0.0394,0.0,-1,16.0,0.4178154170513153,0.4083,0
resumes/data\INFORMATION-TECHNOLOGY\20024870.pdf,jds\BPO\BPO_entry.txt,INFORMATION-TECHNOLOGY,0.0724,0.15,1,5.0,0.3710476160049438,0.4366,0
resumes/data\INFORMATION-TECHNOLOGY\20237244.pdf,jds\PUBLIC-RELATIONS\PUBLIC-RELATIONS_mid.txt,INFORMATION-TECHNOLOGY,0.0568,0.15,-1,0.0,0.382589042186737,0.3386,0
resumes/data\INFORMATION-TECHNOLOGY\20237244.pdf,jds\PUBLIC-RELATIONS\PUBLIC-RELATIONS_entry.txt,INFORMATION-TECHNOLOGY,0.0452,0.1,0,-2.0,0.4288369119167328,0.3456,0
resumes/data\INFORMATION-TECHNOLOGY\20237244.pdf,jds\PUBLIC-RELATIONS\PUBLIC-RELATIONS_senior.txt,INFORMATION-TECHNOLOGY,0.0421,0.1,-1,0.0,0.3789790272712707,0.2775,0
resumes/data\INFORMATION-TECHNOLOGY\20408458.pdf,jds\ACCOUNTANT\ACCOUNTANT_mid.txt,INFORMATION-TECHNOLOGY,0.0503,0.1,-1,15.0,0.2834697961807251,0.3454,0
resumes/data\INFORMATION-TECHNOLOGY\20408458.pdf,jds\ACCOUNTANT\ACCOUNTANT_entry.txt,INFORMATION-TECHNOLOGY,0.0574,0.15,-1,13.0,0.2659828662872314,0.3751,0
resumes/data\INFORMATION-TECHNOLOGY\20408458.pdf,jds\ACCOUNTANT\ACCOUNTANT_senior.txt,INFORMATION-TECHNOLOGY,0.0713,0.15,-1,15.0,0.2950671315193176,0.3841,0
resumes/data\INFORMATION-TECHNOLOGY\20674668.pdf,jds\BPO\BPO_entry.txt,INFORMATION-TECHNOLOGY,0.0809,0.15,0,3.0,0.4110404849052429,0.4297,0
resumes/data\INFORMATION-TECHNOLOGY\20824105.pdf,jds\PUBLIC-RELATIONS\PUBLIC-RELATIONS_senior.txt,INFORMATION-TECHNOLOGY,0.034,0.05,0,0.0,0.2558966279029846,0.218,0
resumes/data\INFORMATION-TECHNOLOGY\20824105.pdf,jds\PUBLIC-RELATIONS\PUBLIC-RELATIONS_entry.txt,INFORMATION-TECHNOLOGY,0.0269,0.05,1,-2.0,0.2762054204940796,0.2374,0
resumes/data\INFORMATION-TECHNOLOGY\20824105.pdf,jds\PUBLIC-RELATIONS\PUBLIC-RELATIONS_mid.txt,INFORMATION-TECHNOLOGY,0.0454,0.05,0,0.0,0.205601155757904,0.1986,0
resumes/data\INFORMATION-TECHNOLOGY\20879311.pdf,jds\SALES\SALES_entry.txt,INFORMATION-TECHNOLOGY,0.0426,0.0,0,15.0,0.3717654943466186,0.4261,0
resumes/data\INFORMATION-TECHNOLOGY\21780877.pdf,jds\PUBLIC-RELATIONS\PUBLIC-RELATIONS_entry.txt,INFORMATION-TECHNOLOGY,0.0416,0.05,-1,46.0,0.2312938421964645,0.2695,0
resumes/data\INFORMATION-TECHNOLOGY\21780877.pdf,jds\PUBLIC-RELATIONS\PUBLIC-RELATIONS_senior.txt,INFORMATION-TECHNOLOGY,0.0571,0.05,-2,48.0,0.2897647619247436,0.336,0
resumes/data\INFORMATION-TECHNOLOGY\21780877.pdf,jds\PUBLIC-RELATIONS\PUBLIC-RELATIONS_mid.txt,INFORMATION-TECHNOLOGY,0.068,0.15,-2,48.0,0.2905252575874328,0.286,0
resumes/data\INFORMATION-TECHNOLOGY\22450718.pdf,jds\PUBLIC-RELATIONS\PUBLIC-RELATIONS_mid.txt,INFORMATION-TECHNOLOGY,0.0565,0.05,-1,5.0,0.3357100486755371,0.384,0
resumes/data\INFORMATION-TECHNOLOGY\22450718.pdf,jds\PUBLIC-RELATIONS\PUBLIC-RELATIONS_entry.txt,INFORMATION-TECHNOLOGY,0.0611,0.05,0,3.0,0.3393532335758209,0.3449,0
resumes/data\INFORMATION-TECHNOLOGY\22450718.pdf,jds\PUBLIC-RELATIONS\PUBLIC-RELATIONS_senior.txt,INFORMATION-TECHNOLOGY,0.0489,0.0,-1,5.0,0.3497681021690368,0.3259,0
resumes/data\INFORMATION-TECHNOLOGY\22776912.pdf,jds\FITNESS\FITNESS_senior.txt,INFORMATION-TECHNOLOGY,0.04,0.05,-2,8.0,0.2623619437217712,0.3165,0
resumes/data\INFORMATION-TECHNOLOGY\22776912.pdf,jds\FITNESS\FITNESS_mid.txt,INFORMATION-TECHNOLOGY,0.0413,0.25,0,1.0,0.2921728193759918,0.2345,0
resumes/data\INFORMATION-TECHNOLOGY\22776912.pdf,jds\FITNESS\FITNESS_entry.txt,INFORMATION-TECHNOLOGY,0.0288,0.1,1,6.0,0.3306372165679931,0.2652,0
resumes/data\INFORMATION-TECHNOLOGY\23527321.pdf,jds\ACCOUNTANT\ACCOUNTANT_entry.txt,INFORMATION-TECHNOLOGY,0.0701,0.1,0,8.0,0.3956168293952942,0.3551,0
resumes/data\INFORMATION-TECHNOLOGY\23527321.pdf,jds\ACCOUNTANT\ACCOUNTANT_mid.txt,INFORMATION-TECHNOLOGY,0.0821,0.1,0,10.0,0.3911800980567932,0.3607,0
resumes/data\INFORMATION-TECHNOLOGY\23864648.pdf,jds\AVIATION\AVIATION_entry.txt,INFORMATION-TECHNOLOGY,0.1196,0.05,0,18.0,0.3147802948951721,0.2576,0
resumes/data\INFORMATION-TECHNOLOGY\24020470.pdf,jds\AUTOMOBILE\AUTOMOBILE_senior.txt,INFORMATION-TECHNOLOGY,0.084,0.2,-1,12.0,0.390155553817749,0.3565,0
resumes/data\INFORMATION-TECHNOLOGY\24020470.pdf,jds\AUTOMOBILE\AUTOMOBILE_entry.txt,INFORMATION-TECHNOLOGY,0.138,0.35,0,10.0,0.3518328666687011,0.4168,0
resumes/data\INFORMATION-TECHNOLOGY\24020470.pdf,jds\AUTOMOBILE\AUTOMOBILE_mid.txt,INFORMATION-TECHNOLOGY,0.1599,0.3,0,4.0,0.3668296933174133,0.3892,0
resumes/data\INFORMATION-TECHNOLOGY\24038620.pdf,jds\AGRICULTURE\AGRICULTURE_mid.txt,INFORMATION-TECHNOLOGY,0.0882,0.1,0,9.0,0.3707228302955627,0.2609,0
resumes/data\INFORMATION-TECHNOLOGY\24038620.pdf,jds\AGRICULTURE\AGRICULTURE_entry.txt,INFORMATION-TECHNOLOGY,0.0764,0.05,1,16.0,0.4064655601978302,0.1755,0
resumes/data\INFORMATION-TECHNOLOGY\24038620.pdf,jds\AGRICULTURE\AGRICULTURE_senior.txt,INFORMATION-TECHNOLOGY,0.0629,0.05,-1,16.0,0.4896245002746582,0.3087,0
resumes/data\INFORMATION-TECHNOLOGY\24083609.pdf,jds\PUBLIC-RELATIONS\PUBLIC-RELATIONS_mid.txt,INFORMATION-TECHNOLOGY,0.0372,0.0,-1,0.0,0.3235867619514465,0.262,0
resumes/data\INFORMATION-TECHNOLOGY\24083609.pdf,jds\PUBLIC-RELATIONS\PUBLIC-RELATIONS_senior.txt,INFORMATION-TECHNOLOGY,0.0397,0.05,-1,0.0,0.4162505567073822,0.2496,0
resumes/data\INFORMATION-TECHNOLOGY\24083609.pdf,jds\PUBLIC-RELATIONS\PUBLIC-RELATIONS_entry.txt,INFORMATION-TECHNOLOGY,0.0506,0.1,0,-2.0,0.3697357773780823,0.2752,0
resumes/data\INFORMATION-TECHNOLOGY\24230851.pdf,jds\TEACHER\TEACHER_senior.txt,INFORMATION-TECHNOLOGY,0.0345,0.05,-2,6.0,0.4737584590911865,0.2626,0
resumes/data\INFORMATION-TECHNOLOGY\24230851.pdf,jds\TEACHER\TEACHER_mid.txt,INFORMATION-TECHNOLOGY,0.0514,0.05,-1,6.0,0.464139312505722,0.2667,0
resumes/data\INFORMATION-TECHNOLOGY\24230851.pdf,jds\TEACHER\TEACHER_entry.txt,INFORMATION-TECHNOLOGY,0.0487,0.05,0,6.0,0.4634992778301239,0.2465,0
resumes/data\INFORMATION-TECHNOLOGY\24913648.pdf,jds\BANKING\BANKING_senior.txt,INFORMATION-TECHNOLOGY,0.0366,0.1,-1,14.0,0.3595618605613708,0.3828,0
resumes/data\INFORMATION-TECHNOLOGY\24913648.pdf,jds\BANKING\BANKING_mid.txt,INFORMATION-TECHNOLOGY,0.0589,0.25,-1,14.0,0.3528480529785156,0.3362,0
resumes/data\INFORMATION-TECHNOLOGY\24913648.pdf,jds\BANKING\BANKING_entry.txt,INFORMATION-TECHNOLOGY,0.084,0.3,0,12.0,0.3864046335220337,0.3942,0
resumes/data\INFORMATION-TECHNOLOGY\25207620.pdf,jds\AVIATION\AVIATION_mid.txt,INFORMATION-TECHNOLOGY,0.1569,0.15,-2,11.0,0.3897529244422912,0.3029,0
resumes/data\INFORMATION-TECHNOLOGY\25207620.pdf,jds\AVIATION\AVIATION_entry.txt,INFORMATION-TECHNOLOGY,0.1488,0.05,-2,17.0,0.3980263173580169,0.2932,0
resumes/data\INFORMATION-TECHNOLOGY\25857360.pdf,jds\ARTS\ARTS_senior.txt,INFORMATION-TECHNOLOGY,0.0334,0.2,-2,14.0,0.2403464913368225,0.2592,0
resumes/data\INFORMATION-TECHNOLOGY\25857360.pdf,jds\ARTS\ARTS_entry.txt,INFORMATION-TECHNOLOGY,0.0396,0.1,0,14.0,0.1739519238471985,0.2423,0
resumes/data\INFORMATION-TECHNOLOGY\25857360.pdf,jds\ARTS\ARTS_mid.txt,INFORMATION-TECHNOLOGY,0.0223,0.05,-1,14.0,0.2706960439682007,0.3497,0
resumes/data\INFORMATION-TECHNOLOGY\25905275.pdf,jds\ACCOUNTANT\ACCOUNTANT_entry.txt,INFORMATION-TECHNOLOGY,0.0752,0.1,-1,-1.0,0.3198617696762085,0.4453,0
resumes/data\INFORMATION-TECHNOLOGY\25959103.pdf,jds\PUBLIC-RELATIONS\PUBLIC-RELATIONS_senior.txt,INFORMATION-TECHNOLOGY,0.0463,0.05,0,19.0,0.4479594230651855,0.2971,0
resumes/data\INFORMATION-TECHNOLOGY\25959103.pdf,jds\PUBLIC-RELATIONS\PUBLIC-RELATIONS_mid.txt,INFORMATION-TECHNOLOGY,0.0544,0.1,0,19.0,0.4454577565193176,0.319,0
resumes/data\INFORMATION-TECHNOLOGY\25959103.pdf,jds\PUBLIC-RELATIONS\PUBLIC-RELATIONS_entry.txt,INFORMATION-TECHNOLOGY,0.0495,0.0,1,17.0,0.4321286380290985,0.268,0
resumes/data\INFORMATION-TECHNOLOGY\25990239.pdf,jds\PUBLIC-RELATIONS\PUBLIC-RELATIONS_entry.txt,INFORMATION-TECHNOLOGY,0.0519,0.05,2,15.0,0.3421530723571777,0.3132,0
resumes/data\INFORMATION-TECHNOLOGY\25990239.pdf,jds\PUBLIC-RELATIONS\PUBLIC-RELATIONS_senior.txt,INFORMATION-TECHNOLOGY,0.0547,0.05,1,17.0,0.3480106592178345,0.2968,0
resumes/data\INFORMATION-TECHNOLOGY\25990239.pdf,jds\PUBLIC-RELATIONS\PUBLIC-RELATIONS_mid.txt,INFORMATION-TECHNOLOGY,0.0825,0.15,1,17.0,0.3489823639392853,0.3486,0
resumes/data\INFORMATION-TECHNOLOGY\26480367.pdf,jds\FITNESS\FITNESS_senior.txt,INFORMATION-TECHNOLOGY,0.0369,0.1,-2,0.0,0.3020666837692261,0.1908,0
resumes/data\INFORMATION-TECHNOLOGY\26480367.pdf,jds\FITNESS\FITNESS_entry.txt,INFORMATION-TECHNOLOGY,0.047,0.05,1,-2.0,0.4570217132568359,0.2732,0
resumes/data\INFORMATION-TECHNOLOGY\26480367.pdf,jds\FITNESS\FITNESS_mid.txt,INFORMATION-TECHNOLOGY,0.0434,0.05,0,-7.0,0.3424681425094604,0.2464,0
resumes/data\INFORMATION-TECHNOLOGY\26746496.pdf,jds\DESIGNER\DESIGNER_senior.txt,INFORMATION-TECHNOLOGY,0.0356,0.1,0,2.0,0.3319453001022339,0.3326,0
resumes/data\INFORMATION-TECHNOLOGY\26746496.pdf,jds\DESIGNER\DESIGNER_mid.txt,INFORMATION-TECHNOLOGY,0.0636,0.2,0,2.0,0.3216989636421203,0.3398,0
resumes/data\INFORMATION-TECHNOLOGY\26746496.pdf,jds\DESIGNER\DESIGNER_entry.txt,INFORMATION-TECHNOLOGY,0.0662,0.25,1,0.0,0.3438010811805725,0.3623,0
resumes/data\INFORMATION-TECHNOLOGY\26768723.pdf,jds\AUTOMOBILE\AUTOMOBILE_senior.txt,INFORMATION-TECHNOLOGY,0.0423,0.2,-1,1.0,0.2771860659122467,0.2721,0
resumes/data\INFORMATION-TECHNOLOGY\26768723.pdf,jds\AUTOMOBILE\AUTOMOBILE_entry.txt,INFORMATION-TECHNOLOGY,0.0569,0.15,0,-1.0,0.2863988280296325,0.3257,0
resumes/data\INFORMATION-TECHNOLOGY\26768723.pdf,jds\AUTOMOBILE\AUTOMOBILE_mid.txt,INFORMATION-TECHNOLOGY,0.0568,0.1,0,-7.0,0.2839424610137939,0.3026,0
resumes/data\INFORMATION-TECHNOLOGY\26801767.pdf,jds\FITNESS\FITNESS_mid.txt,INFORMATION-TECHNOLOGY,0.059,0.1,2,23.0,0.2502991855144501,0.0909,0
resumes/data\INFORMATION-TECHNOLOGY\26801767.pdf,jds\FITNESS\FITNESS_entry.txt,INFORMATION-TECHNOLOGY,0.0507,0.05,3,28.0,0.2441447079181671,0.1281,0
resumes/data\INFORMATION-TECHNOLOGY\26801767.pdf,jds\FITNESS\FITNESS_senior.txt,INFORMATION-TECHNOLOGY,0.061,0.2,0,30.0,0.2376108020544052,0.1409,0
resumes/data\INFORMATION-TECHNOLOGY\27058381.pdf,jds\ACCOUNTANT\ACCOUNTANT_entry.txt,INFORMATION-TECHNOLOGY,0.0356,0.1,-3,19.0,0.4060887396335602,0.23,0
resumes/data\INFORMATION-TECHNOLOGY\27058381.pdf,jds\ACCOUNTANT\ACCOUNTANT_senior.txt,INFORMATION-TECHNOLOGY,0.0601,0.05,-3,21.0,0.3692054450511932,0.2107,0
resumes/data\INFORMATION-TECHNOLOGY\27058381.pdf,jds\ACCOUNTANT\ACCOUNTANT_mid.txt,INFORMATION-TECHNOLOGY,0.0525,0.1,-3,21.0,0.3538745641708374,0.198,0
resumes/data\INFORMATION-TECHNOLOGY\27295996.pdf,jds\CONSTRUCTION\CONSTRUCTION_entry.txt,INFORMATION-TECHNOLOGY,0.1,0.2,0,11.0,0.4039489328861236,0.3164,0
resumes/data\INFORMATION-TECHNOLOGY\27372171.pdf,jds\BANKING\BANKING_entry.txt,INFORMATION-TECHNOLOGY,0.1173,0.4,1,-1.0,0.3496821522712707,0.3783,0
resumes/data\INFORMATION-TECHNOLOGY\27372171.pdf,jds\BANKING\BANKING_senior.txt,INFORMATION-TECHNOLOGY,0.0665,0.1,0,1.0,0.3552423119544983,0.375,0
resumes/data\INFORMATION-TECHNOLOGY\27485716.pdf,jds\ADVOCATE\ADVOCATE_mid.txt,INFORMATION-TECHNOLOGY,0.0655,0.1,-1,0.0,0.3645580410957336,0.3693,0
resumes/data\INFORMATION-TECHNOLOGY\27485716.pdf,jds\ADVOCATE\ADVOCATE_entry.txt,INFORMATION-TECHNOLOGY,0.0447,0.0,-1,-2.0,0.3524370193481445,0.35,0
resumes/data\INFORMATION-TECHNOLOGY\27536013.pdf,jds\ACCOUNTANT\ACCOUNTANT_entry.txt,INFORMATION-TECHNOLOGY,0.0596,0.1,-2,8.0,0.3543203473091125,0.3822,0
resumes/data\INFORMATION-TECHNOLOGY\27770859.pdf,jds\BPO\BPO_mid.txt,INFORMATION-TECHNOLOGY,0.0613,0.1,1,12.0,0.2924942076206207,0.3131,0
resumes/data\INFORMATION-TECHNOLOGY\27770859.pdf,jds\BPO\BPO_entry.txt,INFORMATION-TECHNOLOGY,0.0547,0.05,1,10.0,0.3208821415901184,0.3191,0
resumes/data\INFORMATION-TECHNOLOGY\28035460.pdf,jds\PUBLIC-RELATIONS\PUBLIC-RELATIONS_entry.txt,INFORMATION-TECHNOLOGY,0.0614,0.05,1,-2.0,0.2623694539070129,0.2606,0
resumes/data\INFORMATION-TECHNOLOGY\28035460.pdf,jds\PUBLIC-RELATIONS\PUBLIC-RELATIONS_senior.txt,INFORMATION-TECHNOLOGY,0.0458,0.0,0,0.0,0.2487470060586929,0.2447,0
resumes/data\INFORMATION-TECHNOLOGY\28035460.pdf,jds\PUBLIC-RELATIONS\PUBLIC-RELATIONS_mid.txt,INFORMATION-TECHNOLOGY,0.0718,0.0,0,0.0,0.2621581256389618,0.2472,0
resumes/data\INFORMATION-TECHNOLOGY\28672970.pdf,jds\BPO\BPO_entry.txt,INFORMATION-TECHNOLOGY,0.0836,0.15,0,19.0,0.3701278269290924,0.3968,0
resumes/data\INFORMATION-TECHNOLOGY\28697203.pdf,jds\AVIATION\AVIATION_senior.txt,INFORMATION-TECHNOLOGY,0.0578,0.1,1,7.0,0.3205305337905884,0.3049,0
resumes/data\INFORMATION-TECHNOLOGY\28697203.pdf,jds\AVIATION\AVIATION_entry.txt,INFORMATION-TECHNOLOGY,0.0438,0.05,1,5.0,0.2848780453205108,0.2557,0
resumes/data\INFORMATION-TECHNOLOGY\28697203.pdf,jds\AVIATION\AVIATION_mid.txt,INFORMATION-TECHNOLOGY,0.0699,0.0,1,-1.0,0.3505617082118988,0.3544,0
resumes/data\INFORMATION-TECHNOLOGY\28897981.pdf,jds\PUBLIC-RELATIONS\PUBLIC-RELATIONS_entry.txt,INFORMATION-TECHNOLOGY,0.0908,0.15,1,-2.0,0.3456878364086151,0.3639,0
resumes/data\INFORMATION-TECHNOLOGY\29051656.pdf,jds\ADVOCATE\ADVOCATE_mid.txt,INFORMATION-TECHNOLOGY,0.0282,0.2,-1,21.0,0.2239151298999786,0.1958,0
resumes/data\INFORMATION-TECHNOLOGY\29051656.pdf,jds\ADVOCATE\ADVOCATE_senior.txt,INFORMATION-TECHNOLOGY,0.0209,0.1,-1,21.0,0.2102513015270233,0.1811,0
resumes/data\INFORMATION-TECHNOLOGY\29051656.pdf,jds\ADVOCATE\ADVOCATE_entry.txt,INFORMATION-TECHNOLOGY,0.0188,0.05,-1,19.0,0.2182743847370147,0.2475,0
resumes/data\INFORMATION-TECHNOLOGY\29075857.pdf,jds\BPO\BPO_entry.txt,INFORMATION-TECHNOLOGY,0.0407,0.1,1,15.0,0.3820114731788635,0.3284,0
resumes/data\INFORMATION-TECHNOLOGY\29975124.pdf,jds\CONSTRUCTION\CONSTRUCTION_entry.txt,INFORMATION-TECHNOLOGY,0.0707,0.25,0,7.0,0.3019483685493469,0.3712,0
resumes/data\INFORMATION-TECHNOLOGY\30223363.pdf,jds\ADVOCATE\ADVOCATE_mid.txt,INFORMATION-TECHNOLOGY,0.0396,0.15,-1,12.0,0.3711890578269958,0.2169,0
resumes/data\INFORMATION-TECHNOLOGY\30223363.pdf,jds\ADVOCATE\ADVOCATE_senior.txt,INFORMATION-TECHNOLOGY,0.064,0.1,-1,12.0,0.4272705018520355,0.2806,0
resumes/data\INFORMATION-TECHNOLOGY\30223363.pdf,jds\ADVOCATE\ADVOCATE_entry.txt,INFORMATION-TECHNOLOGY,0.0491,0.1,-1,10.0,0.4534173607826233,0.3381,0
resumes/data\INFORMATION-TECHNOLOGY\31111279.pdf,jds\CHEF\CHEF_entry.txt,INFORMATION-TECHNOLOGY,0.0741,0.2,1,18.0,0.3867126703262329,0.3515,0
resumes/data\INFORMATION-TECHNOLOGY\31111279.pdf,jds\CHEF\CHEF_mid.txt,INFORMATION-TECHNOLOGY,0.0827,0.15,1,18.0,0.4013301432132721,0.3506,0
resumes/data\INFORMATION-TECHNOLOGY\31243710.pdf,jds\CHEF\CHEF_entry.txt,INFORMATION-TECHNOLOGY,0.0439,0.05,2,10.0,0.2951172590255737,0.1157,0
resumes/data\INFORMATION-TECHNOLOGY\31243710.pdf,jds\CHEF\CHEF_senior.txt,INFORMATION-TECHNOLOGY,0.0335,0.0,2,10.0,0.3474047780036926,0.1903,0
resumes/data\INFORMATION-TECHNOLOGY\31243710.pdf,jds\CHEF\CHEF_mid.txt,INFORMATION-TECHNOLOGY,0.0272,0.1,2,10.0,0.3360826671123504,0.1856,0
resumes/data\INFORMATION-TECHNOLOGY\32959732.pdf,jds\FINANCE\FINANCE_entry.txt,INFORMATION-TECHNOLOGY,0.0777,0.2,-1,-2.0,0.3749425113201141,0.3398,0
resumes/data\INFORMATION-TECHNOLOGY\33241454.pdf,jds\AUTOMOBILE\AUTOMOBILE_mid.txt,INFORMATION-TECHNOLOGY,0.0847,0.15,-1,-8.0,0.3083617985248565,0.3263,0
resumes/data\INFORMATION-TECHNOLOGY\33241454.pdf,jds\AUTOMOBILE\AUTOMOBILE_senior.txt,INFORMATION-TECHNOLOGY,0.0388,0.1,-2,0.0,0.3292485475540161,0.2702,0
resumes/data\INFORMATION-TECHNOLOGY\33241454.pdf,jds\AUTOMOBILE\AUTOMOBILE_entry.txt,INFORMATION-TECHNOLOGY,0.0823,0.15,-1,-2.0,0.2910282611846924,0.3161,0
resumes/data\INFORMATION-TECHNOLOGY\33381211.pdf,jds\APPAREL\APPAREL_entry.txt,INFORMATION-TECHNOLOGY,0.0448,0.05,1,18.0,0.2798161804676056,0.2536,0
resumes/data\INFORMATION-TECHNOLOGY\33381211.pdf,jds\APPAREL\APPAREL_mid.txt,INFORMATION-TECHNOLOGY,0.0931,0.2,0,20.0,0.3556070923805237,0.3464,0
resumes/data\INFORMATION-TECHNOLOGY\33381211.pdf,jds\APPAREL\APPAREL_senior.txt,INFORMATION-TECHNOLOGY,0.0874,0.2,0,20.0,0.3197559118270874,0.323,0
resumes/data\INFORMATION-TECHNOLOGY\35325329.pdf,jds\ACCOUNTANT\ACCOUNTANT_senior.txt,INFORMATION-TECHNOLOGY,0.0698,0.1,-1,19.0,0.381513237953186,0.3064,0
resumes/data\INFORMATION-TECHNOLOGY\35325329.pdf,jds\ACCOUNTANT\ACCOUNTANT_mid.txt,INFORMATION-TECHNOLOGY,0.0535,0.1,-1,19.0,0.3867970108985901,0.248,0
resumes/data\INFORMATION-TECHNOLOGY\35325329.pdf,jds\ACCOUNTANT\ACCOUNTANT_entry.txt,INFORMATION-TECHNOLOGY,0.026,0.05,-1,17.0,0.3504514098167419,0.2373,0
resumes/data\INFORMATION-TECHNOLOGY\36434348.pdf,jds\BANKING\BANKING_entry.txt,INFORMATION-TECHNOLOGY,0.0627,0.2,1,47.0,0.3798090517520904,0.3495,0
resumes/data\INFORMATION-TECHNOLOGY\36434348.pdf,jds\BANKING\BANKING_senior.txt,INFORMATION-TECHNOLOGY,0.0778,0.05,0,49.0,0.4138525128364563,0.3659,0
resumes/data\INFORMATION-TECHNOLOGY\36856210.pdf,jds\CHEF\CHEF_entry.txt,INFORMATION-TECHNOLOGY,0.0512,0.05,1,15.0,0.2685893177986145,0.2582,0
resumes/data\INFORMATION-TECHNOLOGY\36856210.pdf,jds\CHEF\CHEF_mid.txt,INFORMATION-TECHNOLOGY,0.0452,0.05,1,15.0,0.2652051746845245,0.2206,0
resumes/data\INFORMATION-TECHNOLOGY\36856210.pdf,jds\CHEF\CHEF_senior.txt,INFORMATION-TECHNOLOGY,0.0473,0.0,1,15.0,0.280423104763031,0.257,0
resumes/data\INFORMATION-TECHNOLOGY\37242217.pdf,jds\AGRICULTURE\AGRICULTURE_senior.txt,INFORMATION-TECHNOLOGY,0.053,0.15,-2,10.0,0.3682482242584228,0.3863,0
resumes/data\INFORMATION-TECHNOLOGY\37242217.pdf,jds\AGRICULTURE\AGRICULTURE_mid.txt,INFORMATION-TECHNOLOGY,0.1017,0.1,-1,3.0,0.3086784183979034,0.3359,0
resumes/data\INFORMATION-TECHNOLOGY\37242217.pdf,jds\AGRICULTURE\AGRICULTURE_entry.txt,INFORMATION-TECHNOLOGY,0.0762,0.05,0,10.0,0.3320894241333008,0.3275,0
resumes/data\INFORMATION-TECHNOLOGY\37764298.pdf,jds\FITNESS\FITNESS_senior.txt,INFORMATION-TECHNOLOGY,0.0469,0.15,-2,0.0,0.2808363139629364,0.1881,0
resumes/data\INFORMATION-TECHNOLOGY\37764298.pdf,jds\FITNESS\FITNESS_entry.txt,INFORMATION-TECHNOLOGY,0.0222,0.05,1,-2.0,0.2804189920425415,0.1773,0
resumes/data\INFORMATION-TECHNOLOGY\37764298.pdf,jds\FITNESS\FITNESS_mid.txt,INFORMATION-TECHNOLOGY,0.0288,0.05,0,-7.0,0.241154134273529,0.2038,0
resumes/data\INFORMATION-TECHNOLOGY\38753827.pdf,jds\ADVOCATE\ADVOCATE_entry.txt,INFORMATION-TECHNOLOGY,0.0465,0.05,-1,16.0,0.2716747522354126,0.2074,0
resumes/data\INFORMATION-TECHNOLOGY\38753827.pdf,jds\ADVOCATE\ADVOCATE_mid.txt,INFORMATION-TECHNOLOGY,0.0527,0.15,-1,18.0,0.2600826323032379,0.1938,0
resumes/data\INFORMATION-TECHNOLOGY\38753827.pdf,jds\ADVOCATE\ADVOCATE_senior.txt,INFORMATION-TECHNOLOGY,0.0567,0.15,-1,18.0,0.2839367389678955,0.2174,0
resumes/data\INFORMATION-TECHNOLOGY\39413067.pdf,jds\AGRICULTURE\AGRICULTURE_entry.txt,INFORMATION-TECHNOLOGY,0.0623,0.0,0,0.0,0.3006215691566467,0.3588,0
resumes/data\INFORMATION-TECHNOLOGY\39413067.pdf,jds\AGRICULTURE\AGRICULTURE_senior.txt,INFORMATION-TECHNOLOGY,0.0543,0.05,-2,0.0,0.4111342132091522,0.3994,0
resumes/data\INFORMATION-TECHNOLOGY\39413067.pdf,jds\AGRICULTURE\AGRICULTURE_mid.txt,INFORMATION-TECHNOLOGY,0.0879,0.05,-1,-7.0,0.3270920515060425,0.3347,0
resumes/data\INFORMATION-TECHNOLOGY\39718499.pdf,jds\ADVOCATE\ADVOCATE_mid.txt,INFORMATION-TECHNOLOGY,0.0537,0.05,-1,29.0,0.2336198389530182,0.1483,0
resumes/data\INFORMATION-TECHNOLOGY\39718499.pdf,jds\ADVOCATE\ADVOCATE_senior.txt,INFORMATION-TECHNOLOGY,0.0349,0.0,-1,29.0,0.3025475740432739,0.1354,0
resumes/data\INFORMATION-TECHNOLOGY\39718499.pdf,jds\ADVOCATE\ADVOCATE_entry.txt,INFORMATION-TECHNOLOGY,0.0495,0.1,-1,27.0,0.2988165020942688,0.1549,0
resumes/data\INFORMATION-TECHNOLOGY\40018190.pdf,jds\APPAREL\APPAREL_senior.txt,INFORMATION-TECHNOLOGY,0.0595,0.05,-1,12.0,0.2989796996116638,0.1848,0
resumes/data\INFORMATION-TECHNOLOGY\40018190.pdf,jds\APPAREL\APPAREL_entry.txt,INFORMATION-TECHNOLOGY,0.0634,0.05,0,10.0,0.3053930699825287,0.2571,0
resumes/data\INFORMATION-TECHNOLOGY\40018190.pdf,jds\APPAREL\APPAREL_mid.txt,INFORMATION-TECHNOLOGY,0.0714,0.05,-1,12.0,0.3024277091026306,0.2554,0
resumes/data\INFORMATION-TECHNOLOGY\41344156.pdf,jds\BUSINESS-DEVELOPMENT\BUSINESS-DEVELOPMENT_mid.txt,INFORMATION-TECHNOLOGY,0.1453,0.3,-1,-8.0,0.4117606878280639,0.2949,0
resumes/data\INFORMATION-TECHNOLOGY\41344156.pdf,jds\BUSINESS-DEVELOPMENT\BUSINESS-DEVELOPMENT_entry.txt,INFORMATION-TECHNOLOGY,0.1446,0.25,0,-2.0,0.4159430265426636,0.2996,0
resumes/data\INFORMATION-TECHNOLOGY\46260230.pdf,jds\TEACHER\TEACHER_senior.txt,INFORMATION-TECHNOLOGY,0.0632,0.1,-3,5.0,0.3222356736660003,0.3476,0
resumes/data\INFORMATION-TECHNOLOGY\48037995.pdf,jds\FITNESS\FITNESS_mid.txt,INFORMATION-TECHNOLOGY,0.0595,0.05,1,-7.0,0.2560294270515442,0.2809,0
resumes/data\INFORMATION-TECHNOLOGY\48037995.pdf,jds\FITNESS\FITNESS_senior.txt,INFORMATION-TECHNOLOGY,0.0563,0.1,-1,0.0,0.2861177921295166,0.31,0
resumes/data\INFORMATION-TECHNOLOGY\48037995.pdf,jds\FITNESS\FITNESS_entry.txt,INFORMATION-TECHNOLOGY,0.0646,0.05,2,-2.0,0.2134572863578796,0.2776,0
resumes/data\INFORMATION-TECHNOLOGY\51363762.pdf,jds\TEACHER\TEACHER_senior.txt,INFORMATION-TECHNOLOGY,0.0364,0.1,-2,9.0,0.3955615758895874,0.3503,0
resumes/data\INFORMATION-TECHNOLOGY\51363762.pdf,jds\TEACHER\TEACHER_entry.txt,INFORMATION-TECHNOLOGY,0.0653,0.1,0,9.0,0.3814168274402618,0.3934,0
resumes/data\INFORMATION-TECHNOLOGY\51363762.pdf,jds\TEACHER\TEACHER_mid.txt,INFORMATION-TECHNOLOGY,0.0499,0.15,-1,9.0,0.3800282180309295,0.3925,0
resumes/data\INFORMATION-TECHNOLOGY\51639418.pdf,jds\ACCOUNTANT\ACCOUNTANT_entry.txt,INFORMATION-TECHNOLOGY,0.0428,0.1,1,13.0,0.3605707883834839,0.4406,0
resumes/data\INFORMATION-TECHNOLOGY\52246737.pdf,jds\APPAREL\APPAREL_entry.txt,INFORMATION-TECHNOLOGY,0.0447,0.05,0,-2.0,0.3018343448638916,0.3266,0
resumes/data\INFORMATION-TECHNOLOGY\52246737.pdf,jds\APPAREL\APPAREL_senior.txt,INFORMATION-TECHNOLOGY,0.0758,0.2,-1,0.0,0.3011062443256378,0.326,0
resumes/data\INFORMATION-TECHNOLOGY\57002858.pdf,jds\CONSTRUCTION\CONSTRUCTION_senior.txt,INFORMATION-TECHNOLOGY,0.0721,0.15,-1,19.0,0.400488793849945,0.3342,0
resumes/data\INFORMATION-TECHNOLOGY\57002858.pdf,jds\CONSTRUCTION\CONSTRUCTION_entry.txt,INFORMATION-TECHNOLOGY,0.0709,0.35,0,17.0,0.390573501586914,0.3769,0
resumes/data\INFORMATION-TECHNOLOGY\64017585.pdf,jds\AUTOMOBILE\AUTOMOBILE_entry.txt,INFORMATION-TECHNOLOGY,0.061,0.2,0,14.0,0.3401715159416199,0.3968,0
resumes/data\INFORMATION-TECHNOLOGY\64017585.pdf,jds\AUTOMOBILE\AUTOMOBILE_senior.txt,INFORMATION-TECHNOLOGY,0.0449,0.1,-1,16.0,0.3859437704086303,0.4262,0
resumes/data\INFORMATION-TECHNOLOGY\64017585.pdf,jds\AUTOMOBILE\AUTOMOBILE_mid.txt,INFORMATION-TECHNOLOGY,0.0657,0.25,0,8.0,0.3396533727645874,0.3837,0
resumes/data\INFORMATION-TECHNOLOGY\66832845.pdf,jds\ADVOCATE\ADVOCATE_entry.txt,INFORMATION-TECHNOLOGY,0.0241,0.0,-1,16.0,0.2821086347103119,0.3234,0
resumes/data\INFORMATION-TECHNOLOGY\66832845.pdf,jds\ADVOCATE\ADVOCATE_mid.txt,INFORMATION-TECHNOLOGY,0.0264,0.1,-1,18.0,0.2594271898269653,0.2973,0
resumes/data\INFORMATION-TECHNOLOGY\66832845.pdf,jds\ADVOCATE\ADVOCATE_senior.txt,INFORMATION-TECHNOLOGY,0.0188,0.15,-1,18.0,0.254723310470581,0.289,0
resumes/data\INFORMATION-TECHNOLOGY\68460556.pdf,jds\HR\HR_senior.txt,INFORMATION-TECHNOLOGY,0.0253,0.0,-1,4.0,0.3441072702407837,0.321,0
resumes/data\INFORMATION-TECHNOLOGY\68460556.pdf,jds\HR\HR_mid.txt,INFORMATION-TECHNOLOGY,0.0464,0.0,-1,4.0,0.4075315296649933,0.3949,0
resumes/data\INFORMATION-TECHNOLOGY\68460556.pdf,jds\HR\HR_entry.txt,INFORMATION-TECHNOLOGY,0.0261,0.0,-1,4.0,0.3726613223552704,0.3764,0
resumes/data\INFORMATION-TECHNOLOGY\70089206.pdf,jds\SALES\SALES_senior.txt,INFORMATION-TECHNOLOGY,0.0289,0.05,0,30.0,0.3544257283210754,0.447,0
resumes/data\INFORMATION-TECHNOLOGY\70089206.pdf,jds\SALES\SALES_entry.txt,INFORMATION-TECHNOLOGY,0.0411,0.05,1,30.0,0.4410679340362549,0.4224,0
resumes/data\INFORMATION-TECHNOLOGY\79541391.pdf,jds\HEALTHCARE\HEALTHCARE_mid.txt,INFORMATION-TECHNOLOGY,0.0699,0.2,-1,13.0,0.2931888699531555,0.3808,0
resumes/data\INFORMATION-TECHNOLOGY\79541391.pdf,jds\HEALTHCARE\HEALTHCARE_senior.txt,INFORMATION-TECHNOLOGY,0.0275,0.05,-1,13.0,0.2591439187526703,0.3383,0
resumes/data\INFORMATION-TECHNOLOGY\79541391.pdf,jds\HEALTHCARE\HEALTHCARE_entry.txt,INFORMATION-TECHNOLOGY,0.0633,0.05,0,11.0,0.2804295420646667,0.4444,0
resumes/data\INFORMATION-TECHNOLOGY\81761658.pdf,jds\CONSTRUCTION\CONSTRUCTION_entry.txt,INFORMATION-TECHNOLOGY,0.0994,0.3,0,14.0,0.3739047050476074,0.3669,0
resumes/data\INFORMATION-TECHNOLOGY\83816738.pdf,jds\INFORMATION-TECHNOLOGY\INFORMATION-TECHNOLOGY_mid.txt,INFORMATION-TECHNOLOGY,0.1641,0.55,0,0.0,0.5736585855484009,0.7189,1
resumes/data\INFORMATION-TECHNOLOGY\83816738.pdf,jds\BANKING\BANKING_senior.txt,INFORMATION-TECHNOLOGY,0.0396,0.05,0,0.0,0.3195309638977051,0.4044,0
resumes/data\INFORMATION-TECHNOLOGY\83816738.pdf,jds\BANKING\BANKING_entry.txt,INFORMATION-TECHNOLOGY,0.0466,0.2,1,-2.0,0.3356492519378662,0.412,0
resumes/data\INFORMATION-TECHNOLOGY\83816738.pdf,jds\BANKING\BANKING_mid.txt,INFORMATION-TECHNOLOGY,0.0645,0.15,0,0.0,0.2858521342277527,0.3886,0
resumes/data\INFORMATION-TECHNOLOGY\89413122.pdf,jds\CONSTRUCTION\CONSTRUCTION_entry.txt,INFORMATION-TECHNOLOGY,0.0895,0.3,0,14.0,0.3747563064098358,0.3472,0
resumes/data\INFORMATION-TECHNOLOGY\90867631.pdf,jds\AGRICULTURE\AGRICULTURE_mid.txt,INFORMATION-TECHNOLOGY,0.0667,0.05,0,10.0,0.3095653057098388,0.3842,0
resumes/data\INFORMATION-TECHNOLOGY\90867631.pdf,jds\AGRICULTURE\AGRICULTURE_entry.txt,INFORMATION-TECHNOLOGY,0.0848,0.1,1,17.0,0.2644924223423004,0.3496,0
resumes/data\INFORMATION-TECHNOLOGY\90867631.pdf,jds\AGRICULTURE\AGRICULTURE_senior.txt,INFORMATION-TECHNOLOGY,0.0512,0.1,-1,17.0,0.3217061758041382,0.409,0
resumes/data\INFORMATION-TECHNOLOGY\91121135.pdf,jds\FITNESS\FITNESS_senior.txt,INFORMATION-TECHNOLOGY,0.0333,0.05,-1,8.0,0.3974294364452362,0.2392,0
resumes/data\INFORMATION-TECHNOLOGY\91121135.pdf,jds\FITNESS\FITNESS_mid.txt,INFORMATION-TECHNOLOGY,0.0485,0.05,1,1.0,0.384116917848587,0.2707,0
resumes/data\INFORMATION-TECHNOLOGY\91121135.pdf,jds\FITNESS\FITNESS_entry.txt,INFORMATION-TECHNOLOGY,0.0655,0.1,2,6.0,0.3378709554672241,0.2596,0
resumes/data\INFORMATION-TECHNOLOGY\91635250.pdf,jds\TEACHER\TEACHER_mid.txt,INFORMATION-TECHNOLOGY,0.0413,0.0,-1,6.0,0.3527192771434784,0.3312,0
resumes/data\INFORMATION-TECHNOLOGY\91635250.pdf,jds\TEACHER\TEACHER_senior.txt,INFORMATION-TECHNOLOGY,0.0311,0.1,-2,6.0,0.3098874390125274,0.3062,0
resumes/data\INFORMATION-TECHNOLOGY\91635250.pdf,jds\TEACHER\TEACHER_entry.txt,INFORMATION-TECHNOLOGY,0.0698,0.1,0,6.0,0.3363980054855346,0.3489,0
resumes/data\INFORMATION-TECHNOLOGY\91697974.pdf,jds\AUTOMOBILE\AUTOMOBILE_entry.txt,INFORMATION-TECHNOLOGY,0.0879,0.15,0,3.0,0.3562508225440979,0.3119,0
resumes/data\INFORMATION-TECHNOLOGY\91697974.pdf,jds\AUTOMOBILE\AUTOMOBILE_mid.txt,INFORMATION-TECHNOLOGY,0.125,0.15,0,-3.0,0.368593156337738,0.3054,0
resumes/data\INFORMATION-TECHNOLOGY\91697974.pdf,jds\AUTOMOBILE\AUTOMOBILE_senior.txt,INFORMATION-TECHNOLOGY,0.0762,0.15,-1,5.0,0.3449435234069824,0.3282,0
resumes/data\INFORMATION-TECHNOLOGY\92069209.pdf,jds\HEALTHCARE\HEALTHCARE_entry.txt,INFORMATION-TECHNOLOGY,0.0502,0.1,0,-2.0,0.3392549157142639,0.2579,0
resumes/data\INFORMATION-TECHNOLOGY\92069209.pdf,jds\HEALTHCARE\HEALTHCARE_senior.txt,INFORMATION-TECHNOLOGY,0.0702,0.15,-1,0.0,0.3460592329502105,0.2769,0
resumes/data\INFORMATION-TECHNOLOGY\92069209.pdf,jds\HEALTHCARE\HEALTHCARE_mid.txt,INFORMATION-TECHNOLOGY,0.0785,0.25,-1,0.0,0.3139739632606506,0.1995,0
resumes/data\PUBLIC-RELATIONS\10070224.pdf,jds\PUBLIC-RELATIONS\PUBLIC-RELATIONS_entry.txt,PUBLIC-RELATIONS,0.3249,0.4,1,8.0,0.6490223407745361,0.6298,1
resumes/data\PUBLIC-RELATIONS\10070224.pdf,jds\PUBLIC-RELATIONS\PUBLIC-RELATIONS_mid.txt,PUBLIC-RELATIONS,0.1941,0.4,0,10.0,0.6432386636734009,0.6243,1
resumes/data\PUBLIC-RELATIONS\10070224.pdf,jds\PUBLIC-RELATIONS\PUBLIC-RELATIONS_senior.txt,PUBLIC-RELATIONS,0.2063,0.4,0,10.0,0.6756017208099365,0.6543,1
resumes/data\PUBLIC-RELATIONS\10070224.pdf,jds\BANKING\BANKING_mid.txt,PUBLIC-RELATIONS,0.0335,0.05,0,10.0,0.2957984805107116,0.2594,0
resumes/data\PUBLIC-RELATIONS\10070224.pdf,jds\BANKING\BANKING_entry.txt,PUBLIC-RELATIONS,0.0367,0.15,1,8.0,0.223719522356987,0.2199,0
resumes/data\PUBLIC-RELATIONS\10070224.pdf,jds\BANKING\BANKING_senior.txt,PUBLIC-RELATIONS,0.0365,0.05,0,10.0,0.2702983021736145,0.2003,0
resumes/data\PUBLIC-RELATIONS\10554045.pdf,jds\FINANCE\FINANCE_senior.txt,PUBLIC-RELATIONS,0.054,0.2,0,33.0,0.2991867363452911,0.2245,0
resumes/data\PUBLIC-RELATIONS\10554045.pdf,jds\FINANCE\FINANCE_mid.txt,PUBLIC-RELATIONS,0.0528,0.15,0,33.0,0.3195785582065582,0.2087,0
resumes/data\PUBLIC-RELATIONS\10554045.pdf,jds\FINANCE\FINANCE_entry.txt,PUBLIC-RELATIONS,0.0571,0.1,0,31.0,0.3322535753250122,0.2566,0
resumes/data\PUBLIC-RELATIONS\10873344.pdf,jds\AVIATION\AVIATION_mid.txt,PUBLIC-RELATIONS,0.0417,0.1,0,7.0,0.3714241683483124,0.3365,0
resumes/data\PUBLIC-RELATIONS\10873344.pdf,jds\AVIATION\AVIATION_entry.txt,PUBLIC-RELATIONS,0.0418,0.05,0,13.0,0.3867582678794861,0.2754,0
resumes/data\PUBLIC-RELATIONS\10873344.pdf,jds\AVIATION\AVIATION_senior.txt,PUBLIC-RELATIONS,0.0265,0.0,0,15.0,0.3557824492454529,0.3552,0
resumes/data\PUBLIC-RELATIONS\10926726.pdf,jds\CONSTRUCTION\CONSTRUCTION_entry.txt,PUBLIC-RELATIONS,0.0449,0.1,0,-2.0,0.3009613752365112,0.3111,0
resumes/data\PUBLIC-RELATIONS\11160414.pdf,jds\ACCOUNTANT\ACCOUNTANT_senior.txt,PUBLIC-RELATIONS,0.0586,0.05,-1,2.0,0.3582115471363067,0.2905,0
resumes/data\PUBLIC-RELATIONS\11160414.pdf,jds\ACCOUNTANT\ACCOUNTANT_entry.txt,PUBLIC-RELATIONS,0.0272,0.05,-1,0.0,0.3447523713111877,0.2492,0
resumes/data\PUBLIC-RELATIONS\11160414.pdf,jds\ACCOUNTANT\ACCOUNTANT_mid.txt,PUBLIC-RELATIONS,0.0607,0.2,-1,2.0,0.3610031604766845,0.2278,0
resumes/data\PUBLIC-RELATIONS\11624880.pdf,jds\PUBLIC-RELATIONS\PUBLIC-RELATIONS_senior.txt,PUBLIC-RELATIONS,0.2163,0.35,-1,12.0,0.5057471394538879,0.5612,1
resumes/data\PUBLIC-RELATIONS\11624880.pdf,jds\BUSINESS-DEVELOPMENT\BUSINESS-DEVELOPMENT_mid.txt,PUBLIC-RELATIONS,0.0396,0.05,-1,4.0,0.2807378470897674,0.2602,0
resumes/data\PUBLIC-RELATIONS\11624880.pdf,jds\BUSINESS-DEVELOPMENT\BUSINESS-DEVELOPMENT_entry.txt,PUBLIC-RELATIONS,0.0317,0.1,0,10.0,0.3716708421707153,0.3185,0
resumes/data\PUBLIC-RELATIONS\11624880.pdf,jds\BUSINESS-DEVELOPMENT\BUSINESS-DEVELOPMENT_senior.txt,PUBLIC-RELATIONS,0.0596,0.1,-1,12.0,0.276044100522995,0.2352,0
resumes/data\PUBLIC-RELATIONS\11635137.pdf,jds\PUBLIC-RELATIONS\PUBLIC-RELATIONS_senior.txt,PUBLIC-RELATIONS,0.3473,0.4,-1,0.0,0.5895335674285889,0.6469,1
resumes/data\PUBLIC-RELATIONS\11635137.pdf,jds\ADVOCATE\ADVOCATE_entry.txt,PUBLIC-RELATIONS,0.0206,0.0,-1,-2.0,0.3194065392017364,0.1877,0
resumes/data\PUBLIC-RELATIONS\11635137.pdf,jds\ADVOCATE\ADVOCATE_senior.txt,PUBLIC-RELATIONS,0.0624,0.15,-1,0.0,0.3359270691871643,0.2652,0
resumes/data\PUBLIC-RELATIONS\11635137.pdf,jds\ADVOCATE\ADVOCATE_mid.txt,PUBLIC-RELATIONS,0.0395,0.1,-1,0.0,0.3126434981822967,0.1938,0
resumes/data\PUBLIC-RELATIONS\11842274.pdf,jds\BUSINESS-DEVELOPMENT\BUSINESS-DEVELOPMENT_entry.txt,PUBLIC-RELATIONS,0.0295,0.1,0,-2.0,0.2988404035568237,0.1677,0
resumes/data\PUBLIC-RELATIONS\11842274.pdf,jds\BUSINESS-DEVELOPMENT\BUSINESS-DEVELOPMENT_senior.txt,PUBLIC-RELATIONS,0.0152,0.05,-1,0.0,0.2507444620132446,0.1921,0
resumes/data\PUBLIC-RELATIONS\11842274.pdf,jds\BUSINESS-DEVELOPMENT\BUSINESS-DEVELOPMENT_mid.txt,PUBLIC-RELATIONS,0.0321,0.05,-1,-8.0,0.2500703334808349,0.2723,0
resumes/data\PUBLIC-RELATIONS\11850315.pdf,jds\PUBLIC-RELATIONS\PUBLIC-RELATIONS_entry.txt,PUBLIC-RELATIONS,0.3762,0.45,0,1.0,0.5853164196014404,0.5742,1
resumes/data\PUBLIC-RELATIONS\11850315.pdf,jds\PUBLIC-RELATIONS\PUBLIC-RELATIONS_mid.txt,PUBLIC-RELATIONS,0.258,0.45,-1,3.0,0.7188031673431396,0.5824,1
resumes/data\PUBLIC-RELATIONS\11850315.pdf,jds\PUBLIC-RELATIONS\PUBLIC-RELATIONS_senior.txt,PUBLIC-RELATIONS,0.2913,0.45,-1,3.0,0.6647589206695557,0.6397,1
resumes/data\PUBLIC-RELATIONS\11850315.pdf,jds\AUTOMOBILE\AUTOMOBILE_mid.txt,PUBLIC-RELATIONS,0.0462,0.0,0,-5.0,0.2659571468830108,0.272,0
resumes/data\PUBLIC-RELATIONS\11850315.pdf,jds\AUTOMOBILE\AUTOMOBILE_entry.txt,PUBLIC-RELATIONS,0.0273,0.0,0,1.0,0.2613519728183746,0.2204,0
resumes/data\PUBLIC-RELATIONS\11850315.pdf,jds\AUTOMOBILE\AUTOMOBILE_senior.txt,PUBLIC-RELATIONS,0.0473,0.05,-1,3.0,0.2795206904411316,0.3005,0
resumes/data\PUBLIC-RELATIONS\11902276.pdf,jds\AVIATION\AVIATION_entry.txt,PUBLIC-RELATIONS,0.0838,0.05,1,0.0,0.4262906014919281,0.3801,0
resumes/data\PUBLIC-RELATIONS\11902276.pdf,jds\AVIATION\AVIATION_mid.txt,PUBLIC-RELATIONS,0.1065,0.1,1,-6.0,0.4121505618095398,0.4427,0
resumes/data\PUBLIC-RELATIONS\12191094.pdf,jds\APPAREL\APPAREL_entry.txt,PUBLIC-RELATIONS,0.059,0.05,1,-2.0,0.288478285074234,0.35,0
resumes/data\PUBLIC-RELATIONS\12237267.pdf,jds\TEACHER\TEACHER_entry.txt,PUBLIC-RELATIONS,0.0711,0.0,0,0.0,0.3688122034072876,0.244,0
resumes/data\PUBLIC-RELATIONS\12237267.pdf,jds\TEACHER\TEACHER_mid.txt,PUBLIC-RELATIONS,0.0523,0.0,-1,0.0,0.3856441378593445,0.3334,0
resumes/data\PUBLIC-RELATIONS\12237267.pdf,jds\TEACHER\TEACHER_senior.txt,PUBLIC-RELATIONS,0.0359,0.1,-2,0.0,0.3676497936248779,0.2501,0
resumes/data\PUBLIC-RELATIONS\12545844.pdf,jds\BUSINESS-DEVELOPMENT\BUSINESS-DEVELOPMENT_mid.txt,PUBLIC-RELATIONS,0.0638,0.05,-1,7.0,0.3061274886131286,0.3497,0
resumes/data\PUBLIC-RELATIONS\12545844.pdf,jds\BUSINESS-DEVELOPMENT\BUSINESS-DEVELOPMENT_entry.txt,PUBLIC-RELATIONS,0.0411,0.05,0,13.0,0.363655149936676,0.4261,0
resumes/data\PUBLIC-RELATIONS\12545844.pdf,jds\BUSINESS-DEVELOPMENT\BUSINESS-DEVELOPMENT_senior.txt,PUBLIC-RELATIONS,0.0409,0.05,-1,15.0,0.27191823720932,0.402,0
resumes/data\PUBLIC-RELATIONS\12567516.pdf,jds\CONSTRUCTION\CONSTRUCTION_senior.txt,PUBLIC-RELATIONS,0.0781,0.25,-1,15.0,0.34369957447052,0.2966,0
resumes/data\PUBLIC-RELATIONS\12567516.pdf,jds\CONSTRUCTION\CONSTRUCTION_entry.txt,PUBLIC-RELATIONS,0.041,0.2,0,13.0,0.3422106504440307,0.2523,0
resumes/data\PUBLIC-RELATIONS\12567516.pdf,jds\CONSTRUCTION\CONSTRUCTION_mid.txt,PUBLIC-RELATIONS,0.0788,0.25,-1,15.0,0.3496380150318146,0.2903,0
resumes/data\PUBLIC-RELATIONS\12920612.pdf,jds\PUBLIC-RELATIONS\PUBLIC-RELATIONS_entry.txt,PUBLIC-RELATIONS,0.2356,0.35,0,28.0,0.5019567608833313,0.6513,1
resumes/data\PUBLIC-RELATIONS\12920612.pdf,jds\PUBLIC-RELATIONS\PUBLIC-RELATIONS_mid.txt,PUBLIC-RELATIONS,0.2228,0.5,-1,30.0,0.545997679233551,0.7313,1
resumes/data\PUBLIC-RELATIONS\12920612.pdf,jds\PUBLIC-RELATIONS\PUBLIC-RELATIONS_senior.txt,PUBLIC-RELATIONS,0.3003,0.55,-1,30.0,0.5358121395111084,0.7554,1
resumes/data\PUBLIC-RELATIONS\12920612.pdf,jds\AGRICULTURE\AGRICULTURE_entry.txt,PUBLIC-RELATIONS,0.0424,0.0,0,30.0,0.2857658267021179,0.2459,0
resumes/data\PUBLIC-RELATIONS\12920612.pdf,jds\AGRICULTURE\AGRICULTURE_senior.txt,PUBLIC-RELATIONS,0.0505,0.05,-2,30.0,0.3525283932685852,0.3028,0
resumes/data\PUBLIC-RELATIONS\12920612.pdf,jds\AGRICULTURE\AGRICULTURE_mid.txt,PUBLIC-RELATIONS,0.0614,0.1,-1,23.0,0.2999634146690368,0.3046,0
resumes/data\PUBLIC-RELATIONS\13129275.pdf,jds\AVIATION\AVIATION_entry.txt,PUBLIC-RELATIONS,0.0454,0.0,0,17.0,0.2554979026317596,0.3167,0
resumes/data\PUBLIC-RELATIONS\13129275.pdf,jds\AVIATION\AVIATION_mid.txt,PUBLIC-RELATIONS,0.0661,0.05,0,11.0,0.3451855778694153,0.3596,0
resumes/data\PUBLIC-RELATIONS\13129275.pdf,jds\AVIATION\AVIATION_senior.txt,PUBLIC-RELATIONS,0.0557,0.05,0,19.0,0.3465129733085632,0.3888,0
resumes/data\PUBLIC-RELATIONS\13727873.pdf,jds\CHEF\CHEF_senior.txt,PUBLIC-RELATIONS,0.0808,0.1,1,0.0,0.3498180508613586,0.3229,0
resumes/data\PUBLIC-RELATIONS\13727873.pdf,jds\CHEF\CHEF_mid.txt,PUBLIC-RELATIONS,0.0776,0.15,1,0.0,0.3364510238170624,0.2664,0
resumes/data\PUBLIC-RELATIONS\13727873.pdf,jds\CHEF\CHEF_entry.txt,PUBLIC-RELATIONS,0.0838,0.2,1,0.0,0.3470758199691772,0.2455,0
resumes/data\PUBLIC-RELATIONS\13915715.pdf,jds\ADVOCATE\ADVOCATE_senior.txt,PUBLIC-RELATIONS,0.034,0.15,0,12.0,0.4311378598213196,0.4402,0
resumes/data\PUBLIC-RELATIONS\13915715.pdf,jds\ADVOCATE\ADVOCATE_entry.txt,PUBLIC-RELATIONS,0.0385,0.05,0,10.0,0.43402099609375,0.4595,0
resumes/data\PUBLIC-RELATIONS\14009087.pdf,jds\PUBLIC-RELATIONS\PUBLIC-RELATIONS_senior.txt,PUBLIC-RELATIONS,0.207,0.4,-1,17.0,0.5477185249328613,0.5905,1
resumes/data\PUBLIC-RELATIONS\14009087.pdf,jds\ARTS\ARTS_entry.txt,PUBLIC-RELATIONS,0.057,0.05,0,17.0,0.3534968495368957,0.2549,0
resumes/data\PUBLIC-RELATIONS\14009087.pdf,jds\ARTS\ARTS_senior.txt,PUBLIC-RELATIONS,0.0634,0.3,-2,17.0,0.3956201076507568,0.3537,0
resumes/data\PUBLIC-RELATIONS\14128006.pdf,jds\PUBLIC-RELATIONS\PUBLIC-RELATIONS_mid.txt,PUBLIC-RELATIONS,0.2745,0.45,-1,11.0,0.6306582689285278,0.6541,1
resumes/data\PUBLIC-RELATIONS\14128006.pdf,jds\TEACHER\TEACHER_mid.txt,PUBLIC-RELATIONS,0.0315,0.1,-1,11.0,0.3720407485961914,0.262,0
resumes/data\PUBLIC-RELATIONS\14128006.pdf,jds\TEACHER\TEACHER_entry.txt,PUBLIC-RELATIONS,0.0657,0.15,0,11.0,0.3453709483146667,0.2238,0
resumes/data\PUBLIC-RELATIONS\14128006.pdf,jds\TEACHER\TEACHER_senior.txt,PUBLIC-RELATIONS,0.0388,0.25,-2,11.0,0.4163514673709869,0.282,0
resumes/data\PUBLIC-RELATIONS\14278888.pdf,jds\AVIATION\AVIATION_entry.txt,PUBLIC-RELATIONS,0.1132,0.15,0,-2.0,0.4704896211624145,0.3786,0
resumes/data\PUBLIC-RELATIONS\14278888.pdf,jds\AVIATION\AVIATION_mid.txt,PUBLIC-RELATIONS,0.1136,0.1,0,-8.0,0.5197813510894775,0.4854,0
resumes/data\PUBLIC-RELATIONS\14364597.pdf,jds\INFORMATION-TECHNOLOGY\INFORMATION-TECHNOLOGY_entry.txt,PUBLIC-RELATIONS,0.0491,0.05,0,-2.0,0.2850072979927063,0.3618,0
resumes/data\PUBLIC-RELATIONS\14364597.pdf,jds\INFORMATION-TECHNOLOGY\INFORMATION-TECHNOLOGY_senior.txt,PUBLIC-RELATIONS,0.0386,0.2,-1,0.0,0.2861567735671997,0.2758,0
resumes/data\PUBLIC-RELATIONS\14364597.pdf,jds\INFORMATION-TECHNOLOGY\INFORMATION-TECHNOLOGY_mid.txt,PUBLIC-RELATIONS,0.0619,0.15,-1,0.0,0.3131093382835388,0.3218,0
resumes/data\PUBLIC-RELATIONS\14536764.pdf,jds\TEACHER\TEACHER_senior.txt,PUBLIC-RELATIONS,0.0322,0.05,-2,15.0,0.3923366665840149,0.2049,0
resumes/data\PUBLIC-RELATIONS\14536764.pdf,jds\TEACHER\TEACHER_mid.txt,PUBLIC-RELATIONS,0.0324,0.0,-1,15.0,0.3706883788108825,0.2283,0
resumes/data\PUBLIC-RELATIONS\14536764.pdf,jds\TEACHER\TEACHER_entry.txt,PUBLIC-RELATIONS,0.035,0.0,0,15.0,0.3653631210327148,0.1613,0
resumes/data\PUBLIC-RELATIONS\14611516.pdf,jds\FITNESS\FITNESS_mid.txt,PUBLIC-RELATIONS,0.0263,0.05,-2,1.0,0.2199282795190811,0.1953,0
resumes/data\PUBLIC-RELATIONS\14611516.pdf,jds\FITNESS\FITNESS_entry.txt,PUBLIC-RELATIONS,0.0236,0.0,-1,6.0,0.2207382917404174,0.2105,0
resumes/data\PUBLIC-RELATIONS\14611516.pdf,jds\FITNESS\FITNESS_senior.txt,PUBLIC-RELATIONS,0.057,0.2,-4,8.0,0.2687766849994659,0.225,0
resumes/data\PUBLIC-RELATIONS\14667659.pdf,jds\CONSTRUCTION\CONSTRUCTION_senior.txt,PUBLIC-RELATIONS,0.0975,0.2,-2,21.0,0.3935754895210266,0.2893,0
resumes/data\PUBLIC-RELATIONS\14667659.pdf,jds\CONSTRUCTION\CONSTRUCTION_mid.txt,PUBLIC-RELATIONS,0.1031,0.2,-2,21.0,0.3534201383590698,0.2932,0
resumes/data\PUBLIC-RELATIONS\14667659.pdf,jds\CONSTRUCTION\CONSTRUCTION_entry.txt,PUBLIC-RELATIONS,0.0638,0.2,-1,19.0,0.3021172285079956,0.275,0
resumes/data\PUBLIC-RELATIONS\14910300.pdf,jds\FINANCE\FINANCE_mid.txt,PUBLIC-RELATIONS,0.0706,0.15,-1,0.0,0.3509247601032257,0.365,0
resumes/data\PUBLIC-RELATIONS\14910300.pdf,jds\FINANCE\FINANCE_senior.txt,PUBLIC-RELATIONS,0.0868,0.2,-1,0.0,0.2993960380554199,0.3124,0
resumes/data\PUBLIC-RELATIONS\14910300.pdf,jds\FINANCE\FINANCE_entry.txt,PUBLIC-RELATIONS,0.0597,0.1,-1,-2.0,0.2670561075210571,0.3187,0
resumes/data\PUBLIC-RELATIONS\14966165.pdf,jds\AVIATION\AVIATION_entry.txt,PUBLIC-RELATIONS,0.0519,0.1,0,31.0,0.2567077875137329,0.3136,0
resumes/data\PUBLIC-RELATIONS\14966165.pdf,jds\AVIATION\AVIATION_mid.txt,PUBLIC-RELATIONS,0.0715,0.1,0,25.0,0.2166278064250946,0.3853,0
resumes/data\PUBLIC-RELATIONS\15917885.pdf,jds\BANKING\BANKING_mid.txt,PUBLIC-RELATIONS,0.0662,0.2,-1,31.0,0.3059872984886169,0.2801,0
resumes/data\PUBLIC-RELATIONS\15917885.pdf,jds\BANKING\BANKING_entry.txt,PUBLIC-RELATIONS,0.0432,0.1,0,29.0,0.3256759643554687,0.171,0
resumes/data\PUBLIC-RELATIONS\15917885.pdf,jds\BANKING\BANKING_senior.txt,PUBLIC-RELATIONS,0.0494,0.15,-1,31.0,0.3483676314353943,0.2821,0
resumes/data\PUBLIC-RELATIONS\16103783.pdf,jds\DESIGNER\DESIGNER_entry.txt,PUBLIC-RELATIONS,0.0787,0.15,0,-2.0,0.4396202266216278,0.3944,0
resumes/data\PUBLIC-RELATIONS\16103783.pdf,jds\DESIGNER\DESIGNER_senior.txt,PUBLIC-RELATIONS,0.074,0.2,-1,0.0,0.4240978956222534,0.3342,0
resumes/data\PUBLIC-RELATIONS\16226743.pdf,jds\PUBLIC-RELATIONS\PUBLIC-RELATIONS_mid.txt,PUBLIC-RELATIONS,0.2605,0.4,0,0.0,0.6909447908401489,0.4836,1
resumes/data\PUBLIC-RELATIONS\16226743.pdf,jds\PUBLIC-RELATIONS\PUBLIC-RELATIONS_senior.txt,PUBLIC-RELATIONS,0.2649,0.5,0,0.0,0.7041407823562622,0.5711,1
resumes/data\PUBLIC-RELATIONS\16226743.pdf,jds\BPO\BPO_senior.txt,PUBLIC-RELATIONS,0.0781,0.25,0,0.0,0.4364200234413147,0.2788,0
resumes/data\PUBLIC-RELATIONS\16226743.pdf,jds\BPO\BPO_entry.txt,PUBLIC-RELATIONS,0.059,0.2,1,-2.0,0.4661854207515716,0.2769,0
resumes/data\PUBLIC-RELATIONS\16226743.pdf,jds\BPO\BPO_mid.txt,PUBLIC-RELATIONS,0.0564,0.15,1,0.0,0.4069488048553467,0.2301,0
resumes/data\PUBLIC-RELATIONS\16620172.pdf,jds\AGRICULTURE\AGRICULTURE_mid.txt,PUBLIC-RELATIONS,0.0333,0.05,0,3.0,0.3068582117557525,0.2379,0
resumes/data\PUBLIC-RELATIONS\16620172.pdf,jds\AGRICULTURE\AGRICULTURE_senior.txt,PUBLIC-RELATIONS,0.0686,0.2,-1,10.0,0.3615467548370361,0.2813,0
resumes/data\PUBLIC-RELATIONS\16620172.pdf,jds\AGRICULTURE\AGRICULTURE_entry.txt,PUBLIC-RELATIONS,0.0169,0.0,1,10.0,0.2932526767253876,0.2036,0
resumes/data\PUBLIC-RELATIONS\18133495.pdf,jds\BANKING\BANKING_senior.txt,PUBLIC-RELATIONS,0.046,0.05,-2,10.0,0.3831337094306946,0.3336,0
resumes/data\PUBLIC-RELATIONS\18133495.pdf,jds\BANKING\BANKING_entry.txt,PUBLIC-RELATIONS,0.0733,0.35,-1,8.0,0.3444136679172516,0.3166,0
resumes/data\PUBLIC-RELATIONS\18133495.pdf,jds\BANKING\BANKING_mid.txt,PUBLIC-RELATIONS,0.0771,0.1,-2,10.0,0.3517208099365234,0.3182,0
resumes/data\PUBLIC-RELATIONS\18436190.pdf,jds\FITNESS\FITNESS_senior.txt,PUBLIC-RELATIONS,0.0688,0.1,-2,47.0,0.3496755361557007,0.336,0
resumes/data\PUBLIC-RELATIONS\18436190.pdf,jds\FITNESS\FITNESS_mid.txt,PUBLIC-RELATIONS,0.0583,0.05,0,40.0,0.3357023894786834,0.2885,0
resumes/data\PUBLIC-RELATIONS\18436190.pdf,jds\FITNESS\FITNESS_entry.txt,PUBLIC-RELATIONS,0.026,0.05,1,45.0,0.3430007398128509,0.254,0
resumes/data\PUBLIC-RELATIONS\19072267.pdf,jds\ENGINEERING\ENGINEERING_mid.txt,PUBLIC-RELATIONS,0.039,0.0,0,13.0,0.2227182388305664,0.3307,0
resumes/data\PUBLIC-RELATIONS\19072267.pdf,jds\ENGINEERING\ENGINEERING_entry.txt,PUBLIC-RELATIONS,0.0408,0.1,1,11.0,0.1879075467586517,0.2272,0
resumes/data\PUBLIC-RELATIONS\19497420.pdf,jds\PUBLIC-RELATIONS\PUBLIC-RELATIONS_mid.txt,PUBLIC-RELATIONS,0.2197,0.55,-1,10.0,0.6098740696907043,0.5876,1
resumes/data\PUBLIC-RELATIONS\19497420.pdf,jds\CONSTRUCTION\CONSTRUCTION_entry.txt,PUBLIC-RELATIONS,0.0942,0.25,0,8.0,0.3010711371898651,0.3183,0
resumes/data\PUBLIC-RELATIONS\19503224.pdf,jds\CONSULTANT\CONSULTANT_entry.txt,PUBLIC-RELATIONS,0.0636,0.25,0,17.0,0.4120576679706573,0.29,0
resumes/data\PUBLIC-RELATIONS\19503224.pdf,jds\CONSULTANT\CONSULTANT_mid.txt,PUBLIC-RELATIONS,0.0863,0.05,0,17.0,0.405066430568695,0.3269,0
resumes/data\PUBLIC-RELATIONS\19558834.pdf,jds\BANKING\BANKING_mid.txt,PUBLIC-RELATIONS,0.0349,0.1,-1,44.0,0.372743546962738,0.3481,0
resumes/data\PUBLIC-RELATIONS\19558834.pdf,jds\BANKING\BANKING_entry.txt,PUBLIC-RELATIONS,0.0415,0.2,0,42.0,0.334404706954956,0.3096,0
resumes/data\PUBLIC-RELATIONS\19558834.pdf,jds\BANKING\BANKING_senior.txt,PUBLIC-RELATIONS,0.0199,0.05,-1,44.0,0.327499508857727,0.3286,0
resumes/data\PUBLIC-RELATIONS\19929506.pdf,jds\AGRICULTURE\AGRICULTURE_mid.txt,PUBLIC-RELATIONS,0.051,0.05,-1,7.0,0.2632204890251159,0.3298,0
resumes/data\PUBLIC-RELATIONS\19929506.pdf,jds\AGRICULTURE\AGRICULTURE_entry.txt,PUBLIC-RELATIONS,0.0376,0.0,0,14.0,0.2026497721672058,0.3208,0
resumes/data\PUBLIC-RELATIONS\19929506.pdf,jds\AGRICULTURE\AGRICULTURE_senior.txt,PUBLIC-RELATIONS,0.0516,0.0,-2,14.0,0.286269336938858,0.3761,0
resumes/data\PUBLIC-RELATIONS\20470943.pdf,jds\BANKING\BANKING_entry.txt,PUBLIC-RELATIONS,0.0745,0.25,0,10.0,0.3469268977642059,0.2924,0
resumes/data\PUBLIC-RELATIONS\20470943.pdf,jds\BANKING\BANKING_senior.txt,PUBLIC-RELATIONS,0.0748,0.15,-1,12.0,0.3522493541240692,0.3354,0
resumes/data\PUBLIC-RELATIONS\20470943.pdf,jds\BANKING\BANKING_mid.txt,PUBLIC-RELATIONS,0.1033,0.2,-1,12.0,0.3474888801574707,0.3296,0
resumes/data\PUBLIC-RELATIONS\20966771.pdf,jds\CONSTRUCTION\CONSTRUCTION_entry.txt,PUBLIC-RELATIONS,0.0536,0.15,1,-2.0,0.2750669121742248,0.3504,0
resumes/data\PUBLIC-RELATIONS\20966771.pdf,jds\CONSTRUCTION\CONSTRUCTION_senior.txt,PUBLIC-RELATIONS,0.0749,0.15,0,0.0,0.3935754895210266,0.3577,0
resumes/data\PUBLIC-RELATIONS\21297828.pdf,jds\AVIATION\AVIATION_senior.txt,PUBLIC-RELATIONS,0.0332,0.05,0,12.0,0.2563554644584656,0.2938,0
resumes/data\PUBLIC-RELATIONS\21297828.pdf,jds\AVIATION\AVIATION_mid.txt,PUBLIC-RELATIONS,0.0496,0.0,0,4.0,0.3087935149669647,0.2885,0
resumes/data\PUBLIC-RELATIONS\21297828.pdf,jds\AVIATION\AVIATION_entry.txt,PUBLIC-RELATIONS,0.0332,0.0,0,10.0,0.3129974901676178,0.2405,0
resumes/data\PUBLIC-RELATIONS\21321598.pdf,jds\BUSINESS-DEVELOPMENT\BUSINESS-DEVELOPMENT_mid.txt,PUBLIC-RELATIONS,0.1238,0.2,0,16.0,0.3513921499252319,0.3377,0
resumes/data\PUBLIC-RELATIONS\21321598.pdf,jds\BUSINESS-DEVELOPMENT\BUSINESS-DEVELOPMENT_entry.txt,PUBLIC-RELATIONS,0.1333,0.35,1,22.0,0.410129964351654,0.3583,0
resumes/data\PUBLIC-RELATIONS\21386255.pdf,jds\INFORMATION-TECHNOLOGY\INFORMATION-TECHNOLOGY_entry.txt,PUBLIC-RELATIONS,0.0352,0.0,0,25.0,0.2540643215179443,0.1744,0
resumes/data\PUBLIC-RELATIONS\21386255.pdf,jds\INFORMATION-TECHNOLOGY\INFORMATION-TECHNOLOGY_mid.txt,PUBLIC-RELATIONS,0.0385,0.05,-1,27.0,0.2570874989032745,0.1698,0
resumes/data\PUBLIC-RELATIONS\21386255.pdf,jds\INFORMATION-TECHNOLOGY\INFORMATION-TECHNOLOGY_senior.txt,PUBLIC-RELATIONS,0.0216,0.0,-1,27.0,0.2943713068962097,0.2061,0
resumes/data\PUBLIC-RELATIONS\21549195.pdf,jds\PUBLIC-RELATIONS\PUBLIC-RELATIONS_mid.txt,PUBLIC-RELATIONS,0.1429,0.3,-1,0.0,0.6123717427253723,0.7104,1
resumes/data\PUBLIC-RELATIONS\21549195.pdf,jds\PUBLIC-RELATIONS\PUBLIC-RELATIONS_senior.txt,PUBLIC-RELATIONS,0.178,0.5,-1,0.0,0.6043949127197266,0.6201,1
resumes/data\PUBLIC-RELATIONS\21549195.pdf,jds\CONSULTANT\CONSULTANT_entry.txt,PUBLIC-RELATIONS,0.0426,0.1,-1,0.0,0.3089582324028015,0.3178,0
resumes/data\PUBLIC-RELATIONS\21669215.pdf,jds\BANKING\BANKING_entry.txt,PUBLIC-RELATIONS,0.056,0.3,0,8.0,0.3262928128242492,0.3115,0
resumes/data\PUBLIC-RELATIONS\21669215.pdf,jds\BANKING\BANKING_senior.txt,PUBLIC-RELATIONS,0.0323,0.05,-1,10.0,0.3011916875839233,0.3406,0
resumes/data\PUBLIC-RELATIONS\21669215.pdf,jds\BANKING\BANKING_mid.txt,PUBLIC-RELATIONS,0.0552,0.2,-1,10.0,0.3272117972373962,0.376,0
resumes/data\PUBLIC-RELATIONS\22455205.pdf,jds\BANKING\BANKING_entry.txt,PUBLIC-RELATIONS,0.1212,0.3,0,-2.0,0.3625722527503967,0.4156,0
resumes/data\PUBLIC-RELATIONS\22560013.pdf,jds\CHEF\CHEF_entry.txt,PUBLIC-RELATIONS,0.028,0.05,1,0.0,0.3029659390449524,0.2918,0
resumes/data\PUBLIC-RELATIONS\22560013.pdf,jds\CHEF\CHEF_mid.txt,PUBLIC-RELATIONS,0.0322,0.05,1,0.0,0.3186380863189697,0.2987,0
resumes/data\PUBLIC-RELATIONS\22560013.pdf,jds\CHEF\CHEF_senior.txt,PUBLIC-RELATIONS,0.0392,0.0,1,0.0,0.3502769470214844,0.3976,0
resumes/data\PUBLIC-RELATIONS\22754014.pdf,jds\PUBLIC-RELATIONS\PUBLIC-RELATIONS_mid.txt,PUBLIC-RELATIONS,0.143,0.4,-1,41.0,0.6395212411880493,0.7057,1
resumes/data\PUBLIC-RELATIONS\22754014.pdf,jds\DESIGNER\DESIGNER_entry.txt,PUBLIC-RELATIONS,0.1113,0.25,0,39.0,0.370011419057846,0.4223,0
resumes/data\PUBLIC-RELATIONS\22861181.pdf,jds\ENGINEERING\ENGINEERING_mid.txt,PUBLIC-RELATIONS,0.0448,0.0,-1,7.0,0.3878495097160339,0.3574,0
resumes/data\PUBLIC-RELATIONS\22861181.pdf,jds\ENGINEERING\ENGINEERING_entry.txt,PUBLIC-RELATIONS,0.0511,0.05,0,5.0,0.3864052891731262,0.3421,0
resumes/data\PUBLIC-RELATIONS\22861181.pdf,jds\ENGINEERING\ENGINEERING_senior.txt,PUBLIC-RELATIONS,0.0474,0.1,-2,7.0,0.3811375498771667,0.3364,0
resumes/data\PUBLIC-RELATIONS\23015611.pdf,jds\ARTS\ARTS_senior.txt,PUBLIC-RELATIONS,0.0483,0.2,-2,0.0,0.4295462667942047,0.1714,0
resumes/data\PUBLIC-RELATIONS\23015611.pdf,jds\ARTS\ARTS_entry.txt,PUBLIC-RELATIONS,0.0444,0.1,0,0.0,0.3609557151794433,0.1725,0
resumes/data\PUBLIC-RELATIONS\23015611.pdf,jds\ARTS\ARTS_mid.txt,PUBLIC-RELATIONS,0.0594,0.1,-1,0.0,0.3887861371040344,0.1743,0
resumes/data\PUBLIC-RELATIONS\23048999.pdf,jds\ACCOUNTANT\ACCOUNTANT_mid.txt,PUBLIC-RELATIONS,0.0387,0.0,1,14.0,0.3323583304882049,0.2959,0
resumes/data\PUBLIC-RELATIONS\23048999.pdf,jds\ACCOUNTANT\ACCOUNTANT_senior.txt,PUBLIC-RELATIONS,0.0478,0.05,1,14.0,0.2950403988361358,0.3281,0
resumes/data\PUBLIC-RELATIONS\23048999.pdf,jds\ACCOUNTANT\ACCOUNTANT_entry.txt,PUBLIC-RELATIONS,0.0337,0.0,1,12.0,0.268282949924469,0.2053,0
resumes/data\PUBLIC-RELATIONS\23143731.pdf,jds\BANKING\BANKING_mid.txt,PUBLIC-RELATIONS,0.0409,0.15,-1,0.0,0.3708862662315368,0.2268,0
resumes/data\PUBLIC-RELATIONS\23143731.pdf,jds\BANKING\BANKING_senior.txt,PUBLIC-RELATIONS,0.0347,0.15,-1,0.0,0.3897684216499328,0.2083,0
resumes/data\PUBLIC-RELATIONS\23143731.pdf,jds\BANKING\BANKING_entry.txt,PUBLIC-RELATIONS,0.0574,0.3,0,-2.0,0.2862078547477722,0.1089,0
resumes/data\PUBLIC-RELATIONS\23602130.pdf,jds\HEALTHCARE\HEALTHCARE_mid.txt,PUBLIC-RELATIONS,0.0491,0.2,-1,6.0,0.266450822353363,0.2701,0
resumes/data\PUBLIC-RELATIONS\23602130.pdf,jds\HEALTHCARE\HEALTHCARE_senior.txt,PUBLIC-RELATIONS,0.0207,0.0,-1,6.0,0.3160440027713775,0.2955,0
resumes/data\PUBLIC-RELATIONS\23602130.pdf,jds\HEALTHCARE\HEALTHCARE_entry.txt,PUBLIC-RELATIONS,0.0495,0.05,0,4.0,0.3902732133865356,0.3659,0
resumes/data\PUBLIC-RELATIONS\23631724.pdf,jds\PUBLIC-RELATIONS\PUBLIC-RELATIONS_mid.txt,PUBLIC-RELATIONS,0.2558,0.45,-1,14.0,0.4837169945240021,0.5536,1
resumes/data\PUBLIC-RELATIONS\23631724.pdf,jds\PUBLIC-RELATIONS\PUBLIC-RELATIONS_senior.txt,PUBLIC-RELATIONS,0.3751,0.55,-1,14.0,0.5383927822113037,0.5895,1
resumes/data\PUBLIC-RELATIONS\23631724.pdf,jds\HR\HR_entry.txt,PUBLIC-RELATIONS,0.0266,0.0,-1,14.0,0.2994169294834137,0.1629,0
resumes/data\PUBLIC-RELATIONS\23631724.pdf,jds\HR\HR_senior.txt,PUBLIC-RELATIONS,0.0483,0.0,-1,14.0,0.27381032705307,0.1883,0
resumes/data\PUBLIC-RELATIONS\23631724.pdf,jds\HR\HR_mid.txt,PUBLIC-RELATIONS,0.0574,0.1,-1,14.0,0.2710052728652954,0.1227,0
resumes/data\PUBLIC-RELATIONS\23673025.pdf,jds\PUBLIC-RELATIONS\PUBLIC-RELATIONS_senior.txt,PUBLIC-RELATIONS,0.2073,0.35,-1,23.0,0.5735317468643188,0.69,1
resumes/data\PUBLIC-RELATIONS\23673025.pdf,jds\CHEF\CHEF_senior.txt,PUBLIC-RELATIONS,0.095,0.1,1,23.0,0.3515967726707458,0.2883,0
resumes/data\PUBLIC-RELATIONS\23673025.pdf,jds\CHEF\CHEF_mid.txt,PUBLIC-RELATIONS,0.0816,0.2,1,23.0,0.3271110951900482,0.2419,0
resumes/data\PUBLIC-RELATIONS\23673025.pdf,jds\CHEF\CHEF_entry.txt,PUBLIC-RELATIONS,0.0742,0.2,1,23.0,0.3368538618087768,0.2057,0
resumes/data\PUBLIC-RELATIONS\23771896.pdf,jds\PUBLIC-RELATIONS\PUBLIC-RELATIONS_senior.txt,PUBLIC-RELATIONS,0.2398,0.4,-1,12.0,0.5556449890136719,0.6662,1
resumes/data\PUBLIC-RELATIONS\23771896.pdf,jds\AVIATION\AVIATION_mid.txt,PUBLIC-RELATIONS,0.0361,0.0,0,4.0,0.2932729721069336,0.2318,0
resumes/data\PUBLIC-RELATIONS\23771896.pdf,jds\AVIATION\AVIATION_entry.txt,PUBLIC-RELATIONS,0.0419,0.0,0,10.0,0.3131672739982605,0.1718,0
resumes/data\PUBLIC-RELATIONS\23771896.pdf,jds\AVIATION\AVIATION_senior.txt,PUBLIC-RELATIONS,0.0366,0.05,0,12.0,0.3264655470848083,0.2819,0
resumes/data\PUBLIC-RELATIONS\24491862.pdf,jds\AVIATION\AVIATION_mid.txt,PUBLIC-RELATIONS,0.0511,0.05,0,3.0,0.2913806438446045,0.2838,0
resumes/data\PUBLIC-RELATIONS\24491862.pdf,jds\AVIATION\AVIATION_entry.txt,PUBLIC-RELATIONS,0.0465,0.05,0,9.0,0.3208150863647461,0.2933,0
resumes/data\PUBLIC-RELATIONS\24491862.pdf,jds\AVIATION\AVIATION_senior.txt,PUBLIC-RELATIONS,0.0417,0.05,0,11.0,0.2803127467632293,0.2839,0
resumes/data\PUBLIC-RELATIONS\24559558.pdf,jds\PUBLIC-RELATIONS\PUBLIC-RELATIONS_entry.txt,PUBLIC-RELATIONS,0.1708,0.25,2,18.0,0.5872337222099304,0.7012,1
resumes/data\PUBLIC-RELATIONS\24559558.pdf,jds\PUBLIC-RELATIONS\PUBLIC-RELATIONS_mid.txt,PUBLIC-RELATIONS,0.1351,0.3,1,20.0,0.6165553331375122,0.7201,1
resumes/data\PUBLIC-RELATIONS\24559558.pdf,jds\PUBLIC-RELATIONS\PUBLIC-RELATIONS_senior.txt,PUBLIC-RELATIONS,0.1753,0.45,1,20.0,0.5886187553405762,0.7421,1
resumes/data\PUBLIC-RELATIONS\24559558.pdf,jds\HR\HR_entry.txt,PUBLIC-RELATIONS,0.0435,0.05,1,20.0,0.329461008310318,0.4207,0
resumes/data\PUBLIC-RELATIONS\24590489.pdf,jds\AUTOMOBILE\AUTOMOBILE_entry.txt,PUBLIC-RELATIONS,0.1026,0.2,0,12.0,0.2239323556423187,0.1975,0
resumes/data\PUBLIC-RELATIONS\24590489.pdf,jds\AUTOMOBILE\AUTOMOBILE_senior.txt,PUBLIC-RELATIONS,0.0334,0.05,-1,14.0,0.2328847497701645,0.21,0
resumes/data\PUBLIC-RELATIONS\24590489.pdf,jds\AUTOMOBILE\AUTOMOBILE_mid.txt,PUBLIC-RELATIONS,0.1377,0.15,0,6.0,0.2404667437076568,0.2367,0
resumes/data\PUBLIC-RELATIONS\24677466.pdf,jds\INFORMATION-TECHNOLOGY\INFORMATION-TECHNOLOGY_mid.txt,PUBLIC-RELATIONS,0.0443,0.05,0,7.0,0.2771183848381042,0.3273,0
resumes/data\PUBLIC-RELATIONS\24677466.pdf,jds\INFORMATION-TECHNOLOGY\INFORMATION-TECHNOLOGY_entry.txt,PUBLIC-RELATIONS,0.0433,0.0,1,5.0,0.2339861690998077,0.2758,0
resumes/data\PUBLIC-RELATIONS\24677466.pdf,jds\INFORMATION-TECHNOLOGY\INFORMATION-TECHNOLOGY_senior.txt,PUBLIC-RELATIONS,0.0505,0.1,0,7.0,0.3310846090316772,0.3613,0
resumes/data\PUBLIC-RELATIONS\24710433.pdf,jds\AVIATION\AVIATION_entry.txt,PUBLIC-RELATIONS,0.0482,0.1,2,23.0,0.3388242721557617,0.2706,0
resumes/data\PUBLIC-RELATIONS\24710433.pdf,jds\AVIATION\AVIATION_mid.txt,PUBLIC-RELATIONS,0.0537,0.1,2,17.0,0.3744654357433319,0.2883,0
resumes/data\PUBLIC-RELATIONS\24710433.pdf,jds\AVIATION\AVIATION_senior.txt,PUBLIC-RELATIONS,0.0449,0.2,2,25.0,0.3751425743103027,0.2573,0
resumes/data\PUBLIC-RELATIONS\24977396.pdf,jds\AVIATION\AVIATION_entry.txt,PUBLIC-RELATIONS,0.052,0.05,0,8.0,0.3950148820877075,0.3172,0
resumes/data\PUBLIC-RELATIONS\24977396.pdf,jds\AVIATION\AVIATION_mid.txt,PUBLIC-RELATIONS,0.0535,0.0,0,2.0,0.4530717134475708,0.4092,0
resumes/data\PUBLIC-RELATIONS\24977396.pdf,jds\AVIATION\AVIATION_senior.txt,PUBLIC-RELATIONS,0.0288,0.05,0,10.0,0.3985279500484466,0.4135,0
resumes/data\PUBLIC-RELATIONS\25001005.pdf,jds\PUBLIC-RELATIONS\PUBLIC-RELATIONS_senior.txt,PUBLIC-RELATIONS,0.2745,0.35,0,9.0,0.5602387189865112,0.4652,1
resumes/data\PUBLIC-RELATIONS\25001005.pdf,jds\ENGINEERING\ENGINEERING_entry.txt,PUBLIC-RELATIONS,0.0447,0.1,1,7.0,0.1955607235431671,0.1529,0
resumes/data\PUBLIC-RELATIONS\25001005.pdf,jds\ENGINEERING\ENGINEERING_mid.txt,PUBLIC-RELATIONS,0.0609,0.05,0,9.0,0.3018201887607574,0.2076,0
resumes/data\PUBLIC-RELATIONS\25001005.pdf,jds\ENGINEERING\ENGINEERING_senior.txt,PUBLIC-RELATIONS,0.1053,0.4,-1,9.0,0.2847473621368408,0.2142,0
resumes/data\PUBLIC-RELATIONS\25070914.pdf,jds\PUBLIC-RELATIONS\PUBLIC-RELATIONS_mid.txt,PUBLIC-RELATIONS,0.2425,0.45,-1,24.0,0.6984196305274963,0.6289,1
resumes/data\PUBLIC-RELATIONS\25070914.pdf,jds\PUBLIC-RELATIONS\PUBLIC-RELATIONS_senior.txt,PUBLIC-RELATIONS,0.1623,0.45,-1,24.0,0.700160026550293,0.6594,1
resumes/data\PUBLIC-RELATIONS\25070914.pdf,jds\AUTOMOBILE\AUTOMOBILE_mid.txt,PUBLIC-RELATIONS,0.0382,0.0,0,16.0,0.3311828970909118,0.258,0
resumes/data\PUBLIC-RELATIONS\25070914.pdf,jds\AUTOMOBILE\AUTOMOBILE_senior.txt,PUBLIC-RELATIONS,0.0407,0.1,-1,24.0,0.3502106070518493,0.2832,0
resumes/data\PUBLIC-RELATIONS\25070914.pdf,jds\AUTOMOBILE\AUTOMOBILE_entry.txt,PUBLIC-RELATIONS,0.0184,0.0,0,22.0,0.2881204485893249,0.2053,0
resumes/data\PUBLIC-RELATIONS\25413261.pdf,jds\PUBLIC-RELATIONS\PUBLIC-RELATIONS_entry.txt,PUBLIC-RELATIONS,0.3384,0.5,0,-2.0,0.6730649471282959,0.5698,1
resumes/data\PUBLIC-RELATIONS\25413261.pdf,jds\PUBLIC-RELATIONS\PUBLIC-RELATIONS_mid.txt,PUBLIC-RELATIONS,0.2827,0.45,-1,0.0,0.6810953617095947,0.6892,1
resumes/data\PUBLIC-RELATIONS\25413261.pdf,jds\PUBLIC-RELATIONS\PUBLIC-RELATIONS_senior.txt,PUBLIC-RELATIONS,0.267,0.55,-1,0.0,0.7162175178527832,0.7034,1
resumes/data\PUBLIC-RELATIONS\25413261.pdf,jds\AUTOMOBILE\AUTOMOBILE_entry.txt,PUBLIC-RELATIONS,0.0563,0.2,0,-2.0,0.2377184331417083,0.1346,0
resumes/data\PUBLIC-RELATIONS\25413261.pdf,jds\AUTOMOBILE\AUTOMOBILE_senior.txt,PUBLIC-RELATIONS,0.0508,0.15,-1,0.0,0.3027189373970032,0.2374,0
resumes/data\PUBLIC-RELATIONS\25413261.pdf,jds\AUTOMOBILE\AUTOMOBILE_mid.txt,PUBLIC-RELATIONS,0.0877,0.15,0,-8.0,0.2724810838699341,0.219,0
resumes/data\PUBLIC-RELATIONS\26127853.pdf,jds\FINANCE\FINANCE_senior.txt,PUBLIC-RELATIONS,0.0574,0.15,-1,5.0,0.2664654850959778,0.1759,0
resumes/data\PUBLIC-RELATIONS\26127853.pdf,jds\FINANCE\FINANCE_entry.txt,PUBLIC-RELATIONS,0.0401,0.1,-1,3.0,0.2250698804855346,0.1809,0
resumes/data\PUBLIC-RELATIONS\26127853.pdf,jds\FINANCE\FINANCE_mid.txt,PUBLIC-RELATIONS,0.0625,0.1,-1,5.0,0.2724743187427521,0.2739,0
resumes/data\PUBLIC-RELATIONS\26130673.pdf,jds\AVIATION\AVIATION_entry.txt,PUBLIC-RELATIONS,0.0482,0.05,0,24.0,0.3148522078990936,0.3276,0
resumes/data\PUBLIC-RELATIONS\26130673.pdf,jds\AVIATION\AVIATION_senior.txt,PUBLIC-RELATIONS,0.0343,0.05,0,26.0,0.307238221168518,0.3841,0
resumes/data\PUBLIC-RELATIONS\26130673.pdf,jds\AVIATION\AVIATION_mid.txt,PUBLIC-RELATIONS,0.0475,0.05,0,18.0,0.3518202602863312,0.365,0
resumes/data\PUBLIC-RELATIONS\26173524.pdf,jds\DESIGNER\DESIGNER_senior.txt,PUBLIC-RELATIONS,0.0823,0.25,0,15.0,0.3756231069564819,0.3043,0
resumes/data\PUBLIC-RELATIONS\26173524.pdf,jds\DESIGNER\DESIGNER_mid.txt,PUBLIC-RELATIONS,0.0831,0.2,0,15.0,0.3724559545516968,0.3365,0
resumes/data\PUBLIC-RELATIONS\26173524.pdf,jds\DESIGNER\DESIGNER_entry.txt,PUBLIC-RELATIONS,0.0648,0.05,1,13.0,0.3466175198554992,0.2896,0
resumes/data\PUBLIC-RELATIONS\26330995.pdf,jds\INFORMATION-TECHNOLOGY\INFORMATION-TECHNOLOGY_senior.txt,PUBLIC-RELATIONS,0.0352,0.1,0,4.0,0.3387582302093506,0.323,0
resumes/data\PUBLIC-RELATIONS\26330995.pdf,jds\INFORMATION-TECHNOLOGY\INFORMATION-TECHNOLOGY_mid.txt,PUBLIC-RELATIONS,0.0371,0.05,0,4.0,0.315872460603714,0.2354,0
resumes/data\PUBLIC-RELATIONS\26330995.pdf,jds\INFORMATION-TECHNOLOGY\INFORMATION-TECHNOLOGY_entry.txt,PUBLIC-RELATIONS,0.0296,0.0,1,2.0,0.3179139494895935,0.2657,0
resumes/data\PUBLIC-RELATIONS\27000192.pdf,jds\PUBLIC-RELATIONS\PUBLIC-RELATIONS_mid.txt,PUBLIC-RELATIONS,0.1662,0.45,0,20.0,0.5952548980712891,0.6523,1
resumes/data\PUBLIC-RELATIONS\27000192.pdf,jds\PUBLIC-RELATIONS\PUBLIC-RELATIONS_senior.txt,PUBLIC-RELATIONS,0.2518,0.5,0,20.0,0.6061072945594788,0.694,1
resumes/data\PUBLIC-RELATIONS\27000192.pdf,jds\FITNESS\FITNESS_mid.txt,PUBLIC-RELATIONS,0.0461,0.1,1,13.0,0.2987129092216491,0.3402,0
resumes/data\PUBLIC-RELATIONS\27000192.pdf,jds\FITNESS\FITNESS_entry.txt,PUBLIC-RELATIONS,0.0224,0.1,2,18.0,0.270393431186676,0.2826,0
resumes/data\PUBLIC-RELATIONS\27257013.pdf,jds\PUBLIC-RELATIONS\PUBLIC-RELATIONS_entry.txt,PUBLIC-RELATIONS,0.4068,0.4,1,5.0,0.6325240135192871,0.6852,1
resumes/data\PUBLIC-RELATIONS\27257013.pdf,jds\PUBLIC-RELATIONS\PUBLIC-RELATIONS_mid.txt,PUBLIC-RELATIONS,0.2848,0.5,0,7.0,0.6627532243728638,0.7283,1
resumes/data\PUBLIC-RELATIONS\27257013.pdf,jds\PUBLIC-RELATIONS\PUBLIC-RELATIONS_senior.txt,PUBLIC-RELATIONS,0.3334,0.65,0,7.0,0.6875102519989014,0.7666,1
resumes/data\PUBLIC-RELATIONS\27257013.pdf,jds\AVIATION\AVIATION_entry.txt,PUBLIC-RELATIONS,0.0411,0.05,1,5.0,0.3104124069213867,0.2085,0
resumes/data\PUBLIC-RELATIONS\27257013.pdf,jds\AVIATION\AVIATION_senior.txt,PUBLIC-RELATIONS,0.0458,0.15,1,7.0,0.3324167132377624,0.3317,0
resumes/data\PUBLIC-RELATIONS\27257013.pdf,jds\AVIATION\AVIATION_mid.txt,PUBLIC-RELATIONS,0.0456,0.0,1,-1.0,0.3445650935173034,0.294,0
resumes/data\PUBLIC-RELATIONS\28290448.pdf,jds\PUBLIC-RELATIONS\PUBLIC-RELATIONS_entry.txt,PUBLIC-RELATIONS,0.3363,0.4,1,5.0,0.6155049800872803,0.6463,1
resumes/data\PUBLIC-RELATIONS\28290448.pdf,jds\PUBLIC-RELATIONS\PUBLIC-RELATIONS_mid.txt,PUBLIC-RELATIONS,0.2227,0.4,0,7.0,0.6277086138725281,0.6851,1
resumes/data\PUBLIC-RELATIONS\28290448.pdf,jds\PUBLIC-RELATIONS\PUBLIC-RELATIONS_senior.txt,PUBLIC-RELATIONS,0.2688,0.55,0,7.0,0.628951907157898,0.6625,1
resumes/data\PUBLIC-RELATIONS\28290448.pdf,jds\AGRICULTURE\AGRICULTURE_mid.txt,PUBLIC-RELATIONS,0.0346,0.1,0,0.0,0.2576832473278045,0.2581,0
resumes/data\PUBLIC-RELATIONS\28290448.pdf,jds\AGRICULTURE\AGRICULTURE_entry.txt,PUBLIC-RELATIONS,0.0264,0.1,1,7.0,0.2655468583106994,0.2369,0
resumes/data\PUBLIC-RELATIONS\28290448.pdf,jds\AGRICULTURE\AGRICULTURE_senior.txt,PUBLIC-RELATIONS,0.0445,0.15,-1,7.0,0.2689183354377746,0.2654,0
resumes/data\PUBLIC-RELATIONS\28531493.pdf,jds\PUBLIC-RELATIONS\PUBLIC-RELATIONS_mid.txt,PUBLIC-RELATIONS,0.2285,0.6,-1,11.0,0.6472053527832031,0.5621,1
resumes/data\PUBLIC-RELATIONS\28531493.pdf,jds\PUBLIC-RELATIONS\PUBLIC-RELATIONS_senior.txt,PUBLIC-RELATIONS,0.279,0.6,-1,11.0,0.679959774017334,0.5813,1
resumes/data\PUBLIC-RELATIONS\28531493.pdf,jds\HR\HR_entry.txt,PUBLIC-RELATIONS,0.0539,0.05,-1,11.0,0.3803942799568176,0.3744,0
resumes/data\PUBLIC-RELATIONS\28862054.pdf,jds\TEACHER\TEACHER_entry.txt,PUBLIC-RELATIONS,0.0779,0.15,0,8.0,0.2795986831188202,0.3569,0
resumes/data\PUBLIC-RELATIONS\28975482.pdf,jds\CONSULTANT\CONSULTANT_senior.txt,PUBLIC-RELATIONS,0.0699,0.2,-1,23.0,0.3824876546859741,0.332,0
resumes/data\PUBLIC-RELATIONS\28975482.pdf,jds\CONSULTANT\CONSULTANT_entry.txt,PUBLIC-RELATIONS,0.0636,0.05,-1,23.0,0.3489401340484619,0.3217,0
resumes/data\PUBLIC-RELATIONS\29329075.pdf,jds\BANKING\BANKING_entry.txt,PUBLIC-RELATIONS,0.0647,0.25,-1,-2.0,0.3045584559440613,0.3343,0
resumes/data\PUBLIC-RELATIONS\29329075.pdf,jds\BANKING\BANKING_mid.txt,PUBLIC-RELATIONS,0.0702,0.15,-2,0.0,0.3055974245071411,0.3455,0
resumes/data\PUBLIC-RELATIONS\29525715.pdf,jds\CONSULTANT\CONSULTANT_entry.txt,PUBLIC-RELATIONS,0.0559,0.2,-1,13.0,0.2577082216739654,0.3213,0
resumes/data\PUBLIC-RELATIONS\30642458.pdf,jds\CONSULTANT\CONSULTANT_entry.txt,PUBLIC-RELATIONS,0.0525,0.2,0,15.0,0.494566261768341,0.3845,0
resumes/data\PUBLIC-RELATIONS\31211074.pdf,jds\AUTOMOBILE\AUTOMOBILE_mid.txt,PUBLIC-RELATIONS,0.111,0.1,0,19.0,0.307853102684021,0.3033,0
resumes/data\PUBLIC-RELATIONS\31211074.pdf,jds\AUTOMOBILE\AUTOMOBILE_senior.txt,PUBLIC-RELATIONS,0.0382,0.05,-1,27.0,0.3530343770980835,0.319,0
resumes/data\PUBLIC-RELATIONS\31211074.pdf,jds\AUTOMOBILE\AUTOMOBILE_entry.txt,PUBLIC-RELATIONS,0.0703,0.2,0,25.0,0.3112236261367798,0.3058,0
resumes/data\PUBLIC-RELATIONS\31220062.pdf,jds\PUBLIC-RELATIONS\PUBLIC-RELATIONS_mid.txt,PUBLIC-RELATIONS,0.2248,0.35,-1,9.0,0.5879534482955933,0.7039,1
resumes/data\PUBLIC-RELATIONS\31220062.pdf,jds\PUBLIC-RELATIONS\PUBLIC-RELATIONS_senior.txt,PUBLIC-RELATIONS,0.2185,0.4,-1,9.0,0.5508803129196167,0.641,1
resumes/data\PUBLIC-RELATIONS\31220062.pdf,jds\AVIATION\AVIATION_mid.txt,PUBLIC-RELATIONS,0.0612,0.05,0,1.0,0.3269475102424621,0.3735,0
resumes/data\PUBLIC-RELATIONS\31220062.pdf,jds\AVIATION\AVIATION_entry.txt,PUBLIC-RELATIONS,0.0616,0.05,0,7.0,0.3049090504646301,0.2872,0
resumes/data\PUBLIC-RELATIONS\31292364.pdf,jds\PUBLIC-RELATIONS\PUBLIC-RELATIONS_senior.txt,PUBLIC-RELATIONS,0.1662,0.3,-1,26.0,0.5423283576965332,0.6389,1
resumes/data\PUBLIC-RELATIONS\31292364.pdf,jds\CONSTRUCTION\CONSTRUCTION_entry.txt,PUBLIC-RELATIONS,0.0395,0.3,0,24.0,0.3816810250282287,0.2903,0
resumes/data\PUBLIC-RELATIONS\31292364.pdf,jds\CONSTRUCTION\CONSTRUCTION_senior.txt,PUBLIC-RELATIONS,0.0469,0.25,-1,26.0,0.3895710110664367,0.3952,0
resumes/data\PUBLIC-RELATIONS\31292364.pdf,jds\CONSTRUCTION\CONSTRUCTION_mid.txt,PUBLIC-RELATIONS,0.0439,0.3,-1,26.0,0.3728039860725403,0.3012,0
resumes/data\PUBLIC-RELATIONS\31392754.pdf,jds\DESIGNER\DESIGNER_mid.txt,PUBLIC-RELATIONS,0.0386,0.1,-1,0.0,0.305622935295105,0.2425,0
resumes/data\PUBLIC-RELATIONS\31392754.pdf,jds\DESIGNER\DESIGNER_entry.txt,PUBLIC-RELATIONS,0.0313,0.05,0,-2.0,0.2340780049562454,0.1659,0
resumes/data\PUBLIC-RELATIONS\31392754.pdf,jds\DESIGNER\DESIGNER_senior.txt,PUBLIC-RELATIONS,0.0294,0.15,-1,0.0,0.2624383270740509,0.2588,0
resumes/data\PUBLIC-RELATIONS\32441790.pdf,jds\AVIATION\AVIATION_senior.txt,PUBLIC-RELATIONS,0.0734,0.1,0,31.0,0.3457947075366974,0.3766,0
resumes/data\PUBLIC-RELATIONS\32441790.pdf,jds\AVIATION\AVIATION_entry.txt,PUBLIC-RELATIONS,0.0755,0.05,0,29.0,0.3168401420116424,0.2955,0
resumes/data\PUBLIC-RELATIONS\32441790.pdf,jds\AVIATION\AVIATION_mid.txt,PUBLIC-RELATIONS,0.0856,0.05,0,23.0,0.3469689190387726,0.3793,0
resumes/data\PUBLIC-RELATIONS\33072201.pdf,jds\PUBLIC-RELATIONS\PUBLIC-RELATIONS_mid.txt,PUBLIC-RELATIONS,0.3001,0.5,0,12.0,0.5903348326683044,0.6694,1
resumes/data\PUBLIC-RELATIONS\33072201.pdf,jds\PUBLIC-RELATIONS\PUBLIC-RELATIONS_senior.txt,PUBLIC-RELATIONS,0.2418,0.55,0,12.0,0.5691035389900208,0.6903,1
resumes/data\PUBLIC-RELATIONS\33072201.pdf,jds\ACCOUNTANT\ACCOUNTANT_entry.txt,PUBLIC-RELATIONS,0.0429,0.15,0,10.0,0.3397094309329986,0.3515,0
resumes/data\PUBLIC-RELATIONS\34712719.pdf,jds\CHEF\CHEF_senior.txt,PUBLIC-RELATIONS,0.0643,0.1,0,12.0,0.4176170825958252,0.2555,0
resumes/data\PUBLIC-RELATIONS\34712719.pdf,jds\CHEF\CHEF_mid.txt,PUBLIC-RELATIONS,0.0549,0.15,0,12.0,0.3968123495578766,0.2873,0
resumes/data\PUBLIC-RELATIONS\34712719.pdf,jds\CHEF\CHEF_entry.txt,PUBLIC-RELATIONS,0.0657,0.1,0,12.0,0.2857275605201721,0.1969,0
resumes/data\PUBLIC-RELATIONS\36671891.pdf,jds\APPAREL\APPAREL_senior.txt,PUBLIC-RELATIONS,0.0766,0.2,-1,22.0,0.3131562769412994,0.2525,0
resumes/data\PUBLIC-RELATIONS\36671891.pdf,jds\APPAREL\APPAREL_entry.txt,PUBLIC-RELATIONS,0.0691,0.1,0,20.0,0.2845091819763183,0.2084,0
resumes/data\PUBLIC-RELATIONS\36671891.pdf,jds\APPAREL\APPAREL_mid.txt,PUBLIC-RELATIONS,0.0776,0.1,-1,22.0,0.3184813261032104,0.291,0
resumes/data\PUBLIC-RELATIONS\37087371.pdf,jds\ENGINEERING\ENGINEERING_mid.txt,PUBLIC-RELATIONS,0.0445,0.0,0,12.0,0.3313431739807129,0.2211,0
resumes/data\PUBLIC-RELATIONS\37087371.pdf,jds\ENGINEERING\ENGINEERING_senior.txt,PUBLIC-RELATIONS,0.0486,0.2,-1,12.0,0.3437589406967163,0.1906,0
resumes/data\PUBLIC-RELATIONS\37087371.pdf,jds\ENGINEERING\ENGINEERING_entry.txt,PUBLIC-RELATIONS,0.0287,0.05,1,10.0,0.3232541680335998,0.1344,0
resumes/data\PUBLIC-RELATIONS\37375999.pdf,jds\AGRICULTURE\AGRICULTURE_senior.txt,PUBLIC-RELATIONS,0.0609,0.1,-2,13.0,0.3359715640544891,0.3334,0
resumes/data\PUBLIC-RELATIONS\37375999.pdf,jds\AGRICULTURE\AGRICULTURE_entry.txt,PUBLIC-RELATIONS,0.0421,0.0,0,13.0,0.323565125465393,0.2253,0
resumes/data\PUBLIC-RELATIONS\37375999.pdf,jds\AGRICULTURE\AGRICULTURE_mid.txt,PUBLIC-RELATIONS,0.0629,0.1,-1,6.0,0.300527960062027,0.2836,0
resumes/data\PUBLIC-RELATIONS\37913536.pdf,jds\ARTS\ARTS_mid.txt,PUBLIC-RELATIONS,0.0529,0.05,0,13.0,0.4008064866065979,0.4141,0
resumes/data\PUBLIC-RELATIONS\37913536.pdf,jds\ARTS\ARTS_senior.txt,PUBLIC-RELATIONS,0.0391,0.2,-1,13.0,0.4005270600318908,0.3644,0
resumes/data\PUBLIC-RELATIONS\37913536.pdf,jds\ARTS\ARTS_entry.txt,PUBLIC-RELATIONS,0.0468,0.15,1,13.0,0.3334739208221435,0.2839,0
resumes/data\PUBLIC-RELATIONS\38056161.pdf,jds\AUTOMOBILE\AUTOMOBILE_entry.txt,PUBLIC-RELATIONS,0.0379,0.05,0,20.0,0.3705649375915527,0.1835,0
resumes/data\PUBLIC-RELATIONS\38056161.pdf,jds\AUTOMOBILE\AUTOMOBILE_senior.txt,PUBLIC-RELATIONS,0.0361,0.0,-1,22.0,0.4078230261802673,0.227,0
resumes/data\PUBLIC-RELATIONS\38056161.pdf,jds\AUTOMOBILE\AUTOMOBILE_mid.txt,PUBLIC-RELATIONS,0.0662,0.05,0,14.0,0.4028719067573547,0.2319,0
resumes/data\PUBLIC-RELATIONS\41590605.pdf,jds\PUBLIC-RELATIONS\PUBLIC-RELATIONS_mid.txt,PUBLIC-RELATIONS,0.2179,0.45,-1,0.0,0.5124566555023193,0.6225,1
resumes/data\PUBLIC-RELATIONS\41590605.pdf,jds\BUSINESS-DEVELOPMENT\BUSINESS-DEVELOPMENT_entry.txt,PUBLIC-RELATIONS,0.1004,0.4,0,-2.0,0.4522716999053955,0.4621,0
resumes/data\PUBLIC-RELATIONS\41590605.pdf,jds\BUSINESS-DEVELOPMENT\BUSINESS-DEVELOPMENT_mid.txt,PUBLIC-RELATIONS,0.0851,0.25,-1,-8.0,0.3848656713962555,0.3593,0
resumes/data\PUBLIC-RELATIONS\42332765.pdf,jds\AGRICULTURE\AGRICULTURE_senior.txt,PUBLIC-RELATIONS,0.0606,0.15,-2,20.0,0.3598992228507995,0.248,0
resumes/data\PUBLIC-RELATIONS\42332765.pdf,jds\AGRICULTURE\AGRICULTURE_entry.txt,PUBLIC-RELATIONS,0.0514,0.05,0,20.0,0.3509438633918762,0.2053,0
resumes/data\PUBLIC-RELATIONS\42332765.pdf,jds\AGRICULTURE\AGRICULTURE_mid.txt,PUBLIC-RELATIONS,0.0627,0.1,-1,13.0,0.2838334739208221,0.1846,0
resumes/data\PUBLIC-RELATIONS\45462344.pdf,jds\PUBLIC-RELATIONS\PUBLIC-RELATIONS_mid.txt,PUBLIC-RELATIONS,0.1777,0.4,-1,0.0,0.5312860012054443,0.6513,1
resumes/data\PUBLIC-RELATIONS\45462344.pdf,jds\PUBLIC-RELATIONS\PUBLIC-RELATIONS_senior.txt,PUBLIC-RELATIONS,0.2617,0.5,-1,0.0,0.5533808469772339,0.5951,1
resumes/data\PUBLIC-RELATIONS\45462344.pdf,jds\ARTS\ARTS_senior.txt,PUBLIC-RELATIONS,0.0632,0.2,-2,0.0,0.335944265127182,0.3835,0
resumes/data\PUBLIC-RELATIONS\45462344.pdf,jds\ARTS\ARTS_entry.txt,PUBLIC-RELATIONS,0.0482,0.15,0,0.0,0.2762908339500427,0.3599,0
resumes/data\PUBLIC-RELATIONS\45900271.pdf,jds\AVIATION\AVIATION_senior.txt,PUBLIC-RELATIONS,0.0299,0.0,0,11.0,0.3192176520824432,0.2996,0
resumes/data\PUBLIC-RELATIONS\45900271.pdf,jds\AVIATION\AVIATION_entry.txt,PUBLIC-RELATIONS,0.0417,0.05,0,9.0,0.2954504489898681,0.1514,0
resumes/data\PUBLIC-RELATIONS\45900271.pdf,jds\AVIATION\AVIATION_mid.txt,PUBLIC-RELATIONS,0.0445,0.05,0,3.0,0.373504638671875,0.2917,0
resumes/data\PUBLIC-RELATIONS\49119887.pdf,jds\PUBLIC-RELATIONS\PUBLIC-RELATIONS_mid.txt,PUBLIC-RELATIONS,0.1884,0.3,-1,11.0,0.5426318049430847,0.6379,1
resumes/data\PUBLIC-RELATIONS\49119887.pdf,jds\PUBLIC-RELATIONS\PUBLIC-RELATIONS_senior.txt,PUBLIC-RELATIONS,0.1997,0.35,-1,11.0,0.5867765545845032,0.628,1
resumes/data\PUBLIC-RELATIONS\49119887.pdf,jds\ENGINEERING\ENGINEERING_senior.txt,PUBLIC-RELATIONS,0.0826,0.2,-2,11.0,0.3775975108146667,0.2954,0
resumes/data\PUBLIC-RELATIONS\49119887.pdf,jds\ENGINEERING\ENGINEERING_entry.txt,PUBLIC-RELATIONS,0.0498,0.15,0,9.0,0.3282340764999389,0.2101,0
resumes/data\PUBLIC-RELATIONS\49119887.pdf,jds\ENGINEERING\ENGINEERING_mid.txt,PUBLIC-RELATIONS,0.0593,0.05,-1,11.0,0.3407603800296783,0.305,0
resumes/data\PUBLIC-RELATIONS\51415089.pdf,jds\CONSULTANT\CONSULTANT_senior.txt,PUBLIC-RELATIONS,0.0532,0.35,-1,25.0,0.3450405299663543,0.2199,0
resumes/data\PUBLIC-RELATIONS\51415089.pdf,jds\CONSULTANT\CONSULTANT_mid.txt,PUBLIC-RELATIONS,0.0469,0.1,-1,25.0,0.4005799889564514,0.2585,0
resumes/data\PUBLIC-RELATIONS\51415089.pdf,jds\CONSULTANT\CONSULTANT_entry.txt,PUBLIC-RELATIONS,0.0345,0.15,-1,25.0,0.2946295142173767,0.1853,0
resumes/data\PUBLIC-RELATIONS\53701275.pdf,jds\ADVOCATE\ADVOCATE_senior.txt,PUBLIC-RELATIONS,0.0742,0.3,0,0.0,0.3777232766151428,0.3393,0
resumes/data\PUBLIC-RELATIONS\53701275.pdf,jds\ADVOCATE\ADVOCATE_entry.txt,PUBLIC-RELATIONS,0.0726,0.15,0,-2.0,0.4113380908966064,0.3595,0
resumes/data\PUBLIC-RELATIONS\53701275.pdf,jds\ADVOCATE\ADVOCATE_mid.txt,PUBLIC-RELATIONS,0.055,0.25,0,0.0,0.3826552629470825,0.3552,0
resumes/data\PUBLIC-RELATIONS\59346975.pdf,jds\CONSULTANT\CONSULTANT_entry.txt,PUBLIC-RELATIONS,0.0537,0.15,0,11.0,0.4169071912765503,0.3272,0
resumes/data\PUBLIC-RELATIONS\61319162.pdf,jds\PUBLIC-RELATIONS\PUBLIC-RELATIONS_senior.txt,PUBLIC-RELATIONS,0.2881,0.5,-1,0.0,0.4556462168693542,0.5851,1
resumes/data\PUBLIC-RELATIONS\61319162.pdf,jds\BANKING\BANKING_entry.txt,PUBLIC-RELATIONS,0.0522,0.25,0,-2.0,0.4017462134361267,0.1157,0
resumes/data\PUBLIC-RELATIONS\61319162.pdf,jds\BANKING\BANKING_senior.txt,PUBLIC-RELATIONS,0.074,0.05,-1,0.0,0.4368527829647064,0.1859,0
resumes/data\PUBLIC-RELATIONS\61319162.pdf,jds\BANKING\BANKING_mid.txt,PUBLIC-RELATIONS,0.082,0.25,-1,0.0,0.4229344725608825,0.1857,0
resumes/data\PUBLIC-RELATIONS\65237556.pdf,jds\DESIGNER\DESIGNER_entry.txt,PUBLIC-RELATIONS,0.0511,0.15,0,3.0,0.3078392744064331,0.2577,0
resumes/data\PUBLIC-RELATIONS\65237556.pdf,jds\DESIGNER\DESIGNER_senior.txt,PUBLIC-RELATIONS,0.0466,0.3,-1,5.0,0.3240428864955902,0.3418,0
resumes/data\PUBLIC-RELATIONS\65237556.pdf,jds\DESIGNER\DESIGNER_mid.txt,PUBLIC-RELATIONS,0.04,0.15,-1,5.0,0.2983331680297851,0.2937,0
resumes/data\PUBLIC-RELATIONS\75329822.pdf,jds\PUBLIC-RELATIONS\PUBLIC-RELATIONS_entry.txt,PUBLIC-RELATIONS,0.3909,0.4,0,10.0,0.606845498085022,0.5995,1
resumes/data\PUBLIC-RELATIONS\75329822.pdf,jds\PUBLIC-RELATIONS\PUBLIC-RELATIONS_mid.txt,PUBLIC-RELATIONS,0.3135,0.55,-1,12.0,0.7188031673431396,0.6956,1
resumes/data\PUBLIC-RELATIONS\75329822.pdf,jds\PUBLIC-RELATIONS\PUBLIC-RELATIONS_senior.txt,PUBLIC-RELATIONS,0.3393,0.45,-1,12.0,0.6647589206695557,0.6889,1
resumes/data\PUBLIC-RELATIONS\75329822.pdf,jds\AVIATION\AVIATION_senior.txt,PUBLIC-RELATIONS,0.0514,0.1,0,12.0,0.3489813208580017,0.2779,0
resumes/data\PUBLIC-RELATIONS\75329822.pdf,jds\AVIATION\AVIATION_entry.txt,PUBLIC-RELATIONS,0.0341,0.0,0,10.0,0.2514995336532593,0.2206,0
resumes/data\PUBLIC-RELATIONS\75329822.pdf,jds\AVIATION\AVIATION_mid.txt,PUBLIC-RELATIONS,0.0488,0.0,0,4.0,0.3021217584609985,0.2374,0
resumes/data\PUBLIC-RELATIONS\85766635.pdf,jds\APPAREL\APPAREL_senior.txt,PUBLIC-RELATIONS,0.0428,0.1,-1,24.0,0.4297811985015869,0.3581,0
resumes/data\PUBLIC-RELATIONS\85766635.pdf,jds\APPAREL\APPAREL_entry.txt,PUBLIC-RELATIONS,0.0402,0.05,0,22.0,0.4516031742095947,0.3683,0
resumes/data\PUBLIC-RELATIONS\85766635.pdf,jds\APPAREL\APPAREL_mid.txt,PUBLIC-RELATIONS,0.0507,0.05,-1,24.0,0.4380868971347809,0.3593,0
resumes/data\PUBLIC-RELATIONS\85973397.pdf,jds\PUBLIC-RELATIONS\PUBLIC-RELATIONS_senior.txt,PUBLIC-RELATIONS,0.2521,0.35,0,9.0,0.5509281754493713,0.5294,1
resumes/data\PUBLIC-RELATIONS\85973397.pdf,jds\ADVOCATE\ADVOCATE_mid.txt,PUBLIC-RELATIONS,0.0618,0.2,0,9.0,0.2922656238079071,0.2528,0
resumes/data\PUBLIC-RELATIONS\85973397.pdf,jds\ADVOCATE\ADVOCATE_entry.txt,PUBLIC-RELATIONS,0.0642,0.1,0,7.0,0.3541750907897949,0.2422,0
resumes/data\PUBLIC-RELATIONS\85973397.pdf,jds\ADVOCATE\ADVOCATE_senior.txt,PUBLIC-RELATIONS,0.0628,0.2,0,9.0,0.3350829184055328,0.291,0
resumes/data\PUBLIC-RELATIONS\88651471.pdf,jds\CHEF\CHEF_senior.txt,PUBLIC-RELATIONS,0.054,0.05,2,19.0,0.3207241296768188,0.3058,0
resumes/data\PUBLIC-RELATIONS\88651471.pdf,jds\CHEF\CHEF_entry.txt,PUBLIC-RELATIONS,0.0574,0.1,2,19.0,0.2323260605335235,0.2771,0
resumes/data\PUBLIC-RELATIONS\88651471.pdf,jds\CHEF\CHEF_mid.txt,PUBLIC-RELATIONS,0.0516,0.05,2,19.0,0.2411160320043563,0.33,0
resumes/data\PUBLIC-RELATIONS\91197243.pdf,jds\PUBLIC-RELATIONS\PUBLIC-RELATIONS_mid.txt,PUBLIC-RELATIONS,0.2514,0.45,-1,0.0,0.5739808082580566,0.7115,1
resumes/data\PUBLIC-RELATIONS\91197243.pdf,jds\PUBLIC-RELATIONS\PUBLIC-RELATIONS_senior.txt,PUBLIC-RELATIONS,0.2864,0.7,-1,0.0,0.5565909147262573,0.7379,1
resumes/data\PUBLIC-RELATIONS\91197243.pdf,jds\HEALTHCARE\HEALTHCARE_mid.txt,PUBLIC-RELATIONS,0.0724,0.25,-1,0.0,0.249311625957489,0.233,0
resumes/data\PUBLIC-RELATIONS\91197243.pdf,jds\HEALTHCARE\HEALTHCARE_senior.txt,PUBLIC-RELATIONS,0.0763,0.1,-1,0.0,0.3390352129936218,0.2779,0
resumes/data\PUBLIC-RELATIONS\91197243.pdf,jds\HEALTHCARE\HEALTHCARE_entry.txt,PUBLIC-RELATIONS,0.0251,0.1,0,-2.0,0.3093951940536499,0.2767,0
resumes/data\PUBLIC-RELATIONS\93828034.pdf,jds\BANKING\BANKING_entry.txt,PUBLIC-RELATIONS,0.0365,0.2,1,13.0,0.3290351629257202,0.2297,0
resumes/data\PUBLIC-RELATIONS\93828034.pdf,jds\BANKING\BANKING_senior.txt,PUBLIC-RELATIONS,0.0578,0.1,0,15.0,0.3459698557853699,0.2413,0
resumes/data\PUBLIC-RELATIONS\93828034.pdf,jds\BANKING\BANKING_mid.txt,PUBLIC-RELATIONS,0.0605,0.15,0,15.0,0.3271117806434631,0.276,0
resumes/data\PUBLIC-RELATIONS\98086373.pdf,jds\CHEF\CHEF_entry.txt,PUBLIC-RELATIONS,0.0453,0.1,1,12.0,0.1929427981376648,0.1696,0
resumes/data\PUBLIC-RELATIONS\98086373.pdf,jds\CHEF\CHEF_senior.txt,PUBLIC-RELATIONS,0.0669,0.05,1,12.0,0.2259118556976318,0.2476,0
resumes/data\PUBLIC-RELATIONS\98086373.pdf,jds\CHEF\CHEF_mid.txt,PUBLIC-RELATIONS,0.0632,0.1,1,12.0,0.1929048150777816,0.2019,0
resumes/data\SALES\10138632.pdf,jds\SALES\SALES_entry.txt,SALES,0.237,0.1,-1,16.0,0.5291512608528137,0.6146,1
resumes/data\SALES\10138632.pdf,jds\SALES\SALES_mid.txt,SALES,0.2231,0.2,-2,16.0,0.5152559876441956,0.5743,1
resumes/data\SALES\10138632.pdf,jds\SALES\SALES_senior.txt,SALES,0.2322,0.15,-2,16.0,0.5296548008918762,0.6405,1
resumes/data\SALES\10138632.pdf,jds\TEACHER\TEACHER_mid.txt,SALES,0.0391,0.1,-2,16.0,0.3026952147483825,0.2847,0
resumes/data\SALES\10138632.pdf,jds\TEACHER\TEACHER_entry.txt,SALES,0.0412,0.1,-1,16.0,0.2809053659439087,0.2589,0
resumes/data\SALES\10138632.pdf,jds\TEACHER\TEACHER_senior.txt,SALES,0.0395,0.1,-3,16.0,0.2826946377754211,0.2332,0
resumes/data\SALES\10464113.pdf,jds\AVIATION\AVIATION_mid.txt,SALES,0.0796,0.1,1,-8.0,0.3345009088516235,0.2463,0
resumes/data\SALES\10464113.pdf,jds\AVIATION\AVIATION_entry.txt,SALES,0.0706,0.05,1,-2.0,0.3365017175674438,0.1748,0
resumes/data\SALES\10464113.pdf,jds\AVIATION\AVIATION_senior.txt,SALES,0.0526,0.05,1,0.0,0.2926862239837646,0.2273,0
resumes/data\SALES\10603337.pdf,jds\BPO\BPO_senior.txt,SALES,0.0275,0.05,-2,12.0,0.3455115258693695,0.424,0
resumes/data\SALES\10603337.pdf,jds\BPO\BPO_mid.txt,SALES,0.0366,0.1,-1,12.0,0.2796556353569031,0.3669,0
resumes/data\SALES\10603337.pdf,jds\BPO\BPO_entry.txt,SALES,0.0572,0.1,-1,10.0,0.3009444177150726,0.3702,0
resumes/data\SALES\10724818.pdf,jds\AGRICULTURE\AGRICULTURE_entry.txt,SALES,0.05,0.05,0,26.0,0.2968772649765014,0.1697,0
resumes/data\SALES\10724818.pdf,jds\AGRICULTURE\AGRICULTURE_mid.txt,SALES,0.0588,0.05,-1,19.0,0.258742481470108,0.2142,0
resumes/data\SALES\10724818.pdf,jds\AGRICULTURE\AGRICULTURE_senior.txt,SALES,0.0457,0.1,-2,26.0,0.3335559964179992,0.2469,0
resumes/data\SALES\10898339.pdf,jds\PUBLIC-RELATIONS\PUBLIC-RELATIONS_mid.txt,SALES,0.0429,0.0,-2,7.0,0.2005035728216171,0.2599,0
resumes/data\SALES\10898339.pdf,jds\PUBLIC-RELATIONS\PUBLIC-RELATIONS_entry.txt,SALES,0.0616,0.05,-1,5.0,0.2774984538555145,0.2657,0
resumes/data\SALES\10898339.pdf,jds\PUBLIC-RELATIONS\PUBLIC-RELATIONS_senior.txt,SALES,0.0458,0.0,-2,7.0,0.2263160049915313,0.2342,0
resumes/data\SALES\12082377.pdf,jds\SALES\SALES_entry.txt,SALES,0.3227,0.1,-1,0.0,0.525943398475647,0.5029,1
resumes/data\SALES\12082377.pdf,jds\SALES\SALES_mid.txt,SALES,0.3244,0.25,-2,0.0,0.5396507978439331,0.567,1
resumes/data\SALES\12082377.pdf,jds\SALES\SALES_senior.txt,SALES,0.3194,0.3,-2,0.0,0.4852913618087768,0.5186,1
resumes/data\SALES\12082377.pdf,jds\BPO\BPO_entry.txt,SALES,0.0955,0.2,-1,-2.0,0.3860227465629577,0.3449,0
resumes/data\SALES\12082377.pdf,jds\BPO\BPO_mid.txt,SALES,0.0561,0.15,-1,0.0,0.3526191413402557,0.3229,0
resumes/data\SALES\12351749.pdf,jds\SALES\SALES_entry.txt,SALES,0.265,0.15,1,10.0,0.5077431201934814,0.5402,1
resumes/data\SALES\12351749.pdf,jds\SALES\SALES_mid.txt,SALES,0.2308,0.25,0,10.0,0.4763753414154053,0.5662,1
resumes/data\SALES\12351749.pdf,jds\SALES\SALES_senior.txt,SALES,0.2618,0.15,0,10.0,0.501459002494812,0.5823,1
resumes/data\SALES\12351749.pdf,jds\ARTS\ARTS_mid.txt,SALES,0.048,0.15,0,10.0,0.3014093041419983,0.3065,0
resumes/data\SALES\12351749.pdf,jds\ARTS\ARTS_entry.txt,SALES,0.0367,0.05,1,10.0,0.2393007725477218,0.2696,0
resumes/data\SALES\12351749.pdf,jds\ARTS\ARTS_senior.txt,SALES,0.0205,0.0,-1,10.0,0.2461453527212143,0.2224,0
resumes/data\SALES\12696104.pdf,jds\FITNESS\FITNESS_entry.txt,SALES,0.0498,0.0,0,-2.0,0.2395144402980804,0.2792,0
resumes/data\SALES\12696104.pdf,jds\FITNESS\FITNESS_mid.txt,SALES,0.028,0.0,-1,-7.0,0.246290922164917,0.3179,0
resumes/data\SALES\12696104.pdf,jds\FITNESS\FITNESS_senior.txt,SALES,0.0274,0.0,-3,0.0,0.2259473800659179,0.2506,0
resumes/data\SALES\12820557.pdf,jds\PUBLIC-RELATIONS\PUBLIC-RELATIONS_senior.txt,SALES,0.0552,0.1,-1,12.0,0.3182079195976257,0.2154,0
resumes/data\SALES\12820557.pdf,jds\PUBLIC-RELATIONS\PUBLIC-RELATIONS_mid.txt,SALES,0.0484,0.15,-1,12.0,0.3390314877033233,0.2957,0
resumes/data\SALES\12820557.pdf,jds\PUBLIC-RELATIONS\PUBLIC-RELATIONS_entry.txt,SALES,0.0421,0.15,0,10.0,0.299086719751358,0.2082,0
resumes/data\SALES\13178604.pdf,jds\SALES\SALES_entry.txt,SALES,0.3051,0.1,0,31.0,0.5621455907821655,0.5492,1
resumes/data\SALES\13178604.pdf,jds\SALES\SALES_mid.txt,SALES,0.3406,0.55,-1,31.0,0.4024534821510315,0.5068,1
resumes/data\SALES\13178604.pdf,jds\SALES\SALES_senior.txt,SALES,0.3399,0.5,-1,31.0,0.457555204629898,0.5195,1
resumes/data\SALES\13178604.pdf,jds\HEALTHCARE\HEALTHCARE_senior.txt,SALES,0.0353,0.2,-1,31.0,0.2860321998596191,0.2894,0
resumes/data\SALES\13178604.pdf,jds\HEALTHCARE\HEALTHCARE_entry.txt,SALES,0.0263,0.15,0,29.0,0.2818313837051391,0.3002,0
resumes/data\SALES\13178604.pdf,jds\HEALTHCARE\HEALTHCARE_mid.txt,SALES,0.0414,0.25,-1,31.0,0.2730243802070617,0.2584,0
resumes/data\SALES\13348915.pdf,jds\BANKING\BANKING_entry.txt,SALES,0.1174,0.3,-1,1.0,0.4500263333320617,0.2856,0
resumes/data\SALES\13348915.pdf,jds\BANKING\BANKING_senior.txt,SALES,0.0324,0.15,-2,3.0,0.4403132200241089,0.2599,0
resumes/data\SALES\13348915.pdf,jds\BANKING\BANKING_mid.txt,SALES,0.1053,0.3,-2,3.0,0.4846018254756927,0.3086,0
resumes/data\SALES\13637605.pdf,jds\BANKING\BANKING_senior.txt,SALES,0.0332,0.1,-2,9.0,0.4393796622753143,0.3179,0
resumes/data\SALES\13637605.pdf,jds\BANKING\BANKING_entry.txt,SALES,0.091,0.2,-1,7.0,0.4505542814731598,0.3173,0
resumes/data\SALES\13812481.pdf,jds\PUBLIC-RELATIONS\PUBLIC-RELATIONS_entry.txt,SALES,0.0529,0.05,-1,15.0,0.3298960924148559,0.3686,0
resumes/data\SALES\13812481.pdf,jds\PUBLIC-RELATIONS\PUBLIC-RELATIONS_senior.txt,SALES,0.0433,0.05,-2,17.0,0.3204766809940338,0.3702,0
resumes/data\SALES\13812481.pdf,jds\PUBLIC-RELATIONS\PUBLIC-RELATIONS_mid.txt,SALES,0.0355,0.1,-2,17.0,0.3083128929138183,0.4024,0
resumes/data\SALES\14267489.pdf,jds\DESIGNER\DESIGNER_entry.txt,SALES,0.1021,0.1,-1,8.0,0.4182649254798889,0.4127,0
resumes/data\SALES\14358578.pdf,jds\SALES\SALES_entry.txt,SALES,0.2683,0.1,0,6.0,0.6228433847427368,0.54,1
resumes/data\SALES\14358578.pdf,jds\ARTS\ARTS_mid.txt,SALES,0.0257,0.05,-1,6.0,0.3442849218845367,0.3199,0
resumes/data\SALES\14358578.pdf,jds\ARTS\ARTS_entry.txt,SALES,0.0254,0.0,0,6.0,0.299041211605072,0.2708,0
resumes/data\SALES\14358578.pdf,jds\ARTS\ARTS_senior.txt,SALES,0.0213,0.0,-2,6.0,0.2497887462377548,0.1923,0
resumes/data\SALES\14381464.pdf,jds\BANKING\BANKING_senior.txt,SALES,0.0442,0.05,-2,5.0,0.3769123256206512,0.3202,0
resumes/data\SALES\14381464.pdf,jds\BANKING\BANKING_mid.txt,SALES,0.0648,0.05,-2,5.0,0.3567962646484375,0.3457,0
resumes/data\SALES\14381464.pdf,jds\BANKING\BANKING_entry.txt,SALES,0.0871,0.1,-1,3.0,0.4170929491519928,0.3424,0
resumes/data\SALES\15273850.pdf,jds\ARTS\ARTS_mid.txt,SALES,0.0154,0.0,-2,0.0,0.2909262478351593,0.2937,0
resumes/data\SALES\15273850.pdf,jds\ARTS\ARTS_senior.txt,SALES,0.0151,0.0,-3,0.0,0.2827200293540954,0.2023,0
resumes/data\SALES\15273850.pdf,jds\ARTS\ARTS_entry.txt,SALES,0.0401,0.0,-1,0.0,0.23618945479393,0.2433,0
resumes/data\SALES\15581242.pdf,jds\HEALTHCARE\HEALTHCARE_senior.txt,SALES,0.0584,0.2,-1,3.0,0.3738919794559479,0.3589,0
resumes/data\SALES\15620421.pdf,jds\BANKING\BANKING_senior.txt,SALES,0.0409,0.2,-2,10.0,0.3044715821743011,0.3263,0
resumes/data\SALES\15620421.pdf,jds\BANKING\BANKING_entry.txt,SALES,0.1286,0.55,-1,8.0,0.3503094911575317,0.2818,0
resumes/data\SALES\15765660.pdf,jds\SALES\SALES_entry.txt,SALES,0.2247,0.15,0,14.0,0.5529637932777405,0.5635,1
resumes/data\SALES\15765660.pdf,jds\BANKING\BANKING_entry.txt,SALES,0.0539,0.3,0,12.0,0.2634630799293518,0.2601,0
resumes/data\SALES\15765660.pdf,jds\BANKING\BANKING_senior.txt,SALES,0.0567,0.15,-1,14.0,0.3252713978290558,0.2982,0
resumes/data\SALES\15918496.pdf,jds\BANKING\BANKING_senior.txt,SALES,0.0404,0.15,0,0.0,0.3039728105068207,0.2511,0
resumes/data\SALES\15918496.pdf,jds\BANKING\BANKING_mid.txt,SALES,0.0708,0.25,0,0.0,0.4131304919719696,0.2895,0
resumes/data\SALES\15918496.pdf,jds\BANKING\BANKING_entry.txt,SALES,0.0851,0.45,1,-2.0,0.3624887466430664,0.2131,0
resumes/data\SALES\15973307.pdf,jds\AUTOMOBILE\AUTOMOBILE_mid.txt,SALES,0.0484,0.05,-1,11.0,0.319909930229187,0.3307,0
resumes/data\SALES\15973307.pdf,jds\AUTOMOBILE\AUTOMOBILE_entry.txt,SALES,0.0266,0.05,-1,17.0,0.2791488766670227,0.318,0
resumes/data\SALES\15973307.pdf,jds\AUTOMOBILE\AUTOMOBILE_senior.txt,SALES,0.0251,0.05,-2,19.0,0.2980199158191681,0.309,0
resumes/data\SALES\16121015.pdf,jds\FITNESS\FITNESS_entry.txt,SALES,0.0393,0.1,-1,-2.0,0.3451387286186218,0.3186,0
resumes/data\SALES\16121015.pdf,jds\FITNESS\FITNESS_senior.txt,SALES,0.0136,0.0,-4,0.0,0.2859030067920685,0.2412,0
resumes/data\SALES\16121015.pdf,jds\FITNESS\FITNESS_mid.txt,SALES,0.0169,0.0,-2,-7.0,0.3393736183643341,0.3178,0
resumes/data\SALES\16223371.pdf,jds\TEACHER\TEACHER_entry.txt,SALES,0.0494,0.05,-1,10.0,0.4273759424686432,0.3416,0
resumes/data\SALES\16223371.pdf,jds\TEACHER\TEACHER_senior.txt,SALES,0.0484,0.15,-3,10.0,0.4017257690429687,0.2874,0
resumes/data\SALES\16223371.pdf,jds\TEACHER\TEACHER_mid.txt,SALES,0.0504,0.05,-2,10.0,0.4419148564338684,0.3464,0
resumes/data\SALES\16280971.pdf,jds\SALES\SALES_senior.txt,SALES,0.249,0.35,-1,28.0,0.466494083404541,0.533,1
resumes/data\SALES\16280971.pdf,jds\AGRICULTURE\AGRICULTURE_entry.txt,SALES,0.0406,0.0,0,28.0,0.20745849609375,0.1375,0
resumes/data\SALES\16280971.pdf,jds\AGRICULTURE\AGRICULTURE_senior.txt,SALES,0.0569,0.1,-2,28.0,0.3013278543949127,0.2849,0
resumes/data\SALES\16280971.pdf,jds\AGRICULTURE\AGRICULTURE_mid.txt,SALES,0.0585,0.1,-1,21.0,0.2161926180124282,0.2216,0
resumes/data\SALES\16511249.pdf,jds\HEALTHCARE\HEALTHCARE_entry.txt,SALES,0.0432,0.2,0,-2.0,0.4336777329444885,0.3865,0
resumes/data\SALES\16511249.pdf,jds\HEALTHCARE\HEALTHCARE_mid.txt,SALES,0.0699,0.3,-1,0.0,0.3013079762458801,0.3006,0
resumes/data\SALES\16511249.pdf,jds\HEALTHCARE\HEALTHCARE_senior.txt,SALES,0.0455,0.15,-1,0.0,0.3793766498565674,0.3134,0
resumes/data\SALES\17378327.pdf,jds\CHEF\CHEF_entry.txt,SALES,0.0716,0.15,1,15.0,0.254890114068985,0.2459,0
resumes/data\SALES\17378327.pdf,jds\CHEF\CHEF_senior.txt,SALES,0.0284,0.05,1,15.0,0.2288841903209686,0.2944,0
resumes/data\SALES\17378327.pdf,jds\CHEF\CHEF_mid.txt,SALES,0.0304,0.1,1,15.0,0.2678603231906891,0.2986,0
resumes/data\SALES\17410700.pdf,jds\SALES\SALES_entry.txt,SALES,0.298,0.1,0,4.0,0.4637886881828308,0.6157,1
resumes/data\SALES\17410700.pdf,jds\SALES\SALES_mid.txt,SALES,0.2801,0.2,-1,4.0,0.41977658867836,0.5018,1
resumes/data\SALES\17410700.pdf,jds\SALES\SALES_senior.txt,SALES,0.2941,0.1,-1,4.0,0.4690558016300201,0.5843,1
resumes/data\SALES\17410700.pdf,jds\ENGINEERING\ENGINEERING_entry.txt,SALES,0.0299,0.05,0,2.0,0.2449652552604675,0.2495,0
resumes/data\SALES\17410700.pdf,jds\ENGINEERING\ENGINEERING_senior.txt,SALES,0.0434,0.15,-2,4.0,0.2574958801269531,0.2636,0
resumes/data\SALES\17410700.pdf,jds\ENGINEERING\ENGINEERING_mid.txt,SALES,0.0388,0.0,-1,4.0,0.2789247632026672,0.332,0
resumes/data\SALES\17509935.pdf,jds\CHEF\CHEF_senior.txt,SALES,0.0525,0.05,0,15.0,0.4002540409564972,0.3164,0
resumes/data\SALES\17509935.pdf,jds\CHEF\CHEF_mid.txt,SALES,0.0588,0.05,0,15.0,0.3626583218574524,0.3482,0
resumes/data\SALES\17509935.pdf,jds\CHEF\CHEF_entry.txt,SALES,0.078,0.1,0,15.0,0.4060802757740021,0.2272,0
resumes/data\SALES\17704246.pdf,jds\BPO\BPO_entry.txt,SALES,0.2046,0.25,0,-2.0,0.4814775884151459,0.3645,0
resumes/data\SALES\17781039.pdf,jds\SALES\SALES_entry.txt,SALES,0.1626,0.1,-1,0.0,0.5242513418197632,0.6618,1
resumes/data\SALES\17781039.pdf,jds\SALES\SALES_senior.txt,SALES,0.152,0.3,-2,0.0,0.4994205236434936,0.6634,1
resumes/data\SALES\17781039.pdf,jds\DIGITAL-MEDIA\DIGITAL-MEDIA_entry.txt,SALES,0.0961,0.3,-1,-2.0,0.5035629272460938,0.4914,0
resumes/data\SALES\18062906.pdf,jds\FINANCE\FINANCE_mid.txt,SALES,0.0208,0.0,-1,0.0,0.2968260049819946,0.1079,0
resumes/data\SALES\18062906.pdf,jds\FINANCE\FINANCE_senior.txt,SALES,0.0295,0.0,-1,0.0,0.2604464292526245,0.1258,0
resumes/data\SALES\18062906.pdf,jds\FINANCE\FINANCE_entry.txt,SALES,0.0303,0.05,-1,-2.0,0.2601262629032135,0.1232,0
resumes/data\SALES\18171955.pdf,jds\SALES\SALES_entry.txt,SALES,0.3541,0.2,0,20.0,0.6577340364456177,0.653,1
resumes/data\SALES\18171955.pdf,jds\SALES\SALES_mid.txt,SALES,0.3565,0.25,-1,20.0,0.672306478023529,0.61,1
resumes/data\SALES\18171955.pdf,jds\SALES\SALES_senior.txt,SALES,0.3171,0.15,-1,20.0,0.6438902616500854,0.6841,1
resumes/data\SALES\18171955.pdf,jds\FITNESS\FITNESS_entry.txt,SALES,0.0992,0.15,1,18.0,0.2660936713218689,0.209,0
resumes/data\SALES\18171955.pdf,jds\FITNESS\FITNESS_mid.txt,SALES,0.0955,0.3,0,13.0,0.3530797660350799,0.2637,0
resumes/data\SALES\18171955.pdf,jds\FITNESS\FITNESS_senior.txt,SALES,0.0546,0.25,-2,20.0,0.2763347327709198,0.1734,0
resumes/data\SALES\18328743.pdf,jds\SALES\SALES_mid.txt,SALES,0.2451,0.3,-1,34.0,0.4698056578636169,0.5101,1
resumes/data\SALES\18328743.pdf,jds\AGRICULTURE\AGRICULTURE_mid.txt,SALES,0.0687,0.1,-1,27.0,0.330765426158905,0.4259,0
resumes/data\SALES\18328743.pdf,jds\AGRICULTURE\AGRICULTURE_entry.txt,SALES,0.0463,0.0,0,34.0,0.3641322553157806,0.4061,0
resumes/data\SALES\18368613.pdf,jds\SALES\SALES_entry.txt,SALES,0.3405,0.1,0,16.0,0.5129536986351013,0.481,1
resumes/data\SALES\18368613.pdf,jds\SALES\SALES_mid.txt,SALES,0.3779,0.3,-1,16.0,0.4910579025745392,0.4545,1
resumes/data\SALES\18368613.pdf,jds\SALES\SALES_senior.txt,SALES,0.3508,0.3,-1,16.0,0.4982524514198303,0.4624,1
resumes/data\SALES\18368613.pdf,jds\BPO\BPO_mid.txt,SALES,0.0701,0.15,0,16.0,0.3715368509292602,0.3574,0
resumes/data\SALES\18368613.pdf,jds\BPO\BPO_entry.txt,SALES,0.0704,0.1,0,14.0,0.3409619033336639,0.3789,0
resumes/data\SALES\18885231.pdf,jds\FINANCE\FINANCE_mid.txt,SALES,0.0388,0.0,-1,10.0,0.3355042338371277,0.3334,0
resumes/data\SALES\18885231.pdf,jds\FINANCE\FINANCE_senior.txt,SALES,0.0444,0.05,-1,10.0,0.311974436044693,0.3089,0
resumes/data\SALES\18885231.pdf,jds\FINANCE\FINANCE_entry.txt,SALES,0.0373,0.1,-1,8.0,0.2734436392784118,0.3441,0
resumes/data\SALES\19147494.pdf,jds\AGRICULTURE\AGRICULTURE_entry.txt,SALES,0.036,0.05,-1,21.0,0.4481745958328247,0.3979,0
resumes/data\SALES\19147947.pdf,jds\AVIATION\AVIATION_entry.txt,SALES,0.0506,0.1,-1,3.0,0.2469682693481445,0.3047,0
resumes/data\SALES\19147947.pdf,jds\AVIATION\AVIATION_senior.txt,SALES,0.0513,0.15,-1,5.0,0.3250796794891357,0.2841,0
resumes/data\SALES\19147947.pdf,jds\AVIATION\AVIATION_mid.txt,SALES,0.0577,0.05,-1,-3.0,0.336144745349884,0.4004,0
resumes/data\SALES\19156751.pdf,jds\ACCOUNTANT\ACCOUNTANT_senior.txt,SALES,0.0577,0.05,-2,21.0,0.2630833983421325,0.2748,0
resumes/data\SALES\19156751.pdf,jds\ACCOUNTANT\ACCOUNTANT_mid.txt,SALES,0.0735,0.15,-2,21.0,0.2890041172504425,0.2549,0
resumes/data\SALES\19156751.pdf,jds\ACCOUNTANT\ACCOUNTANT_entry.txt,SALES,0.0686,0.1,-2,19.0,0.2879113554954529,0.2939,0
resumes/data\SALES\19473948.pdf,jds\DIGITAL-MEDIA\DIGITAL-MEDIA_mid.txt,SALES,0.0263,0.1,-2,12.0,0.4150365591049194,0.3771,0
resumes/data\SALES\19473948.pdf,jds\DIGITAL-MEDIA\DIGITAL-MEDIA_senior.txt,SALES,0.0449,0.05,-2,12.0,0.345172643661499,0.2771,0
resumes/data\SALES\19473948.pdf,jds\DIGITAL-MEDIA\DIGITAL-MEDIA_entry.txt,SALES,0.0264,0.0,-1,10.0,0.3884574174880981,0.3247,0
resumes/data\SALES\19582792.pdf,jds\DIGITAL-MEDIA\DIGITAL-MEDIA_entry.txt,SALES,0.0761,0.05,-1,4.0,0.5008323788642883,0.3439,0
resumes/data\SALES\20141807.pdf,jds\ENGINEERING\ENGINEERING_entry.txt,SALES,0.0199,0.0,-1,9.0,0.3256300687789917,0.2588,0
resumes/data\SALES\20141807.pdf,jds\ENGINEERING\ENGINEERING_senior.txt,SALES,0.0195,0.0,-3,11.0,0.3519598245620727,0.1845,0
resumes/data\SALES\20141807.pdf,jds\ENGINEERING\ENGINEERING_mid.txt,SALES,0.0234,0.05,-2,11.0,0.352094292640686,0.254,0
resumes/data\SALES\20423658.pdf,jds\SALES\SALES_entry.txt,SALES,0.3695,0.15,1,17.0,0.5516127347946167,0.5648,1
resumes/data\SALES\20423658.pdf,jds\SALES\SALES_mid.txt,SALES,0.3755,0.3,0,17.0,0.5171113014221191,0.4524,1
resumes/data\SALES\20423658.pdf,jds\SALES\SALES_senior.txt,SALES,0.363,0.1,0,17.0,0.5623849034309387,0.5509,1
resumes/data\SALES\20423658.pdf,jds\INFORMATION-TECHNOLOGY\INFORMATION-TECHNOLOGY_entry.txt,SALES,0.052,0.0,1,15.0,0.3806187212467193,0.3452,0
resumes/data\SALES\20423658.pdf,jds\INFORMATION-TECHNOLOGY\INFORMATION-TECHNOLOGY_senior.txt,SALES,0.0578,0.1,0,17.0,0.4480127692222595,0.3325,0
resumes/data\SALES\20423658.pdf,jds\INFORMATION-TECHNOLOGY\INFORMATION-TECHNOLOGY_mid.txt,SALES,0.0473,0.0,0,17.0,0.3739317059516907,0.3037,0
resumes/data\SALES\20552814.pdf,jds\BPO\BPO_entry.txt,SALES,0.167,0.15,-1,-2.0,0.4653564691543579,0.3977,0
resumes/data\SALES\20819838.pdf,jds\TEACHER\TEACHER_senior.txt,SALES,0.0238,0.1,-3,2.0,0.151942104101181,0.1254,0
resumes/data\SALES\20819838.pdf,jds\TEACHER\TEACHER_mid.txt,SALES,0.0273,0.1,-2,2.0,0.1598586738109588,0.2103,0
resumes/data\SALES\20819838.pdf,jds\TEACHER\TEACHER_entry.txt,SALES,0.0237,0.05,-1,2.0,0.1306278854608535,0.1649,0
resumes/data\SALES\21595057.pdf,jds\TEACHER\TEACHER_mid.txt,SALES,0.0353,0.05,-3,1.0,0.2441219389438629,0.2614,0
resumes/data\SALES\21595057.pdf,jds\TEACHER\TEACHER_senior.txt,SALES,0.0392,0.1,-4,1.0,0.2389134168624878,0.2227,0
resumes/data\SALES\21595057.pdf,jds\TEACHER\TEACHER_entry.txt,SALES,0.0428,0.15,-2,1.0,0.2282954007387161,0.2365,0
resumes/data\SALES\22047665.pdf,jds\BANKING\BANKING_entry.txt,SALES,0.1034,0.25,0,8.0,0.211820974946022,0.2666,0
resumes/data\SALES\22047665.pdf,jds\BANKING\BANKING_senior.txt,SALES,0.0368,0.05,-1,10.0,0.2807825207710266,0.2845,0
resumes/data\SALES\22319662.pdf,jds\SALES\SALES_entry.txt,SALES,0.3396,0.1,0,5.0,0.5565914511680603,0.5555,1
resumes/data\SALES\22319662.pdf,jds\SALES\SALES_mid.txt,SALES,0.2933,0.25,-1,5.0,0.4871407151222229,0.515,1
resumes/data\SALES\22319662.pdf,jds\SALES\SALES_senior.txt,SALES,0.3116,0.2,-1,5.0,0.4988408982753753,0.5639,1
resumes/data\SALES\22319662.pdf,jds\TEACHER\TEACHER_senior.txt,SALES,0.0362,0.05,-2,5.0,0.3798170685768127,0.3326,0
resumes/data\SALES\22319662.pdf,jds\TEACHER\TEACHER_entry.txt,SALES,0.0655,0.0,0,5.0,0.3884422183036804,0.3835,0
resumes/data\SALES\22319662.pdf,jds\TEACHER\TEACHER_mid.txt,SALES,0.0537,0.05,-1,5.0,0.4200430512428283,0.3597,0
resumes/data\SALES\23296286.pdf,jds\BPO\BPO_entry.txt,SALES,0.1267,0.15,-1,19.0,0.4444554448127746,0.4211,0
resumes/data\SALES\23296286.pdf,jds\BPO\BPO_senior.txt,SALES,0.0481,0.1,-2,21.0,0.4080356657505035,0.4026,0
resumes/data\SALES\23760084.pdf,jds\SALES\SALES_entry.txt,SALES,0.2826,0.15,0,20.0,0.4998894333839416,0.5525,1
resumes/data\SALES\23760084.pdf,jds\SALES\SALES_mid.txt,SALES,0.27,0.25,-1,20.0,0.5216759443283081,0.5378,1
resumes/data\SALES\23760084.pdf,jds\SALES\SALES_senior.txt,SALES,0.2607,0.05,-1,20.0,0.4951128363609314,0.596,1
resumes/data\SALES\23760084.pdf,jds\APPAREL\APPAREL_entry.txt,SALES,0.0433,0.1,0,18.0,0.297245591878891,0.2811,0
resumes/data\SALES\23760084.pdf,jds\APPAREL\APPAREL_senior.txt,SALES,0.0648,0.2,-1,20.0,0.3346068263053894,0.3159,0
resumes/data\SALES\23782450.pdf,jds\INFORMATION-TECHNOLOGY\INFORMATION-TECHNOLOGY_entry.txt,SALES,0.0335,0.0,-1,-2.0,0.3036881983280182,0.3468,0
resumes/data\SALES\23782450.pdf,jds\INFORMATION-TECHNOLOGY\INFORMATION-TECHNOLOGY_senior.txt,SALES,0.0227,0.1,-2,0.0,0.3371507227420807,0.2796,0
resumes/data\SALES\23782450.pdf,jds\INFORMATION-TECHNOLOGY\INFORMATION-TECHNOLOGY_mid.txt,SALES,0.0194,0.05,-2,0.0,0.3216023445129394,0.3271,0
resumes/data\SALES\23929500.pdf,jds\AUTOMOBILE\AUTOMOBILE_mid.txt,SALES,0.1609,0.2,-1,1.0,0.2542814016342163,0.3157,0
resumes/data\SALES\23929500.pdf,jds\AUTOMOBILE\AUTOMOBILE_senior.txt,SALES,0.0277,0.05,-2,9.0,0.2118329107761383,0.1898,0
resumes/data\SALES\23929500.pdf,jds\AUTOMOBILE\AUTOMOBILE_entry.txt,SALES,0.1015,0.15,-1,7.0,0.2022969275712967,0.2712,0
resumes/data\SALES\24610685.pdf,jds\HEALTHCARE\HEALTHCARE_senior.txt,SALES,0.0311,0.15,0,2.0,0.3258258998394012,0.3597,0
resumes/data\SALES\24610685.pdf,jds\HEALTHCARE\HEALTHCARE_mid.txt,SALES,0.085,0.2,0,2.0,0.3195738196372986,0.3495,0
resumes/data\SALES\24610685.pdf,jds\HEALTHCARE\HEALTHCARE_entry.txt,SALES,0.035,0.15,1,0.0,0.3945618569850921,0.3987,0
resumes/data\SALES\25315791.pdf,jds\SALES\SALES_entry.txt,SALES,0.2898,0.15,-1,0.0,0.6207753419876099,0.6704,1
resumes/data\SALES\25315791.pdf,jds\SALES\SALES_mid.txt,SALES,0.2656,0.25,-2,0.0,0.5409526824951172,0.5388,1
resumes/data\SALES\25315791.pdf,jds\SALES\SALES_senior.txt,SALES,0.2685,0.2,-2,0.0,0.5357766151428223,0.6267,1
resumes/data\SALES\25315791.pdf,jds\ENGINEERING\ENGINEERING_senior.txt,SALES,0.0403,0.05,-3,0.0,0.3567007482051849,0.3022,0
resumes/data\SALES\25315791.pdf,jds\ENGINEERING\ENGINEERING_entry.txt,SALES,0.0327,0.05,-1,-2.0,0.3661582469940185,0.3485,0
resumes/data\SALES\25315791.pdf,jds\ENGINEERING\ENGINEERING_mid.txt,SALES,0.0438,0.0,-2,0.0,0.3775230348110199,0.3692,0
resumes/data\SALES\25810233.pdf,jds\SALES\SALES_entry.txt,SALES,0.2174,0.05,1,11.0,0.5577690601348877,0.5745,1
resumes/data\SALES\25810233.pdf,jds\SALES\SALES_mid.txt,SALES,0.2252,0.3,0,11.0,0.5147420763969421,0.562,1
resumes/data\SALES\25810233.pdf,jds\SALES\SALES_senior.txt,SALES,0.2509,0.35,0,11.0,0.5067328214645386,0.5727,1
resumes/data\SALES\25810233.pdf,jds\TEACHER\TEACHER_senior.txt,SALES,0.0352,0.15,-1,11.0,0.3745056986808777,0.257,0
resumes/data\SALES\25810233.pdf,jds\TEACHER\TEACHER_mid.txt,SALES,0.0328,0.1,0,11.0,0.3644140362739563,0.267,0
resumes/data\SALES\25810233.pdf,jds\TEACHER\TEACHER_entry.txt,SALES,0.0309,0.1,1,11.0,0.3828303217887878,0.2353,0
resumes/data\SALES\25839123.pdf,jds\BPO\BPO_senior.txt,SALES,0.0763,0.1,-2,0.0,0.3586761653423309,0.3483,0
resumes/data\SALES\25839123.pdf,jds\BPO\BPO_entry.txt,SALES,0.2076,0.15,-1,-2.0,0.4089539349079132,0.3357,0
resumes/data\SALES\26425074.pdf,jds\CHEF\CHEF_entry.txt,SALES,0.0369,0.0,2,6.0,0.2889732122421264,0.2648,0
resumes/data\SALES\26425074.pdf,jds\CHEF\CHEF_senior.txt,SALES,0.0407,0.1,2,6.0,0.275954008102417,0.2425,0
resumes/data\SALES\26425074.pdf,jds\CHEF\CHEF_mid.txt,SALES,0.0295,0.1,2,6.0,0.2855422496795654,0.2445,0
resumes/data\SALES\26530696.pdf,jds\SALES\SALES_entry.txt,SALES,0.2004,0.15,0,19.0,0.5505093932151794,0.5811,1
resumes/data\SALES\26530696.pdf,jds\ACCOUNTANT\ACCOUNTANT_entry.txt,SALES,0.0495,0.05,-1,17.0,0.4582816958427429,0.3982,0
resumes/data\SALES\26530696.pdf,jds\ACCOUNTANT\ACCOUNTANT_senior.txt,SALES,0.0434,0.05,-1,19.0,0.3990243673324585,0.3515,0
resumes/data\SALES\26530696.pdf,jds\ACCOUNTANT\ACCOUNTANT_mid.txt,SALES,0.0464,0.05,-1,19.0,0.4415396749973297,0.3399,0
resumes/data\SALES\26932091.pdf,jds\SALES\SALES_entry.txt,SALES,0.2544,0.2,0,10.0,0.5895245671272278,0.6005,1
resumes/data\SALES\26932091.pdf,jds\SALES\SALES_mid.txt,SALES,0.2746,0.35,-1,10.0,0.5971522331237793,0.566,1
resumes/data\SALES\26932091.pdf,jds\SALES\SALES_senior.txt,SALES,0.2451,0.25,-1,10.0,0.610558807849884,0.6463,1
resumes/data\SALES\26932091.pdf,jds\HEALTHCARE\HEALTHCARE_entry.txt,SALES,0.0688,0.15,0,8.0,0.352166473865509,0.3594,0
resumes/data\SALES\26994282.pdf,jds\AUTOMOBILE\AUTOMOBILE_entry.txt,SALES,0.1117,0.25,0,8.0,0.3159564137458801,0.3292,0
resumes/data\SALES\26994282.pdf,jds\AUTOMOBILE\AUTOMOBILE_mid.txt,SALES,0.144,0.2,0,2.0,0.3042735159397125,0.3229,0
resumes/data\SALES\26994282.pdf,jds\AUTOMOBILE\AUTOMOBILE_senior.txt,SALES,0.0705,0.1,-1,10.0,0.3020043075084686,0.2821,0
resumes/data\SALES\27233183.pdf,jds\ARTS\ARTS_entry.txt,SALES,0.0355,0.05,-1,0.0,0.3695331811904907,0.2362,0
resumes/data\SALES\27233183.pdf,jds\ARTS\ARTS_mid.txt,SALES,0.0454,0.05,-2,0.0,0.4001387357711792,0.2733,0
resumes/data\SALES\27233183.pdf,jds\ARTS\ARTS_senior.txt,SALES,0.0276,0.0,-3,0.0,0.3863018155097961,0.1363,0
resumes/data\SALES\27607632.pdf,jds\HEALTHCARE\HEALTHCARE_entry.txt,SALES,0.0296,0.05,0,8.0,0.3867450654506683,0.4246,0
resumes/data\SALES\27607632.pdf,jds\HEALTHCARE\HEALTHCARE_mid.txt,SALES,0.0455,0.15,-1,10.0,0.3611764907836914,0.3871,0
resumes/data\SALES\27607632.pdf,jds\HEALTHCARE\HEALTHCARE_senior.txt,SALES,0.0249,0.05,-1,10.0,0.312030017375946,0.3281,0
resumes/data\SALES\27624540.pdf,jds\AUTOMOBILE\AUTOMOBILE_entry.txt,SALES,0.1008,0.2,1,10.0,0.4144529104232788,0.264,0
resumes/data\SALES\27624540.pdf,jds\AUTOMOBILE\AUTOMOBILE_senior.txt,SALES,0.0659,0.2,0,12.0,0.4010319709777832,0.2553,0
resumes/data\SALES\28139742.pdf,jds\AVIATION\AVIATION_mid.txt,SALES,0.1021,0.15,2,2.0,0.3611939549446106,0.457,0
resumes/data\SALES\28139742.pdf,jds\AVIATION\AVIATION_entry.txt,SALES,0.0884,0.1,2,8.0,0.3222993314266205,0.3913,0
resumes/data\SALES\28198029.pdf,jds\SALES\SALES_entry.txt,SALES,0.2569,0.15,0,0.0,0.5136587619781494,0.5263,1
resumes/data\SALES\28198029.pdf,jds\TEACHER\TEACHER_senior.txt,SALES,0.0225,0.1,-2,0.0,0.3124497234821319,0.2606,0
resumes/data\SALES\28198029.pdf,jds\TEACHER\TEACHER_entry.txt,SALES,0.0353,0.0,0,0.0,0.2571988999843597,0.2993,0
resumes/data\SALES\28198029.pdf,jds\TEACHER\TEACHER_mid.txt,SALES,0.0491,0.05,-1,0.0,0.2854055166244507,0.3405,0
resumes/data\SALES\28377361.pdf,jds\AGRICULTURE\AGRICULTURE_mid.txt,SALES,0.0345,0.05,-2,-7.0,0.2122560739517212,0.2626,0
resumes/data\SALES\28377361.pdf,jds\AGRICULTURE\AGRICULTURE_entry.txt,SALES,0.0324,0.05,-1,0.0,0.1766661256551742,0.2384,0
resumes/data\SALES\28377361.pdf,jds\AGRICULTURE\AGRICULTURE_senior.txt,SALES,0.0549,0.1,-3,0.0,0.2425722181797027,0.3097,0
resumes/data\SALES\28867567.pdf,jds\SALES\SALES_entry.txt,SALES,0.3585,0.15,0,10.0,0.6341924667358398,0.664,1
resumes/data\SALES\28867567.pdf,jds\SALES\SALES_mid.txt,SALES,0.3862,0.5,-1,10.0,0.6025670766830444,0.5781,1
resumes/data\SALES\28867567.pdf,jds\SALES\SALES_senior.txt,SALES,0.3437,0.35,-1,10.0,0.5982503890991211,0.6395,1
resumes/data\SALES\28867567.pdf,jds\APPAREL\APPAREL_entry.txt,SALES,0.0466,0.05,0,8.0,0.3650606870651245,0.343,0
resumes/data\SALES\29134721.pdf,jds\ACCOUNTANT\ACCOUNTANT_entry.txt,SALES,0.0643,0.1,-3,-2.0,0.3823388814926147,0.4141,0
resumes/data\SALES\29134721.pdf,jds\ACCOUNTANT\ACCOUNTANT_mid.txt,SALES,0.0826,0.1,-3,0.0,0.3891829252243042,0.3615,0
resumes/data\SALES\29184740.pdf,jds\SALES\SALES_entry.txt,SALES,0.2019,0.05,0,0.0,0.580118715763092,0.6351,1
resumes/data\SALES\29184740.pdf,jds\SALES\SALES_senior.txt,SALES,0.2173,0.1,-1,0.0,0.5458697080612183,0.6021,1
resumes/data\SALES\29184740.pdf,jds\FITNESS\FITNESS_senior.txt,SALES,0.0421,0.0,-2,0.0,0.2921895384788513,0.3037,0
resumes/data\SALES\29184740.pdf,jds\FITNESS\FITNESS_entry.txt,SALES,0.0746,0.1,1,-2.0,0.3188236951828003,0.297,0
resumes/data\SALES\29184740.pdf,jds\FITNESS\FITNESS_mid.txt,SALES,0.0544,0.1,0,-7.0,0.3453123569488525,0.3127,0
resumes/data\SALES\29211919.pdf,jds\ADVOCATE\ADVOCATE_mid.txt,SALES,0.0481,0.1,-3,0.0,0.3071963787078857,0.2801,0
resumes/data\SALES\29211919.pdf,jds\ADVOCATE\ADVOCATE_entry.txt,SALES,0.0421,0.0,-3,-2.0,0.331149697303772,0.297,0
resumes/data\SALES\29211919.pdf,jds\ADVOCATE\ADVOCATE_senior.txt,SALES,0.0421,0.1,-3,0.0,0.3005045056343078,0.3007,0
resumes/data\SALES\29332616.pdf,jds\APPAREL\APPAREL_entry.txt,SALES,0.0516,0.15,-1,-2.0,0.3355518579483032,0.2194,0
resumes/data\SALES\29332616.pdf,jds\APPAREL\APPAREL_senior.txt,SALES,0.0765,0.15,-2,0.0,0.4599518179893493,0.2833,0
resumes/data\SALES\29332616.pdf,jds\APPAREL\APPAREL_mid.txt,SALES,0.0678,0.1,-2,0.0,0.3897925019264221,0.288,0
resumes/data\SALES\29399491.pdf,jds\SALES\SALES_entry.txt,SALES,0.1792,0.1,-1,12.0,0.4716190993785858,0.6284,1
resumes/data\SALES\29399491.pdf,jds\PUBLIC-RELATIONS\PUBLIC-RELATIONS_senior.txt,SALES,0.0569,0.2,-2,12.0,0.4219650626182556,0.3939,0
resumes/data\SALES\29399491.pdf,jds\PUBLIC-RELATIONS\PUBLIC-RELATIONS_entry.txt,SALES,0.0559,0.1,-1,10.0,0.3872933983802795,0.3841,0
resumes/data\SALES\29805310.pdf,jds\FITNESS\FITNESS_mid.txt,SALES,0.036,0.1,-1,6.0,0.2559190392494201,0.1881,0
resumes/data\SALES\29805310.pdf,jds\FITNESS\FITNESS_senior.txt,SALES,0.0205,0.05,-3,13.0,0.2286981344223022,0.0762,0
resumes/data\SALES\29805310.pdf,jds\FITNESS\FITNESS_entry.txt,SALES,0.0542,0.1,0,11.0,0.3218783140182495,0.1545,0
resumes/data\SALES\29815762.pdf,jds\DESIGNER\DESIGNER_senior.txt,SALES,0.0375,0.15,-2,10.0,0.3569650948047638,0.2536,0
resumes/data\SALES\29815762.pdf,jds\DESIGNER\DESIGNER_mid.txt,SALES,0.0336,0.05,-2,10.0,0.394963264465332,0.3062,0
resumes/data\SALES\29815762.pdf,jds\DESIGNER\DESIGNER_entry.txt,SALES,0.0257,0.0,-1,8.0,0.3498959541320801,0.2335,0
resumes/data\SALES\29928796.pdf,jds\SALES\SALES_entry.txt,SALES,0.3375,0.1,-2,10.0,0.533364474773407,0.5666,1
resumes/data\SALES\29928796.pdf,jds\SALES\SALES_mid.txt,SALES,0.2938,0.15,-3,10.0,0.4346801340579986,0.4587,1
resumes/data\SALES\29928796.pdf,jds\SALES\SALES_senior.txt,SALES,0.2927,0.1,-3,10.0,0.4859618246555328,0.5353,1
resumes/data\SALES\29928796.pdf,jds\BANKING\BANKING_mid.txt,SALES,0.1072,0.15,-3,10.0,0.3987959027290344,0.2935,0
resumes/data\SALES\29928796.pdf,jds\BANKING\BANKING_senior.txt,SALES,0.0587,0.05,-3,10.0,0.3280714452266693,0.2642,0
resumes/data\SALES\29928796.pdf,jds\BANKING\BANKING_entry.txt,SALES,0.101,0.2,-2,8.0,0.3662252426147461,0.235,0
resumes/data\SALES\30083943.pdf,jds\PUBLIC-RELATIONS\PUBLIC-RELATIONS_entry.txt,SALES,0.0307,0.0,-1,0.0,0.2253386378288269,0.2856,0
resumes/data\SALES\30083943.pdf,jds\PUBLIC-RELATIONS\PUBLIC-RELATIONS_mid.txt,SALES,0.0224,0.0,-2,2.0,0.1857069283723831,0.3105,0
resumes/data\SALES\30083943.pdf,jds\PUBLIC-RELATIONS\PUBLIC-RELATIONS_senior.txt,SALES,0.0305,0.0,-2,2.0,0.168610006570816,0.2684,0
resumes/data\SALES\30529547.pdf,jds\APPAREL\APPAREL_entry.txt,SALES,0.0296,0.0,-1,0.0,0.4766142964363098,0.2218,0
resumes/data\SALES\30529547.pdf,jds\APPAREL\APPAREL_mid.txt,SALES,0.0249,0.0,-2,2.0,0.3973185122013092,0.2731,0
resumes/data\SALES\30529547.pdf,jds\APPAREL\APPAREL_senior.txt,SALES,0.0191,0.0,-2,2.0,0.3757973313331604,0.2515,0
resumes/data\SALES\30608780.pdf,jds\SALES\SALES_entry.txt,SALES,0.3255,0.1,-1,10.0,0.5438441038131714,0.579,1
resumes/data\SALES\30608780.pdf,jds\SALES\SALES_mid.txt,SALES,0.3331,0.35,-2,10.0,0.4988328516483307,0.5387,1
resumes/data\SALES\30608780.pdf,jds\SALES\SALES_senior.txt,SALES,0.3379,0.15,-2,10.0,0.494032472372055,0.5786,1
resumes/data\SALES\30608780.pdf,jds\ARTS\ARTS_entry.txt,SALES,0.0354,0.0,-1,10.0,0.3424180746078491,0.2337,0
resumes/data\SALES\30608780.pdf,jds\ARTS\ARTS_senior.txt,SALES,0.0318,0.05,-3,10.0,0.3045387864112854,0.199,0
resumes/data\SALES\30608780.pdf,jds\ARTS\ARTS_mid.txt,SALES,0.0401,0.05,-2,10.0,0.3866128921508789,0.31,0
resumes/data\SALES\31199035.pdf,jds\BANKING\BANKING_mid.txt,SALES,0.0399,0.05,-2,0.0,0.3446438312530517,0.311,0
resumes/data\SALES\31199035.pdf,jds\BANKING\BANKING_senior.txt,SALES,0.0164,0.05,-2,0.0,0.3042042255401611,0.2886,0
resumes/data\SALES\31199035.pdf,jds\BANKING\BANKING_entry.txt,SALES,0.055,0.25,-1,-2.0,0.3555651009082794,0.3433,0
resumes/data\SALES\31454430.pdf,jds\HEALTHCARE\HEALTHCARE_mid.txt,SALES,0.0306,0.1,-2,0.0,0.2324159890413284,0.2519,0
resumes/data\SALES\31454430.pdf,jds\HEALTHCARE\HEALTHCARE_entry.txt,SALES,0.0348,0.05,-1,-2.0,0.2851738035678863,0.3816,0
resumes/data\SALES\31454430.pdf,jds\HEALTHCARE\HEALTHCARE_senior.txt,SALES,0.0146,0.05,-2,0.0,0.1957647800445556,0.2532,0
resumes/data\SALES\32140087.pdf,jds\TEACHER\TEACHER_mid.txt,SALES,0.0367,0.05,0,21.0,0.3890547752380371,0.1637,0
resumes/data\SALES\32140087.pdf,jds\TEACHER\TEACHER_entry.txt,SALES,0.0455,0.0,1,21.0,0.2982597351074219,0.1066,0
resumes/data\SALES\32140087.pdf,jds\TEACHER\TEACHER_senior.txt,SALES,0.0326,0.15,-1,21.0,0.3993605077266693,0.1173,0
resumes/data\SALES\33236701.pdf,jds\SALES\SALES_entry.txt,SALES,0.2063,0.1,-2,0.0,0.5444502234458923,0.5843,1
resumes/data\SALES\33236701.pdf,jds\ADVOCATE\ADVOCATE_senior.txt,SALES,0.0318,0.15,-3,0.0,0.3431722521781921,0.3217,0
resumes/data\SALES\33236701.pdf,jds\ADVOCATE\ADVOCATE_mid.txt,SALES,0.0416,0.05,-3,0.0,0.3208056390285492,0.2623,0
resumes/data\SALES\33236701.pdf,jds\ADVOCATE\ADVOCATE_entry.txt,SALES,0.0359,0.0,-3,-2.0,0.3533350825309753,0.2957,0
resumes/data\SALES\33578873.pdf,jds\SALES\SALES_entry.txt,SALES,0.2791,0.15,-1,11.0,0.5210549831390381,0.5626,1
resumes/data\SALES\33578873.pdf,jds\SALES\SALES_senior.txt,SALES,0.2791,0.2,-2,11.0,0.4615256190299988,0.5196,1
resumes/data\SALES\33578873.pdf,jds\BANKING\BANKING_senior.txt,SALES,0.0513,0.1,-2,11.0,0.3240243196487427,0.3808,0
resumes/data\SALES\33578873.pdf,jds\BANKING\BANKING_entry.txt,SALES,0.0839,0.4,-1,9.0,0.320324182510376,0.3419,0
resumes/data\SALES\34131484.pdf,jds\SALES\SALES_entry.txt,SALES,0.3099,0.15,-1,12.0,0.462133377790451,0.6213,1
resumes/data\SALES\34131484.pdf,jds\SALES\SALES_mid.txt,SALES,0.2892,0.35,-2,12.0,0.3961889743804931,0.5211,1
resumes/data\SALES\34131484.pdf,jds\SALES\SALES_senior.txt,SALES,0.3049,0.25,-2,12.0,0.4520216286182403,0.5793,1
resumes/data\SALES\34131484.pdf,jds\PUBLIC-RELATIONS\PUBLIC-RELATIONS_entry.txt,SALES,0.0554,0.05,-1,10.0,0.4238948822021484,0.3622,0
resumes/data\SALES\34131484.pdf,jds\PUBLIC-RELATIONS\PUBLIC-RELATIONS_senior.txt,SALES,0.0453,0.05,-2,12.0,0.4199880361557007,0.4054,0
resumes/data\SALES\34303500.pdf,jds\SALES\SALES_entry.txt,SALES,0.252,0.15,0,11.0,0.5838236808776855,0.6219,1
resumes/data\SALES\34303500.pdf,jds\SALES\SALES_mid.txt,SALES,0.2312,0.4,-1,11.0,0.5221012234687805,0.585,1
resumes/data\SALES\34303500.pdf,jds\SALES\SALES_senior.txt,SALES,0.2494,0.3,-1,11.0,0.6025593280792236,0.6604,1
resumes/data\SALES\34303500.pdf,jds\FITNESS\FITNESS_senior.txt,SALES,0.0619,0.1,-2,11.0,0.3220075964927673,0.3033,0
resumes/data\SALES\34303500.pdf,jds\FITNESS\FITNESS_entry.txt,SALES,0.1035,0.25,1,9.0,0.4084437191486358,0.3379,0
resumes/data\SALES\34303500.pdf,jds\FITNESS\FITNESS_mid.txt,SALES,0.0875,0.15,0,4.0,0.3887068629264831,0.3285,0
resumes/data\SALES\36074301.pdf,jds\CHEF\CHEF_senior.txt,SALES,0.0452,0.1,1,15.0,0.3435944020748138,0.2381,0
resumes/data\SALES\36074301.pdf,jds\CHEF\CHEF_entry.txt,SALES,0.0436,0.0,1,15.0,0.3103426098823547,0.1618,0
resumes/data\SALES\36074301.pdf,jds\CHEF\CHEF_mid.txt,SALES,0.0378,0.15,1,15.0,0.2804136276245117,0.2074,0
resumes/data\SALES\36621169.pdf,jds\HEALTHCARE\HEALTHCARE_senior.txt,SALES,0.0196,0.0,-1,14.0,0.2080459296703338,0.2683,0
resumes/data\SALES\36621169.pdf,jds\HEALTHCARE\HEALTHCARE_entry.txt,SALES,0.0452,0.05,0,12.0,0.2534650862216949,0.3948,0
resumes/data\SALES\36621169.pdf,jds\HEALTHCARE\HEALTHCARE_mid.txt,SALES,0.0622,0.1,-1,14.0,0.2397282719612121,0.2796,0
resumes/data\SALES\36904300.pdf,jds\SALES\SALES_entry.txt,SALES,0.2449,0.15,-1,18.0,0.5261969566345215,0.5311,1
resumes/data\SALES\36904300.pdf,jds\FITNESS\FITNESS_entry.txt,SALES,0.0487,0.05,0,16.0,0.2581143379211426,0.1918,0
resumes/data\SALES\36904300.pdf,jds\FITNESS\FITNESS_mid.txt,SALES,0.0459,0.2,-1,11.0,0.3030209839344024,0.1758,0
resumes/data\SALES\36904300.pdf,jds\FITNESS\FITNESS_senior.txt,SALES,0.032,0.0,-3,18.0,0.2577471137046814,0.1414,0
resumes/data\SALES\36970996.pdf,jds\SALES\SALES_entry.txt,SALES,0.3353,0.2,-1,0.0,0.5566281080245972,0.6294,1
resumes/data\SALES\36970996.pdf,jds\SALES\SALES_mid.txt,SALES,0.2773,0.2,-2,0.0,0.5222052335739136,0.5208,1
resumes/data\SALES\36970996.pdf,jds\SALES\SALES_senior.txt,SALES,0.2823,0.15,-2,0.0,0.5249423980712891,0.6179,1
resumes/data\SALES\36970996.pdf,jds\AUTOMOBILE\AUTOMOBILE_mid.txt,SALES,0.159,0.2,-1,-8.0,0.4236538410186767,0.4142,0
resumes/data\SALES\36970996.pdf,jds\AUTOMOBILE\AUTOMOBILE_entry.txt,SALES,0.1193,0.15,-1,-2.0,0.410081148147583,0.3912,0
resumes/data\SALES\36970996.pdf,jds\AUTOMOBILE\AUTOMOBILE_senior.txt,SALES,0.0402,0.1,-2,0.0,0.3936206102371216,0.3471,0
resumes/data\SALES\37360517.pdf,jds\HR\HR_entry.txt,SALES,0.0582,0.05,-2,0.0,0.3941956758499145,0.3258,0
resumes/data\SALES\37360517.pdf,jds\HR\HR_senior.txt,SALES,0.0335,0.1,-2,0.0,0.362175315618515,0.2811,0
resumes/data\SALES\37360517.pdf,jds\HR\HR_mid.txt,SALES,0.0458,0.0,-2,0.0,0.3456048369407654,0.3151,0
resumes/data\SALES\37540732.pdf,jds\SALES\SALES_entry.txt,SALES,0.4098,0.15,0,20.0,0.5598235130310059,0.7235,1
resumes/data\SALES\37540732.pdf,jds\SALES\SALES_mid.txt,SALES,0.4015,0.35,-1,20.0,0.5325374007225037,0.6272,1
resumes/data\SALES\37540732.pdf,jds\SALES\SALES_senior.txt,SALES,0.4222,0.3,-1,20.0,0.534521222114563,0.7172,1
resumes/data\SALES\37540732.pdf,jds\AUTOMOBILE\AUTOMOBILE_senior.txt,SALES,0.0288,0.1,-1,20.0,0.3965803980827331,0.3336,0
resumes/data\SALES\37540732.pdf,jds\AUTOMOBILE\AUTOMOBILE_entry.txt,SALES,0.0661,0.2,0,18.0,0.4108185172080993,0.3242,0
resumes/data\SALES\37540732.pdf,jds\AUTOMOBILE\AUTOMOBILE_mid.txt,SALES,0.0734,0.15,0,12.0,0.4219202995300293,0.3834,0
resumes/data\SALES\37735467.pdf,jds\SALES\SALES_entry.txt,SALES,0.3009,0.15,0,0.0,0.5350537300109863,0.6537,1
resumes/data\SALES\37735467.pdf,jds\SALES\SALES_mid.txt,SALES,0.2805,0.3,-1,0.0,0.5225270390510559,0.5432,1
resumes/data\SALES\37735467.pdf,jds\SALES\SALES_senior.txt,SALES,0.2769,0.2,-1,0.0,0.5283658504486084,0.649,1
resumes/data\SALES\37735467.pdf,jds\ENGINEERING\ENGINEERING_senior.txt,SALES,0.075,0.15,-2,0.0,0.3197250366210937,0.3252,0
resumes/data\SALES\37735467.pdf,jds\ENGINEERING\ENGINEERING_entry.txt,SALES,0.0523,0.15,0,-2.0,0.3858438730239868,0.365,0
resumes/data\SALES\38087844.pdf,jds\SALES\SALES_entry.txt,SALES,0.2964,0.15,-1,34.0,0.5970038175582886,0.5876,1
resumes/data\SALES\38087844.pdf,jds\SALES\SALES_mid.txt,SALES,0.3236,0.35,-2,34.0,0.5575248599052429,0.5637,1
resumes/data\SALES\38087844.pdf,jds\SALES\SALES_senior.txt,SALES,0.3339,0.3,-2,34.0,0.5928945541381836,0.5994,1
resumes/data\SALES\38087844.pdf,jds\BPO\BPO_entry.txt,SALES,0.1025,0.2,-1,32.0,0.4573503136634826,0.4253,0
resumes/data\SALES\39581020.pdf,jds\ARTS\ARTS_senior.txt,SALES,0.0321,0.05,-3,10.0,0.2932595908641815,0.1994,0
resumes/data\SALES\39581020.pdf,jds\ARTS\ARTS_mid.txt,SALES,0.0591,0.1,-2,10.0,0.3287990093231201,0.2791,0
resumes/data\SALES\39581020.pdf,jds\ARTS\ARTS_entry.txt,SALES,0.0606,0.1,-1,10.0,0.3001385033130646,0.2359,0
resumes/data\SALES\40987524.pdf,jds\SALES\SALES_entry.txt,SALES,0.2931,0.1,0,11.0,0.5522410869598389,0.6067,1
resumes/data\SALES\40987524.pdf,jds\SALES\SALES_mid.txt,SALES,0.3058,0.3,-1,11.0,0.5340216159820557,0.5466,1
resumes/data\SALES\40987524.pdf,jds\SALES\SALES_senior.txt,SALES,0.2853,0.2,-1,11.0,0.5619018077850342,0.6048,1
resumes/data\SALES\40987524.pdf,jds\CONSTRUCTION\CONSTRUCTION_entry.txt,SALES,0.0364,0.15,0,9.0,0.2199009954929351,0.2619,0
resumes/data\SALES\40987524.pdf,jds\CONSTRUCTION\CONSTRUCTION_mid.txt,SALES,0.0803,0.3,-1,11.0,0.2966960668563843,0.3701,0
resumes/data\SALES\42304307.pdf,jds\DIGITAL-MEDIA\DIGITAL-MEDIA_senior.txt,SALES,0.0328,0.05,-1,15.0,0.4075250923633575,0.2969,0
resumes/data\SALES\42304307.pdf,jds\DIGITAL-MEDIA\DIGITAL-MEDIA_mid.txt,SALES,0.0236,0.0,-1,15.0,0.3864278793334961,0.3486,0
resumes/data\SALES\42304307.pdf,jds\DIGITAL-MEDIA\DIGITAL-MEDIA_entry.txt,SALES,0.0267,0.0,0,13.0,0.4214706420898437,0.3683,0
resumes/data\SALES\51349448.pdf,jds\BANKING\BANKING_entry.txt,SALES,0.0805,0.2,0,2.0,0.3164180219173431,0.2885,0
resumes/data\SALES\51349448.pdf,jds\BANKING\BANKING_mid.txt,SALES,0.0665,0.05,-1,4.0,0.2912736237049103,0.2982,0
resumes/data\SALES\51349448.pdf,jds\BANKING\BANKING_senior.txt,SALES,0.0468,0.0,-1,4.0,0.3244454860687256,0.304,0
resumes/data\SALES\54101961.pdf,jds\CHEF\CHEF_entry.txt,SALES,0.0638,0.15,-1,16.0,0.2350687980651855,0.1901,0
resumes/data\SALES\54101961.pdf,jds\CHEF\CHEF_senior.txt,SALES,0.0212,0.0,-1,16.0,0.1927033364772796,0.2088,0
resumes/data\SALES\54101961.pdf,jds\CHEF\CHEF_mid.txt,SALES,0.0385,0.1,-1,16.0,0.2019917368888855,0.2739,0
resumes/data\SALES\55097118.pdf,jds\CONSTRUCTION\CONSTRUCTION_senior.txt,SALES,0.0692,0.1,-1,19.0,0.3268601596355438,0.2639,0
resumes/data\SALES\55097118.pdf,jds\CONSTRUCTION\CONSTRUCTION_entry.txt,SALES,0.0622,0.05,0,17.0,0.3185204565525055,0.2916,0
resumes/data\SALES\55097118.pdf,jds\CONSTRUCTION\CONSTRUCTION_mid.txt,SALES,0.057,0.05,-1,19.0,0.3253664076328277,0.2739,0
resumes/data\SALES\55104715.pdf,jds\SALES\SALES_entry.txt,SALES,0.2534,0.1,1,4.0,0.5171612501144409,0.5177,1
resumes/data\SALES\55104715.pdf,jds\SALES\SALES_mid.txt,SALES,0.2765,0.4,0,4.0,0.5050797462463379,0.4613,1
resumes/data\SALES\55104715.pdf,jds\SALES\SALES_senior.txt,SALES,0.2792,0.3,0,4.0,0.5325047969818115,0.5207,1
resumes/data\SALES\55104715.pdf,jds\INFORMATION-TECHNOLOGY\INFORMATION-TECHNOLOGY_mid.txt,SALES,0.0446,0.0,0,4.0,0.4331604838371277,0.2764,0
resumes/data\SALES\55104715.pdf,jds\INFORMATION-TECHNOLOGY\INFORMATION-TECHNOLOGY_entry.txt,SALES,0.0436,0.0,1,2.0,0.4226033389568329,0.2759,0
resumes/data\SALES\55104715.pdf,jds\INFORMATION-TECHNOLOGY\INFORMATION-TECHNOLOGY_senior.txt,SALES,0.0555,0.2,0,4.0,0.3926460444927215,0.3802,0
resumes/data\SALES\55477468.pdf,jds\DIGITAL-MEDIA\DIGITAL-MEDIA_senior.txt,SALES,0.0444,0.1,-1,9.0,0.2968269288539886,0.2777,0
resumes/data\SALES\55477468.pdf,jds\DIGITAL-MEDIA\DIGITAL-MEDIA_entry.txt,SALES,0.0355,0.1,0,7.0,0.3626476228237152,0.3295,0
resumes/data\SALES\55477468.pdf,jds\DIGITAL-MEDIA\DIGITAL-MEDIA_mid.txt,SALES,0.039,0.15,-1,9.0,0.3326326012611389,0.3188,0
resumes/data\SALES\58428843.pdf,jds\SALES\SALES_entry.txt,SALES,0.2556,0.15,0,21.0,0.460268497467041,0.503,1
resumes/data\SALES\58428843.pdf,jds\ADVOCATE\ADVOCATE_senior.txt,SALES,0.0353,0.1,-1,21.0,0.3250304460525512,0.2218,0
resumes/data\SALES\58428843.pdf,jds\ADVOCATE\ADVOCATE_entry.txt,SALES,0.0388,0.05,-1,19.0,0.3113110065460205,0.2415,0
resumes/data\SALES\58428843.pdf,jds\ADVOCATE\ADVOCATE_mid.txt,SALES,0.0524,0.2,-1,21.0,0.2867085635662079,0.2194,0
resumes/data\SALES\59422148.pdf,jds\SALES\SALES_entry.txt,SALES,0.3382,0.15,0,13.0,0.5656034350395203,0.5654,1
resumes/data\SALES\59422148.pdf,jds\SALES\SALES_mid.txt,SALES,0.3755,0.35,-1,13.0,0.5006074905395508,0.5001,1
resumes/data\SALES\59422148.pdf,jds\SALES\SALES_senior.txt,SALES,0.3881,0.35,-1,13.0,0.5888702273368835,0.5963,1
resumes/data\SALES\59422148.pdf,jds\ENGINEERING\ENGINEERING_mid.txt,SALES,0.0419,0.0,-1,13.0,0.4108098149299621,0.3585,0
resumes/data\SALES\59422148.pdf,jds\ENGINEERING\ENGINEERING_senior.txt,SALES,0.0765,0.25,-2,13.0,0.4337830543518066,0.314,0
resumes/data\SALES\59422148.pdf,jds\ENGINEERING\ENGINEERING_entry.txt,SALES,0.047,0.15,0,11.0,0.4178395271301269,0.2254,0
resumes/data\SALES\65456466.pdf,jds\HEALTHCARE\HEALTHCARE_senior.txt,SALES,0.0363,0.25,-1,0.0,0.334162175655365,0.2045,0
resumes/data\SALES\65456466.pdf,jds\HEALTHCARE\HEALTHCARE_entry.txt,SALES,0.0482,0.05,0,-2.0,0.4086540937423706,0.3419,0
resumes/data\SALES\65456466.pdf,jds\HEALTHCARE\HEALTHCARE_mid.txt,SALES,0.0663,0.2,-1,0.0,0.3472418189048767,0.2132,0
resumes/data\SALES\69155584.pdf,jds\DIGITAL-MEDIA\DIGITAL-MEDIA_entry.txt,SALES,0.0497,0.05,-1,1.0,0.4446711540222168,0.3184,0
resumes/data\SALES\69155584.pdf,jds\DIGITAL-MEDIA\DIGITAL-MEDIA_mid.txt,SALES,0.0553,0.1,-2,3.0,0.443223088979721,0.3326,0
resumes/data\SALES\69155584.pdf,jds\DIGITAL-MEDIA\DIGITAL-MEDIA_senior.txt,SALES,0.0755,0.15,-2,3.0,0.3953617811203003,0.3108,0
resumes/data\SALES\70528646.pdf,jds\ARTS\ARTS_mid.txt,SALES,0.0379,0.1,-1,3.0,0.2642326056957245,0.28,0
resumes/data\SALES\70528646.pdf,jds\ARTS\ARTS_entry.txt,SALES,0.0268,0.05,0,3.0,0.2187084853649139,0.1881,0
resumes/data\SALES\70528646.pdf,jds\ARTS\ARTS_senior.txt,SALES,0.0256,0.1,-2,3.0,0.2605552673339844,0.1548,0
resumes/data\SALES\71772815.pdf,jds\FINANCE\FINANCE_entry.txt,SALES,0.0391,0.2,-2,10.0,0.3018867671489715,0.2563,0
resumes/data\SALES\71772815.pdf,jds\FINANCE\FINANCE_mid.txt,SALES,0.0266,0.0,-2,12.0,0.2884566485881805,0.2647,0
resumes/data\SALES\71772815.pdf,jds\FINANCE\FINANCE_senior.txt,SALES,0.0345,0.0,-2,12.0,0.2145441025495529,0.2187,0
resumes/data\SALES\79376680.pdf,jds\SALES\SALES_entry.txt,SALES,0.2688,0.15,0,0.0,0.6140495538711548,0.5964,1
resumes/data\SALES\79376680.pdf,jds\SALES\SALES_senior.txt,SALES,0.2311,0.2,-1,0.0,0.5861282348632812,0.5856,1
resumes/data\SALES\79376680.pdf,jds\ADVOCATE\ADVOCATE_senior.txt,SALES,0.046,0.1,-1,0.0,0.3087937831878662,0.2755,0
resumes/data\SALES\79376680.pdf,jds\ADVOCATE\ADVOCATE_mid.txt,SALES,0.0396,0.05,-1,0.0,0.2850102186203003,0.2018,0
resumes/data\SALES\79376680.pdf,jds\ADVOCATE\ADVOCATE_entry.txt,SALES,0.0442,0.0,-1,-2.0,0.3503178060054779,0.2852,0
resumes/data\SALES\85918100.pdf,jds\HEALTHCARE\HEALTHCARE_senior.txt,SALES,0.039,0.15,-1,17.0,0.3277115225791931,0.3071,0
resumes/data\SALES\85918100.pdf,jds\HEALTHCARE\HEALTHCARE_entry.txt,SALES,0.0482,0.1,0,15.0,0.3610375225543976,0.3877,0
resumes/data\SALES\85918100.pdf,jds\HEALTHCARE\HEALTHCARE_mid.txt,SALES,0.0702,0.15,-1,17.0,0.3388533592224121,0.2826,0
resumes/data\SALES\87118391.pdf,jds\INFORMATION-TECHNOLOGY\INFORMATION-TECHNOLOGY_mid.txt,SALES,0.0452,0.0,-3,0.0,0.2965782284736633,0.2018,0
resumes/data\SALES\87118391.pdf,jds\INFORMATION-TECHNOLOGY\INFORMATION-TECHNOLOGY_entry.txt,SALES,0.0339,0.0,-2,-2.0,0.280850887298584,0.2135,0
resumes/data\SALES\87118391.pdf,jds\INFORMATION-TECHNOLOGY\INFORMATION-TECHNOLOGY_senior.txt,SALES,0.0337,0.15,-3,0.0,0.2923395037651062,0.2403,0
resumes/data\SALES\90682785.pdf,jds\CHEF\CHEF_senior.txt,SALES,0.0323,0.05,-1,0.0,0.2573844790458679,0.3679,0
resumes/data\SALES\90682785.pdf,jds\CHEF\CHEF_mid.txt,SALES,0.0361,0.05,-1,0.0,0.2961252927780151,0.3827,0
resumes/data\SALES\90682785.pdf,jds\CHEF\CHEF_entry.txt,SALES,0.0677,0.15,-1,0.0,0.2743769884109497,0.3366,0
resumes/data\SALES\92200491.pdf,jds\CONSTRUCTION\CONSTRUCTION_entry.txt,SALES,0.0535,0.2,-1,1.0,0.4213797450065613,0.2627,0
resumes/data\SALES\92200491.pdf,jds\CONSTRUCTION\CONSTRUCTION_senior.txt,SALES,0.0419,0.15,-2,3.0,0.3639919757843017,0.278,0
resumes/data\SALES\92200491.pdf,jds\CONSTRUCTION\CONSTRUCTION_mid.txt,SALES,0.0532,0.2,-2,3.0,0.3688996136188507,0.2721,0
resumes/data\SALES\98108571.pdf,jds\ADVOCATE\ADVOCATE_entry.txt,SALES,0.0378,0.1,-2,8.0,0.2422843277454376,0.2821,0
resumes/data\SALES\98108571.pdf,jds\ADVOCATE\ADVOCATE_mid.txt,SALES,0.0313,0.05,-2,10.0,0.2058892846107483,0.2326,0
resumes/data\SALES\98108571.pdf,jds\ADVOCATE\ADVOCATE_senior.txt,SALES,0.0276,0.05,-2,10.0,0.2302545756101608,0.2575,0
resumes/data\SALES\98509238.pdf,jds\SALES\SALES_entry.txt,SALES,0.3009,0.2,0,11.0,0.5433458685874939,0.6041,1
resumes/data\SALES\98509238.pdf,jds\SALES\SALES_mid.txt,SALES,0.3174,0.25,-1,11.0,0.4271874129772186,0.5345,1
resumes/data\SALES\98509238.pdf,jds\SALES\SALES_senior.txt,SALES,0.3174,0.3,-1,11.0,0.5120947360992432,0.5952,1
resumes/data\SALES\98509238.pdf,jds\CHEF\CHEF_senior.txt,SALES,0.046,0.0,1,11.0,0.2850200533866882,0.2776,0
resumes/data\SALES\98509238.pdf,jds\CHEF\CHEF_entry.txt,SALES,0.0593,0.1,1,11.0,0.262658953666687,0.2755,0
resumes/data\SALES\98509238.pdf,jds\CHEF\CHEF_mid.txt,SALES,0.0509,0.05,1,11.0,0.2889232635498047,0.3367,0
resumes/data\TEACHER\10504237.pdf,jds\FITNESS\FITNESS_mid.txt,TEACHER,0.05,0.15,0,3.0,0.3427747189998626,0.3514,0
resumes/data\TEACHER\10504237.pdf,jds\FITNESS\FITNESS_senior.txt,TEACHER,0.0399,0.2,-2,10.0,0.3097280263900757,0.2875,0
resumes/data\TEACHER\10504237.pdf,jds\FITNESS\FITNESS_entry.txt,TEACHER,0.061,0.1,1,8.0,0.3231165111064911,0.3112,0
resumes/data\TEACHER\10527994.pdf,jds\PUBLIC-RELATIONS\PUBLIC-RELATIONS_mid.txt,TEACHER,0.0725,0.1,-1,10.0,0.3578717112541199,0.2768,0
resumes/data\TEACHER\10527994.pdf,jds\PUBLIC-RELATIONS\PUBLIC-RELATIONS_senior.txt,TEACHER,0.0582,0.05,-1,10.0,0.3655850887298584,0.2604,0
resumes/data\TEACHER\10527994.pdf,jds\PUBLIC-RELATIONS\PUBLIC-RELATIONS_entry.txt,TEACHER,0.0636,0.05,0,8.0,0.3565784692764282,0.2625,0
resumes/data\TEACHER\10909720.pdf,jds\TEACHER\TEACHER_entry.txt,TEACHER,0.2277,0.4,1,8.0,0.459692895412445,0.5587,1
resumes/data\TEACHER\10909720.pdf,jds\CONSULTANT\CONSULTANT_entry.txt,TEACHER,0.0323,0.0,0,8.0,0.2361859232187271,0.235,0
resumes/data\TEACHER\10909720.pdf,jds\CONSULTANT\CONSULTANT_mid.txt,TEACHER,0.0314,0.05,0,8.0,0.2875686287879944,0.2541,0
resumes/data\TEACHER\10909720.pdf,jds\CONSULTANT\CONSULTANT_senior.txt,TEACHER,0.0377,0.05,0,8.0,0.2985375225543976,0.2656,0
resumes/data\TEACHER\11336022.pdf,jds\SALES\SALES_entry.txt,TEACHER,0.0578,0.1,-1,0.0,0.2777567207813263,0.3751,0
resumes/data\TEACHER\11336022.pdf,jds\SALES\SALES_mid.txt,TEACHER,0.05,0.1,-2,0.0,0.2430891096591949,0.248,0
resumes/data\TEACHER\11336022.pdf,jds\SALES\SALES_senior.txt,TEACHER,0.0636,0.15,-2,0.0,0.2363496571779251,0.2901,0
resumes/data\TEACHER\11616482.pdf,jds\ARTS\ARTS_mid.txt,TEACHER,0.0624,0.05,0,25.0,0.2880880534648895,0.308,0
resumes/data\TEACHER\11616482.pdf,jds\ARTS\ARTS_entry.txt,TEACHER,0.0432,0.05,1,25.0,0.2723151445388794,0.3147,0
resumes/data\TEACHER\11616482.pdf,jds\ARTS\ARTS_senior.txt,TEACHER,0.037,0.15,-1,25.0,0.3010386824607849,0.3069,0
resumes/data\TEACHER\11943065.pdf,jds\TEACHER\TEACHER_entry.txt,TEACHER,0.2935,0.55,0,0.0,0.4784473776817322,0.5573,1
resumes/data\TEACHER\11943065.pdf,jds\DIGITAL-MEDIA\DIGITAL-MEDIA_senior.txt,TEACHER,0.0161,0.0,-1,0.0,0.2519725263118744,0.2684,0
resumes/data\TEACHER\11943065.pdf,jds\DIGITAL-MEDIA\DIGITAL-MEDIA_entry.txt,TEACHER,0.0441,0.05,0,-2.0,0.3054037094116211,0.1936,0
resumes/data\TEACHER\11943065.pdf,jds\DIGITAL-MEDIA\DIGITAL-MEDIA_mid.txt,TEACHER,0.0276,0.0,-1,0.0,0.2825873792171478,0.2722,0
resumes/data\TEACHER\12467531.pdf,jds\TEACHER\TEACHER_entry.txt,TEACHER,0.2224,0.35,1,24.0,0.5191323757171631,0.6237,1
resumes/data\TEACHER\12467531.pdf,jds\DIGITAL-MEDIA\DIGITAL-MEDIA_senior.txt,TEACHER,0.0253,0.05,0,24.0,0.2829154133796692,0.3134,0
resumes/data\TEACHER\12467531.pdf,jds\DIGITAL-MEDIA\DIGITAL-MEDIA_mid.txt,TEACHER,0.0387,0.1,0,24.0,0.3389065265655517,0.3247,0
resumes/data\TEACHER\12467531.pdf,jds\DIGITAL-MEDIA\DIGITAL-MEDIA_entry.txt,TEACHER,0.0524,0.25,1,22.0,0.3398228287696838,0.2991,0
resumes/data\TEACHER\12587973.pdf,jds\ARTS\ARTS_entry.txt,TEACHER,0.028,0.05,0,10.0,0.3280061483383178,0.3495,0
resumes/data\TEACHER\12587973.pdf,jds\ARTS\ARTS_senior.txt,TEACHER,0.0513,0.15,-2,10.0,0.3129978477954864,0.294,0
resumes/data\TEACHER\12587973.pdf,jds\ARTS\ARTS_mid.txt,TEACHER,0.0409,0.1,-1,10.0,0.3701652586460113,0.3713,0
resumes/data\TEACHER\13087952.pdf,jds\INFORMATION-TECHNOLOGY\INFORMATION-TECHNOLOGY_entry.txt,TEACHER,0.0398,0.05,1,45.0,0.4517526626586914,0.3421,0
resumes/data\TEACHER\13087952.pdf,jds\INFORMATION-TECHNOLOGY\INFORMATION-TECHNOLOGY_mid.txt,TEACHER,0.0522,0.05,0,47.0,0.4766274988651275,0.3597,0
resumes/data\TEACHER\13087952.pdf,jds\INFORMATION-TECHNOLOGY\INFORMATION-TECHNOLOGY_senior.txt,TEACHER,0.0293,0.1,0,47.0,0.32274329662323,0.2669,0
resumes/data\TEACHER\13296856.pdf,jds\PUBLIC-RELATIONS\PUBLIC-RELATIONS_entry.txt,TEACHER,0.071,0.15,0,4.0,0.3745901882648468,0.3786,0
resumes/data\TEACHER\13296856.pdf,jds\PUBLIC-RELATIONS\PUBLIC-RELATIONS_mid.txt,TEACHER,0.0666,0.15,-1,6.0,0.3900411128997803,0.3529,0
resumes/data\TEACHER\13330982.pdf,jds\PUBLIC-RELATIONS\PUBLIC-RELATIONS_entry.txt,TEACHER,0.0242,0.0,1,30.0,0.2745786309242248,0.2965,0
resumes/data\TEACHER\13330982.pdf,jds\PUBLIC-RELATIONS\PUBLIC-RELATIONS_senior.txt,TEACHER,0.0389,0.05,0,32.0,0.2827223241329193,0.3285,0
resumes/data\TEACHER\13330982.pdf,jds\PUBLIC-RELATIONS\PUBLIC-RELATIONS_mid.txt,TEACHER,0.0261,0.0,0,32.0,0.2893043756484985,0.3381,0
resumes/data\TEACHER\13583538.pdf,jds\CONSTRUCTION\CONSTRUCTION_mid.txt,TEACHER,0.0212,0.0,-1,5.0,0.2282503098249435,0.1468,0
resumes/data\TEACHER\13583538.pdf,jds\CONSTRUCTION\CONSTRUCTION_entry.txt,TEACHER,0.0345,0.15,0,3.0,0.1981892585754394,0.1951,0
resumes/data\TEACHER\13583538.pdf,jds\CONSTRUCTION\CONSTRUCTION_senior.txt,TEACHER,0.0196,0.0,-1,5.0,0.2636836767196655,0.1105,0
resumes/data\TEACHER\13855004.pdf,jds\APPAREL\APPAREL_senior.txt,TEACHER,0.0145,0.05,-1,18.0,0.1767262518405914,0.1755,0
resumes/data\TEACHER\13855004.pdf,jds\APPAREL\APPAREL_mid.txt,TEACHER,0.0185,0.0,-1,18.0,0.1865430027246475,0.1675,0
resumes/data\TEACHER\13855004.pdf,jds\APPAREL\APPAREL_entry.txt,TEACHER,0.0166,0.05,0,16.0,0.3036902546882629,0.2267,0
resumes/data\TEACHER\14958913.pdf,jds\ARTS\ARTS_mid.txt,TEACHER,0.0552,0.05,-1,43.0,0.426659345626831,0.4039,0
resumes/data\TEACHER\14958913.pdf,jds\ARTS\ARTS_entry.txt,TEACHER,0.0494,0.1,0,43.0,0.4174344539642334,0.4047,0
resumes/data\TEACHER\15850434.pdf,jds\ADVOCATE\ADVOCATE_entry.txt,TEACHER,0.0407,0.0,-3,7.0,0.3447670340538025,0.3066,0
resumes/data\TEACHER\15850434.pdf,jds\ADVOCATE\ADVOCATE_senior.txt,TEACHER,0.0286,0.15,-3,9.0,0.3048126101493835,0.2642,0
resumes/data\TEACHER\15850434.pdf,jds\ADVOCATE\ADVOCATE_mid.txt,TEACHER,0.0257,0.1,-3,9.0,0.316211998462677,0.265,0
resumes/data\TEACHER\15899269.pdf,jds\ENGINEERING\ENGINEERING_mid.txt,TEACHER,0.0156,0.0,0,20.0,0.2364982068538665,0.2751,0
resumes/data\TEACHER\15899269.pdf,jds\ENGINEERING\ENGINEERING_entry.txt,TEACHER,0.0332,0.05,1,18.0,0.3317890167236328,0.2933,0
resumes/data\TEACHER\15899269.pdf,jds\ENGINEERING\ENGINEERING_senior.txt,TEACHER,0.0284,0.05,-1,20.0,0.3092837929725647,0.1924,0
resumes/data\TEACHER\16210888.pdf,jds\SALES\SALES_senior.txt,TEACHER,0.0432,0.05,0,17.0,0.3123185634613037,0.1574,0
resumes/data\TEACHER\16210888.pdf,jds\SALES\SALES_entry.txt,TEACHER,0.0227,0.0,1,17.0,0.3707292377948761,0.2318,0
resumes/data\TEACHER\16210888.pdf,jds\SALES\SALES_mid.txt,TEACHER,0.0404,0.2,0,17.0,0.3357603251934051,0.2206,0
resumes/data\TEACHER\16270906.pdf,jds\INFORMATION-TECHNOLOGY\INFORMATION-TECHNOLOGY_mid.txt,TEACHER,0.0457,0.15,-2,13.0,0.3109661340713501,0.1126,0
resumes/data\TEACHER\16270906.pdf,jds\INFORMATION-TECHNOLOGY\INFORMATION-TECHNOLOGY_senior.txt,TEACHER,0.0251,0.2,-2,13.0,0.2899897992610931,0.1086,0
resumes/data\TEACHER\16270906.pdf,jds\INFORMATION-TECHNOLOGY\INFORMATION-TECHNOLOGY_entry.txt,TEACHER,0.0477,0.05,-1,11.0,0.2936736345291137,0.1225,0
resumes/data\TEACHER\16820422.pdf,jds\CONSTRUCTION\CONSTRUCTION_entry.txt,TEACHER,0.0285,0.1,1,1.0,0.1612082123756408,0.0907,0
resumes/data\TEACHER\16820422.pdf,jds\CONSTRUCTION\CONSTRUCTION_senior.txt,TEACHER,0.0442,0.15,0,3.0,0.1887472718954086,0.1528,0
resumes/data\TEACHER\16820422.pdf,jds\CONSTRUCTION\CONSTRUCTION_mid.txt,TEACHER,0.0361,0.2,0,3.0,0.2123726308345794,0.1185,0
resumes/data\TEACHER\17311685.pdf,jds\AGRICULTURE\AGRICULTURE_entry.txt,TEACHER,0.0358,0.0,1,13.0,0.1730900555849075,0.1648,0
resumes/data\TEACHER\17311685.pdf,jds\AGRICULTURE\AGRICULTURE_mid.txt,TEACHER,0.0427,0.05,0,6.0,0.153093546628952,0.1722,0
resumes/data\TEACHER\17311685.pdf,jds\AGRICULTURE\AGRICULTURE_senior.txt,TEACHER,0.0358,0.0,-1,13.0,0.1900872588157653,0.1646,0
resumes/data\TEACHER\17481570.pdf,jds\TEACHER\TEACHER_entry.txt,TEACHER,0.1912,0.5,1,12.0,0.5514241456985474,0.6031,1
resumes/data\TEACHER\17481570.pdf,jds\ACCOUNTANT\ACCOUNTANT_senior.txt,TEACHER,0.0373,0.0,0,12.0,0.3194010257720947,0.2888,0
resumes/data\TEACHER\17481570.pdf,jds\ACCOUNTANT\ACCOUNTANT_mid.txt,TEACHER,0.0363,0.0,0,12.0,0.313692569732666,0.281,0
resumes/data\TEACHER\17481570.pdf,jds\ACCOUNTANT\ACCOUNTANT_entry.txt,TEACHER,0.0284,0.0,0,10.0,0.313497245311737,0.291,0
resumes/data\TEACHER\18001081.pdf,jds\SALES\SALES_senior.txt,TEACHER,0.0168,0.0,0,15.0,0.2274094223976135,0.1128,0
resumes/data\TEACHER\18001081.pdf,jds\SALES\SALES_entry.txt,TEACHER,0.0168,0.0,1,15.0,0.2937664985656738,0.1112,0
resumes/data\TEACHER\18001081.pdf,jds\SALES\SALES_mid.txt,TEACHER,0.0141,0.0,0,15.0,0.2699754238128662,0.0994,0
resumes/data\TEACHER\19302310.pdf,jds\CONSULTANT\CONSULTANT_mid.txt,TEACHER,0.062,0.0,-1,18.0,0.3863591849803924,0.2827,0
resumes/data\TEACHER\19302310.pdf,jds\CONSULTANT\CONSULTANT_senior.txt,TEACHER,0.0696,0.1,-1,18.0,0.3696692585945129,0.3194,0
resumes/data\TEACHER\19302310.pdf,jds\CONSULTANT\CONSULTANT_entry.txt,TEACHER,0.0453,0.1,-1,18.0,0.3048504590988159,0.2317,0
resumes/data\TEACHER\19464810.pdf,jds\HEALTHCARE\HEALTHCARE_entry.txt,TEACHER,0.0553,0.2,0,11.0,0.4082679152488708,0.3939,0
resumes/data\TEACHER\19464810.pdf,jds\HEALTHCARE\HEALTHCARE_senior.txt,TEACHER,0.0269,0.2,-1,13.0,0.3253341019153595,0.2946,0
resumes/data\TEACHER\19464810.pdf,jds\HEALTHCARE\HEALTHCARE_mid.txt,TEACHER,0.0542,0.3,-1,13.0,0.352778673171997,0.2762,0
resumes/data\TEACHER\19556300.pdf,jds\TEACHER\TEACHER_entry.txt,TEACHER,0.22,0.4,0,9.0,0.5360898971557617,0.6566,1
resumes/data\TEACHER\19556300.pdf,jds\TEACHER\TEACHER_mid.txt,TEACHER,0.1788,0.25,-1,9.0,0.5569333434104919,0.6436,1
resumes/data\TEACHER\19556300.pdf,jds\AGRICULTURE\AGRICULTURE_senior.txt,TEACHER,0.0302,0.05,-2,9.0,0.2747707068920135,0.2903,0
resumes/data\TEACHER\19556300.pdf,jds\AGRICULTURE\AGRICULTURE_entry.txt,TEACHER,0.0239,0.05,0,9.0,0.2645164132118225,0.2782,0
resumes/data\TEACHER\19556300.pdf,jds\AGRICULTURE\AGRICULTURE_mid.txt,TEACHER,0.0398,0.1,-1,2.0,0.259665310382843,0.2954,0
resumes/data\TEACHER\19786924.pdf,jds\SALES\SALES_entry.txt,TEACHER,0.0483,0.0,0,25.0,0.3984270691871643,0.3059,0
resumes/data\TEACHER\19786924.pdf,jds\SALES\SALES_mid.txt,TEACHER,0.0595,0.15,-1,25.0,0.3068380057811737,0.2444,0
resumes/data\TEACHER\19786924.pdf,jds\SALES\SALES_senior.txt,TEACHER,0.0364,0.05,-1,25.0,0.2933181524276733,0.2209,0
resumes/data\TEACHER\19918523.pdf,jds\AGRICULTURE\AGRICULTURE_senior.txt,TEACHER,0.061,0.05,-1,1.0,0.2660722732543945,0.261,0
resumes/data\TEACHER\19918523.pdf,jds\AGRICULTURE\AGRICULTURE_entry.txt,TEACHER,0.0432,0.05,1,1.0,0.2360037267208099,0.1744,0
resumes/data\TEACHER\19918523.pdf,jds\AGRICULTURE\AGRICULTURE_mid.txt,TEACHER,0.0302,0.0,0,-6.0,0.239402487874031,0.2109,0
resumes/data\TEACHER\20230207.pdf,jds\PUBLIC-RELATIONS\PUBLIC-RELATIONS_entry.txt,TEACHER,0.021,0.0,0,-2.0,0.4128235876560211,0.2787,0
resumes/data\TEACHER\20230207.pdf,jds\PUBLIC-RELATIONS\PUBLIC-RELATIONS_senior.txt,TEACHER,0.0406,0.05,-1,0.0,0.3712982535362243,0.2783,0
resumes/data\TEACHER\20230207.pdf,jds\PUBLIC-RELATIONS\PUBLIC-RELATIONS_mid.txt,TEACHER,0.0204,0.0,-1,0.0,0.3431748747825622,0.3078,0
resumes/data\TEACHER\20399718.pdf,jds\TEACHER\TEACHER_entry.txt,TEACHER,0.2485,0.45,1,0.0,0.5415403246879578,0.5803,1
resumes/data\TEACHER\20399718.pdf,jds\ACCOUNTANT\ACCOUNTANT_senior.txt,TEACHER,0.0366,0.0,0,0.0,0.3447462320327759,0.2328,0
resumes/data\TEACHER\20399718.pdf,jds\ACCOUNTANT\ACCOUNTANT_mid.txt,TEACHER,0.0573,0.15,0,0.0,0.3344485759735107,0.2308,0
resumes/data\TEACHER\20399718.pdf,jds\ACCOUNTANT\ACCOUNTANT_entry.txt,TEACHER,0.0411,0.0,0,-2.0,0.3421428799629211,0.2411,0
resumes/data\TEACHER\20478831.pdf,jds\APPAREL\APPAREL_entry.txt,TEACHER,0.0381,0.05,1,9.0,0.2723064422607422,0.33,0
resumes/data\TEACHER\20478831.pdf,jds\APPAREL\APPAREL_senior.txt,TEACHER,0.0463,0.1,0,11.0,0.2797453701496124,0.278,0
resumes/data\TEACHER\20478831.pdf,jds\APPAREL\APPAREL_mid.txt,TEACHER,0.0497,0.05,0,11.0,0.2771230638027191,0.2441,0
resumes/data\TEACHER\20626794.pdf,jds\INFORMATION-TECHNOLOGY\INFORMATION-TECHNOLOGY_entry.txt,TEACHER,0.0209,0.0,0,20.0,0.2972422838211059,0.2003,0
resumes/data\TEACHER\20626794.pdf,jds\INFORMATION-TECHNOLOGY\INFORMATION-TECHNOLOGY_senior.txt,TEACHER,0.0177,0.0,-1,22.0,0.1770483255386352,0.0996,0
resumes/data\TEACHER\20626794.pdf,jds\INFORMATION-TECHNOLOGY\INFORMATION-TECHNOLOGY_mid.txt,TEACHER,0.028,0.0,-1,22.0,0.3025072813034057,0.1671,0
resumes/data\TEACHER\21531811.pdf,jds\ADVOCATE\ADVOCATE_entry.txt,TEACHER,0.0259,0.05,-2,10.0,0.2498653680086136,0.2016,0
resumes/data\TEACHER\21531811.pdf,jds\ADVOCATE\ADVOCATE_senior.txt,TEACHER,0.0272,0.05,-2,12.0,0.2276315987110138,0.1839,0
resumes/data\TEACHER\21531811.pdf,jds\ADVOCATE\ADVOCATE_mid.txt,TEACHER,0.0317,0.05,-2,12.0,0.2485710382461547,0.1833,0
resumes/data\TEACHER\21550454.pdf,jds\CONSTRUCTION\CONSTRUCTION_senior.txt,TEACHER,0.0424,0.1,0,25.0,0.3115270733833313,0.1506,0
resumes/data\TEACHER\21550454.pdf,jds\CONSTRUCTION\CONSTRUCTION_entry.txt,TEACHER,0.0389,0.1,1,23.0,0.2004712522029876,0.0972,0
resumes/data\TEACHER\21550454.pdf,jds\CONSTRUCTION\CONSTRUCTION_mid.txt,TEACHER,0.0422,0.1,0,25.0,0.3092857599258423,0.1761,0
resumes/data\TEACHER\21611212.pdf,jds\PUBLIC-RELATIONS\PUBLIC-RELATIONS_entry.txt,TEACHER,0.0257,0.0,-1,8.0,0.2767508924007416,0.2239,0
resumes/data\TEACHER\21611212.pdf,jds\PUBLIC-RELATIONS\PUBLIC-RELATIONS_senior.txt,TEACHER,0.0287,0.0,-2,10.0,0.2802363038063049,0.1462,0
resumes/data\TEACHER\21611212.pdf,jds\PUBLIC-RELATIONS\PUBLIC-RELATIONS_mid.txt,TEACHER,0.027,0.0,-2,10.0,0.2613568603992462,0.1858,0
resumes/data\TEACHER\21773106.pdf,jds\TEACHER\TEACHER_entry.txt,TEACHER,0.2355,0.45,1,20.0,0.6184685230255127,0.5681,1
resumes/data\TEACHER\21773106.pdf,jds\ADVOCATE\ADVOCATE_senior.txt,TEACHER,0.0431,0.1,0,20.0,0.3498009443283081,0.2911,0
resumes/data\TEACHER\21773106.pdf,jds\ADVOCATE\ADVOCATE_mid.txt,TEACHER,0.0366,0.0,0,20.0,0.3571527004241943,0.248,0
resumes/data\TEACHER\21773106.pdf,jds\ADVOCATE\ADVOCATE_entry.txt,TEACHER,0.0367,0.05,0,18.0,0.3992860913276672,0.2677,0
resumes/data\TEACHER\22056333.pdf,jds\ARTS\ARTS_senior.txt,TEACHER,0.0215,0.05,-2,0.0,0.2580889463424682,0.2121,0
resumes/data\TEACHER\22056333.pdf,jds\ARTS\ARTS_mid.txt,TEACHER,0.0273,0.0,-1,0.0,0.2579931616783142,0.2595,0
resumes/data\TEACHER\22056333.pdf,jds\ARTS\ARTS_entry.txt,TEACHER,0.0329,0.05,0,0.0,0.2798185050487518,0.2667,0
resumes/data\TEACHER\22408666.pdf,jds\FINANCE\FINANCE_mid.txt,TEACHER,0.0309,0.0,-1,25.0,0.1892343461513519,0.1457,0
resumes/data\TEACHER\22408666.pdf,jds\FINANCE\FINANCE_entry.txt,TEACHER,0.0279,0.0,-1,23.0,0.2141492068767547,0.1192,0
resumes/data\TEACHER\22408666.pdf,jds\FINANCE\FINANCE_senior.txt,TEACHER,0.0423,0.05,-1,25.0,0.1653620302677154,0.1421,0
resumes/data\TEACHER\22510753.pdf,jds\PUBLIC-RELATIONS\PUBLIC-RELATIONS_entry.txt,TEACHER,0.062,0.05,1,10.0,0.286848783493042,0.2895,0
resumes/data\TEACHER\22510753.pdf,jds\PUBLIC-RELATIONS\PUBLIC-RELATIONS_senior.txt,TEACHER,0.0427,0.0,0,12.0,0.3123859465122223,0.2581,0
resumes/data\TEACHER\22510753.pdf,jds\PUBLIC-RELATIONS\PUBLIC-RELATIONS_mid.txt,TEACHER,0.0435,0.05,0,12.0,0.2768420279026031,0.2917,0
resumes/data\TEACHER\22551979.pdf,jds\TEACHER\TEACHER_entry.txt,TEACHER,0.2535,0.5,0,14.0,0.4147969484329223,0.5608,1
resumes/data\TEACHER\22551979.pdf,jds\AVIATION\AVIATION_entry.txt,TEACHER,0.063,0.1,0,12.0,0.1815015971660614,0.1947,0
resumes/data\TEACHER\22551979.pdf,jds\AVIATION\AVIATION_mid.txt,TEACHER,0.0757,0.05,0,6.0,0.2164824604988098,0.2136,0
resumes/data\TEACHER\22551979.pdf,jds\AVIATION\AVIATION_senior.txt,TEACHER,0.0503,0.1,0,14.0,0.2231767177581787,0.2014,0
resumes/data\TEACHER\22632070.pdf,jds\TEACHER\TEACHER_entry.txt,TEACHER,0.2035,0.45,1,21.0,0.4438052773475647,0.6015,1
resumes/data\TEACHER\22632070.pdf,jds\ARTS\ARTS_senior.txt,TEACHER,0.0723,0.05,-1,21.0,0.4664250612258911,0.2272,0
resumes/data\TEACHER\22632070.pdf,jds\ARTS\ARTS_entry.txt,TEACHER,0.0441,0.2,1,21.0,0.3854801654815674,0.2956,0
resumes/data\TEACHER\22632070.pdf,jds\ARTS\ARTS_mid.txt,TEACHER,0.0351,0.05,0,21.0,0.3739753663539886,0.2148,0
resumes/data\TEACHER\22807104.pdf,jds\BPO\BPO_entry.txt,TEACHER,0.1682,0.15,-1,15.0,0.4655426442623138,0.4089,0
resumes/data\TEACHER\22884757.pdf,jds\FITNESS\FITNESS_mid.txt,TEACHER,0.0464,0.0,0,-7.0,0.3653775751590729,0.3031,0
resumes/data\TEACHER\22884757.pdf,jds\FITNESS\FITNESS_senior.txt,TEACHER,0.0424,0.0,-2,0.0,0.3307311832904815,0.2272,0
resumes/data\TEACHER\22884757.pdf,jds\FITNESS\FITNESS_entry.txt,TEACHER,0.0361,0.05,1,-2.0,0.3436040878295898,0.3068,0
resumes/data\TEACHER\22968380.pdf,jds\INFORMATION-TECHNOLOGY\INFORMATION-TECHNOLOGY_entry.txt,TEACHER,0.0318,0.0,0,30.0,0.3388424515724182,0.2671,0
resumes/data\TEACHER\22968380.pdf,jds\INFORMATION-TECHNOLOGY\INFORMATION-TECHNOLOGY_mid.txt,TEACHER,0.0477,0.0,-1,32.0,0.3603244721889496,0.3234,0
resumes/data\TEACHER\22968380.pdf,jds\INFORMATION-TECHNOLOGY\INFORMATION-TECHNOLOGY_senior.txt,TEACHER,0.0373,0.1,-1,32.0,0.2941385805606842,0.2496,0
resumes/data\TEACHER\23398843.pdf,jds\AGRICULTURE\AGRICULTURE_mid.txt,TEACHER,0.0513,0.05,-1,3.0,0.2208155989646911,0.231,0
resumes/data\TEACHER\23398843.pdf,jds\AGRICULTURE\AGRICULTURE_senior.txt,TEACHER,0.0362,0.15,-2,10.0,0.2978870272636413,0.2755,0
resumes/data\TEACHER\23398843.pdf,jds\AGRICULTURE\AGRICULTURE_entry.txt,TEACHER,0.0366,0.0,0,10.0,0.2387436181306839,0.2343,0
resumes/data\TEACHER\23628651.pdf,jds\FITNESS\FITNESS_entry.txt,TEACHER,0.051,0.1,1,3.0,0.2883996665477752,0.3342,0
resumes/data\TEACHER\23628651.pdf,jds\FITNESS\FITNESS_senior.txt,TEACHER,0.0493,0.1,-2,5.0,0.3529185056686401,0.2826,0
resumes/data\TEACHER\23628651.pdf,jds\FITNESS\FITNESS_mid.txt,TEACHER,0.0734,0.25,0,-2.0,0.3143136501312256,0.3301,0
resumes/data\TEACHER\23939133.pdf,jds\INFORMATION-TECHNOLOGY\INFORMATION-TECHNOLOGY_senior.txt,TEACHER,0.0217,0.1,-1,12.0,0.2775899767875671,0.1519,0
resumes/data\TEACHER\23939133.pdf,jds\INFORMATION-TECHNOLOGY\INFORMATION-TECHNOLOGY_entry.txt,TEACHER,0.0404,0.0,0,10.0,0.375142753124237,0.2773,0
resumes/data\TEACHER\23939133.pdf,jds\INFORMATION-TECHNOLOGY\INFORMATION-TECHNOLOGY_mid.txt,TEACHER,0.0303,0.05,-1,12.0,0.3612175583839416,0.2512,0
resumes/data\TEACHER\24240349.pdf,jds\HEALTHCARE\HEALTHCARE_senior.txt,TEACHER,0.0384,0.1,-1,16.0,0.3393322229385376,0.2631,0
resumes/data\TEACHER\24240349.pdf,jds\HEALTHCARE\HEALTHCARE_mid.txt,TEACHER,0.0508,0.15,-1,16.0,0.3861318230628967,0.294,0
resumes/data\TEACHER\24791126.pdf,jds\ARTS\ARTS_mid.txt,TEACHER,0.0245,0.0,0,15.0,0.2975505292415619,0.1525,0
resumes/data\TEACHER\24791126.pdf,jds\ARTS\ARTS_senior.txt,TEACHER,0.0254,0.15,-1,15.0,0.2959963083267212,0.1912,0
resumes/data\TEACHER\24791126.pdf,jds\ARTS\ARTS_entry.txt,TEACHER,0.0248,0.05,1,15.0,0.273676335811615,0.1218,0
resumes/data\TEACHER\25588694.pdf,jds\ACCOUNTANT\ACCOUNTANT_senior.txt,TEACHER,0.0345,0.0,0,23.0,0.3074401319026947,0.3134,0
resumes/data\TEACHER\25588694.pdf,jds\ACCOUNTANT\ACCOUNTANT_entry.txt,TEACHER,0.0329,0.0,0,21.0,0.2730209231376648,0.317,0
resumes/data\TEACHER\25588694.pdf,jds\ACCOUNTANT\ACCOUNTANT_mid.txt,TEACHER,0.0298,0.0,0,23.0,0.2926191687583923,0.2489,0
resumes/data\TEACHER\25729119.pdf,jds\BPO\BPO_entry.txt,TEACHER,0.0531,0.1,1,26.0,0.3312867879867553,0.2188,0
resumes/data\TEACHER\25729119.pdf,jds\BPO\BPO_senior.txt,TEACHER,0.056,0.1,0,28.0,0.2943788468837738,0.2902,0
resumes/data\TEACHER\25729119.pdf,jds\BPO\BPO_mid.txt,TEACHER,0.0407,0.1,1,28.0,0.2681689858436584,0.2771,0
resumes/data\TEACHER\27126818.pdf,jds\AGRICULTURE\AGRICULTURE_mid.txt,TEACHER,0.0412,0.05,1,13.0,0.2548006176948547,0.1778,0
resumes/data\TEACHER\27126818.pdf,jds\AGRICULTURE\AGRICULTURE_entry.txt,TEACHER,0.0342,0.1,2,20.0,0.3337513208389282,0.1378,0
resumes/data\TEACHER\27126818.pdf,jds\AGRICULTURE\AGRICULTURE_senior.txt,TEACHER,0.0496,0.3,0,20.0,0.3092594742774963,0.1679,0
resumes/data\TEACHER\27524018.pdf,jds\CHEF\CHEF_mid.txt,TEACHER,0.0397,0.15,3,0.0,0.3667383193969726,0.2909,0
resumes/data\TEACHER\27524018.pdf,jds\CHEF\CHEF_entry.txt,TEACHER,0.0685,0.3,3,0.0,0.3367058038711548,0.2801,0
resumes/data\TEACHER\27524018.pdf,jds\CHEF\CHEF_senior.txt,TEACHER,0.0463,0.05,3,0.0,0.3100387454032898,0.2364,0
resumes/data\TEACHER\27531694.pdf,jds\TEACHER\TEACHER_entry.txt,TEACHER,0.1753,0.4,1,22.0,0.5682739615440369,0.6303,1
resumes/data\TEACHER\27531694.pdf,jds\BPO\BPO_entry.txt,TEACHER,0.0915,0.15,1,20.0,0.3750821948051452,0.277,0
resumes/data\TEACHER\27531694.pdf,jds\BPO\BPO_mid.txt,TEACHER,0.0704,0.2,1,22.0,0.4148012995719909,0.297,0
resumes/data\TEACHER\27798860.pdf,jds\BANKING\BANKING_mid.txt,TEACHER,0.0519,0.1,0,26.0,0.2150755226612091,0.1914,0
resumes/data\TEACHER\27798860.pdf,jds\BANKING\BANKING_entry.txt,TEACHER,0.0439,0.1,1,24.0,0.2655380666255951,0.2713,0
resumes/data\TEACHER\27798860.pdf,jds\BANKING\BANKING_senior.txt,TEACHER,0.0554,0.15,0,26.0,0.2780478000640869,0.2644,0
resumes/data\TEACHER\28013287.pdf,jds\TEACHER\TEACHER_entry.txt,TEACHER,0.2061,0.4,0,42.0,0.4941073954105377,0.6253,1
resumes/data\TEACHER\28013287.pdf,jds\AUTOMOBILE\AUTOMOBILE_senior.txt,TEACHER,0.0267,0.0,-1,42.0,0.3244690299034118,0.2643,0
resumes/data\TEACHER\28013287.pdf,jds\AUTOMOBILE\AUTOMOBILE_mid.txt,TEACHER,0.0636,0.15,0,34.0,0.2826727628707886,0.2873,0
resumes/data\TEACHER\28013287.pdf,jds\AUTOMOBILE\AUTOMOBILE_entry.txt,TEACHER,0.0443,0.1,0,40.0,0.3158513903617859,0.3191,0
resumes/data\TEACHER\28063132.pdf,jds\APPAREL\APPAREL_senior.txt,TEACHER,0.021,0.0,-1,2.0,0.331969290971756,0.2402,0
resumes/data\TEACHER\28063132.pdf,jds\APPAREL\APPAREL_mid.txt,TEACHER,0.0354,0.05,-1,2.0,0.3351760506629944,0.2523,0
resumes/data\TEACHER\28063132.pdf,jds\APPAREL\APPAREL_entry.txt,TEACHER,0.0387,0.0,0,0.0,0.3045025467872619,0.2849,0
resumes/data\TEACHER\28086303.pdf,jds\TEACHER\TEACHER_entry.txt,TEACHER,0.2414,0.45,1,10.0,0.4174598455429077,0.5951,1
resumes/data\TEACHER\28086303.pdf,jds\FITNESS\FITNESS_mid.txt,TEACHER,0.0416,0.15,1,3.0,0.3110931813716888,0.2451,0
resumes/data\TEACHER\28086303.pdf,jds\FITNESS\FITNESS_entry.txt,TEACHER,0.0508,0.25,2,8.0,0.2517128586769104,0.2503,0
resumes/data\TEACHER\28086303.pdf,jds\FITNESS\FITNESS_senior.txt,TEACHER,0.039,0.1,-1,10.0,0.2247118800878524,0.1803,0
resumes/data\TEACHER\28642819.pdf,jds\TEACHER\TEACHER_entry.txt,TEACHER,0.2774,0.45,0,13.0,0.6332042813301086,0.6044,1
resumes/data\TEACHER\28642819.pdf,jds\AUTOMOBILE\AUTOMOBILE_mid.txt,TEACHER,0.0689,0.0,0,5.0,0.3516370952129364,0.2405,0
resumes/data\TEACHER\28642819.pdf,jds\AUTOMOBILE\AUTOMOBILE_senior.txt,TEACHER,0.0579,0.25,-1,13.0,0.3180915713310241,0.2149,0
resumes/data\TEACHER\28642819.pdf,jds\AUTOMOBILE\AUTOMOBILE_entry.txt,TEACHER,0.0366,0.05,0,11.0,0.3785415887832641,0.2604,0
resumes/data\TEACHER\28772892.pdf,jds\CONSTRUCTION\CONSTRUCTION_senior.txt,TEACHER,0.0638,0.2,-3,9.0,0.4009776711463928,0.345,0
resumes/data\TEACHER\28772892.pdf,jds\CONSTRUCTION\CONSTRUCTION_mid.txt,TEACHER,0.0389,0.15,-3,9.0,0.3805765509605407,0.3411,0
resumes/data\TEACHER\28772892.pdf,jds\CONSTRUCTION\CONSTRUCTION_entry.txt,TEACHER,0.0347,0.05,-2,7.0,0.3964528143405914,0.3678,0
resumes/data\TEACHER\28933005.pdf,jds\TEACHER\TEACHER_entry.txt,TEACHER,0.3189,0.5,0,9.0,0.5579151511192322,0.5374,1
resumes/data\TEACHER\28933005.pdf,jds\HEALTHCARE\HEALTHCARE_entry.txt,TEACHER,0.0358,0.1,0,7.0,0.2449221760034561,0.2485,0
resumes/data\TEACHER\28933005.pdf,jds\HEALTHCARE\HEALTHCARE_mid.txt,TEACHER,0.0248,0.1,-1,9.0,0.2459723502397537,0.2325,0
resumes/data\TEACHER\28933005.pdf,jds\HEALTHCARE\HEALTHCARE_senior.txt,TEACHER,0.0113,0.05,-1,9.0,0.1766521036624908,0.1695,0
resumes/data\TEACHER\29267293.pdf,jds\PUBLIC-RELATIONS\PUBLIC-RELATIONS_senior.txt,TEACHER,0.0254,0.0,-1,33.0,0.2895745635032654,0.2424,0
resumes/data\TEACHER\29267293.pdf,jds\PUBLIC-RELATIONS\PUBLIC-RELATIONS_entry.txt,TEACHER,0.0184,0.0,0,31.0,0.3614401221275329,0.2514,0
resumes/data\TEACHER\29267293.pdf,jds\PUBLIC-RELATIONS\PUBLIC-RELATIONS_mid.txt,TEACHER,0.0154,0.0,-1,33.0,0.3012100160121918,0.2642,0
resumes/data\TEACHER\29486525.pdf,jds\TEACHER\TEACHER_entry.txt,TEACHER,0.2283,0.55,0,5.0,0.4277870655059814,0.5729,1
resumes/data\TEACHER\29486525.pdf,jds\ARTS\ARTS_mid.txt,TEACHER,0.0359,0.1,-1,5.0,0.3824670016765594,0.229,0
resumes/data\TEACHER\29486525.pdf,jds\ARTS\ARTS_senior.txt,TEACHER,0.0147,0.0,-2,5.0,0.2903761863708496,0.216,0
resumes/data\TEACHER\29486525.pdf,jds\ARTS\ARTS_entry.txt,TEACHER,0.0335,0.1,0,5.0,0.4400690793991089,0.2566,0
resumes/data\TEACHER\29639533.pdf,jds\INFORMATION-TECHNOLOGY\INFORMATION-TECHNOLOGY_mid.txt,TEACHER,0.0453,0.1,0,10.0,0.3106032609939575,0.2075,0
resumes/data\TEACHER\29639533.pdf,jds\INFORMATION-TECHNOLOGY\INFORMATION-TECHNOLOGY_entry.txt,TEACHER,0.0467,0.05,1,8.0,0.2796164155006408,0.1695,0
resumes/data\TEACHER\29639533.pdf,jds\INFORMATION-TECHNOLOGY\INFORMATION-TECHNOLOGY_senior.txt,TEACHER,0.0384,0.1,0,10.0,0.2724082767963409,0.1661,0
resumes/data\TEACHER\29797594.pdf,jds\TEACHER\TEACHER_entry.txt,TEACHER,0.2309,0.45,0,0.0,0.3989485800266266,0.5517,1
resumes/data\TEACHER\29797594.pdf,jds\SALES\SALES_mid.txt,TEACHER,0.0441,0.1,-1,0.0,0.2008664906024933,0.2233,0
resumes/data\TEACHER\29797594.pdf,jds\SALES\SALES_entry.txt,TEACHER,0.0431,0.05,0,0.0,0.2542189657688141,0.2545,0
resumes/data\TEACHER\29797594.pdf,jds\SALES\SALES_senior.txt,TEACHER,0.0366,0.05,-1,0.0,0.1709377020597458,0.1847,0
resumes/data\TEACHER\29930479.pdf,jds\CONSTRUCTION\CONSTRUCTION_mid.txt,TEACHER,0.0221,0.05,-1,91.0,0.2726050615310669,0.277,0
resumes/data\TEACHER\29930479.pdf,jds\CONSTRUCTION\CONSTRUCTION_senior.txt,TEACHER,0.0229,0.0,-1,91.0,0.3026423454284668,0.2327,0
resumes/data\TEACHER\29930479.pdf,jds\CONSTRUCTION\CONSTRUCTION_entry.txt,TEACHER,0.0177,0.05,0,89.0,0.2763256430625915,0.304,0
resumes/data\TEACHER\31552617.pdf,jds\DESIGNER\DESIGNER_senior.txt,TEACHER,0.0382,0.0,0,18.0,0.1950538158416748,0.2686,0
resumes/data\TEACHER\31552617.pdf,jds\DESIGNER\DESIGNER_entry.txt,TEACHER,0.0449,0.0,1,16.0,0.2448492497205734,0.2798,0
resumes/data\TEACHER\31552617.pdf,jds\DESIGNER\DESIGNER_mid.txt,TEACHER,0.0395,0.0,0,18.0,0.1830178499221801,0.2953,0
resumes/data\TEACHER\32067700.pdf,jds\INFORMATION-TECHNOLOGY\INFORMATION-TECHNOLOGY_entry.txt,TEACHER,0.0432,0.0,0,12.0,0.2444065064191818,0.2529,0
resumes/data\TEACHER\32067700.pdf,jds\INFORMATION-TECHNOLOGY\INFORMATION-TECHNOLOGY_mid.txt,TEACHER,0.0291,0.0,-1,14.0,0.3015851378440857,0.2459,0
resumes/data\TEACHER\32067700.pdf,jds\INFORMATION-TECHNOLOGY\INFORMATION-TECHNOLOGY_senior.txt,TEACHER,0.0443,0.15,-1,14.0,0.2690913677215576,0.1738,0
resumes/data\TEACHER\33704389.pdf,jds\TEACHER\TEACHER_entry.txt,TEACHER,0.2878,0.4,0,16.0,0.5144609808921814,0.559,1
resumes/data\TEACHER\33704389.pdf,jds\CHEF\CHEF_entry.txt,TEACHER,0.0496,0.15,1,16.0,0.2637736797332763,0.2143,0
resumes/data\TEACHER\33704389.pdf,jds\CHEF\CHEF_senior.txt,TEACHER,0.0445,0.0,1,16.0,0.2780463099479675,0.2377,0
resumes/data\TEACHER\33704389.pdf,jds\CHEF\CHEF_mid.txt,TEACHER,0.0399,0.05,1,16.0,0.3012924194335937,0.2557,0
resumes/data\TEACHER\34033933.pdf,jds\BANKING\BANKING_entry.txt,TEACHER,0.0963,0.2,0,9.0,0.360249400138855,0.2166,0
resumes/data\TEACHER\34033933.pdf,jds\BANKING\BANKING_senior.txt,TEACHER,0.0539,0.1,-1,11.0,0.3612598478794098,0.1912,0
resumes/data\TEACHER\34033933.pdf,jds\BANKING\BANKING_mid.txt,TEACHER,0.0805,0.1,-1,11.0,0.3022605180740356,0.1328,0
resumes/data\TEACHER\34465087.pdf,jds\AGRICULTURE\AGRICULTURE_senior.txt,TEACHER,0.0569,0.25,-2,14.0,0.2453275620937347,0.3261,0
resumes/data\TEACHER\34465087.pdf,jds\AGRICULTURE\AGRICULTURE_mid.txt,TEACHER,0.0535,0.05,-1,7.0,0.2313288152217865,0.2737,0
resumes/data\TEACHER\34465087.pdf,jds\AGRICULTURE\AGRICULTURE_entry.txt,TEACHER,0.0418,0.05,0,14.0,0.2117377072572708,0.3116,0
resumes/data\TEACHER\34689720.pdf,jds\ACCOUNTANT\ACCOUNTANT_mid.txt,TEACHER,0.0408,0.05,-3,24.0,0.3414728343486786,0.1807,0
resumes/data\TEACHER\34689720.pdf,jds\ACCOUNTANT\ACCOUNTANT_entry.txt,TEACHER,0.0397,0.15,-3,22.0,0.2807372510433197,0.1469,0
resumes/data\TEACHER\34689720.pdf,jds\ACCOUNTANT\ACCOUNTANT_senior.txt,TEACHER,0.051,0.05,-3,24.0,0.3128189742565155,0.1657,0
resumes/data\TEACHER\34745915.pdf,jds\ENGINEERING\ENGINEERING_senior.txt,TEACHER,0.0349,0.1,-2,12.0,0.1565239131450653,0.1368,0
resumes/data\TEACHER\34745915.pdf,jds\ENGINEERING\ENGINEERING_entry.txt,TEACHER,0.0385,0.0,0,10.0,0.1776283383369445,0.1879,0
resumes/data\TEACHER\34745915.pdf,jds\ENGINEERING\ENGINEERING_mid.txt,TEACHER,0.0295,0.0,-1,12.0,0.1882190853357315,0.2381,0
resumes/data\TEACHER\35421497.pdf,jds\TEACHER\TEACHER_entry.txt,TEACHER,0.2445,0.45,0,0.0,0.5102018713951111,0.5325,1
resumes/data\TEACHER\35421497.pdf,jds\ACCOUNTANT\ACCOUNTANT_senior.txt,TEACHER,0.0535,0.05,-1,0.0,0.4002510905265808,0.1148,0
resumes/data\TEACHER\35421497.pdf,jds\ACCOUNTANT\ACCOUNTANT_entry.txt,TEACHER,0.0367,0.05,-1,-2.0,0.3744317293167114,0.172,0
resumes/data\TEACHER\35421497.pdf,jds\ACCOUNTANT\ACCOUNTANT_mid.txt,TEACHER,0.049,0.05,-1,0.0,0.324919044971466,0.1247,0
resumes/data\TEACHER\36206485.pdf,jds\TEACHER\TEACHER_entry.txt,TEACHER,0.3355,0.5,0,17.0,0.5220991373062134,0.577,1
resumes/data\TEACHER\36206485.pdf,jds\TEACHER\TEACHER_mid.txt,TEACHER,0.1951,0.4,-1,17.0,0.531843900680542,0.5884,1
resumes/data\TEACHER\36206485.pdf,jds\SALES\SALES_mid.txt,TEACHER,0.0336,0.05,-1,17.0,0.2664459943771362,0.2003,0
resumes/data\TEACHER\36206485.pdf,jds\SALES\SALES_senior.txt,TEACHER,0.0309,0.1,-1,17.0,0.2324810624122619,0.1711,0
resumes/data\TEACHER\36206485.pdf,jds\SALES\SALES_entry.txt,TEACHER,0.0318,0.0,0,17.0,0.2764003574848175,0.2186,0
resumes/data\TEACHER\36569713.pdf,jds\PUBLIC-RELATIONS\PUBLIC-RELATIONS_senior.txt,TEACHER,0.0416,0.05,0,20.0,0.2888656556606293,0.2221,0
resumes/data\TEACHER\36569713.pdf,jds\PUBLIC-RELATIONS\PUBLIC-RELATIONS_entry.txt,TEACHER,0.0299,0.05,1,18.0,0.3391848802566528,0.2161,0
resumes/data\TEACHER\36569713.pdf,jds\PUBLIC-RELATIONS\PUBLIC-RELATIONS_mid.txt,TEACHER,0.0403,0.0,0,20.0,0.2900071740150451,0.2761,0
resumes/data\TEACHER\37402097.pdf,jds\AUTOMOBILE\AUTOMOBILE_senior.txt,TEACHER,0.0387,0.1,-2,0.0,0.2327087223529815,0.2705,0
resumes/data\TEACHER\37402097.pdf,jds\AUTOMOBILE\AUTOMOBILE_entry.txt,TEACHER,0.0589,0.1,-1,-2.0,0.25369393825531,0.3157,0
resumes/data\TEACHER\37402097.pdf,jds\AUTOMOBILE\AUTOMOBILE_mid.txt,TEACHER,0.0677,0.2,-1,-8.0,0.2438985407352447,0.2722,0
resumes/data\TEACHER\37660306.pdf,jds\AGRICULTURE\AGRICULTURE_mid.txt,TEACHER,0.0505,0.1,-1,-3.0,0.3423102498054504,0.2708,0
resumes/data\TEACHER\37660306.pdf,jds\AGRICULTURE\AGRICULTURE_entry.txt,TEACHER,0.0554,0.15,0,4.0,0.3860435485839844,0.2272,0
resumes/data\TEACHER\37660306.pdf,jds\AGRICULTURE\AGRICULTURE_senior.txt,TEACHER,0.0609,0.2,-2,4.0,0.3118640780448913,0.1982,0
resumes/data\TEACHER\38750659.pdf,jds\ADVOCATE\ADVOCATE_mid.txt,TEACHER,0.0345,0.15,0,21.0,0.4572882354259491,0.3027,0
resumes/data\TEACHER\38750659.pdf,jds\ADVOCATE\ADVOCATE_senior.txt,TEACHER,0.0316,0.1,0,21.0,0.3166043758392334,0.3119,0
resumes/data\TEACHER\38750659.pdf,jds\ADVOCATE\ADVOCATE_entry.txt,TEACHER,0.0379,0.05,0,19.0,0.3713880777359009,0.3574,0
resumes/data\TEACHER\45286020.pdf,jds\AUTOMOBILE\AUTOMOBILE_mid.txt,TEACHER,0.0228,0.05,1,16.0,0.2385629564523697,0.2879,0
resumes/data\TEACHER\45286020.pdf,jds\AUTOMOBILE\AUTOMOBILE_entry.txt,TEACHER,0.0146,0.0,1,22.0,0.2717726528644562,0.3071,0
resumes/data\TEACHER\45286020.pdf,jds\AUTOMOBILE\AUTOMOBILE_senior.txt,TEACHER,0.0181,0.05,0,24.0,0.1969680488109588,0.2172,0
resumes/data\TEACHER\45987048.pdf,jds\TEACHER\TEACHER_entry.txt,TEACHER,0.2341,0.5,0,0.0,0.5465131998062134,0.5287,1
resumes/data\TEACHER\45987048.pdf,jds\PUBLIC-RELATIONS\PUBLIC-RELATIONS_entry.txt,TEACHER,0.0438,0.0,0,-2.0,0.2772913873195648,0.2144,0
resumes/data\TEACHER\45987048.pdf,jds\PUBLIC-RELATIONS\PUBLIC-RELATIONS_senior.txt,TEACHER,0.0252,0.0,-1,0.0,0.2672845125198364,0.2176,0
resumes/data\TEACHER\45987048.pdf,jds\PUBLIC-RELATIONS\PUBLIC-RELATIONS_mid.txt,TEACHER,0.0256,0.1,-1,0.0,0.2831630706787109,0.2398,0
resumes/data\TEACHER\48547319.pdf,jds\BUSINESS-DEVELOPMENT\BUSINESS-DEVELOPMENT_mid.txt,TEACHER,0.0163,0.0,-1,7.0,0.2961680293083191,0.1595,0
resumes/data\TEACHER\48547319.pdf,jds\BUSINESS-DEVELOPMENT\BUSINESS-DEVELOPMENT_senior.txt,TEACHER,0.0159,0.0,-1,15.0,0.2920056283473968,0.2134,0
resumes/data\TEACHER\48547319.pdf,jds\BUSINESS-DEVELOPMENT\BUSINESS-DEVELOPMENT_entry.txt,TEACHER,0.0165,0.05,0,13.0,0.3016023933887481,0.2062,0
resumes/data\TEACHER\49285644.pdf,jds\TEACHER\TEACHER_entry.txt,TEACHER,0.154,0.35,0,20.0,0.4759033918380737,0.6586,1
resumes/data\TEACHER\49285644.pdf,jds\AVIATION\AVIATION_entry.txt,TEACHER,0.0816,0.1,0,18.0,0.3490214943885803,0.3692,0
resumes/data\TEACHER\49285644.pdf,jds\AVIATION\AVIATION_mid.txt,TEACHER,0.0752,0.1,0,12.0,0.4045688807964325,0.3671,0
resumes/data\TEACHER\49285644.pdf,jds\AVIATION\AVIATION_senior.txt,TEACHER,0.0701,0.15,0,20.0,0.3493750691413879,0.2993,0
resumes/data\TEACHER\51209395.pdf,jds\BUSINESS-DEVELOPMENT\BUSINESS-DEVELOPMENT_senior.txt,TEACHER,0.075,0.15,-1,14.0,0.4444412589073181,0.3609,0
resumes/data\TEACHER\51209395.pdf,jds\BUSINESS-DEVELOPMENT\BUSINESS-DEVELOPMENT_entry.txt,TEACHER,0.0585,0.1,0,12.0,0.4565109312534332,0.3753,0
resumes/data\TEACHER\51209395.pdf,jds\BUSINESS-DEVELOPMENT\BUSINESS-DEVELOPMENT_mid.txt,TEACHER,0.0677,0.05,-1,6.0,0.4274138808250427,0.3268,0
resumes/data\TEACHER\53129155.pdf,jds\HR\HR_mid.txt,TEACHER,0.0582,0.1,-1,26.0,0.3469961881637573,0.2705,0
resumes/data\TEACHER\53129155.pdf,jds\HR\HR_entry.txt,TEACHER,0.047,0.05,-1,26.0,0.3838921785354614,0.2746,0
resumes/data\TEACHER\53129155.pdf,jds\HR\HR_senior.txt,TEACHER,0.045,0.05,-1,26.0,0.3543905615806579,0.2701,0
resumes/data\TEACHER\58105060.pdf,jds\TEACHER\TEACHER_entry.txt,TEACHER,0.2394,0.5,1,12.0,0.5209000706672668,0.5837,1
resumes/data\TEACHER\58105060.pdf,jds\ACCOUNTANT\ACCOUNTANT_senior.txt,TEACHER,0.0383,0.0,0,12.0,0.2854720056056976,0.2341,0
resumes/data\TEACHER\58105060.pdf,jds\ACCOUNTANT\ACCOUNTANT_mid.txt,TEACHER,0.0366,0.0,0,12.0,0.272384762763977,0.2766,0
resumes/data\TEACHER\58105060.pdf,jds\ACCOUNTANT\ACCOUNTANT_entry.txt,TEACHER,0.0324,0.1,0,10.0,0.36192387342453,0.3178,0
resumes/data\TEACHER\58665241.pdf,jds\BUSINESS-DEVELOPMENT\BUSINESS-DEVELOPMENT_mid.txt,TEACHER,0.0286,0.0,1,-7.0,0.2787837386131286,0.2076,0
resumes/data\TEACHER\58665241.pdf,jds\BUSINESS-DEVELOPMENT\BUSINESS-DEVELOPMENT_entry.txt,TEACHER,0.0228,0.05,2,-1.0,0.2827938199043274,0.2378,0
resumes/data\TEACHER\58665241.pdf,jds\BUSINESS-DEVELOPMENT\BUSINESS-DEVELOPMENT_senior.txt,TEACHER,0.0248,0.05,1,1.0,0.2615269422531128,0.2473,0
resumes/data\TEACHER\58708773.pdf,jds\CONSTRUCTION\CONSTRUCTION_senior.txt,TEACHER,0.0397,0.05,-1,17.0,0.2717792093753814,0.2122,0
resumes/data\TEACHER\58708773.pdf,jds\CONSTRUCTION\CONSTRUCTION_entry.txt,TEACHER,0.0304,0.0,0,15.0,0.2902073860168457,0.3132,0
resumes/data\TEACHER\58708773.pdf,jds\CONSTRUCTION\CONSTRUCTION_mid.txt,TEACHER,0.0395,0.0,-1,17.0,0.251869261264801,0.2647,0
resumes/data\TEACHER\62184086.pdf,jds\CONSTRUCTION\CONSTRUCTION_entry.txt,TEACHER,0.0381,0.15,1,15.0,0.2453473210334777,0.1552,0
resumes/data\TEACHER\62184086.pdf,jds\CONSTRUCTION\CONSTRUCTION_senior.txt,TEACHER,0.0428,0.1,0,17.0,0.2550512552261352,0.2263,0
resumes/data\TEACHER\62184086.pdf,jds\CONSTRUCTION\CONSTRUCTION_mid.txt,TEACHER,0.0305,0.05,0,17.0,0.2657245993614197,0.2185,0
resumes/data\TEACHER\63391085.pdf,jds\TEACHER\TEACHER_entry.txt,TEACHER,0.1882,0.45,1,13.0,0.4344628155231476,0.6993,1
resumes/data\TEACHER\63391085.pdf,jds\ENGINEERING\ENGINEERING_entry.txt,TEACHER,0.0454,0.05,1,11.0,0.3348652720451355,0.4199,0
resumes/data\TEACHER\63391085.pdf,jds\ENGINEERING\ENGINEERING_senior.txt,TEACHER,0.0553,0.25,-1,13.0,0.2591017186641693,0.3493,0
resumes/data\TEACHER\63391085.pdf,jds\ENGINEERING\ENGINEERING_mid.txt,TEACHER,0.0408,0.05,0,13.0,0.282122403383255,0.4262,0
resumes/data\TEACHER\66683238.pdf,jds\DESIGNER\DESIGNER_entry.txt,TEACHER,0.0489,0.0,0,-2.0,0.4060468077659607,0.2911,0
resumes/data\TEACHER\66683238.pdf,jds\DESIGNER\DESIGNER_mid.txt,TEACHER,0.0385,0.0,-1,0.0,0.3739903569221496,0.214,0
resumes/data\TEACHER\66683238.pdf,jds\DESIGNER\DESIGNER_senior.txt,TEACHER,0.0352,0.05,-1,0.0,0.346325933933258,0.1892,0
resumes/data\TEACHER\66906212.pdf,jds\TEACHER\TEACHER_entry.txt,TEACHER,0.2811,0.6,0,12.0,0.4526082873344421,0.502,1
resumes/data\TEACHER\66906212.pdf,jds\ARTS\ARTS_senior.txt,TEACHER,0.0691,0.05,-2,12.0,0.3004100918769836,0.3493,0
resumes/data\TEACHER\66906212.pdf,jds\ARTS\ARTS_mid.txt,TEACHER,0.0555,0.1,-1,12.0,0.3287777900695801,0.2558,0
resumes/data\TEACHER\66906212.pdf,jds\ARTS\ARTS_entry.txt,TEACHER,0.0528,0.15,0,12.0,0.3286614120006561,0.2312,0
resumes/data\TEACHER\69005326.pdf,jds\ENGINEERING\ENGINEERING_mid.txt,TEACHER,0.0195,0.0,-2,11.0,0.3550462126731872,0.2696,0
resumes/data\TEACHER\69005326.pdf,jds\ENGINEERING\ENGINEERING_senior.txt,TEACHER,0.0246,0.05,-3,11.0,0.2494370639324188,0.1286,0
resumes/data\TEACHER\69005326.pdf,jds\ENGINEERING\ENGINEERING_entry.txt,TEACHER,0.0421,0.0,-1,9.0,0.3339377045631408,0.2406,0
resumes/data\TEACHER\69532425.pdf,jds\CONSTRUCTION\CONSTRUCTION_mid.txt,TEACHER,0.0284,0.05,-1,0.0,0.2715460360050201,0.2,0
resumes/data\TEACHER\69532425.pdf,jds\CONSTRUCTION\CONSTRUCTION_entry.txt,TEACHER,0.0204,0.15,0,-2.0,0.260596215724945,0.2175,0
resumes/data\TEACHER\69532425.pdf,jds\CONSTRUCTION\CONSTRUCTION_senior.txt,TEACHER,0.0378,0.05,-1,0.0,0.2552607655525207,0.1682,0
resumes/data\TEACHER\70892619.pdf,jds\TEACHER\TEACHER_entry.txt,TEACHER,0.2031,0.4,0,0.0,0.4988872110843658,0.6019,1
resumes/data\TEACHER\70892619.pdf,jds\APPAREL\APPAREL_mid.txt,TEACHER,0.0291,0.0,-1,0.0,0.2560164332389831,0.2801,0
resumes/data\TEACHER\70892619.pdf,jds\APPAREL\APPAREL_senior.txt,TEACHER,0.025,0.05,-1,0.0,0.2919948697090149,0.3099,0
resumes/data\TEACHER\70892619.pdf,jds\APPAREL\APPAREL_entry.txt,TEACHER,0.0258,0.0,0,-2.0,0.3145957291126251,0.3105,0
resumes/data\TEACHER\74816727.pdf,jds\ARTS\ARTS_mid.txt,TEACHER,0.0556,0.1,-1,14.0,0.3256444931030273,0.3335,0
resumes/data\TEACHER\74816727.pdf,jds\ARTS\ARTS_senior.txt,TEACHER,0.0502,0.1,-2,14.0,0.2851564288139343,0.2967,0
resumes/data\TEACHER\74816727.pdf,jds\ARTS\ARTS_entry.txt,TEACHER,0.0439,0.15,0,14.0,0.3604117929935455,0.3529,0
resumes/data\TEACHER\76196367.pdf,jds\TEACHER\TEACHER_entry.txt,TEACHER,0.251,0.4,1,20.0,0.5565294623374939,0.6323,1
resumes/data\TEACHER\76196367.pdf,jds\CONSTRUCTION\CONSTRUCTION_senior.txt,TEACHER,0.0691,0.15,0,20.0,0.2703253626823425,0.2296,0
resumes/data\TEACHER\76196367.pdf,jds\CONSTRUCTION\CONSTRUCTION_entry.txt,TEACHER,0.0801,0.2,1,18.0,0.2690057158470154,0.2423,0
resumes/data\TEACHER\76196367.pdf,jds\CONSTRUCTION\CONSTRUCTION_mid.txt,TEACHER,0.0774,0.15,0,20.0,0.286999374628067,0.2616,0
resumes/data\TEACHER\79663360.pdf,jds\AVIATION\AVIATION_mid.txt,TEACHER,0.053,0.1,1,6.0,0.3907820582389831,0.2747,0
resumes/data\TEACHER\79663360.pdf,jds\AVIATION\AVIATION_entry.txt,TEACHER,0.0664,0.15,1,12.0,0.390604019165039,0.2543,0
resumes/data\TEACHER\79663360.pdf,jds\AVIATION\AVIATION_senior.txt,TEACHER,0.0315,0.1,1,14.0,0.2896263003349304,0.1856,0
resumes/data\TEACHER\86322251.pdf,jds\CONSULTANT\CONSULTANT_mid.txt,TEACHER,0.0439,0.05,0,24.0,0.3253110349178314,0.2536,0
resumes/data\TEACHER\86322251.pdf,jds\CONSULTANT\CONSULTANT_senior.txt,TEACHER,0.0566,0.05,0,24.0,0.2954853177070617,0.2788,0
resumes/data\TEACHER\86322251.pdf,jds\CONSULTANT\CONSULTANT_entry.txt,TEACHER,0.0278,0.0,0,24.0,0.2859182357788086,0.264,0
resumes/data\TEACHER\86597425.pdf,jds\TEACHER\TEACHER_entry.txt,TEACHER,0.232,0.5,0,0.0,0.4664825201034546,0.5904,1
resumes/data\TEACHER\86597425.pdf,jds\AUTOMOBILE\AUTOMOBILE_senior.txt,TEACHER,0.0477,0.05,-1,0.0,0.2616196572780609,0.2348,0
resumes/data\TEACHER\86597425.pdf,jds\AUTOMOBILE\AUTOMOBILE_entry.txt,TEACHER,0.055,0.05,0,-2.0,0.2865918278694153,0.3088,0
resumes/data\TEACHER\86597425.pdf,jds\AUTOMOBILE\AUTOMOBILE_mid.txt,TEACHER,0.0608,0.15,0,-8.0,0.3019541501998901,0.2784,0
resumes/data\TEACHER\90363254.pdf,jds\PUBLIC-RELATIONS\PUBLIC-RELATIONS_mid.txt,TEACHER,0.0378,0.2,0,16.0,0.4086713194847107,0.1941,0
resumes/data\TEACHER\90363254.pdf,jds\PUBLIC-RELATIONS\PUBLIC-RELATIONS_entry.txt,TEACHER,0.035,0.15,1,14.0,0.3359385132789612,0.1683,0
resumes/data\TEACHER\90363254.pdf,jds\PUBLIC-RELATIONS\PUBLIC-RELATIONS_senior.txt,TEACHER,0.0257,0.1,0,16.0,0.4328078329563141,0.1752,0
resumes/data\TEACHER\96547039.pdf,jds\ENGINEERING\ENGINEERING_senior.txt,TEACHER,0.032,0.05,-2,0.0,0.3063653111457824,0.1248,0
resumes/data\TEACHER\96547039.pdf,jds\ENGINEERING\ENGINEERING_mid.txt,TEACHER,0.03,0.05,-1,0.0,0.2706063985824585,0.2238,0
resumes/data\TEACHER\96547039.pdf,jds\ENGINEERING\ENGINEERING_entry.txt,TEACHER,0.0398,0.1,0,-2.0,0.2786717414855957,0.1949,0
resumes/data\TEACHER\99244405.pdf,jds\CHEF\CHEF_mid.txt,TEACHER,0.0858,0.1,2,1.0,0.3229997754096985,0.3281,0
resumes/data\TEACHER\99244405.pdf,jds\CHEF\CHEF_senior.txt,TEACHER,0.0686,0.05,2,1.0,0.3174622654914856,0.3179,0
resumes/data\TEACHER\99244405.pdf,jds\CHEF\CHEF_entry.txt,TEACHER,0.0857,0.2,2,1.0,0.2790129780769348,0.2906,0
